Country,Share
China,0.212203
Germany,0.116115
Italy,0.081217
Türkiye,0.066877
Spain,0.053764
USA,0.050689
France,0.038768
Poland,0.035848
Netherlands,0.033732
India,0.03157