General government gross debt (Percent of GDP),1980,1981,1982,1983,1984,1985,1986,1987,1988,1989,1990,1991,1992,1993,1994,1995,1996,1997,1998,1999,2000,2001,2002,2003,2004,2005,2006,2007,2008,2009,2010,2011,2012,2013,2014,2015,2016,2017,2018,2019,2020,2021,2022,2023,2024,2025,2026,2027,2028,2029,2030,2031,Estimates start after
,,,,,,,,,,,,,,,,,,,,,,,,,,,,,,,,,,,,,,,,,,,,,,,,,,,,,
,no data,no data,no data,no data,no data,no data,no data,no data,no data,no data,no data,no data,no data,no data,no data,no data,no data,no data,no data,no data,no data,no data,no data,no data,no data,no data,no data,no data,no data,no data,no data,no data,no data,no data,no data,no data,no data,no data,no data,no data,no data,no data,no data,no data,no data,no data,no data,no data,no data,no data,no data,no data,2026
Afghanistan,no data,no data,no data,no data,no data,no data,no data,no data,no data,no data,no data,no data,no data,no data,no data,no data,no data,no data,no data,no data,no data,no data,346,270.6,245,206.4,23,20.1,19.1,16.2,7.7,7.5,6.8,6.9,8.7,9.2,8.4,8,7.4,6.1,7.3,11.1,10.6,8.3,8.9,8,no data,no data,no data,no data,no data,no data,2025
Albania,no data,no data,no data,no data,no data,no data,no data,no data,no data,no data,no data,no data,no data,no data,no data,no data,no data,72.2,71.2,68.2,63.8,60.6,64.1,60.2,57.5,58.2,56.7,53.6,55.1,59.7,57.7,59.4,62.1,70.4,72,73.7,73.3,71.9,68.5,66.6,75.4,74.8,64.7,58,54.5,52.6,51.5,50.7,49.9,49.2,48.6,48,2025
Algeria,no data,no data,no data,no data,no data,no data,no data,no data,no data,no data,no data,86.1,69.3,76.8,106.3,95.9,90.7,79.6,79.9,69.7,53.4,50,47.3,38.2,32.7,25.4,22.5,12.8,7.6,8.9,9.5,8.5,8.6,6.5,6.9,7.7,18.1,24,34.5,40.9,46,55.1,48.1,47.7,48.1,54.1,59.2,66.4,72.7,77.3,81.7,85.9,2024
American Samoa,no data,no data,no data,no data,no data,no data,no data,no data,no data,no data,no data,no data,no data,no data,no data,no data,no data,no data,no data,no data,no data,no data,no data,no data,no data,no data,no data,no data,no data,no data,no data,no data,no data,no data,no data,no data,no data,no data,no data,no data,no data,no data,no data,no data,no data,no data,no data,no data,no data,no data,no data,no data,2026
Andorra,no data,no data,no data,no data,no data,no data,no data,no data,no data,no data,no data,no data,no data,no data,no data,no data,no data,no data,no data,no data,no data,15.8,15.3,15.2,15.1,14.8,17.2,20.9,27.7,33.5,35,36.5,41.5,42.5,42,41,39.8,37.9,36.3,35.4,46.4,48.6,38.9,35.4,32.9,30.3,28,26.9,26.3,25.7,25.1,24.5,2024
Angola,no data,no data,no data,no data,no data,no data,no data,no data,no data,no data,no data,no data,no data,no data,no data,no data,no data,no data,no data,no data,118.2,100.2,65.1,50.8,41.6,29.9,16.7,18.8,28.1,48.4,32.6,26.3,23.8,29.5,35.3,50.4,65.7,59.6,81.6,100.8,119.8,75.5,57.4,75.7,57.1,51.3,51.6,53.5,55.2,56.6,57.1,57.7,2025
Anguilla,no data,no data,no data,no data,no data,no data,no data,no data,no data,no data,no data,no data,no data,no data,no data,no data,no data,no data,no data,no data,no data,no data,no data,no data,no data,no data,no data,no data,no data,no data,no data,no data,no data,no data,no data,no data,no data,no data,no data,no data,no data,no data,no data,no data,no data,no data,no data,no data,no data,no data,no data,no data,2026
Antigua and Barbuda,no data,no data,no data,no data,no data,no data,no data,no data,no data,no data,94.1,94.6,90.8,85.3,84.5,92.1,85.5,80.6,94.6,95.9,96.4,107.6,114.5,113,107.7,82.8,79.1,68.7,66.8,89.2,79.4,81.1,76.9,85.4,91.9,92.1,83.1,88.2,84.3,81.6,100.5,93,82.4,74.5,71.8,69.7,66.5,65.2,63.9,62.3,60.4,58.4,2025
Argentina,no data,no data,no data,no data,no data,no data,no data,no data,no data,no data,no data,no data,25,26.9,28.4,30.7,32.6,31.7,34.1,38.9,40.8,48,147.2,125.2,117.9,80.3,70.8,62.1,53.8,55.4,43.5,38.9,40.4,43.5,44.7,52.6,53.1,57,85.2,89.8,103.8,81,84.3,154.6,84.7,80.3,70.4,68.1,63,59.3,55.4,52.2,2025
Armenia,no data,no data,no data,no data,no data,no data,no data,no data,no data,no data,no data,no data,no data,no data,no data,no data,40.8,46.5,45.2,39.2,39.6,38.1,38.2,33,26.4,24.4,18.7,16.1,16.4,40.6,40,42.2,41.4,40.9,43.7,48.7,56.7,58.9,55.7,53.7,67.4,63.4,49.2,50.5,50,49,50.6,51.2,51.4,50.4,48.8,46.7,2025
Aruba,no data,no data,no data,no data,no data,no data,no data,no data,no data,no data,no data,no data,no data,no data,no data,55.1,54.8,51.1,41,39.3,38.6,44.3,47.1,40.8,42.5,45.1,45.5,44.6,40.3,48.8,54.7,59.3,65.5,70,77.7,74.2,75.4,75.8,73.3,72.1,116.3,109.7,96.1,80.3,68.6,63.6,60.3,57.5,55,52.6,50.3,48,2024
Australia,no data,no data,no data,no data,no data,no data,no data,no data,no data,17,16.4,21.6,27.6,30.6,31.7,31.1,29.3,25.9,23.7,22.5,19.5,17.1,15,13.2,11.9,10.8,9.9,9.6,11.7,16.6,20.3,24,27.4,30.3,33.9,37.6,40.5,41,41.6,46.5,56.9,55.4,50,49.4,50.6,51,50.6,50.7,50.5,50.2,49.7,49.1,2024
Austria,no data,no data,no data,no data,no data,no data,no data,no data,57.7,56.6,56.2,56.4,56.3,61,64.1,68.2,68.2,63.4,69.2,61.3,66.1,67.2,67.4,66.4,65.9,69.4,68.2,65.8,69.5,80.8,83.7,83.4,82.9,82.4,85.2,85.6,83.4,79.1,74.6,71,83.2,82.4,78.1,77.8,79.2,80.5,82.1,82.7,83.4,84.2,85.2,86.4,2024
Azerbaijan,no data,no data,no data,no data,no data,no data,no data,no data,no data,no data,no data,no data,no data,no data,no data,19.2,16.7,11.4,14.3,25.4,13.1,13,11.9,10.7,9.7,6.9,5.3,4,3.2,4.7,5,5,5.8,6.2,8.5,18,20.6,22.5,18.7,17.7,21.3,26.3,17.3,21.8,21.6,20.1,20,20,19.9,19.9,20,20.2,2025
"Bahamas, The",no data,no data,no data,no data,no data,no data,no data,no data,no data,no data,13.2,15.3,17.9,19.7,20.9,21,20.7,21.5,20.8,19.8,19.2,18.5,19.4,20.8,21.6,23,23.2,23.5,25.3,30.1,33.9,35.3,37.6,44.2,47.7,49.9,51.1,54.6,61.5,60.3,71.9,90.7,84.7,78.3,73.8,73.8,71.9,70.2,68.5,66.3,64.1,61.9,2025
Bahrain,no data,no data,no data,no data,no data,no data,no data,no data,no data,no data,7.2,6.7,6.5,5.9,5.6,13.6,13.1,14.8,20,24.7,24.7,25,27.2,31.1,28.2,23.2,19.4,15.7,12.1,20.5,28.8,31.6,34.8,42.3,42.6,63.2,77.4,84,90.4,97.1,125.7,122.3,111.6,123,133.7,147.6,152.4,154.5,157.3,158.9,160,161.2,2024
Bangladesh,no data,no data,no data,no data,no data,no data,no data,no data,no data,no data,no data,no data,no data,no data,no data,no data,no data,no data,no data,no data,no data,no data,no data,37,36.6,35.6,35.3,35,33.9,33,29.6,29.4,29.1,28.3,28.7,28.2,27.7,28.3,29.6,32,34.5,35.6,37.9,39.7,41,42,41.8,43.2,45.3,46.6,47.9,48.8,2025
Barbados,no data,no data,no data,no data,no data,no data,no data,no data,no data,no data,no data,no data,no data,no data,51.4,52,52.3,52,47.2,47,53.6,59,62,61.8,61,62.7,64.1,64.9,69.8,83.5,90.3,94.4,103.5,111.7,115.1,122.5,127.1,134.6,107.2,101.6,129.6,108.6,104,104.1,98.9,94.2,89.5,85.1,81.2,77,73.1,69.1,2025
Belarus,no data,no data,no data,no data,no data,no data,no data,no data,no data,no data,no data,no data,no data,no data,no data,no data,no data,no data,no data,no data,no data,no data,no data,no data,9.2,8.1,12.3,15.8,20.3,32.5,36.8,58.2,36.9,36.9,38.8,53,53.5,53.2,47.5,41,47.5,41.2,40.8,40.7,38.7,33.1,33.1,31.5,30.7,29.7,28.9,28.2,2024
Belgium,76.8,89.7,99.6,110.3,114.6,119.4,124.7,129.2,129.7,126.4,130.3,131.8,134.7,138.9,137.1,131.3,129,124.3,119.2,115.4,109.6,108.2,105.4,101.7,97.2,95.1,91.5,87.3,93.2,99.9,100.2,102.7,104.3,105,106.6,105.6,105.5,102.5,100.1,97.6,111.2,108.5,103.1,102.2,103.9,106.3,109.2,111.5,114.2,116.6,119.5,122.3,2024
Belize,no data,no data,no data,no data,no data,no data,no data,no data,no data,no data,no data,no data,no data,no data,no data,no data,no data,no data,no data,no data,no data,49.5,53.2,67.2,70.7,72.7,71.4,66.4,64.7,69.7,68.4,66.2,63.1,62.8,61.5,65.1,70.5,78.1,79,78.6,103,82.2,66.8,67.5,65.4,67.9,63.2,62.7,62.4,61.7,60.8,60,2025
Benin,no data,no data,no data,no data,no data,no data,no data,no data,no data,no data,no data,no data,no data,no data,no data,no data,no data,no data,53.6,39.4,39.6,38,30.8,23.4,21.5,27,8.4,14.3,18.3,18.7,21,21.9,19.5,18.5,22.3,30.9,35.9,39.4,40.8,40.4,46.1,55.6,59.7,61.3,60.5,57.3,57.2,55.6,53.2,52,51.1,50.3,2024
Bermuda,no data,no data,no data,no data,no data,no data,no data,no data,no data,no data,no data,no data,no data,no data,no data,no data,no data,no data,no data,no data,no data,no data,no data,no data,no data,no data,no data,no data,no data,no data,no data,no data,no data,no data,no data,no data,no data,no data,no data,no data,no data,no data,no data,no data,no data,no data,no data,no data,no data,no data,no data,no data,2026
Bhutan,no data,no data,no data,no data,no data,no data,no data,no data,no data,no data,no data,no data,no data,60.2,53.2,38.7,36.8,33,36.4,39.2,44,52.4,57.7,68.5,76,80.8,80.1,67.3,60.6,61,55.8,62.3,71.5,87.4,89.8,90.2,103,104.1,103.4,100.8,116,124.5,119.9,117.2,108.7,103.6,120.3,122.9,122.4,136.9,131,124,2025
Bolivia,no data,no data,no data,no data,no data,no data,no data,no data,no data,no data,no data,no data,no data,no data,no data,no data,no data,no data,no data,no data,66.5,74.4,77.2,85.5,80.6,73.2,48.6,35.5,32.4,34.1,32.8,30.5,30.7,31,31.8,34,38.2,41.9,44.2,48.9,67.5,68.7,69.2,78.3,83.2,84.8,102.7,no data,no data,no data,no data,no data,2025
"Bonaire, Sint Eustatius and Saba",no data,no data,no data,no data,no data,no data,no data,no data,no data,no data,no data,no data,no data,no data,no data,no data,no data,no data,no data,no data,no data,no data,no data,no data,no data,no data,no data,no data,no data,no data,no data,no data,no data,no data,no data,no data,no data,no data,no data,no data,no data,no data,no data,no data,no data,no data,no data,no data,no data,no data,no data,no data,2026
Bosnia and Herzegovina,no data,no data,no data,no data,no data,no data,no data,no data,no data,no data,no data,no data,no data,no data,no data,no data,no data,no data,54.4,56,34.6,35.1,31.1,27.6,25.5,24.9,20.6,18.2,30.3,36.4,42.2,40.9,43.6,43.8,47.1,46.4,44.9,38.6,34.5,32.8,37.2,35.8,31.2,29,29.4,29.9,30.8,32.5,34.8,37.1,39.4,41.7,2024
Botswana,no data,no data,no data,no data,no data,no data,no data,no data,no data,no data,no data,no data,no data,no data,no data,no data,no data,no data,11.3,9.3,8.2,7.5,8.4,7.1,10.7,7.5,6.1,5.9,7.8,22.4,26.5,27.9,26.4,23.8,23.9,24.5,22.3,19.6,19.6,21.5,23.5,22.3,21,22.5,33.2,38.6,47,51.9,55.5,58.6,61.2,64.4,2024
Brazil,no data,no data,no data,no data,no data,no data,no data,no data,no data,no data,no data,no data,no data,no data,no data,no data,no data,no data,no data,no data,62.2,67.3,76.1,71.5,68,67,64.6,63,61.4,64.7,62.4,60.6,61.6,59.6,61.6,71.7,77.4,82.7,84.8,87.1,96,88.9,83.9,84,87,93.3,96.5,100,102.3,104.1,105.5,106.5,2024
British Indian Ocean Territories,no data,no data,no data,no data,no data,no data,no data,no data,no data,no data,no data,no data,no data,no data,no data,no data,no data,no data,no data,no data,no data,no data,no data,no data,no data,no data,no data,no data,no data,no data,no data,no data,no data,no data,no data,no data,no data,no data,no data,no data,no data,no data,no data,no data,no data,no data,no data,no data,no data,no data,no data,no data,2026
British Virgin Islands,no data,no data,no data,no data,no data,no data,no data,no data,no data,no data,no data,no data,no data,no data,no data,no data,no data,no data,no data,no data,no data,no data,no data,no data,no data,no data,no data,no data,no data,no data,no data,no data,no data,no data,no data,no data,no data,no data,no data,no data,no data,no data,no data,no data,no data,no data,no data,no data,no data,no data,no data,no data,2026
Brunei Darussalam,no data,no data,no data,no data,no data,0,0,0,0,0,0,0,0,0,0,0,0,0,0,0,0,0,0,0,0,0,0.6,0.7,0.9,1.1,1.1,2.1,2.1,2.2,3.2,3,3,2.6,1.9,1.8,2.2,1.4,1.3,1.7,1.6,1.5,1.5,1.4,1.4,1.3,1.3,1.2,2024
Bulgaria,no data,no data,no data,no data,no data,no data,no data,no data,no data,no data,no data,no data,no data,no data,no data,no data,no data,no data,67.3,78.7,73.3,67.1,53.4,45.4,37.8,28.5,22.6,17.6,14.7,14.5,14.1,14.3,16.5,17.2,26.3,25.4,27,22.9,20.1,18.4,22.7,23.9,22.5,22.9,23.8,27.1,28.2,29.7,30.9,32.7,34.4,35.9,2025
Burkina Faso,no data,no data,no data,no data,no data,no data,no data,no data,no data,no data,no data,no data,no data,no data,no data,no data,no data,no data,no data,no data,no data,no data,43.3,39.7,40.7,39.2,20.1,22.4,24.9,25.9,23.7,24.5,25.2,25.9,26.1,31.3,32.9,33.9,38.1,41.7,43.6,55.5,59.2,56.8,57.2,52,48.8,47.1,46.9,46.6,46.4,46.4,2024
Burundi,no data,no data,no data,no data,no data,no data,no data,no data,no data,no data,no data,no data,no data,no data,no data,no data,no data,no data,no data,no data,120,113.6,144.8,159.9,166.1,137,130.3,129.6,102.5,25.7,46.9,42.7,41.4,37.9,38,39.9,46.1,46.9,53,60.1,65.9,63.6,69.8,59.9,53.1,41.2,37,37.1,35.2,33.5,32.8,31.3,2024
Cabo Verde,no data,no data,no data,no data,no data,no data,no data,no data,no data,no data,no data,no data,no data,no data,no data,no data,no data,79.3,72.9,66.4,71.9,62.2,64.7,65.6,67.8,66.7,66.2,59.6,57.5,58.8,66.2,71.6,82.9,93.5,105.7,115.7,115.6,113,112.3,109.8,149.1,149.5,127.6,117.5,112.8,101,95.9,90.7,85.8,81.1,76.1,71.4,2024
Cambodia,no data,no data,no data,no data,no data,no data,no data,no data,no data,no data,no data,no data,no data,no data,no data,no data,30.2,31.6,37.2,34.7,34.1,33.6,37.8,39.6,38.1,31.3,26.6,25.3,22.7,23.1,23.5,23.7,25,24.6,24,23.4,22,22.9,21.3,21.2,25.5,26.4,25.3,26.3,26.1,26.5,27.1,27.2,27.3,27.1,27.2,27.8,2025
Cameroon,no data,no data,no data,no data,no data,no data,no data,no data,no data,no data,no data,no data,no data,no data,no data,no data,no data,no data,67.8,68.4,75.9,62.2,56.6,51.5,51.7,43.8,18.4,13.8,11.2,11.3,14,15.9,14.9,17.5,20.7,31.6,32.1,36.5,38.3,41.6,44.9,47.2,45.6,43.6,43.4,40.4,39.3,38.6,37,35.4,33.4,31.9,2024
Canada,44.6,46.1,51.7,57.2,60.2,65.2,69.3,69.8,69.7,71,73.7,81.7,88.2,94.7,97.5,100.1,100.2,95.3,93.3,89,80.4,81.5,79.6,75.9,71.9,70.6,69.9,67.2,70.4,81.8,84,84.3,87,87.7,85.8,92.3,92.5,91,90.8,90.1,118.1,112.6,103.5,105.1,110,113.5,110.7,109.5,108.1,106.7,105.2,103.5,2024
Cayman Islands,no data,no data,no data,no data,no data,no data,no data,no data,no data,no data,no data,no data,no data,no data,no data,no data,no data,no data,no data,no data,no data,no data,no data,no data,no data,no data,no data,no data,no data,no data,no data,no data,no data,no data,no data,no data,no data,no data,no data,no data,no data,no data,no data,no data,no data,no data,no data,no data,no data,no data,no data,no data,2026
Central African Republic,no data,no data,no data,no data,no data,no data,no data,no data,no data,no data,no data,no data,no data,no data,no data,no data,no data,96.1,85.3,84.2,94.7,103.1,98.5,95.9,99.7,103,46.7,47.9,35.8,20.3,19.9,19.7,31.5,51.8,57.5,54.4,49.3,47.4,47.9,44.9,42.4,46.3,48.9,55.6,59.9,61.8,64,66.5,69.7,73,77,81.6,2025
Chad,no data,no data,no data,no data,no data,no data,no data,no data,no data,no data,no data,no data,no data,no data,no data,no data,no data,no data,no data,44.7,52.4,43.5,42,34.4,25.2,22,20.1,17.6,15.7,23.9,22.9,22.3,20,22.3,29.4,31.3,40.2,39.1,33.8,38.4,41.6,41.7,32.1,32.2,31.4,30.4,29.9,29.9,28.6,27.5,26.5,25.7,2024
Channel Islands,no data,no data,no data,no data,no data,no data,no data,no data,no data,no data,no data,no data,no data,no data,no data,no data,no data,no data,no data,no data,no data,no data,no data,no data,no data,no data,no data,no data,no data,no data,no data,no data,no data,no data,no data,no data,no data,no data,no data,no data,no data,no data,no data,no data,no data,no data,no data,no data,no data,no data,no data,no data,2026
Chile,no data,no data,no data,no data,no data,no data,no data,no data,no data,no data,no data,37.1,30.5,28.1,22.6,17.3,14.6,12.8,12.1,13.3,13.1,14.3,15,12.6,10.3,7,5,3.9,4.9,5.8,8.6,11.1,11.9,12.8,15,17.4,21.1,23.7,25.8,28.3,32.4,36.4,37.9,39.4,41.7,41.8,42.5,44.4,45.5,46.8,48.1,49.2,2024
"China, People's Republic of",no data,no data,no data,no data,no data,no data,no data,no data,no data,no data,no data,no data,no data,no data,no data,21.4,21.2,20.4,20.4,21.6,22.7,24.3,25.6,26.4,26,25.9,25.2,28.7,26.7,34,33.3,33.2,33.8,36.4,39.3,40.8,50,53.9,55.9,59.8,70.1,72.1,77.3,84.1,90.4,99.2,106.9,112.5,116.7,120.3,123.8,126.8,2024
Colombia,no data,no data,no data,no data,no data,no data,no data,no data,no data,no data,no data,no data,no data,no data,no data,no data,23.3,25.3,27.5,34,38,41.1,47.5,45,41.5,38.5,36,32.7,32.4,35.4,36.5,35.8,34,37.6,43.3,50.4,49.9,49.4,51.8,51,65.3,64.4,61.3,55.4,61,59.9,60.9,61.3,61,60.4,59.8,59.2,2025
Comoros,no data,no data,no data,no data,150.1,142.8,136.6,128.8,119.9,113.7,108.1,103.9,101,95.7,87.8,77.7,75.4,70.9,69.4,64.5,60.7,53,48.2,44.4,42.4,39.9,38.5,36.2,33.4,31.8,30.1,27.6,25,10.5,12,13.6,15.7,19.4,17.5,22.4,25.5,27.9,30.2,31.5,30,29.5,32.4,33.8,32.1,30,28.5,26.8,2024
"Congo, Dem. Rep. of the",no data,no data,no data,no data,no data,no data,no data,no data,no data,no data,no data,no data,no data,no data,no data,no data,no data,no data,no data,no data,135,185.4,136,114.5,164.1,112,107.5,85.1,80.3,91.6,31.8,7.8,7.6,8.3,8.7,10.2,10.6,8.4,9.2,9.7,11.6,14,14.7,15.7,15.8,20.2,24.6,27.8,29.5,31.2,32.7,33.5,2023
"Congo, Republic of ",no data,no data,no data,no data,no data,no data,no data,no data,no data,0,0,0,0,0,0,0,0,0,0,0,145,180.1,163.5,185.3,122.6,99.8,94.7,93.8,69.6,83.8,43.5,34.4,30.2,33.9,42.3,74.2,84.5,88.5,71.2,77.6,102.5,97.8,93.5,102.9,98,96.8,91.3,85.8,79.1,72.3,66.1,60.4,2024
Cook Islands,no data,no data,no data,no data,no data,no data,no data,no data,no data,no data,no data,no data,no data,no data,no data,no data,no data,no data,no data,no data,no data,no data,no data,no data,no data,no data,no data,no data,no data,no data,no data,no data,no data,no data,no data,no data,no data,no data,no data,no data,no data,no data,no data,no data,no data,no data,no data,no data,no data,no data,no data,no data,2026
Costa Rica,no data,no data,no data,no data,no data,no data,no data,no data,no data,no data,no data,no data,no data,no data,no data,no data,33.7,30.6,40.7,39,38.9,39.6,41.4,40.6,41,37.3,33,27,24,26,28.1,29.5,33.7,35.1,37.4,39.8,44.1,47.1,51.7,56.1,66.5,67,61.4,60.4,58.9,60.4,61.1,61.4,61.4,60.8,59.9,58.6,2024
Croatia,no data,no data,no data,no data,no data,no data,no data,no data,no data,no data,no data,no data,no data,no data,no data,no data,no data,no data,23.3,30,35.4,36.6,36.5,37.8,40,40.9,38.4,37.1,38.9,47.9,56.8,63.1,68.9,79.5,83.2,82.8,79.3,76.2,72.8,70.9,86.5,78.2,68.5,60.9,57.4,55.9,56.5,56.9,57.6,58.1,58.4,58.7,2024
Cuba,no data,no data,no data,no data,no data,no data,no data,no data,no data,no data,no data,no data,no data,no data,no data,no data,no data,no data,no data,no data,no data,no data,no data,no data,no data,no data,no data,no data,no data,no data,no data,no data,no data,no data,no data,no data,no data,no data,no data,no data,no data,no data,no data,no data,no data,no data,no data,no data,no data,no data,no data,no data,2026
Curacao,no data,no data,no data,no data,no data,no data,no data,no data,no data,no data,no data,no data,no data,no data,no data,no data,no data,no data,no data,no data,no data,no data,no data,no data,no data,no data,no data,no data,no data,no data,no data,no data,no data,no data,no data,no data,no data,no data,no data,no data,no data,no data,no data,no data,no data,no data,no data,no data,no data,no data,no data,no data,2026
Cyprus,no data,no data,no data,no data,no data,no data,no data,no data,no data,no data,no data,no data,no data,no data,no data,46.7,48.8,53.5,55,55.7,56,57.5,61,63,64.7,64,59,53.1,44.1,52.8,55.3,64.8,79.2,102.7,113,111.6,106.8,96.4,100.7,92.3,113.6,96.5,80.3,71.1,62.8,55.3,50.9,46.6,42.4,38.7,35.1,32.1,2025
Czech Republic,no data,no data,no data,no data,no data,no data,no data,no data,no data,no data,no data,no data,no data,no data,no data,13.5,11.5,12.1,13.9,15.1,16.9,22.6,25.7,28.1,28.3,27.7,27.6,27.3,28.2,33.4,36.7,39.4,43.8,44.1,41.5,39.5,36.2,33.8,31.7,29.6,36.9,40.7,42.5,42.2,43.3,44.6,46.4,47.6,48.8,50.2,51.9,53.6,2024
Côte d'Ivoire,no data,no data,no data,no data,no data,no data,no data,no data,no data,no data,no data,no data,no data,no data,no data,no data,no data,84.2,75.2,78,74,71.2,63,56.4,56.7,58.2,57.5,53.5,51.2,46.5,45.6,50,24.7,24.6,26.7,29.2,31.1,32.6,35.3,37.2,46.3,50.2,56,56.7,59.5,56.3,55.1,54,52.3,51.2,49.8,48.6,2025
Denmark,no data,no data,no data,no data,no data,no data,no data,no data,no data,no data,no data,no data,66.7,78.7,75.3,71.5,68.3,64.4,60.3,56.8,53.6,50.1,50.3,48.2,46.2,39.4,33.2,29.5,35.5,43,46.1,50,48.7,47.8,48.7,44.6,41.7,40.2,38.5,38.3,45.2,39.6,33.3,33,30.5,27.5,27.4,27.8,28.2,28.8,29.4,29.8,2024
Djibouti,no data,no data,no data,no data,no data,no data,no data,no data,no data,no data,no data,no data,no data,no data,no data,no data,no data,no data,no data,no data,no data,no data,no data,no data,no data,no data,no data,no data,no data,29.5,27.9,25.7,25,24.6,26.9,40.3,45.9,48,47.5,41.1,42.1,40.3,38.3,35.6,34,32.1,29.6,26.7,24.1,21.2,18.5,16.2,2024
Dominica,no data,no data,no data,no data,no data,no data,no data,no data,no data,no data,54.1,56.9,54,53.4,55.9,57.4,53.7,47.7,56.3,61.8,68.9,98.5,97.9,94.9,86.2,82,77.4,71.8,64.4,62.5,66.8,69.7,73.1,73.9,71.3,68.2,76.9,84.2,85.7,97.8,118.4,116.3,110,101.3,108.2,102.6,98.3,94.7,91.4,88.2,84.8,81.6,2025
Dominican Republic,no data,no data,no data,no data,no data,no data,no data,no data,no data,no data,no data,no data,no data,no data,no data,no data,no data,13.8,13.2,16,16.7,20.4,21.5,48.2,34.3,38.3,36,32.9,33.6,36.8,37.4,39.1,42.4,46.8,45,44.8,46.7,49.5,50.8,53.5,71.8,62.8,59.6,60.5,58.8,59,58.3,56.7,55.4,54,52.4,50,2025
Ecuador,no data,no data,no data,no data,no data,no data,no data,no data,no data,no data,no data,no data,no data,no data,no data,no data,no data,no data,no data,no data,no data,63.8,55,47.2,40.2,35.8,33.1,29.6,24.9,19.7,18.4,18.6,19.3,23.4,28.2,36.4,46.1,47.4,49.5,52.1,63.6,61.8,57.2,54.5,54.1,54.4,no data,no data,no data,no data,no data,no data,2025
Egypt,no data,no data,no data,no data,no data,no data,no data,no data,no data,no data,no data,no data,no data,no data,no data,no data,no data,no data,73.8,72.4,71.7,79.1,85.8,97.1,96.5,98.3,85.9,76.3,66.8,69.5,69.6,72.8,69.9,79.8,80.9,83.8,91.6,97.8,87.9,80.1,86.2,89.9,88.5,95.9,90.9,86.8,87,84.9,82,78,74.5,70.9,2025
El Salvador,no data,no data,no data,no data,no data,no data,no data,no data,no data,no data,no data,43.3,36.4,31.9,30.5,28,28.5,27.8,25.7,28,29.6,37.8,43.8,46,46.8,46.3,52.6,52.2,54.2,65.8,66.8,65.6,70,69.7,71.8,73.5,75.2,77.1,77,77.9,95.4,88,83.7,85,87.4,87.2,84.5,82.2,80.3,78.4,76.6,74.4,2025
Equatorial Guinea,146.2,221.1,260.7,259.3,257.9,183.8,152.5,141.3,154.5,187,157,169.5,136.9,152.6,216,136.9,91.2,46.3,59.2,60.5,36.6,25.5,19.4,6.8,4.5,2.8,1.2,0.8,0.5,4.3,7.9,7.2,7.1,6.3,12.6,31.7,41.1,36.2,40.6,43.2,49.4,42.3,29.8,39.1,36.4,40.6,39.1,42.3,44.7,45.4,44.6,44.7,2024
Eritrea,no data,no data,no data,no data,no data,no data,no data,no data,no data,no data,no data,no data,no data,no data,no data,no data,no data,no data,no data,no data,219.1,238.6,243.4,264,193.5,205.4,199,201.3,259.7,207.1,201.8,171.6,171.6,232.4,204.5,271.4,251.2,290.4,267.1,260.4,no data,no data,no data,no data,no data,no data,no data,no data,no data,no data,no data,no data,2019
Estonia,no data,no data,no data,no data,no data,no data,no data,no data,no data,no data,no data,no data,no data,no data,no data,8.7,7.3,6,5.4,5.9,5.1,4.9,5.7,5.6,5.2,4.7,4.7,3.9,4.7,8,8,7.6,11.1,11.4,11.6,10.8,10.2,9.4,8.5,9,19.1,18.4,19.2,20.2,23.5,24.2,27.8,31.3,34.2,36.6,39,41.2,2024
Eswatini,no data,no data,no data,no data,no data,no data,no data,no data,no data,no data,no data,no data,no data,15,13.1,12.5,11.5,12.7,15.6,16.7,18.2,21.7,17.2,17.7,15,13.6,14.7,16.1,14.6,10.6,14.2,14.6,14.8,15.2,14.1,16,20.1,21.7,26.5,30.5,37.7,37.3,39.5,39.4,40.1,44.9,50,52.7,54,55.7,55.9,55.6,2025
Ethiopia,no data,no data,no data,no data,no data,no data,no data,no data,no data,no data,no data,no data,87.9,141,155.2,146.6,132.8,80.3,89.3,97.8,93.6,97.3,107.4,103.7,103.1,78.2,79.6,55.7,56.1,30,39.4,44.6,39.4,44.1,44.2,50.7,51.8,55.3,58.4,54.7,53.2,53.8,46.9,38.7,33.4,43.1,40.4,36.1,33.6,31.1,29.1,27,2025
Faeroe Islands,no data,no data,no data,no data,no data,no data,no data,no data,no data,no data,no data,no data,no data,no data,no data,no data,no data,no data,no data,no data,no data,no data,no data,no data,no data,no data,no data,no data,no data,no data,no data,no data,no data,no data,no data,no data,no data,no data,no data,no data,no data,no data,no data,no data,no data,no data,no data,no data,no data,no data,no data,no data,2026
Falkland Islands,no data,no data,no data,no data,no data,no data,no data,no data,no data,no data,no data,no data,no data,no data,no data,no data,no data,no data,no data,no data,no data,no data,no data,no data,no data,no data,no data,no data,no data,no data,no data,no data,no data,no data,no data,no data,no data,no data,no data,no data,no data,no data,no data,no data,no data,no data,no data,no data,no data,no data,no data,no data,2026
Fiji,no data,no data,no data,no data,no data,no data,no data,no data,no data,no data,no data,no data,44.3,45.9,48.8,49.1,50.3,54.4,37.9,34.7,35.9,41.9,44.5,46.4,45.9,45.3,50.3,46.4,47.9,51.5,53.4,51,48.6,47.4,46.2,44.3,44.6,43.4,45.8,49.5,65.8,86.7,91.5,82.9,79.1,78.7,82.5,83.6,83,81.4,79.3,76,2025
Finland,10.9,11.5,13.9,15.4,15.2,15.8,16.4,17.6,16.5,14.3,13.9,21.9,39.3,54.2,56.2,55.2,55.4,52.2,46.8,44,42.4,40.9,40.1,42.7,42.6,39.9,38,33.9,32.6,41.5,50.1,52,57.9,60.8,64.8,68.8,68.6,66.6,65.3,65.3,75.3,73.1,74,77,82.4,89.3,93.1,94.2,96.2,97.9,99.3,100.8,2024
France,21.3,22.6,26.2,27.7,30.2,31.9,32.4,34.8,34.7,35.5,36.8,37.8,41.7,48.2,51.6,57.8,60.6,62,62.1,61.4,59.7,59.3,61.3,65.4,66.9,68.2,65.4,65.5,69.8,84.1,86.3,88.7,91.7,94.6,96.2,97,98.1,98.8,98.5,98.2,114.9,112.8,111.4,109.6,113.2,116,118.4,120.5,121.1,121.3,121.2,120.7,2024
French Guiana,no data,no data,no data,no data,no data,no data,no data,no data,no data,no data,no data,no data,no data,no data,no data,no data,no data,no data,no data,no data,no data,no data,no data,no data,no data,no data,no data,no data,no data,no data,no data,no data,no data,no data,no data,no data,no data,no data,no data,no data,no data,no data,no data,no data,no data,no data,no data,no data,no data,no data,no data,no data,2026
French Polynesia,no data,no data,no data,no data,no data,no data,no data,no data,no data,no data,no data,no data,no data,no data,no data,no data,no data,no data,no data,no data,no data,no data,no data,no data,no data,no data,no data,no data,no data,no data,no data,no data,no data,no data,no data,no data,no data,no data,no data,no data,no data,no data,no data,no data,no data,no data,no data,no data,no data,no data,no data,no data,2026
Gabon,no data,no data,no data,no data,no data,no data,no data,no data,no data,no data,90,89.3,87.9,90.1,71.3,73.4,64.5,57,87.6,73.1,72.5,81,81.1,70.2,60.3,41.7,34.9,39.2,20.1,26,21.3,21.4,21.4,31.1,34.1,44.7,64.5,62.9,62.3,59.8,83,72.9,65.6,70.6,70.9,78.9,86.1,94.3,102.1,108,114.3,121.1,2024
"Gambia, The",no data,no data,no data,no data,no data,no data,no data,no data,no data,no data,no data,no data,no data,no data,no data,no data,no data,no data,no data,no data,73.3,75.2,93.9,91.7,81.3,82.6,87.3,38,39.5,38.9,42.9,49.2,49.5,58.2,71.1,69.4,79.5,87,83.6,83,85.9,83.1,83.9,77.4,78.5,73.9,68.3,61.6,56.4,51.8,48.1,44.3,2023
Georgia,no data,no data,no data,no data,no data,no data,no data,no data,no data,no data,no data,no data,no data,no data,no data,no data,no data,no data,no data,no data,58.5,53,50.3,54.6,44.3,35.3,28.3,22.5,26.3,33.6,31.4,27.7,28.1,28.9,30.3,36,39.5,38.9,38.2,40,59.6,49.1,39.2,38.9,35.7,34.3,35.1,34.5,34,33.3,33,33,2025
Germany,no data,no data,no data,no data,no data,no data,no data,no data,no data,no data,no data,39,41.4,45.1,47.5,54.9,57.7,58.8,59.4,60.3,59.2,58.1,59.8,63.3,65,67.1,66.4,63.7,65.2,72.4,81,78.5,79.8,77.5,74.5,71.2,68.3,64,60.8,58.7,68,67.9,64.4,62.3,62.2,62.9,64.6,66.5,68.4,70.2,72,73.7,2025
Ghana,no data,no data,no data,no data,no data,no data,no data,no data,no data,no data,17.8,17.3,21.3,34.1,50.6,47.6,42.9,45.2,37.6,51.7,74.5,57.8,54.1,49.3,38.4,31.7,17.3,21.1,23.2,25.4,32.9,31.2,35.5,42.9,50.1,53.9,55.9,57,62,62.9,79.1,86.9,92.7,79.1,70.3,48.8,53,50.7,48.1,45.7,44,42.3,2024
Gibraltar,no data,no data,no data,no data,no data,no data,no data,no data,no data,no data,no data,no data,no data,no data,no data,no data,no data,no data,no data,no data,no data,no data,no data,no data,no data,no data,no data,no data,no data,no data,no data,no data,no data,no data,no data,no data,no data,no data,no data,no data,no data,no data,no data,no data,no data,no data,no data,no data,no data,no data,no data,no data,2026
Greece,22.8,27.1,29.7,34.1,40.6,47.3,47.8,53.2,57.9,60.7,74.2,75.7,81.1,101.7,99.7,100.4,103.7,102.6,100.8,102.8,108.9,110.5,107.9,104.3,105.5,109.9,105.3,104.6,110.9,128.5,147.8,175.1,164.3,180.5,182.8,180,183.7,182.6,189.6,183.7,209.9,197.8,179.2,165.5,155.4,145.7,136.9,130.3,125.2,120.4,115.5,110.9,2024
Greenland,no data,no data,no data,no data,no data,no data,no data,no data,no data,no data,no data,no data,no data,no data,no data,no data,no data,no data,no data,no data,no data,no data,no data,no data,no data,no data,no data,no data,no data,no data,no data,no data,no data,no data,no data,no data,no data,no data,no data,no data,no data,no data,no data,no data,no data,no data,no data,no data,no data,no data,no data,no data,2026
Grenada,no data,no data,no data,no data,no data,no data,no data,no data,no data,no data,no data,42,40.1,45.3,45.7,43.1,43.9,41.4,40.3,34.5,41.6,44.6,79.1,79.6,94.7,87.3,92.9,89.1,83.9,91.1,96.2,102.8,101.5,105.4,99.3,90.1,81.6,70.3,68.5,62.7,89.5,86.6,79.3,74.5,75.1,71.6,69,69.5,69.8,69.9,69.7,66.8,2024
Guadeloupe,no data,no data,no data,no data,no data,no data,no data,no data,no data,no data,no data,no data,no data,no data,no data,no data,no data,no data,no data,no data,no data,no data,no data,no data,no data,no data,no data,no data,no data,no data,no data,no data,no data,no data,no data,no data,no data,no data,no data,no data,no data,no data,no data,no data,no data,no data,no data,no data,no data,no data,no data,no data,2026
Guam,no data,no data,no data,no data,no data,no data,no data,no data,no data,no data,no data,no data,no data,no data,no data,no data,no data,no data,no data,no data,no data,no data,no data,no data,no data,no data,no data,no data,no data,no data,no data,no data,no data,no data,no data,no data,no data,no data,no data,no data,no data,no data,no data,no data,no data,no data,no data,no data,no data,no data,no data,no data,2026
Guatemala,no data,no data,no data,no data,no data,no data,no data,no data,no data,no data,no data,no data,no data,no data,no data,no data,no data,no data,no data,no data,18,19.1,17.4,19.8,20.6,20,20.9,20.8,19.6,22.8,24,23.8,24.6,25,24.7,24.8,24.9,25.1,26.4,26.4,31.5,30.6,29,27.2,26.3,27.2,27.6,28.1,28.6,29,29.3,29.6,2024
Guinea,no data,no data,no data,no data,no data,no data,no data,no data,no data,no data,71.6,70.9,62,68.9,71.3,66.5,67.7,67.9,75.9,92.3,91.5,90.4,82.6,81.6,86.9,97.9,95.2,60.8,58.5,61.3,71.1,53.8,26.9,30.5,32.1,41.5,40.6,39.9,37.5,37.3,45.3,40.6,37.2,39.8,48.3,48.1,44.7,41.4,37.9,33,31.4,28.9,2025
Guinea-Bissau,no data,no data,no data,no data,no data,no data,no data,no data,no data,no data,no data,no data,no data,no data,no data,no data,no data,94.3,109.1,109.9,217.1,204.4,197.5,183.4,202,203.7,190.4,164,148.8,148.3,61.7,45.6,47.4,49.6,60.1,56.3,59.1,51.8,59.1,65.1,77.6,78.8,80.7,79.4,82.4,75.3,73.6,71.8,69.9,68,66.4,65.2,2024
Guyana,no data,no data,no data,no data,no data,no data,no data,no data,no data,no data,no data,no data,no data,no data,no data,no data,no data,101.3,108,97.1,97.2,104.6,105.1,95.6,91.8,90.7,74.5,47.7,48.2,52.3,53.1,51.7,44.7,41.4,38.7,42.2,35.7,35.2,37.4,34.2,47.4,38.9,24.8,26.7,24.3,28.6,29.2,28,28.3,28.6,29.5,28.9,2025
Haiti,no data,no data,no data,no data,no data,no data,no data,no data,no data,no data,no data,no data,no data,no data,no data,no data,no data,26.2,24,24.1,32.5,28.8,32,37.8,30.4,29.7,32.2,24.4,33.9,19.4,24.9,22.3,24.1,25.1,21.4,23.9,24.4,22.5,24.1,26.5,22.3,28.4,29.2,27.8,15.5,12.3,10.7,9.6,9.7,10.3,11,11.8,2025
Holy See,no data,no data,no data,no data,no data,no data,no data,no data,no data,no data,no data,no data,no data,no data,no data,no data,no data,no data,no data,no data,no data,no data,no data,no data,no data,no data,no data,no data,no data,no data,no data,no data,no data,no data,no data,no data,no data,no data,no data,no data,no data,no data,no data,no data,no data,no data,no data,no data,no data,no data,no data,no data,2026
Honduras,no data,no data,no data,no data,no data,no data,no data,no data,no data,no data,236.5,135.4,123.2,111.7,85.5,65.4,64.6,70.8,67.4,75.8,65.8,63.4,64.2,67.8,60.9,55.6,39.2,24,22.3,23.8,21.8,24.6,27.1,37.3,35.2,38.3,39.4,41.3,42.4,43.3,53.5,52.7,46.9,41.7,41.5,41.2,43.8,40.1,40,39.1,35.5,34.5,2024
Hong Kong SAR,no data,no data,no data,no data,no data,no data,no data,no data,no data,no data,no data,no data,no data,no data,no data,no data,no data,no data,no data,no data,no data,no data,no data,no data,1.9,1.7,1.4,1.2,1,0.7,0.6,0.6,0.5,0.5,0.1,0.1,0.1,0.1,0.1,0.3,1,1.9,4.3,6.3,9.2,11.9,14.1,15.6,17.5,18.4,19.2,19.8,2025
Hungary,no data,no data,no data,no data,no data,no data,no data,no data,no data,no data,no data,no data,no data,no data,no data,83.9,71.2,62.2,60.4,60.3,55.6,52.2,55.6,58.2,58.9,60.6,64.5,65.6,71.8,78.2,80.2,80.5,78.4,77.2,76.5,75.7,74.6,72,68.8,65,78.7,76.2,74.1,73.2,73.5,75.2,77.9,80.3,82.8,85,87,88.8,2025
Iceland,no data,no data,28.1,29.9,31.6,31.1,29,26.5,29.6,34.2,34.4,36.4,43.9,50.6,53,56.1,53.7,51.1,43.3,75.5,74.8,82.5,81.3,84.1,80.1,67.8,69.8,67.4,109.3,128.2,131.5,136.6,132.2,121.1,114.1,96.3,81.3,70.8,62.3,65.7,76.1,73.6,66.4,61.5,60.4,56.1,53.6,51.7,49.9,47.8,45.4,43,2024
India,no data,no data,no data,no data,no data,no data,no data,no data,no data,no data,no data,76.7,78.8,78.3,74.8,70.9,67.1,69,69.3,71.3,74.9,80.1,84.3,85.9,84.9,82.4,77.9,75.4,74.3,72.7,67.7,68.7,68.1,68,67.6,69.8,69.8,70.8,71.7,76.7,90.6,85.7,84.6,85,84.8,84.1,83.4,82.5,81.7,80.6,79.5,77.7,2025
Indonesia,no data,no data,no data,no data,no data,no data,no data,no data,no data,no data,no data,no data,no data,no data,no data,no data,no data,no data,no data,no data,87.4,73.7,62.3,55.6,51.3,42.6,35.8,38.1,30.3,26.5,26.4,23.1,23,24.9,24.6,27,28,29.4,30.4,30.6,39.7,41.1,40.1,39.6,40.2,41,41.5,41.8,42,42.1,42.2,42.2,2025
Iran,no data,no data,no data,no data,no data,no data,no data,no data,no data,no data,no data,no data,no data,no data,no data,no data,29.3,30.9,29.6,22.2,18.2,21,23.4,21.9,21.1,18.3,15.2,13.5,10.6,11.5,12.8,10.6,11.7,10.2,10.9,32.1,45.9,43.2,41.6,44.6,47.1,39.9,34.5,29.6,31.2,37.3,37.3,38.2,39.8,41.6,43,44.1,2025
Iraq,no data,no data,no data,no data,no data,no data,no data,no data,no data,no data,no data,no data,no data,no data,no data,no data,no data,no data,no data,no data,no data,no data,no data,no data,344.3,227.3,143.2,117.1,74.2,87.4,53.5,40.7,34.8,32,27.6,48.3,60.3,55.9,44.4,41.7,72.5,54.7,39,42.1,45.2,53.9,61.7,58.7,60.9,63.8,66.9,70.6,2025
Ireland,no data,no data,no data,no data,no data,no data,no data,no data,no data,no data,no data,no data,no data,no data,no data,78.5,69.8,61.6,51.4,46.6,36.4,33.6,30.9,29.8,28.1,26.1,23.7,23.9,42.5,61.8,86.2,109.6,118.9,117.7,101.4,74,72.7,65.2,61.3,55.8,56.9,52.4,42.9,41.8,38.3,32.9,31.6,30.3,29.1,28.4,28,28,2024
Isle of Man,no data,no data,no data,no data,no data,no data,no data,no data,no data,no data,no data,no data,no data,no data,no data,no data,no data,no data,no data,no data,no data,no data,no data,no data,no data,no data,no data,no data,no data,no data,no data,no data,no data,no data,no data,no data,no data,no data,no data,no data,no data,no data,no data,no data,no data,no data,no data,no data,no data,no data,no data,no data,2026
Israel,no data,no data,no data,no data,no data,no data,no data,no data,no data,no data,no data,no data,no data,no data,no data,no data,no data,no data,no data,no data,77.2,81.1,87.2,89.7,88.3,85.2,77.7,70.8,70.2,72.6,69,67.2,66.9,66,65.8,62.8,61.7,59.8,60.1,59.3,71.1,67.7,60.3,61.3,67.7,68.5,69.8,70.2,71,71.7,72.4,73.2,2025
Italy,no data,no data,no data,no data,no data,no data,no data,no data,95.7,98.4,101.7,105.3,113,124.1,130.8,119.1,118.9,116.5,113.9,113.1,108.7,108.5,105.9,105.1,104.7,106.2,106.3,103.5,105.8,116.1,118.8,119.1,125.9,131.9,134.8,134.8,134.2,133.7,134.2,133.9,154.4,145.8,138.4,133.9,134.7,137.1,138.4,138.8,137.6,137.1,136.5,136.1,2025
Jamaica,no data,no data,no data,no data,no data,no data,no data,no data,no data,no data,no data,no data,no data,no data,no data,no data,no data,no data,no data,80.7,89.5,105.3,115.4,120.1,116.9,121.5,114.2,111.6,123.8,138.3,137.8,135.9,140.3,135.2,134.4,115.9,106.9,95.1,88.3,87.7,101.3,86.3,70.2,66.5,62.5,67.7,65.8,65,63.8,62.8,61.6,60.5,2025
Japan,41.4,45.8,50.1,55.1,56.9,59.2,64.2,65.7,62.4,56.9,54.8,54.1,57.9,63.2,73.3,80.7,85.3,91.3,101.6,113.5,118.5,126.8,134.6,140.2,148.8,153.4,152.1,150.4,153.6,172.9,178.6,190.6,197.1,201.2,203.6,200.1,202.1,203.1,203.7,206.3,228.8,222.7,227.8,220.3,214.5,206.5,204.4,200.1,197.7,195.7,193.9,192.8,2024
Jordan,no data,no data,no data,no data,no data,no data,no data,no data,159.7,190.3,197.7,180.5,134.7,122.1,112.1,102.4,101.2,94.7,96.3,98.7,89.9,85.5,85.9,80.4,73.8,66.1,60,58.2,47.9,51.8,53.4,56.1,64,68.8,68.2,71.4,70.7,69.1,67.9,69.4,77.9,79.9,80.7,81,82.1,82.8,81.8,81.1,79.7,78.2,76.8,75.7,2024
Kazakhstan,no data,no data,no data,no data,no data,no data,no data,no data,no data,no data,no data,no data,no data,no data,no data,no data,no data,no data,no data,no data,no data,no data,17.6,15,11.4,8.1,6.7,4.1,6.8,10.2,10.7,10.2,12.1,12.6,14.5,21.9,19.7,19.9,20.3,19.9,26.4,25.1,23.5,23,24.4,24.6,24.9,26.3,28,29.5,30.8,32.1,2024
Kenya,no data,no data,no data,no data,no data,no data,no data,no data,no data,no data,no data,no data,no data,no data,no data,no data,no data,no data,38.5,38.4,43.1,41.3,42,43.8,40.8,37.4,37.1,34.2,34.3,36,36.7,35.7,37.6,39.8,41.3,45.8,50.4,53.9,56.4,59.1,68,68.2,67.8,73.4,67.3,69.3,71.6,72.4,73.3,73.6,74.2,75.1,2025
Kiribati,no data,no data,no data,no data,no data,no data,no data,no data,2.5,5,7.7,8.4,7.3,10.9,12.3,12.3,11,10.7,9.8,11.8,12.7,17,13.3,12.3,13.6,12.1,12.9,11.1,13.9,10.3,9.4,8.8,8.1,8.9,9,18.8,21.2,20.2,19,18.5,21,17.3,16.2,11.3,8.9,8,7.7,15.8,21.2,28.6,33.2,37.7,2024
"Korea, Dem. People's Rep. of",no data,no data,no data,no data,no data,no data,no data,no data,no data,no data,no data,no data,no data,no data,no data,no data,no data,no data,no data,no data,no data,no data,no data,no data,no data,no data,no data,no data,no data,no data,no data,no data,no data,no data,no data,no data,no data,no data,no data,no data,no data,no data,no data,no data,no data,no data,no data,no data,no data,no data,no data,no data,2026
"Korea, Republic of",no data,no data,no data,no data,no data,no data,no data,no data,no data,no data,12.8,11.9,11.6,10.9,9.6,8.5,7.8,9.7,13.8,15.8,16.1,16.6,16.4,19.1,21.6,24.9,27,26.3,25.9,28.8,28.3,31.7,33.5,36,37.9,38.8,39.1,38,37.9,39.7,45.9,48,49.8,50.5,49.7,52.3,54.4,56.6,58.5,60.1,61.7,63.1,2024
Kosovo,no data,no data,no data,no data,no data,no data,no data,no data,no data,no data,no data,no data,no data,no data,no data,no data,no data,no data,no data,no data,no data,no data,no data,no data,no data,no data,16.3,14.3,10.8,6.9,6.5,5.6,8.6,9.4,11.2,13.4,14.5,16.4,17.1,17.7,24.3,23.1,21.4,18.6,17.9,17.5,18.7,19.6,20.7,21.7,22.6,23.5,2026
Kuwait,no data,no data,no data,no data,no data,no data,no data,no data,no data,no data,no data,45.3,27.9,28.8,37.7,34.9,26.5,24.3,25.6,25.5,21.4,23,21.3,17.2,13.9,10.2,7.8,7,5.4,6.7,6.2,4.6,3.6,3.1,3.4,4.6,9.9,19.6,14.3,10.5,10.2,7.2,3,3.1,2.9,14.6,22.3,27.5,32.1,34.9,36.7,37.8,2024
Kyrgyz Republic,no data,no data,no data,no data,no data,no data,no data,no data,no data,no data,no data,no data,no data,no data,no data,no data,no data,no data,no data,no data,123.3,108.2,107.9,108.2,92.7,85.7,73.4,57.7,49,58.5,59.7,50.1,50.5,47.1,53.6,67.1,59.1,58.8,54.8,48.8,63.6,56.2,46.8,42,36.2,36,37.4,37.7,38.1,38.4,38.7,38.8,2024
Lao P.D.R.,no data,no data,no data,no data,no data,no data,no data,no data,no data,no data,no data,no data,no data,no data,no data,no data,no data,no data,no data,no data,no data,94.7,95.3,90.1,80.7,73.2,60,55.9,51.7,51.8,49.3,43,46.1,49.5,53.5,53.1,54.5,57.2,60.6,69.1,75.4,92.2,115.7,108.9,94.7,80.6,74.6,68.6,63.1,58.8,54.7,51.7,2024
Latvia,no data,no data,no data,no data,no data,no data,no data,no data,no data,no data,no data,no data,no data,no data,no data,no data,no data,no data,9.8,14.8,15.1,17.8,15.4,15.4,15.3,12.5,10.7,9,19.3,37.6,48.2,46.8,44.4,41.8,43.1,38.3,41.7,40.3,38.3,37.9,44,45.9,44.4,44.4,46.2,46.9,47.4,48.5,49.6,50.8,52.2,53.5,2024
Lebanon,no data,no data,no data,no data,no data,no data,no data,no data,no data,no data,no data,no data,no data,no data,no data,no data,no data,no data,no data,no data,148.1,163.1,163.1,171.3,169.5,178.9,183.3,169.3,161.5,144.5,136.8,134.4,131.1,135.4,138.5,140.9,147.9,150.4,154,171.9,157.2,345.5,235.9,185.8,157.9,139.4,no data,no data,no data,no data,no data,no data,2025
Lesotho,no data,no data,no data,no data,no data,no data,no data,no data,23.3,25.5,18,11.9,64.4,71.2,67,62.8,71.6,65.7,79.4,83,88.5,108.7,79.6,52.6,49.4,41,43.7,49.6,47,35.9,33.8,36.2,39.8,41.2,41.5,45.8,41.5,41,48.2,58.2,54.7,58,64.4,61.1,52.8,49.1,49,48.6,48.1,47.9,48.6,50,2025
Liberia,no data,no data,no data,no data,no data,no data,no data,no data,no data,no data,no data,no data,no data,no data,no data,no data,no data,no data,no data,no data,468.1,465.2,463.6,600.1,543.4,488.5,450.9,366.8,235.3,132.2,25.4,22.5,20.5,20.6,24.3,24.4,28,31.8,36.2,48.1,58.5,53.5,54.4,57.2,56.4,54.9,53.8,53.3,50.5,48.7,45.9,43.1,2025
Libya,no data,no data,no data,no data,no data,no data,no data,no data,no data,no data,no data,no data,no data,no data,no data,no data,no data,no data,no data,no data,no data,no data,no data,no data,no data,no data,no data,no data,no data,no data,no data,no data,no data,no data,no data,no data,no data,no data,no data,no data,no data,no data,no data,no data,no data,no data,no data,no data,no data,no data,no data,no data,2025
Liechtenstein,no data,no data,no data,no data,no data,no data,no data,no data,no data,no data,no data,no data,no data,no data,no data,no data,no data,no data,no data,no data,no data,no data,no data,no data,no data,no data,no data,no data,no data,no data,no data,0.4,0.5,0.4,0.5,0.5,0.4,0.6,0.5,0.6,0.5,0.5,0.5,0.5,0.5,0.5,0.5,0.5,0.5,0.5,0.5,0.5,2026
Lithuania,no data,no data,no data,no data,no data,no data,no data,no data,no data,no data,no data,no data,no data,no data,no data,no data,no data,no data,21.7,28,23.5,22.9,22.1,20.4,18.6,17.6,17.3,15.9,14.6,27.9,36.7,37.5,39.9,38.9,40.7,42.4,39.8,39.1,33.3,35.6,45.9,43.3,38.3,37.1,38,39.8,45.1,48.9,50.8,52.7,54.4,56.3,2024
Luxembourg,no data,no data,no data,no data,no data,no data,no data,no data,no data,no data,no data,no data,no data,no data,no data,10.3,10.2,10.1,9.5,8.4,7.5,7.6,7.4,7.4,7.8,8,8.2,8.1,14.6,15.3,19.1,18.5,20.8,22.4,21.9,21.1,19.6,21.8,20.9,22.3,24.5,24.2,24.9,24.7,26.3,27,28,28.9,30.5,32.2,33.7,35.2,2025
Macao SAR,no data,no data,no data,no data,no data,no data,no data,no data,no data,no data,no data,no data,no data,no data,no data,no data,no data,no data,no data,no data,no data,0,0,0,0,0,0,0,0,0,0,0,0,0,0,0,0,0,0,0,0,0,0,0,0,0,0,0,0,0,0,0,2024
Madagascar,no data,no data,no data,no data,no data,no data,no data,no data,no data,no data,92.7,113.8,110.9,105.2,96,95.8,98.7,89.7,108.5,104.1,90.2,82.1,86.7,85.9,81.9,74.4,32.2,28.2,31,34.9,32.3,29.9,30.4,36.2,37.8,44.1,40.3,40.1,42.9,41.3,52.9,49.4,49.8,52.1,49.8,48.7,49.3,50.4,50.6,50.6,48.7,48.3,2025
Malawi,no data,no data,no data,no data,no data,no data,no data,no data,no data,no data,no data,no data,no data,no data,no data,no data,no data,no data,no data,no data,no data,no data,101.5,84.7,74.7,70.9,17.9,18.9,23.5,23.5,19.3,20,28.6,35.3,33.5,35.5,37.1,40,40.8,41.2,53.9,66.5,75.7,86.7,87.6,78.4,74.5,72.6,70.2,68.8,67.7,68.2,2025
Malaysia,no data,no data,no data,no data,no data,no data,no data,no data,no data,no data,74.1,67.3,59.1,51.1,43.7,38.2,32.8,29.6,33.6,34.4,32.5,38.1,39.5,41.4,42,40.8,39.7,39.3,39.4,50.4,51.2,51.9,53.8,55.7,55.4,57,55.8,54.4,55.6,57.1,67.7,69.2,65.5,69.7,69.8,70.7,69.5,68.7,67.8,66.9,66.1,65.4,2025
Maldives,no data,no data,no data,no data,no data,no data,no data,no data,no data,no data,no data,no data,no data,no data,no data,no data,no data,38.1,39.3,38.9,39,41.8,44.3,37.6,34.7,43.2,36.8,35.8,39,48.4,52.7,51.9,57.1,55.9,55.1,54.8,61.9,63.8,70.7,77.2,155.7,123.4,111.6,122.4,133.3,125.4,129.4,130.3,131.4,132.5,133.2,131.9,2025
Mali,no data,no data,no data,no data,no data,no data,no data,no data,no data,no data,no data,no data,no data,no data,no data,no data,no data,no data,no data,no data,77,66.3,36,37.7,36.1,39.5,15.4,15.6,17.3,18.8,21.8,20.1,21.3,22.2,22.6,25.8,30.1,30.1,31.4,34.3,39.8,43.2,42.9,44.3,44,41.9,40.8,39.7,38.9,38.5,38.2,37.9,2024
Malta,no data,no data,no data,no data,no data,no data,no data,no data,no data,no data,no data,no data,no data,no data,no data,45.3,51.5,60.8,66.4,69.8,64.4,70,65.1,68.6,70.4,70.2,64.5,62,61.5,66,65,68.9,65.6,64.9,60.7,55,53.1,45.6,41.4,39.2,48.6,49.6,50.1,46.8,46,46.8,47.3,47.5,47.5,47.4,47.3,47.3,2024
Marshall Islands,no data,no data,no data,no data,no data,no data,no data,no data,no data,no data,no data,no data,no data,no data,no data,no data,no data,8.7,18.1,26.1,27.3,32.7,37.2,43.7,46.8,45.8,44.4,42.2,44.1,41.2,38.8,35.9,37.6,33.4,34.9,33.9,29.2,26.5,24.7,25.1,21.7,19.9,19.6,18.2,14.2,11.8,16.7,15.3,14.6,13.9,13.4,16.6,2024
Martinique,no data,no data,no data,no data,no data,no data,no data,no data,no data,no data,no data,no data,no data,no data,no data,no data,no data,no data,no data,no data,no data,no data,no data,no data,no data,no data,no data,no data,no data,no data,no data,no data,no data,no data,no data,no data,no data,no data,no data,no data,no data,no data,no data,no data,no data,no data,no data,no data,no data,no data,no data,no data,2026
Mauritania,no data,no data,no data,no data,no data,no data,no data,no data,no data,no data,no data,no data,no data,no data,no data,no data,no data,no data,no data,no data,55.5,63.5,59.5,22.9,22,71.1,38,61.5,57.2,54.3,43.9,38.8,39.3,40.7,49.5,59.9,57.6,55.7,59.2,57.7,56.5,54.5,50.3,48.6,45.1,40.1,37.1,37.6,37.3,37,37.9,40.8,2023
Mauritius,no data,no data,no data,no data,no data,no data,no data,no data,no data,no data,no data,no data,no data,no data,no data,no data,no data,no data,no data,no data,56.9,58.2,63,66.9,59.4,58.3,55.3,48.8,48.8,56.8,54.4,54.9,54.2,56.5,59.1,63,62.6,61.3,63.1,81.1,91.9,86.1,81.8,81.5,86.1,86.5,86.5,85,83.5,81.6,79.8,78.3,2024
Mayotte,no data,no data,no data,no data,no data,no data,no data,no data,no data,no data,no data,no data,no data,no data,no data,no data,no data,no data,no data,no data,no data,no data,no data,no data,no data,no data,no data,no data,no data,no data,no data,no data,no data,no data,no data,no data,no data,no data,no data,no data,no data,no data,no data,no data,no data,no data,no data,no data,no data,no data,no data,no data,2026
Mexico,no data,no data,no data,no data,no data,no data,no data,no data,no data,no data,no data,no data,no data,no data,no data,no data,42.5,39.1,39.7,41.7,38.5,37.3,39.9,42.1,38.9,36.8,35.8,35.5,40.6,41.7,40.2,41.2,40.8,44.1,47.1,51,55,52.5,52.2,51.9,58.5,56.7,53.8,52.8,59.1,61.8,62.7,63.1,63.1,63.3,63.4,63.6,2024
"Micronesia, Fed. States of",no data,no data,no data,no data,no data,no data,no data,no data,no data,no data,no data,no data,no data,no data,no data,53.9,43.4,47.2,42.1,35.9,27.1,23.8,24.3,24.9,25.7,25,25.4,26,29.2,31.1,29.4,28.6,27.3,27.9,28.4,26,24.6,23.9,21,19.8,21.5,17,15.1,12.8,10.4,8.9,7.5,7.3,7.7,8.4,9.1,9.5,2023
Moldova,no data,no data,no data,no data,no data,no data,no data,no data,no data,no data,no data,no data,no data,no data,no data,79.5,87.5,89,159.4,150.7,89.1,85.4,80.3,68.1,49.3,40.4,35,28.3,22.2,32.6,25.5,24.2,31.3,30,35.4,42.1,39.7,34.9,31.8,28.8,36.6,33.6,35,34.9,38.8,36.6,39.3,40.8,41.7,42.3,42.5,42.5,2025
Monaco,no data,no data,no data,no data,no data,no data,no data,no data,no data,no data,no data,no data,no data,no data,no data,no data,no data,no data,no data,no data,no data,no data,no data,no data,no data,no data,no data,no data,no data,no data,no data,no data,no data,no data,no data,no data,no data,no data,no data,no data,no data,no data,no data,no data,no data,no data,no data,no data,no data,no data,no data,no data,2026
Mongolia,no data,no data,no data,no data,no data,no data,no data,no data,no data,no data,no data,no data,no data,no data,no data,no data,no data,no data,no data,no data,no data,no data,no data,no data,no data,no data,40.9,36.1,31,48.5,31,32.7,43.7,49.4,44,50.5,78.7,86.9,76.5,66.8,83.4,67.3,64.5,46.7,44.1,45.1,43.7,45.8,49.9,50.7,51.8,52.3,2025
Montenegro,no data,no data,no data,no data,no data,no data,no data,no data,no data,no data,no data,no data,no data,no data,no data,no data,no data,no data,no data,no data,no data,no data,85.7,48.6,45.4,38.6,36.7,31.8,34.2,43.9,45.1,49,57.1,59.2,63.6,69.5,66.7,66.9,72.9,79.6,108.4,86.2,70.3,59.6,60.8,67.1,62.4,62.8,63.1,64.1,65,66.1,2025
Montserrat,no data,no data,no data,no data,no data,no data,no data,no data,no data,no data,no data,no data,no data,no data,no data,no data,no data,no data,no data,no data,no data,no data,no data,no data,no data,no data,no data,no data,no data,no data,no data,no data,no data,no data,no data,no data,no data,no data,no data,no data,no data,no data,no data,no data,no data,no data,no data,no data,no data,no data,no data,no data,2026
Morocco,no data,no data,no data,no data,no data,no data,no data,no data,no data,no data,70.5,59.1,67,74.7,69.3,72.2,65.3,68,64.5,63.4,64.9,60.4,59.4,56.9,54.4,54.8,50.6,47.1,42,42.6,45.3,48.6,52.3,57.1,58.6,58.4,60.1,60.3,60.5,60.3,72.2,69.4,71.4,68.7,67.7,67.1,65.8,64.9,63.9,62.8,61.9,61,2024
Mozambique,no data,no data,no data,no data,no data,no data,no data,no data,no data,no data,no data,no data,no data,no data,no data,no data,no data,no data,no data,94.7,95.8,99.8,63.4,63.2,50.8,60.1,40,31.2,32.8,39.3,38.6,34.2,36.7,49.5,63.4,86,124.8,103.8,105.5,98.3,120,104.3,100.4,90.8,91.4,102.5,106.1,113.3,120.5,126.2,122.6,111.5,2023
Myanmar,no data,no data,no data,no data,no data,no data,no data,no data,no data,no data,no data,no data,no data,no data,no data,no data,no data,no data,208.6,150.7,164.5,262,190.6,146,126.6,119,103.1,77.4,59.8,56.4,54.4,49.9,48,44.8,34.5,36.6,35.7,41.9,39.9,37.6,49.1,63.4,56,53.2,50.6,51.9,51.9,51.9,51.4,50.2,49.4,48.5,2020
Namibia,no data,no data,no data,no data,no data,no data,no data,no data,no data,no data,no data,no data,no data,17.2,16.4,18,18.7,17.7,19.6,21.8,20.9,24.4,22.2,27.1,29.2,26.9,26.1,19.4,19.1,15.9,16.3,27.4,24.6,26.1,27.6,42.1,45.8,43.8,48.7,57.6,64.3,69.6,70.1,67.9,69.8,70.2,70.5,71.2,72.4,73.3,74.5,75.7,2024
Nauru,no data,no data,no data,no data,no data,no data,no data,no data,no data,no data,no data,no data,no data,no data,no data,no data,no data,no data,no data,no data,no data,no data,no data,no data,no data,no data,no data,no data,no data,295.6,298.9,236.8,157.3,166.9,147.7,113,86.3,78,71.1,59.6,56.3,24.2,18.9,19.2,16.9,14.6,12.7,10.5,9,7.6,6.5,5.5,2025
Nepal,no data,no data,no data,no data,no data,no data,no data,no data,no data,no data,no data,no data,no data,no data,no data,no data,no data,no data,no data,no data,50.8,50.8,51.8,53,51.3,45.1,42.9,37.9,36.8,39.5,35.4,32.4,34.5,31.9,27.6,25.7,25,25,31.1,34,43.3,43.3,42.7,47,48.3,48.1,49.6,49.4,48.3,47.2,46.1,45.3,2025
Netherlands,43.6,46.9,52.4,58.4,61.9,67.1,68.9,71.3,73.7,73.7,75,74.8,75.6,76.7,73.5,73,71.2,65.7,62.7,58.6,52.2,49.4,48.7,49.8,50.1,49.6,45,42.7,54.4,56.3,58.9,61.2,65.7,67.2,67.2,63.8,60.9,56,51.6,47.7,53.4,50.5,48.4,45.8,43.7,43.3,44.1,44.5,44.9,45.9,46.9,48,2024
New Caledonia,no data,no data,no data,no data,no data,no data,no data,no data,no data,no data,no data,no data,no data,no data,no data,no data,no data,no data,no data,no data,no data,no data,no data,no data,no data,no data,no data,no data,no data,no data,no data,no data,no data,no data,no data,no data,no data,no data,no data,no data,no data,no data,no data,no data,no data,no data,no data,no data,no data,no data,no data,no data,2026
New Zealand,no data,no data,no data,no data,no data,64.1,68.5,62.9,54.7,54.9,55.5,58,58.7,54.6,48.9,43.5,37.3,34.6,34.5,32,30,28.2,26.4,24.7,22.5,20.8,18.4,16.3,19,24.3,29.6,34.7,35.7,34.6,34.2,34.2,33.4,31.1,28.1,31.8,43.2,47.5,46.9,47.3,51.4,54.7,56.7,57.8,57.8,57.1,55.5,54.8,2025
Nicaragua,no data,no data,no data,no data,no data,no data,no data,no data,no data,no data,no data,no data,no data,no data,no data,no data,no data,86.4,86.5,99.8,95.2,87.5,110.4,109.5,84,66.6,51.2,30.9,26,29.3,30.3,28.8,27.9,28.8,28.7,28.9,30.9,34.7,39.1,44.2,49.2,48.4,45.9,42.4,37.9,34.8,33.2,32.6,32.5,32,31,30.6,2024
Niger,no data,no data,no data,no data,no data,no data,no data,no data,no data,no data,no data,no data,no data,no data,no data,69.4,63.5,69.1,61.3,63.3,82.1,74,69,60.6,55,49.5,18.3,17.8,14.2,15.9,15.1,14.7,18.1,19.6,22.1,29.9,32.8,36.5,37,39.8,45,51.3,50.7,51.8,47.7,45.4,45.5,44.9,44.7,44.6,44.4,44.3,2024
Nigeria,no data,no data,no data,no data,no data,no data,no data,no data,no data,no data,50.9,53.2,49.8,50.4,39.7,24.2,17.9,17.1,15.8,46.1,40.9,37.7,30.7,29.9,25.2,13.4,6.7,5.8,5.2,6.1,6.7,12.4,12.5,13,15.8,14.9,17.4,18,20.4,21.4,25.7,26.6,29.8,36.3,39.3,35.5,32.3,33.1,32.5,31.7,30.9,30.1,2024
Niue,no data,no data,no data,no data,no data,no data,no data,no data,no data,no data,no data,no data,no data,no data,no data,no data,no data,no data,no data,no data,no data,no data,no data,no data,no data,no data,no data,no data,no data,no data,no data,no data,no data,no data,no data,no data,no data,no data,no data,no data,no data,no data,no data,no data,no data,no data,no data,no data,no data,no data,no data,no data,2026
North Macedonia ,no data,no data,no data,no data,no data,no data,no data,no data,no data,no data,no data,no data,no data,no data,no data,no data,no data,no data,no data,29.8,45.6,45.2,40.5,36.5,34.6,36.7,30.6,23.5,20.6,23.7,24.3,27.7,33.7,34,38,38,39.7,39.4,40.4,40.4,50.8,52.7,50.4,50.5,52.9,52.5,53.1,53.4,53.6,54,53.8,53.8,2025
Northern Mariana Islands,no data,no data,no data,no data,no data,no data,no data,no data,no data,no data,no data,no data,no data,no data,no data,no data,no data,no data,no data,no data,no data,no data,no data,no data,no data,no data,no data,no data,no data,no data,no data,no data,no data,no data,no data,no data,no data,no data,no data,no data,no data,no data,no data,no data,no data,no data,no data,no data,no data,no data,no data,no data,2026
Norway,47.9,43.5,38.6,35.5,35.3,37,46.1,38.6,32.6,32.5,29.1,39.5,45.3,54,51,32.9,28.6,26,23.8,25.1,28.8,27.3,34,43.1,43.8,42.1,52.2,48.9,46.8,41.7,42.1,28.9,30.2,30.6,28.8,33.2,36.7,36.9,38.1,39,44.3,40.1,34.8,42.4,52.8,45,42.9,39.4,35.9,32.5,29,25.5,2024
Oman,no data,no data,no data,no data,no data,no data,no data,no data,no data,no data,17.8,22.6,23.1,22.2,23.6,21.9,21.2,20.8,30.9,28.9,21.7,22.5,15.9,13,14.5,8.4,7.6,4.4,3.2,5.8,5.5,4.4,4.6,4.7,4,13.9,29.3,40.1,44.7,52.5,67.9,61.9,41.7,37.4,35.5,35.8,32.7,32.7,31.9,30.8,29.6,29.1,2024
Pakistan,no data,no data,no data,no data,no data,no data,no data,no data,no data,no data,no data,no data,no data,no data,58.5,52.3,52.5,52.8,53.8,60.7,61.7,65.1,60.5,56.3,50.6,47.9,46.2,44.2,49.5,54.6,56.7,56.2,58.4,59.2,58.8,59.1,62.1,62.1,66.3,78.7,80.8,74.7,77.3,78.5,70.2,72.8,70.1,67.1,64,60.8,59,58.2,2025
Palau,no data,no data,no data,no data,no data,no data,no data,no data,no data,no data,no data,no data,no data,no data,no data,no data,no data,no data,no data,no data,37.1,34.6,33.9,34.8,34.2,30.5,28.6,33.7,32,36.6,34.5,30.6,30.8,27.4,27.5,21.7,23.7,26.9,29.5,30.5,52.1,69.9,68.9,76.4,66.3,62.3,56.7,50.5,44.9,39.9,35.3,28.2,2024
Panama,no data,no data,no data,no data,no data,no data,no data,no data,no data,no data,no data,no data,no data,no data,88.7,86.7,73.6,67.3,64.3,60.4,58,62.1,60.9,59.9,61.5,61.5,56.1,48.2,40.6,39.5,38.5,35.9,31.3,30.8,32.9,34.1,34,34.3,36.3,42.5,62.4,58,56.2,54.4,57.8,56.6,57.7,57.5,57.1,56.3,55.3,53.9,2025
Papua New Guinea,no data,no data,no data,no data,no data,no data,no data,no data,no data,no data,no data,no data,no data,no data,40.1,36.6,37.8,43.9,45.7,41.8,42.3,47.7,48.4,40.4,37.2,31.6,26,22.2,21.6,21.7,17.3,16.3,19.1,24.9,26.9,29.9,33.7,32.5,36.7,38.2,48.7,52.6,48.2,53.9,53.3,52.1,49.2,46.4,43.2,40.1,37.2,34.4,2025
Paraguay,no data,no data,no data,no data,no data,no data,no data,no data,no data,no data,67,49.4,34.4,26.6,18.7,17.6,16.8,18,22.1,32,33.6,37.1,50.5,37.5,36,28.3,21,16.8,16,14.9,13,11.1,12.3,13.5,15.6,18.6,19.4,19.8,22.3,25.8,36.9,37.5,40.6,41,44.6,38.1,37.8,37.6,37.4,37.2,36.9,36.6,2025
Peru,no data,no data,no data,no data,no data,no data,no data,no data,no data,no data,no data,no data,no data,no data,no data,no data,no data,no data,no data,no data,44.9,43.8,45.5,49.4,46.7,40.4,34.9,31.9,28.1,28.2,25.1,23.1,20.7,19.9,20.5,23.7,23.9,24.8,25.7,26.5,34.3,35.5,33.5,32.4,32.1,30.2,30,30.9,31.6,32.1,32.1,32.2,2025
Philippines,no data,no data,no data,no data,no data,no data,no data,no data,no data,no data,no data,no data,no data,73.9,63.6,60.8,53.1,56.9,50.8,54.2,59.2,59.5,65.2,71.4,71.1,64.7,57.2,50.2,50,49.8,47.6,45.4,45.7,43.9,40.3,39.7,37.4,38.1,37.1,37,51.6,57,57.4,56.5,56.6,59.4,60.2,59.9,59.2,58,56.4,54.7,2025
Pitcairn,no data,no data,no data,no data,no data,no data,no data,no data,no data,no data,no data,no data,no data,no data,no data,no data,no data,no data,no data,no data,no data,no data,no data,no data,no data,no data,no data,no data,no data,no data,no data,no data,no data,no data,no data,no data,no data,no data,no data,no data,no data,no data,no data,no data,no data,no data,no data,no data,no data,no data,no data,no data,2026
Poland,no data,no data,no data,no data,no data,no data,no data,no data,no data,no data,no data,no data,no data,no data,no data,48.6,43,42.6,38.6,39.2,36.3,37,41.4,46.2,45,46.5,47.1,44.4,46.6,49.7,53.7,54.8,54.5,56.9,51.1,51.1,54.1,50.4,48.2,45.2,56.6,53,48.8,49.5,55.1,58.8,65.7,69.6,71.6,73.9,75.8,77.6,2024
Portugal,no data,no data,no data,no data,no data,no data,no data,no data,no data,no data,60.2,63.9,58.1,57.2,60.4,62.2,63.3,58.7,55.6,55.4,54.2,57.4,60,63.9,67.1,72.2,73.7,72.7,75.6,87.8,100.1,114,128.6,130.8,132.5,131,131.2,126,121.1,116.1,134.1,123.9,111.2,96.9,93.5,89.9,85.6,82.2,79.3,77,75.5,74.4,2024
Puerto Rico,no data,no data,no data,no data,no data,no data,no data,no data,no data,no data,no data,no data,no data,no data,no data,no data,no data,no data,no data,no data,no data,no data,no data,no data,no data,no data,33.4,36.9,40.8,46.5,48.3,50,53.7,52.3,54.5,52.7,49.9,51.2,52.4,48.8,50.2,48.9,16.7,16.6,16.9,18,18.8,19.3,19.5,19.2,18.9,18.6,2024
Qatar,no data,no data,no data,no data,no data,no data,no data,no data,no data,no data,12.6,21.8,19.9,46.3,54.8,50.2,57.8,54.4,76.6,81.8,51.6,59.2,47.7,38.8,30.1,19.1,13.9,9.4,11.4,36,30.4,33.5,32.1,30.9,24.9,35.5,46.7,51.6,52.2,62.1,72.6,58.4,42.6,42.8,41.3,41.4,43.3,40.9,39.7,37.7,36.5,35.5,2023
Reunion,no data,no data,no data,no data,no data,no data,no data,no data,no data,no data,no data,no data,no data,no data,no data,no data,no data,no data,no data,no data,no data,no data,no data,no data,no data,no data,no data,no data,no data,no data,no data,no data,no data,no data,no data,no data,no data,no data,no data,no data,no data,no data,no data,no data,no data,no data,no data,no data,no data,no data,no data,no data,2026
Romania,no data,no data,no data,no data,no data,no data,no data,no data,no data,no data,no data,no data,no data,no data,no data,no data,no data,no data,no data,no data,29.6,27.4,27.4,24.9,21.3,17.8,12.7,12.4,13,22.5,30.2,32.6,36.2,39.3,40.5,39.4,39.5,37.1,36.4,36.8,49.5,51.8,51.9,52.6,57.5,60.6,61.9,63.9,65.3,67.3,68.8,70.4,2024
Russian Federation,no data,no data,no data,no data,no data,no data,no data,no data,no data,no data,no data,no data,no data,no data,no data,no data,no data,51.5,135.2,92.4,55.9,44.4,37.6,28.3,20.8,14.9,9.8,8,7.4,9.9,10.1,10.3,11.2,12.3,15.1,15.3,14.8,14.3,13.6,13.7,19.2,16.5,15.1,15.2,14.8,17.2,19.1,21.2,23.6,25.4,27.2,29.1,2025
Rwanda,no data,no data,no data,no data,no data,no data,no data,no data,no data,no data,no data,no data,no data,no data,no data,102.2,84.6,73.3,71.1,79.5,87.2,85.2,93.4,80.7,82.1,59.8,22.8,22.4,18.5,18.7,19,18.9,19.3,27,29.5,33.5,41.5,46.1,49.2,52.8,66.7,66.2,59,61.4,63.4,64.6,66.8,67.4,67.4,67.2,65.2,61.6,2025
Saint Helena,no data,no data,no data,no data,no data,no data,no data,no data,no data,no data,no data,no data,no data,no data,no data,no data,no data,no data,no data,no data,no data,no data,no data,no data,no data,no data,no data,no data,no data,no data,no data,no data,no data,no data,no data,no data,no data,no data,no data,no data,no data,no data,no data,no data,no data,no data,no data,no data,no data,no data,no data,no data,2026
Saint Kitts and Nevis,no data,no data,no data,no data,no data,no data,no data,no data,no data,no data,no data,no data,no data,no data,no data,no data,50.7,67.2,79,89.2,92.9,100.5,115.2,136.6,147.2,124,134.8,130.1,123.4,129.1,134.9,127.1,118,89.3,67.9,62.2,57.4,56.2,54.7,57.2,71.7,73,64.5,60,58.1,58.4,64,68.7,71.3,73.8,76.5,79.2,2024
Saint Lucia,no data,no data,no data,no data,no data,no data,no data,no data,no data,no data,16.7,19.3,22.1,22.7,23.4,22.7,23.9,26.6,29.1,28.8,32.8,38,47.7,44.7,48.8,50.4,48,48.2,46.9,50.2,52.2,54.9,60.2,61.2,61.9,60.6,60.2,59.9,60.3,62.1,94.4,81.9,73.9,75.2,76.7,77.1,77.5,77.7,77.7,77.7,77.6,77.4,2025
Saint Martin,no data,no data,no data,no data,no data,no data,no data,no data,no data,no data,no data,no data,no data,no data,no data,no data,no data,no data,no data,no data,no data,no data,no data,no data,no data,no data,no data,no data,no data,no data,no data,no data,no data,no data,no data,no data,no data,no data,no data,no data,no data,no data,no data,no data,no data,no data,no data,no data,no data,no data,no data,no data,2026
Saint Vincent and the Grenadines,no data,no data,no data,no data,no data,no data,no data,no data,no data,no data,55.3,53.5,50.7,49.3,54.2,47.6,41.2,39.3,39.9,53.4,54.2,51.9,53.2,55.3,58.5,50.5,44.7,48.4,50.2,57.2,61.1,64,67.8,70,75.1,76,78.1,69.5,69.3,68,81.7,88.3,88.6,91.3,102.8,113.4,120.1,126.1,131.3,135.6,140.1,144.7,2024
Saint-Pierre and Miquelon,no data,no data,no data,no data,no data,no data,no data,no data,no data,no data,no data,no data,no data,no data,no data,no data,no data,no data,no data,no data,no data,no data,no data,no data,no data,no data,no data,no data,no data,no data,no data,no data,no data,no data,no data,no data,no data,no data,no data,no data,no data,no data,no data,no data,no data,no data,no data,no data,no data,no data,no data,no data,2026
Samoa,no data,no data,no data,no data,no data,no data,no data,no data,no data,no data,no data,no data,no data,no data,no data,no data,no data,no data,58.9,59.4,55.8,53.8,50.3,42.8,39.8,34.2,33.5,31.5,28.2,33.3,40.3,41.5,50.9,54.1,54.9,56.4,49,46.7,49.4,44.3,43.2,45.4,41,31.8,25.2,21.2,17.1,16.6,17.2,17.7,18.5,19.2,2025
San Marino,no data,no data,no data,no data,no data,no data,no data,no data,no data,no data,no data,no data,no data,no data,no data,no data,no data,no data,no data,no data,no data,11.6,17.2,16.1,16.9,14.5,14.2,12.6,15.5,20.1,20,16.6,17.2,23.2,21,19.3,21.4,56.6,56.7,56.2,69.8,77.2,70.6,68.3,62.9,60.6,77.3,58.4,55.6,52.9,50.3,47.7,2024
Saudi Arabia,no data,no data,no data,no data,no data,no data,no data,no data,no data,no data,no data,39.4,47.8,58.6,67.9,74.2,75.2,76.7,101.5,103,86.7,93.1,96.4,81.6,62.9,37.3,25.8,17.1,12.1,14,8.4,5.3,3,2.1,1.5,5.5,12.2,15.9,16.8,20.3,29.7,25.5,21.3,23,25.9,31.7,32.1,34.8,37.1,38.9,40.6,42.2,2025
Senegal,no data,no data,no data,no data,no data,no data,no data,no data,no data,no data,no data,no data,no data,no data,no data,no data,0.1,67.8,18.8,15,57.5,53.2,52,42.9,38,36.1,17.5,19,19.1,29.9,34.6,32.9,34.5,36.9,42.4,44.5,47.5,61.1,61.5,81.5,90.1,98.7,104.7,118.4,132.4,130.2,132.3,133.4,132,130.5,126,121.4,2024
Serbia,no data,no data,no data,no data,no data,no data,no data,no data,no data,no data,no data,no data,no data,no data,no data,no data,no data,no data,no data,no data,200.6,95.9,68.4,64.4,57.6,50.1,37,30,29.4,35.3,42.4,46,58,61.2,63.5,67.1,65,55.3,51.1,49.5,54.3,53.6,50.9,45.7,44.1,42.4,42.6,43,42.7,42.6,42.4,42.1,2025
Seychelles,no data,no data,no data,no data,no data,no data,no data,no data,no data,no data,80.4,89.2,79.9,82.2,123.5,133.5,146.7,143,161.2,159.8,177.8,199.8,195.9,177,163.2,144.1,135.1,144,192.1,106.1,82.2,82.5,80.1,68.2,70.4,75.4,64.3,56.7,51.3,48.9,77.4,71,60.6,55.1,56.1,51.5,55,54,52.4,50.6,48.9,46.6,2025
Sierra Leone,no data,no data,no data,no data,no data,no data,no data,no data,no data,no data,no data,no data,no data,no data,no data,no data,no data,no data,no data,no data,no data,113.5,99.8,99.8,93.2,78.9,61.9,26.4,46.1,31.1,28.9,25.8,24.1,22.3,26.8,28.4,38.9,44.2,44.2,45.3,46.4,47.1,54,49.4,46.7,45.2,44.3,41.2,38.4,36.2,34.1,31.8,2024
Singapore,no data,no data,no data,no data,no data,no data,no data,no data,no data,no data,73.5,76.4,79,71.2,70.7,69.8,71.3,70.8,84.6,85.3,82.3,94.5,96.3,99.1,95.7,92.7,86.5,87.8,97.9,101.7,98.7,103.1,106.7,98.2,97.7,102.1,105.9,107.3,109.2,127.7,147.1,139.9,153.3,170.4,166,171.3,171.9,172.7,173.4,173.9,174.3,174.7,2025
Sint Maarten,no data,no data,no data,no data,no data,no data,no data,no data,no data,no data,no data,no data,no data,no data,no data,no data,no data,no data,no data,no data,no data,no data,no data,no data,no data,no data,no data,no data,no data,no data,no data,no data,no data,no data,no data,no data,no data,no data,no data,no data,no data,no data,no data,no data,no data,no data,no data,no data,no data,no data,no data,no data,2026
Slovak Republic,no data,no data,no data,no data,no data,no data,no data,no data,no data,no data,no data,no data,no data,no data,no data,21.3,30.3,32.8,33.9,47.1,50.6,51.4,45.6,43.6,42,35,31.5,30.4,28.6,36.4,40.7,43.3,51.7,54.6,53.4,51.6,52.1,51.4,49.3,48,58.4,60.2,57.8,55.8,59.7,61.6,63,65.5,67.2,69.4,72,75,2024
Slovenia,no data,no data,no data,no data,no data,no data,no data,no data,no data,no data,no data,no data,no data,no data,no data,18.2,21.6,22.1,22.8,23.8,26.1,26.3,27.7,27,27.1,26.6,26.2,22.9,21.9,34.9,38.6,46.8,54.1,70.8,81.1,83.4,79.4,74.9,71,66,80.2,74.8,72.8,68.3,66.6,65.9,65.2,65.4,65.4,65.8,66.3,67.1,2024
Solomon Islands,no data,no data,no data,no data,no data,no data,no data,no data,no data,no data,no data,no data,no data,no data,no data,no data,no data,21.9,33.3,35.4,37.4,44.6,55.5,51.8,49.4,38.5,36.9,29.5,26.1,17.2,21.6,18.1,13.3,11.6,10.1,7.9,7.5,8.8,7.9,7.8,9.1,16.1,16.5,22.3,26.1,28.7,29.9,31.3,32.5,33.4,34.1,34.9,2024
Somalia,no data,no data,no data,no data,no data,no data,no data,no data,no data,no data,no data,no data,no data,no data,no data,no data,no data,no data,no data,no data,no data,no data,no data,no data,no data,no data,no data,no data,no data,no data,no data,no data,no data,no data,no data,no data,no data,no data,no data,no data,no data,no data,no data,no data,no data,no data,no data,no data,no data,no data,no data,no data,2025
South Africa,no data,no data,no data,no data,no data,no data,no data,no data,no data,no data,no data,no data,no data,no data,no data,no data,no data,no data,no data,no data,37.9,38,31.8,31.5,30.7,29.6,28,24.3,24,27,31.2,34.7,37.4,40.4,43.3,45.2,47.1,48.6,51.5,56.1,68.9,68.8,70.7,73.2,76,78.6,78.9,79.7,80.9,81.7,82.2,82.6,2025
"South Sudan, Republic of",no data,no data,no data,no data,no data,no data,no data,no data,no data,no data,no data,no data,no data,no data,no data,no data,no data,no data,no data,no data,no data,no data,no data,no data,no data,no data,no data,no data,no data,no data,no data,0,8.9,17.6,39.6,58.2,128.9,77.5,84.3,43.4,48.3,56.4,42.1,62,53.4,62.1,57.3,49.9,47.6,45.8,44,42.8,2024
Spain,16.1,19.4,24.4,29.5,36,40.9,42.1,41.9,38.5,39.9,41.3,41.9,44.1,54.6,57,61.6,65.4,64.3,62.4,60.9,57.8,54.1,51.2,47.7,45.3,42.4,39,35.7,39.6,53.1,60.3,69.5,89.6,100,104.4,102.4,102,101.1,99.7,97.6,119.2,115.6,109.2,105.1,101.6,100.4,98.2,96.2,94.2,92.9,91.7,90.4,2025
Sri Lanka,no data,no data,no data,no data,no data,no data,no data,no data,no data,no data,78.9,80.5,77.9,79.2,77.9,77.8,76.2,70.1,74.2,77.7,79.2,84.4,96.3,86.5,86.5,76.6,74.3,71.8,68.8,72.8,68.7,69.4,67.5,69.5,69.6,76.3,75,72.3,83.6,82.6,96.9,102.7,115.9,110.4,100.8,no data,no data,no data,no data,no data,no data,no data,2025
Sudan,no data,no data,no data,no data,no data,no data,no data,no data,no data,no data,no data,no data,495.2,285.9,386.5,239,220.9,167.7,179.7,160.5,143.2,125.6,121.7,117.4,97.8,75.5,63.7,53.7,55.8,71,74.6,78.1,117.7,105.8,84.4,93.2,109.9,149.5,209.8,216.5,278.8,191.3,189,261.2,262.6,187.6,169.1,153,134.5,128.9,124.4,116.3,2021
Suriname,no data,no data,no data,no data,no data,no data,no data,no data,no data,no data,72.9,75.7,64.4,51.1,30.5,16.3,11.8,16.8,21.6,32.3,48.4,37.2,37.4,31.5,29.4,27.1,22.5,16.4,14.8,14.6,17.3,18.7,20.1,27.9,25.2,41.2,75.4,73,68.6,84,146.4,115.8,111.7,97.7,88,105.8,87.1,77,58.4,41,36.2,35.4,2023
Svalbard and Jan Mayen Islands,no data,no data,no data,no data,no data,no data,no data,no data,no data,no data,no data,no data,no data,no data,no data,no data,no data,no data,no data,no data,no data,no data,no data,no data,no data,no data,no data,no data,no data,no data,no data,no data,no data,no data,no data,no data,no data,no data,no data,no data,no data,no data,no data,no data,no data,no data,no data,no data,no data,no data,no data,no data,2026
Sweden,no data,no data,no data,no data,no data,no data,no data,no data,no data,no data,no data,no data,no data,66.1,68.6,68.7,68.9,67.7,65.4,60.3,50.4,52,49.9,49.5,48.7,48.9,43.8,39.2,37.9,41.2,38.6,37.7,38,40.8,45.7,44.5,42.9,41.6,39.9,35.8,40.4,37.3,34.2,32.1,33.9,34.9,36.7,38.2,38.3,37.8,37.2,36.6,2024
Switzerland,no data,no data,no data,no data,no data,no data,no data,no data,no data,no data,32.8,34.6,38.9,43.7,46.4,49.3,50.6,52.9,55.3,52,51.7,50.5,56.9,56.2,57.1,54.1,47.7,44,44.2,42.4,40.7,41.2,41.9,41.2,41.2,41.4,40.3,41.1,39,38.8,42.4,39.7,35.9,37.3,40.5,39.4,38.5,37.5,36.3,35.4,34.3,33.5,2025
Syria,no data,no data,no data,no data,no data,no data,no data,no data,no data,no data,189.8,182.4,173.6,171.9,163,152.6,141.5,147.6,151.2,147.7,152.1,144.5,132.4,133.4,113,50.7,45,42.7,37.3,31.2,30,no data,no data,no data,no data,no data,no data,no data,no data,no data,no data,no data,no data,no data,no data,no data,no data,no data,no data,no data,no data,no data,2009
São Tomé and Príncipe,no data,no data,no data,no data,no data,no data,no data,no data,no data,no data,no data,no data,no data,no data,no data,no data,no data,no data,no data,no data,no data,418.4,366.5,329.4,354.5,334.2,283.2,110.1,60.7,70.3,83,86,59.6,76.8,92.5,101.1,104.6,92.3,95.9,98.6,91,85.1,86.8,73.2,65.2,55.7,50.4,47.4,45.3,43.2,40.3,38.3,2025
Taiwan Province of China,no data,no data,no data,no data,no data,no data,no data,no data,no data,no data,no data,no data,no data,no data,no data,no data,no data,25,23.7,23.7,26.2,30.1,29.8,32.1,33.4,34.1,33.3,32.2,33.4,36.7,36.9,38.3,39.2,38.9,37.5,35.9,35.4,34.5,33.8,32.6,32,30.1,29.5,29,26.8,22.4,27.6,27.6,27.6,27.6,27.6,27.6,2024
Tajikistan,no data,no data,no data,no data,no data,no data,no data,no data,no data,no data,no data,no data,no data,no data,no data,no data,no data,no data,96.6,107.8,111.4,99.4,98.3,69.8,49.4,45.8,36.8,34.3,30.2,36.9,36.8,35.5,32.5,29.3,27.9,35,42.2,46.3,46.3,43.2,50.9,42,31.8,29.9,24.9,21.6,21.9,22.3,23.4,24.4,25.1,25.7,2023
Tanzania,no data,no data,no data,no data,no data,no data,no data,no data,no data,no data,no data,no data,no data,no data,no data,no data,no data,no data,no data,no data,no data,50.8,47.4,44.4,44.5,25.4,17.4,23.8,21.6,23.9,27.6,28.4,30,32.7,36.4,39.5,39.8,40.1,42,40.4,41.3,43.4,44.9,47.8,49.9,49.7,48.7,47.5,46.2,45.1,44,42.6,2023
Thailand,no data,no data,no data,no data,no data,no data,no data,no data,no data,no data,no data,no data,no data,no data,no data,no data,15.2,40.5,49.9,56.6,57.8,57.5,54.9,47.5,46.3,45.5,39.2,36,34.9,42.4,39.8,39.1,41.9,42.2,43.3,42.6,41.7,41.8,41.9,41.1,49.4,58.4,60.5,62.2,62.9,64.7,66.8,67.8,68.6,69.1,69.5,69.7,2024
Timor-Leste,no data,no data,no data,no data,no data,no data,no data,no data,no data,no data,no data,no data,no data,no data,no data,no data,no data,no data,no data,no data,no data,0,0,0,0,0,0,0,0,0,0,0,0,0.5,1.5,2.9,4.7,6.7,9.3,9.5,10.1,6.5,7.9,12.4,14.4,14.3,14.9,14.9,14.8,14.7,14.7,16,2024
Togo,no data,no data,no data,no data,no data,no data,no data,no data,no data,no data,no data,no data,no data,no data,no data,no data,no data,no data,no data,no data,no data,no data,no data,no data,no data,63.1,67.7,70.5,67.3,57.6,33.5,37,34.3,41.1,44.9,52.4,59.9,57.1,58,54.9,61.4,63.3,63,64.1,66.2,63,64.7,63.1,61.5,60.2,58.3,56.7,2025
Tokelau,no data,no data,no data,no data,no data,no data,no data,no data,no data,no data,no data,no data,no data,no data,no data,no data,no data,no data,no data,no data,no data,no data,no data,no data,no data,no data,no data,no data,no data,no data,no data,no data,no data,no data,no data,no data,no data,no data,no data,no data,no data,no data,no data,no data,no data,no data,no data,no data,no data,no data,no data,no data,2026
Tonga,no data,no data,no data,no data,no data,no data,no data,no data,no data,no data,no data,no data,no data,no data,no data,no data,no data,no data,no data,38.4,43.6,53.4,60.7,56.2,52.2,43.3,39.6,37.8,34,39.7,44.7,51.9,60,48.9,47.4,51.1,49.4,44.7,45.5,41.8,41.7,43,40.2,37.2,31.9,27.4,34.4,41.1,48.9,57.6,67.3,76.7,2024
Trinidad and Tobago,no data,no data,no data,no data,no data,no data,no data,no data,65.3,51.9,49.5,50,49.5,59.6,64.8,57.3,51.9,51.3,47.4,55.2,52.3,54.2,58.2,52.4,43.3,36.6,32.7,29.4,24.6,34.2,28.9,39.2,32.9,32.9,37.1,43.2,53.3,57.2,58.1,62.9,81.6,80.2,69.9,78.2,81.8,84.2,84.1,82.8,80.7,80.7,81.2,82.1,2025
Tunisia,no data,no data,no data,no data,no data,no data,no data,no data,no data,no data,no data,63.3,62.1,63.8,63.9,65.6,66.8,66.6,58.2,61.9,62.9,52.2,51.6,52.6,51.6,50,45.7,42.7,41.4,40.3,38.8,43.3,49,45.6,50.7,52.4,58.9,67.1,72.9,67.3,77.7,79.7,83,84,85.7,81.3,84.9,88.7,90.2,90.9,91.1,91.1,2025
Turkmenistan,no data,no data,no data,no data,no data,no data,no data,no data,no data,no data,no data,no data,no data,no data,no data,no data,no data,64.2,81.6,66.7,55.1,34.1,24.2,16.9,11.4,6.8,4.2,3.1,3.6,3.1,7,14.8,17.9,20.4,16,19,21.1,24.7,22.5,17.7,15.4,12.3,7.1,5.5,4.1,3.8,3.7,3.7,4,4.3,4.6,4.9,2024
Turks and Caicos Islands,no data,no data,no data,no data,no data,no data,no data,no data,no data,no data,no data,no data,no data,no data,no data,no data,no data,no data,no data,no data,no data,no data,no data,no data,no data,no data,no data,no data,no data,no data,no data,no data,no data,no data,no data,no data,no data,no data,no data,no data,no data,no data,no data,no data,no data,no data,no data,no data,no data,no data,no data,no data,2026
Tuvalu,no data,no data,no data,no data,no data,no data,no data,no data,no data,no data,no data,no data,no data,no data,no data,no data,no data,no data,no data,no data,no data,no data,no data,no data,no data,37.4,37.5,32.4,19.8,20.6,21.1,19.1,19.3,17.8,16.4,14.4,11.5,12,11.8,11.6,12.1,11.3,6.3,6.7,7,3.6,3.2,2.9,2.6,2.4,2.1,1.9,2025
"Türkiye, Republic of",no data,no data,no data,no data,no data,no data,no data,no data,no data,no data,no data,no data,no data,no data,no data,no data,no data,no data,no data,no data,51.2,75.6,71.2,63.6,57,50.2,44.2,37.1,37,42.4,38.6,34.8,30.8,29.5,27.4,26.5,27,26.9,28.8,31.2,38.3,38.9,29.4,28.2,23.6,23.5,25.5,26.9,27.3,27.4,28,27.5,2025
Uganda,no data,no data,no data,no data,no data,no data,no data,no data,no data,no data,no data,no data,no data,no data,no data,no data,no data,44.2,45.1,47.7,48.5,51.4,54.7,55.1,49,42.6,27.8,17,15.7,14.8,18.4,18,19.5,22.1,24.8,28,31.3,33.6,35,38,46.8,50.3,49.9,50.4,51.8,54.2,55,54.4,53.9,53.5,53.4,53.3,2024
Ukraine,no data,no data,no data,no data,no data,no data,no data,no data,no data,no data,no data,no data,no data,no data,no data,no data,no data,29.9,48.1,61,43.7,35.3,32.3,28.3,23.9,17.1,14.3,11.8,19.7,34.1,39.1,35.5,36.1,39,70.3,79.3,79.5,71.6,60.4,50.5,60.5,48.9,77.7,81.2,89.7,108.7,122.6,137.1,135.5,131.9,125.7,119.6,2024
United Arab Emirates,no data,no data,no data,no data,no data,no data,no data,no data,no data,no data,no data,no data,no data,no data,no data,no data,no data,no data,no data,4.7,3.1,2.7,3.4,3.3,4.1,4.5,5.1,8.9,8.9,21.1,18.3,20.4,20.2,15.3,13.5,15.6,18.6,21.2,20.7,25.8,30.1,35.7,31.5,31.9,34.9,34.3,31.4,30.1,28.8,27.2,26.7,26,2024
United Kingdom,42.5,44.7,42.9,41.8,42.1,41.2,41.2,39.2,37,32.4,28.4,28.4,33.1,37.8,40.6,43.5,43.5,43.9,41.8,40.3,37.5,34.8,35.3,36.6,39.7,40.9,41.9,43,50.6,64.5,75.5,81.1,84.1,84.9,86.5,87.3,87.3,86.1,85.6,84.9,104.8,103.4,97.5,98.9,99.9,102.3,103.6,104.1,103.9,103.5,102.9,102.6,2025
United States,no data,no data,no data,no data,no data,no data,no data,no data,no data,no data,no data,no data,no data,no data,no data,no data,no data,no data,no data,no data,no data,53.5,55.9,59,66.4,65.8,64.5,64.9,73.8,87.1,95.7,100,103.7,105,104.9,105.4,107.4,106.4,107.7,108.8,132.6,125,119.1,120,122.3,123.9,125.8,128.6,132.1,135.5,138.9,142.1,2025
United States Virgin Islands ,no data,no data,no data,no data,no data,no data,no data,no data,no data,no data,no data,no data,no data,no data,no data,no data,no data,no data,no data,no data,no data,no data,no data,no data,no data,no data,no data,no data,no data,no data,no data,no data,no data,no data,no data,no data,no data,no data,no data,no data,no data,no data,no data,no data,no data,no data,no data,no data,no data,no data,no data,no data,2026
Uruguay,no data,no data,no data,no data,no data,no data,no data,no data,no data,no data,no data,no data,no data,no data,no data,no data,no data,no data,no data,24.1,30.5,39.4,90.1,91.9,73.7,66.2,61.1,52.8,46.2,46.2,40.9,41.3,49.8,50,51.1,57.8,56.4,55.8,57.9,59.6,68.2,64.1,59.4,63,67.6,65.7,66.8,67.7,68.2,68,67.6,67.3,2025
Uzbekistan,no data,no data,no data,no data,no data,no data,no data,no data,no data,no data,no data,no data,no data,no data,no data,no data,no data,13.8,16.2,16.6,26.5,40.4,37.5,28.3,24.2,18.9,12.2,8.6,7.5,6.6,5.9,5.7,6.1,5.5,5.4,5.9,7.2,17.3,16.7,24.3,31.9,30.2,29.2,30.7,30.9,28.6,27.5,27,27,26.8,26.8,26.8,2025
Vanuatu,no data,no data,no data,no data,no data,no data,no data,no data,no data,no data,no data,14.4,19,18.3,19.5,21.8,20.8,20.7,25.4,27.7,32.6,33.5,35.1,34.6,27.5,23.8,20,17.6,19.2,19.1,18.3,19.3,17.4,16.4,17.8,32.2,37.6,46.4,40,39.8,42.9,42.2,39.2,39.2,39.1,40.9,43.2,45.3,47.3,49.3,51.1,52.9,2024
Venezuela,no data,no data,no data,no data,no data,no data,no data,no data,no data,no data,no data,no data,no data,no data,no data,no data,no data,no data,30.7,29.6,27.7,30.7,48.2,56,41.8,34.9,25.7,26.4,20.3,27.6,37.7,52.5,58.4,85.4,84.9,129.8,138.4,133.6,175.3,206,336.5,254.2,164.4,138.5,169.1,308.7,no data,no data,no data,no data,no data,no data,2017
Vietnam,no data,no data,no data,no data,no data,no data,no data,no data,no data,no data,no data,no data,no data,no data,no data,no data,no data,no data,no data,no data,24.8,25.4,27.7,29.8,29.4,28.7,30.2,32.2,31,36.2,37.3,36.2,38.3,41.4,43.6,46.1,47.9,46.6,43.8,41,41.3,39.2,34.9,34.3,31.2,30.3,29.8,29,28.3,27.7,27.2,26.6,2024
Wallis and Futuna Islands,no data,no data,no data,no data,no data,no data,no data,no data,no data,no data,no data,no data,no data,no data,no data,no data,no data,no data,no data,no data,no data,no data,no data,no data,no data,no data,no data,no data,no data,no data,no data,no data,no data,no data,no data,no data,no data,no data,no data,no data,no data,no data,no data,no data,no data,no data,no data,no data,no data,no data,no data,no data,2026
West Bank and Gaza,no data,no data,no data,no data,no data,no data,no data,no data,no data,no data,no data,no data,no data,no data,no data,no data,no data,no data,no data,no data,20,22.2,20.9,20.7,21.1,24,19.3,23.7,23,24,22.7,26.3,29.8,30.2,34,37.1,31,31.8,33.1,34.5,47.1,50.2,47.1,46.5,56.1,no data,no data,no data,no data,no data,no data,no data,2025
Western Sahara,no data,no data,no data,no data,no data,no data,no data,no data,no data,no data,no data,no data,no data,no data,no data,no data,no data,no data,no data,no data,no data,no data,no data,no data,no data,no data,no data,no data,no data,no data,no data,no data,no data,no data,no data,no data,no data,no data,no data,no data,no data,no data,no data,no data,no data,no data,no data,no data,no data,no data,no data,no data,2026
Yemen,no data,no data,no data,no data,no data,no data,no data,no data,no data,no data,no data,no data,no data,no data,no data,no data,no data,no data,no data,no data,no data,no data,no data,no data,no data,no data,no data,no data,no data,no data,no data,no data,no data,no data,no data,no data,no data,no data,no data,no data,no data,no data,no data,no data,no data,no data,no data,no data,no data,no data,no data,no data,2025
Zambia,no data,no data,no data,no data,no data,no data,no data,no data,no data,no data,no data,no data,no data,no data,no data,no data,no data,no data,no data,no data,261,210.2,180.2,159.5,129.9,75.7,25,21.9,19.2,20.5,18.9,20.8,24.9,25.9,33.9,61.9,61.2,66.6,81.2,103.3,140,111,99.5,129.1,125.2,86,no data,no data,no data,no data,no data,no data,2025
Zimbabwe,no data,no data,no data,no data,no data,no data,no data,no data,no data,no data,no data,no data,no data,no data,no data,no data,no data,no data,no data,no data,no data,no data,no data,no data,no data,22.4,26.7,30.2,41.3,39.7,33.2,30,27.2,26.4,29.2,34.1,35.1,49,33,53.9,56.8,39.9,66.8,76.1,70.4,43.8,42.3,41.4,40.4,39.5,38.5,37.6,2025
Africa,no data,no data,no data,no data,no data,no data,no data,no data,no data,no data,no data,no data,no data,no data,no data,no data,no data,no data,no data,no data,no data,no data,no data,no data,no data,no data,no data,no data,no data,no data,no data,no data,no data,no data,no data,no data,no data,no data,no data,no data,no data,no data,no data,no data,no data,no data,no data,no data,no data,no data,no data,no data,2026
Africa (Region),no data,no data,no data,no data,no data,no data,no data,no data,no data,no data,no data,no data,no data,no data,no data,no data,no data,no data,no data,no data,62.1,60.2,55.6,51.8,46.7,39.9,32.4,28.5,26.6,30.2,29.6,30.8,31.5,33.5,35.7,40.9,47.2,48.1,49.8,51.5,60.7,60.3,60,64.7,65.1,62.9,62.5,62.6,62.3,61.5,60.6,59.6,2026
African Regional Economic Outlook,no data,no data,no data,no data,no data,no data,no data,no data,no data,no data,no data,no data,no data,no data,no data,no data,no data,no data,no data,no data,no data,no data,no data,no data,no data,no data,no data,no data,no data,no data,no data,no data,no data,no data,no data,no data,no data,no data,no data,no data,no data,no data,no data,no data,no data,no data,no data,no data,no data,no data,no data,no data,2026
Asia,no data,no data,no data,no data,no data,no data,no data,no data,no data,no data,no data,no data,no data,no data,no data,no data,no data,no data,no data,no data,no data,no data,no data,no data,no data,no data,no data,no data,no data,no data,no data,no data,no data,no data,no data,no data,no data,no data,no data,no data,no data,no data,no data,no data,no data,no data,no data,no data,no data,no data,no data,no data,2026
Asia and Pacific,no data,no data,no data,no data,no data,no data,no data,no data,no data,no data,no data,no data,no data,no data,no data,no data,no data,no data,no data,no data,81.9,84.8,85.2,85.7,85.7,82.5,75.7,70,69.4,78.9,77.2,77.8,77.8,72.4,71.3,69.6,76.5,76.3,76.4,79.7,91,88.1,87.6,89.4,90.1,93.5,96.3,98.5,100.1,101.2,102.2,102.9,2026
Australia and New Zealand,no data,no data,no data,no data,no data,no data,no data,no data,no data,21.7,21.2,25.9,31.2,33.7,33.9,32.8,30.4,27.1,25.1,23.7,20.7,18.4,16.4,14.7,13.3,12.2,11,10.5,12.5,17.4,21.3,25,28.2,30.8,33.9,37.2,39.6,39.8,39.9,44.6,55.1,54.3,49.7,49.1,50.7,51.5,51.3,51.5,51.4,51,50.4,49.8,2026
Caribbean,no data,no data,no data,no data,no data,no data,no data,no data,no data,no data,no data,no data,no data,no data,no data,no data,no data,no data,no data,49.3,53.2,57.5,62.7,63,59.2,57.4,54.4,49.9,50.4,55.7,57.1,59.7,58.8,58.5,58.8,60.7,64.7,64.2,62.4,64.4,78.9,72.7,63.9,63.1,56.3,55.8,52,49.1,47.4,46.1,45.8,45.3,2026
Caribbean and Pacific Islands,no data,no data,no data,no data,no data,no data,no data,no data,no data,no data,no data,no data,no data,no data,no data,no data,no data,no data,no data,no data,no data,no data,no data,no data,no data,no data,no data,no data,no data,no data,no data,no data,no data,no data,no data,no data,no data,no data,no data,no data,no data,no data,no data,no data,no data,no data,no data,no data,no data,no data,no data,no data,2026
Central America,no data,no data,no data,no data,no data,no data,no data,no data,no data,no data,no data,no data,no data,no data,no data,no data,no data,no data,no data,no data,35.5,37.5,39,46.5,42.4,40.7,37.6,32.6,30.7,33.9,34.3,34.5,36,37.8,38,38.9,40.3,41.9,44,46.9,59.5,56.1,52.9,51.9,51.4,51.4,51.6,50.7,50.3,49.5,48.3,47.1,2026
Central Asia and the Caucasus,no data,no data,no data,no data,no data,no data,no data,no data,no data,no data,no data,no data,no data,no data,no data,no data,no data,no data,no data,no data,no data,no data,66.6,58.6,51.8,44.7,36.2,29.8,29.5,33.5,30.6,27.1,24.6,23.9,22.7,24,24.7,25.7,26.7,28.2,34.9,34.9,27.4,27,24,23.6,25.3,26.3,26.9,27.1,27.7,27.6,2026
East Asia,no data,no data,no data,no data,no data,no data,no data,no data,no data,no data,no data,no data,no data,no data,no data,68.3,69.2,70.1,77.6,86.5,89.5,92.3,94.1,97.2,98.9,96.8,89.9,83.8,83.1,94.3,93.5,94.6,93.9,86.1,83.8,79.4,88.7,88.3,87.4,90.6,101.8,97.8,98.9,102,104,109.4,114,117.5,120.3,122.5,124.7,126.7,2026
Eastern Europe ,no data,no data,no data,no data,no data,no data,no data,no data,no data,no data,no data,no data,no data,no data,no data,no data,no data,no data,no data,56.6,45.7,40.3,38.2,35.2,30.4,26.4,22.4,20.3,20.8,26.6,27.6,27.5,27.4,29.1,32.4,35.1,35.6,32.8,31.4,30.1,39.3,36.5,33.6,36,37.7,39.9,43.6,47.3,49.5,51.4,53.2,54.9,2026
Europe,no data,no data,no data,no data,no data,no data,no data,no data,no data,no data,no data,no data,no data,no data,no data,no data,no data,65.3,66.5,64,60.3,58.6,58.7,59.9,59.7,59.1,56.8,54.4,57.4,67.7,71.6,72.5,74.9,76.7,78.6,78.9,78.5,75.7,74.1,72.2,84.8,81.5,75.9,76,76.6,77,78.2,79.5,79.9,80.3,80.7,81.1,2026
Middle East (Region),no data,no data,no data,no data,no data,no data,no data,no data,no data,no data,no data,no data,no data,no data,no data,no data,no data,no data,no data,no data,43.7,48,58.4,52.7,56.2,41.3,32.1,27.7,23.3,29,24.6,21.7,21.5,20.7,19.8,28.8,36.3,37.9,36,38.9,48.4,44.3,36,36.2,39.1,43.6,44.7,45,46.1,46.9,47.7,48.6,2026
Middle East and Central Asia,no data,no data,no data,no data,no data,no data,no data,no data,no data,no data,no data,no data,no data,no data,no data,no data,no data,no data,no data,no data,no data,no data,no data,no data,no data,no data,no data,no data,no data,no data,no data,no data,no data,no data,no data,no data,no data,no data,no data,no data,no data,no data,no data,no data,no data,no data,no data,no data,no data,no data,no data,no data,2026
North Africa,no data,no data,no data,no data,no data,no data,no data,no data,no data,no data,no data,no data,no data,no data,no data,no data,no data,no data,71.6,68.7,64.8,65.3,65.9,64.8,59.6,57.4,51.6,44.5,38,42.9,43.4,43.8,45,49.5,50.9,57.1,65.1,64.7,64.8,64.4,74,77.6,75.3,76.2,73,71.9,73.9,75.4,76.1,75.4,74.5,73.4,2026
North America,no data,no data,no data,no data,no data,no data,no data,no data,no data,no data,no data,no data,no data,no data,no data,no data,no data,no data,no data,no data,no data,54.1,56.3,59.1,65.2,64.4,63,63.1,71.2,83.9,90.9,94.4,97.8,99.1,99.3,101.1,103.4,102.2,103.3,104.2,127.8,120.5,114.4,114.8,117.6,119.6,120.8,123.1,126.1,128.9,131.7,134.4,2026
Pacific Islands ,no data,no data,no data,no data,no data,no data,no data,no data,no data,no data,no data,no data,no data,no data,41,38.7,39.8,43.9,42.8,39.4,40.5,45.7,47.3,42.4,39.9,35.3,32.6,28.6,27.6,27.4,24.6,23.1,24.5,28.5,29.7,32.2,35,34.1,37.2,38.7,48.6,54.2,51.2,54.9,53.9,52.9,51.2,49.6,47.5,45.3,43.2,41,2026
South America,no data,no data,no data,no data,no data,no data,no data,no data,no data,no data,no data,no data,no data,no data,no data,no data,no data,no data,no data,no data,48.3,52.5,72.2,69.1,63.4,56.7,52.6,50.4,48,51.2,50.1,49.7,50,50.7,52.6,60,63.7,67.3,73.2,75,84.8,77.4,75,85.1,77.4,81.6,79.7,81.2,81.5,82.1,82.2,82.2,2026
South Asia,no data,no data,no data,no data,no data,no data,no data,no data,no data,no data,no data,no data,no data,no data,no data,67.2,64.5,65.9,66.5,69.7,72.5,77.5,80.6,77.2,75.9,73.8,70.3,68.8,67.8,67.6,63.9,64.5,64.1,63.8,63.3,64.8,65,65.9,67.2,72.2,83.3,79.6,79,80.1,79.6,79.3,78.3,77.6,77,76.1,75.1,73.7,2026
Southeast Asia,no data,no data,no data,no data,no data,no data,no data,no data,no data,no data,no data,no data,no data,no data,no data,no data,no data,no data,no data,no data,64.5,64,60.7,58,55.7,51.3,45.8,45.4,42.6,45.3,44,42.6,44,44.3,44.3,45.8,46,46.5,47.3,48.5,58.4,62.1,62.9,65.2,65.5,67.3,67.9,67.8,67.2,66.6,66,65.3,2026
Sub-Saharan Africa (Region) ,no data,no data,no data,no data,no data,no data,no data,no data,no data,no data,no data,no data,no data,no data,no data,no data,no data,no data,no data,no data,60.7,57.5,50.9,46.6,42.1,34.2,26.2,23.3,22.7,25.7,24.9,26.5,26.7,28.1,30.5,35.1,40.3,42.7,45.1,47.2,55.8,53.8,54.1,60.3,61.6,59.2,57.9,57.5,56.8,56.1,55.2,54.2,2026
Western Europe,no data,no data,no data,no data,no data,no data,no data,no data,no data,no data,no data,52.8,56.9,62.2,64.6,66.3,68.1,67.1,65.8,64.5,61.5,60.3,60.7,62.3,63,63.4,61.8,60.1,64.5,74.7,80,81.9,85.6,87.4,88.1,86.7,85.9,83.9,82.4,80.7,93.8,90.8,85.7,84.9,85.6,86.1,86.6,87,87,87.1,87.2,87.3,2026
Western Hemisphere,no data,no data,no data,no data,no data,no data,no data,no data,no data,no data,no data,no data,no data,no data,no data,no data,no data,no data,no data,no data,no data,no data,no data,no data,no data,no data,no data,no data,no data,no data,no data,no data,no data,no data,no data,no data,no data,no data,no data,no data,no data,no data,no data,no data,no data,no data,no data,no data,no data,no data,no data,no data,2026
Western Hemisphere (Region),no data,no data,no data,no data,no data,no data,no data,no data,no data,no data,no data,no data,no data,no data,no data,no data,no data,no data,no data,no data,no data,53.9,57.3,59.8,64.9,63.4,61.6,61.2,67.3,78.5,83.2,85.3,88.2,89.7,90.5,94.4,97.1,96.2,98.4,99.8,122.3,114.9,109,110.4,112,114.1,114.7,116.8,119.4,121.7,124,126.2,2026
ASEAN-5,no data,no data,no data,no data,no data,no data,no data,no data,no data,no data,no data,no data,no data,no data,no data,no data,no data,no data,no data,no data,66.8,65.2,62.3,59.6,57.6,53,47,46.6,43.9,46.4,44.8,43.5,45,45.1,45.1,46.5,46.6,47.1,48.4,50.1,61.5,65.6,67.3,70.2,71.2,73.5,74.4,74.3,73.9,73.3,72.6,71.8,2026
"Adv econ excl US, Euro, Japan",no data,no data,no data,no data,no data,no data,no data,no data,no data,no data,no data,no data,no data,no data,no data,no data,no data,no data,no data,no data,no data,no data,no data,no data,no data,no data,no data,no data,no data,no data,no data,no data,no data,no data,no data,no data,no data,no data,no data,no data,no data,no data,no data,no data,no data,no data,no data,no data,no data,no data,no data,no data,2026
Advanced Economies,no data,no data,no data,no data,no data,no data,no data,no data,no data,no data,no data,no data,no data,no data,no data,no data,no data,no data,no data,no data,no data,no data,no data,no data,no data,no data,no data,no data,no data,no data,no data,no data,no data,no data,no data,no data,no data,no data,no data,no data,no data,no data,no data,no data,no data,no data,no data,no data,no data,no data,no data,no data,2026
Advanced G-20,no data,no data,no data,no data,no data,no data,no data,no data,no data,no data,no data,no data,no data,no data,no data,no data,no data,no data,no data,no data,no data,no data,no data,no data,no data,no data,no data,no data,no data,no data,no data,no data,no data,no data,no data,no data,no data,no data,no data,no data,no data,no data,no data,no data,no data,no data,no data,no data,no data,no data,no data,no data,2026
Advanced economies,no data,no data,no data,no data,no data,no data,no data,no data,no data,no data,no data,no data,no data,no data,no data,no data,no data,no data,no data,no data,no data,67.4,68.5,70.6,73.9,73.5,70.9,68.8,74.8,87.8,93.8,97.6,101.8,101,100.7,100.6,102.5,100.4,100,100.9,119.3,112.9,107.9,107,107.6,108,108.2,109.4,110.9,112.2,113.5,114.8,2026
Africa (Analytical),no data,no data,no data,no data,no data,no data,no data,no data,no data,no data,no data,no data,no data,no data,no data,no data,no data,no data,no data,no data,no data,no data,no data,no data,no data,no data,no data,no data,no data,no data,no data,no data,no data,no data,no data,no data,no data,no data,no data,no data,no data,no data,no data,no data,no data,no data,no data,no data,no data,no data,no data,no data,2026
African Group,no data,no data,no data,no data,no data,no data,no data,no data,no data,no data,no data,no data,no data,no data,no data,no data,no data,no data,no data,no data,no data,no data,no data,no data,no data,no data,no data,no data,no data,no data,no data,no data,no data,no data,no data,no data,no data,no data,no data,no data,no data,no data,no data,no data,no data,no data,no data,no data,no data,no data,no data,no data,2026
All countries - Fiscal Rules & Fiscal Councils,no data,no data,no data,no data,no data,no data,no data,no data,no data,no data,no data,no data,no data,no data,no data,no data,no data,no data,no data,no data,no data,no data,no data,no data,no data,no data,no data,no data,no data,no data,no data,no data,no data,no data,no data,no data,no data,no data,no data,no data,no data,no data,no data,no data,no data,no data,no data,no data,no data,no data,no data,no data,2026
All countries - Global Debt,no data,no data,no data,no data,no data,no data,no data,no data,no data,no data,no data,no data,no data,no data,no data,no data,no data,no data,no data,no data,no data,no data,no data,no data,no data,no data,no data,no data,no data,no data,no data,no data,no data,no data,no data,no data,no data,no data,no data,no data,no data,no data,no data,no data,no data,no data,no data,no data,no data,no data,no data,no data,2026
Asia & Pacific Group,no data,no data,no data,no data,no data,no data,no data,no data,no data,no data,no data,no data,no data,no data,no data,no data,no data,no data,no data,no data,no data,no data,no data,no data,no data,no data,no data,no data,no data,no data,no data,no data,no data,no data,no data,no data,no data,no data,no data,no data,no data,no data,no data,no data,no data,no data,no data,no data,no data,no data,no data,no data,2026
CEMAC,no data,no data,no data,no data,no data,no data,no data,no data,no data,no data,no data,no data,no data,no data,no data,no data,no data,no data,no data,no data,no data,no data,no data,no data,no data,no data,no data,no data,no data,no data,no data,no data,no data,no data,no data,no data,no data,no data,no data,no data,no data,no data,no data,no data,no data,no data,no data,no data,no data,no data,no data,no data,2026
CFA Franc Zone ,no data,no data,no data,no data,no data,no data,no data,no data,no data,no data,no data,no data,no data,no data,no data,no data,no data,no data,no data,no data,no data,no data,no data,no data,no data,no data,no data,no data,no data,no data,no data,no data,no data,no data,no data,no data,no data,no data,no data,no data,no data,no data,no data,no data,no data,no data,no data,no data,no data,no data,no data,no data,2026
COMESA (SSA members),no data,no data,no data,no data,no data,no data,no data,no data,no data,no data,no data,no data,no data,no data,no data,no data,no data,no data,no data,no data,no data,no data,no data,no data,no data,no data,no data,no data,no data,no data,no data,no data,no data,no data,no data,no data,no data,no data,no data,no data,no data,no data,no data,no data,no data,no data,no data,no data,no data,no data,no data,no data,2026
Catergory I,no data,no data,no data,no data,no data,no data,no data,no data,no data,no data,no data,no data,no data,no data,no data,no data,no data,no data,no data,no data,no data,no data,no data,no data,no data,no data,no data,no data,no data,no data,no data,no data,no data,no data,no data,no data,no data,no data,no data,no data,no data,no data,no data,no data,no data,no data,no data,no data,no data,no data,no data,no data,2026
Catergory II,no data,no data,no data,no data,no data,no data,no data,no data,no data,no data,no data,no data,no data,no data,no data,no data,no data,no data,no data,no data,no data,no data,no data,no data,no data,no data,no data,no data,no data,no data,no data,no data,no data,no data,no data,no data,no data,no data,no data,no data,no data,no data,no data,no data,no data,no data,no data,no data,no data,no data,no data,no data,2026
Catergory III,no data,no data,no data,no data,no data,no data,no data,no data,no data,no data,no data,no data,no data,no data,no data,no data,no data,no data,no data,no data,no data,no data,no data,no data,no data,no data,no data,no data,no data,no data,no data,no data,no data,no data,no data,no data,no data,no data,no data,no data,no data,no data,no data,no data,no data,no data,no data,no data,no data,no data,no data,no data,2026
Catergory IV,no data,no data,no data,no data,no data,no data,no data,no data,no data,no data,no data,no data,no data,no data,no data,no data,no data,no data,no data,no data,no data,no data,no data,no data,no data,no data,no data,no data,no data,no data,no data,no data,no data,no data,no data,no data,no data,no data,no data,no data,no data,no data,no data,no data,no data,no data,no data,no data,no data,no data,no data,no data,2026
Catergory V,no data,no data,no data,no data,no data,no data,no data,no data,no data,no data,no data,no data,no data,no data,no data,no data,no data,no data,no data,no data,no data,no data,no data,no data,no data,no data,no data,no data,no data,no data,no data,no data,no data,no data,no data,no data,no data,no data,no data,no data,no data,no data,no data,no data,no data,no data,no data,no data,no data,no data,no data,no data,2026
Catergory VI,no data,no data,no data,no data,no data,no data,no data,no data,no data,no data,no data,no data,no data,no data,no data,no data,no data,no data,no data,no data,no data,no data,no data,no data,no data,no data,no data,no data,no data,no data,no data,no data,no data,no data,no data,no data,no data,no data,no data,no data,no data,no data,no data,no data,no data,no data,no data,no data,no data,no data,no data,no data,2026
Central and Eastern Europe,no data,no data,no data,no data,no data,no data,no data,no data,no data,no data,no data,no data,no data,no data,no data,no data,no data,no data,no data,no data,no data,no data,no data,no data,no data,no data,no data,no data,no data,no data,no data,no data,no data,no data,no data,no data,no data,no data,no data,no data,no data,no data,no data,no data,no data,no data,no data,no data,no data,no data,no data,no data,2026
Coastal  ,no data,no data,no data,no data,no data,no data,no data,no data,no data,no data,no data,no data,no data,no data,no data,no data,no data,no data,no data,no data,no data,no data,no data,no data,no data,no data,no data,no data,no data,no data,no data,no data,no data,no data,no data,no data,no data,no data,no data,no data,no data,no data,no data,no data,no data,no data,no data,no data,no data,no data,no data,no data,2026
Commonwealth of Independent States,no data,no data,no data,no data,no data,no data,no data,no data,no data,no data,no data,no data,no data,no data,no data,no data,no data,no data,no data,no data,no data,no data,no data,no data,no data,no data,no data,no data,no data,no data,no data,no data,no data,no data,no data,no data,no data,no data,no data,no data,no data,no data,no data,no data,no data,no data,no data,no data,no data,no data,no data,no data,2026
Commonwealth of Independent States and Mongolia,no data,no data,no data,no data,no data,no data,no data,no data,no data,no data,no data,no data,no data,no data,no data,no data,no data,no data,no data,no data,no data,no data,no data,no data,no data,no data,no data,no data,no data,no data,no data,no data,no data,no data,no data,no data,no data,no data,no data,no data,no data,no data,no data,no data,no data,no data,no data,no data,no data,no data,no data,no data,2026
Countries eligible for PRGF,no data,no data,no data,no data,no data,no data,no data,no data,no data,no data,no data,no data,no data,no data,no data,no data,no data,no data,no data,no data,no data,no data,no data,no data,no data,no data,no data,no data,no data,no data,no data,no data,no data,no data,no data,no data,no data,no data,no data,no data,no data,no data,no data,no data,no data,no data,no data,no data,no data,no data,no data,no data,2026
Countries in fragile and conflict-affected situations,no data,no data,no data,no data,no data,no data,no data,no data,no data,no data,no data,no data,no data,no data,no data,no data,no data,no data,no data,no data,no data,no data,no data,no data,no data,no data,no data,no data,no data,no data,no data,no data,no data,no data,no data,no data,no data,no data,no data,no data,no data,no data,no data,no data,no data,no data,no data,no data,no data,no data,no data,no data,2026
Countries with conventional exchange rate pegs,no data,no data,no data,no data,no data,no data,no data,no data,no data,no data,no data,no data,no data,no data,no data,no data,no data,no data,no data,no data,no data,no data,no data,no data,no data,no data,no data,no data,no data,no data,no data,no data,no data,no data,no data,no data,no data,no data,no data,no data,no data,no data,no data,no data,no data,no data,no data,no data,no data,no data,no data,no data,2026
Countries without conventional exchange rate pegs,no data,no data,no data,no data,no data,no data,no data,no data,no data,no data,no data,no data,no data,no data,no data,no data,no data,no data,no data,no data,no data,no data,no data,no data,no data,no data,no data,no data,no data,no data,no data,no data,no data,no data,no data,no data,no data,no data,no data,no data,no data,no data,no data,no data,no data,no data,no data,no data,no data,no data,no data,no data,2026
EM and dev econ incl sel adv econ,no data,no data,no data,no data,no data,no data,no data,no data,no data,no data,no data,no data,no data,no data,no data,no data,no data,no data,no data,no data,no data,no data,no data,no data,no data,no data,no data,no data,no data,no data,no data,no data,no data,no data,no data,no data,no data,no data,no data,no data,no data,no data,no data,no data,no data,no data,no data,no data,no data,no data,no data,no data,2026
East African Community ,no data,no data,no data,no data,no data,no data,no data,no data,no data,no data,no data,no data,no data,no data,no data,no data,no data,no data,no data,no data,no data,no data,no data,no data,no data,no data,no data,no data,no data,no data,no data,no data,no data,no data,no data,no data,no data,no data,no data,no data,no data,no data,no data,no data,no data,no data,no data,no data,no data,no data,no data,no data,2026
Eastern Caribbean Currency Union,no data,no data,no data,no data,no data,no data,no data,no data,no data,no data,no data,no data,no data,no data,no data,no data,no data,no data,no data,no data,no data,no data,no data,no data,no data,no data,no data,no data,no data,no data,no data,no data,no data,no data,no data,no data,no data,no data,no data,no data,no data,no data,no data,no data,no data,no data,no data,no data,no data,no data,no data,no data,2026
Economic Community of West African States,no data,no data,no data,no data,no data,no data,no data,no data,no data,no data,no data,no data,no data,no data,no data,no data,no data,no data,no data,no data,no data,no data,no data,no data,no data,no data,no data,no data,no data,no data,no data,no data,no data,no data,no data,no data,no data,no data,no data,no data,no data,no data,no data,no data,no data,no data,no data,no data,no data,no data,no data,no data,2026
Emerging Asia,no data,no data,no data,no data,no data,no data,no data,no data,no data,no data,no data,no data,no data,no data,no data,no data,no data,no data,no data,no data,no data,no data,no data,no data,no data,no data,no data,no data,no data,no data,no data,no data,no data,no data,no data,no data,no data,no data,no data,no data,no data,no data,no data,no data,no data,no data,no data,no data,no data,no data,no data,no data,2026
Emerging Asia excl Japan incl NIEs,no data,no data,no data,no data,no data,no data,no data,no data,no data,no data,no data,no data,no data,no data,no data,no data,no data,no data,no data,no data,no data,no data,no data,no data,no data,no data,no data,no data,no data,no data,no data,no data,no data,no data,no data,no data,no data,no data,no data,no data,no data,no data,no data,no data,no data,no data,no data,no data,no data,no data,no data,no data,2026
Emerging G-20,no data,no data,no data,no data,no data,no data,no data,no data,no data,no data,no data,no data,no data,no data,no data,no data,no data,no data,no data,no data,no data,no data,no data,no data,no data,no data,no data,no data,no data,no data,no data,no data,no data,no data,no data,no data,no data,no data,no data,no data,no data,no data,no data,no data,no data,no data,no data,no data,no data,no data,no data,no data,2026
Emerging Market,no data,no data,no data,no data,no data,no data,no data,no data,no data,no data,no data,no data,no data,no data,no data,no data,no data,no data,no data,no data,no data,no data,no data,no data,no data,no data,no data,no data,no data,no data,no data,no data,no data,no data,no data,no data,no data,no data,no data,no data,no data,no data,no data,no data,no data,no data,no data,no data,no data,no data,no data,no data,2026
Emerging Market and Developing Economies,no data,no data,no data,no data,no data,no data,no data,no data,no data,no data,no data,no data,no data,no data,no data,no data,no data,no data,no data,no data,no data,no data,no data,no data,no data,no data,no data,no data,no data,no data,no data,no data,no data,no data,no data,no data,no data,no data,no data,no data,no data,no data,no data,no data,no data,no data,no data,no data,no data,no data,no data,no data,2026
Emerging Market and Middle-Income Economies,no data,no data,no data,no data,no data,no data,no data,no data,no data,no data,no data,no data,no data,no data,no data,no data,no data,no data,no data,no data,no data,no data,no data,no data,no data,no data,no data,no data,no data,no data,no data,no data,no data,no data,no data,no data,no data,no data,no data,no data,no data,no data,no data,no data,no data,no data,no data,no data,no data,no data,no data,no data,2026
Emerging Markets,no data,no data,no data,no data,no data,no data,no data,no data,no data,no data,no data,no data,no data,no data,no data,no data,no data,no data,no data,no data,no data,no data,no data,no data,no data,no data,no data,no data,no data,no data,no data,no data,no data,no data,no data,no data,no data,no data,no data,no data,no data,no data,no data,no data,no data,no data,no data,no data,no data,no data,no data,no data,2026
Emerging and Developing Asia,no data,no data,no data,no data,no data,no data,no data,no data,no data,no data,no data,no data,no data,no data,no data,no data,no data,no data,no data,no data,43.4,43.8,44.4,44.6,43.5,41.7,38.9,40.3,36.4,41.2,39.9,39,39,40.7,42.7,44.1,50.7,53.8,55.3,58.6,69,70.6,73.9,78.9,83.3,89.5,94.8,98.4,101.1,103.2,105,106.4,2026
Emerging and Developing Countries ,no data,no data,no data,no data,no data,no data,no data,no data,no data,no data,no data,no data,no data,no data,no data,no data,no data,no data,no data,no data,no data,no data,no data,no data,no data,no data,no data,no data,no data,no data,no data,no data,no data,no data,no data,no data,no data,no data,no data,no data,no data,no data,no data,no data,no data,no data,no data,no data,no data,no data,no data,no data,2026
Emerging and Developing Europe,no data,no data,no data,no data,no data,no data,no data,no data,no data,no data,no data,no data,no data,no data,no data,no data,no data,no data,no data,no data,50.5,50.1,47.6,43.4,37.1,32,26.8,23.2,23.4,28.9,28.5,27.2,25.9,26.8,29,30.8,31.6,29.7,29.4,28.9,37.6,35,30.8,32.7,32.9,34.7,38.4,41.9,43.7,45.1,46.6,47.7,2026
Emerging and Middle-Income Asia,no data,no data,no data,no data,no data,no data,no data,no data,no data,no data,no data,no data,no data,no data,no data,no data,no data,no data,no data,no data,no data,no data,no data,no data,no data,no data,no data,no data,no data,no data,no data,no data,no data,no data,no data,no data,no data,no data,no data,no data,no data,no data,no data,no data,no data,no data,no data,no data,no data,no data,no data,no data,2026
Emerging and Middle-Income Europe,no data,no data,no data,no data,no data,no data,no data,no data,no data,no data,no data,no data,no data,no data,no data,no data,no data,no data,no data,no data,no data,no data,no data,no data,no data,no data,no data,no data,no data,no data,no data,no data,no data,no data,no data,no data,no data,no data,no data,no data,no data,no data,no data,no data,no data,no data,no data,no data,no data,no data,no data,no data,2026
Emerging and Middle-Income Latin America,no data,no data,no data,no data,no data,no data,no data,no data,no data,no data,no data,no data,no data,no data,no data,no data,no data,no data,no data,no data,no data,no data,no data,no data,no data,no data,no data,no data,no data,no data,no data,no data,no data,no data,no data,no data,no data,no data,no data,no data,no data,no data,no data,no data,no data,no data,no data,no data,no data,no data,no data,no data,2026
Emerging and Middle-Income Middle East and North Africa and Pakistan,no data,no data,no data,no data,no data,no data,no data,no data,no data,no data,no data,no data,no data,no data,no data,no data,no data,no data,no data,no data,no data,no data,no data,no data,no data,no data,no data,no data,no data,no data,no data,no data,no data,no data,no data,no data,no data,no data,no data,no data,no data,no data,no data,no data,no data,no data,no data,no data,no data,no data,no data,no data,2026
Emerging market and developing economies,no data,no data,no data,no data,no data,no data,no data,no data,no data,no data,no data,no data,no data,no data,no data,no data,no data,no data,no data,no data,46,47.1,50.4,48.5,45.8,40.9,36.5,35.1,33,37.9,36.8,36.1,36.1,37.3,39.2,42.9,48.4,50.5,51.9,54.4,64.2,63.8,63.7,67.9,69.9,73.9,77.2,80.2,82.2,83.7,85.1,86.2,2026
Emerging market economies,no data,no data,no data,no data,no data,no data,no data,no data,no data,no data,no data,no data,no data,no data,no data,no data,no data,no data,no data,no data,no data,no data,no data,no data,no data,no data,no data,no data,no data,no data,no data,no data,no data,no data,no data,no data,no data,no data,no data,no data,no data,no data,no data,no data,no data,no data,no data,no data,no data,no data,no data,no data,2026
Euro Area,no data,no data,no data,no data,no data,no data,no data,no data,no data,no data,no data,no data,no data,no data,no data,no data,no data,no data,no data,no data,no data,no data,no data,no data,no data,no data,no data,no data,no data,no data,no data,no data,no data,no data,no data,no data,no data,no data,no data,no data,no data,no data,no data,no data,no data,no data,no data,no data,no data,no data,no data,no data,2026
Euro area,no data,no data,no data,no data,no data,no data,no data,no data,no data,no data,no data,no data,no data,no data,no data,71.6,73.7,73.2,72.8,71.7,69.2,68.2,68.1,69.4,69.6,70.2,68.2,65.8,69.4,79.8,85.2,87,90.5,92.4,92.7,90.7,89.7,87.2,85.2,83.3,96.1,93.4,88.9,86.5,86.6,87.1,87.8,88.4,88.6,89,89.4,89.7,2026
Europe,no data,no data,no data,no data,no data,no data,no data,no data,no data,no data,no data,no data,no data,no data,no data,no data,no data,no data,no data,no data,no data,no data,no data,no data,no data,no data,no data,no data,no data,no data,no data,no data,no data,no data,no data,no data,no data,no data,no data,no data,no data,no data,no data,no data,no data,no data,no data,no data,no data,no data,no data,no data,2026
European Group,no data,no data,no data,no data,no data,no data,no data,no data,no data,no data,no data,no data,no data,no data,no data,no data,no data,no data,no data,no data,no data,no data,no data,no data,no data,no data,no data,no data,no data,no data,no data,no data,no data,no data,no data,no data,no data,no data,no data,no data,no data,no data,no data,no data,no data,no data,no data,no data,no data,no data,no data,no data,2026
European Union,no data,no data,no data,no data,no data,no data,no data,no data,no data,no data,no data,no data,no data,no data,no data,70.6,72.6,72,70.5,69.6,66.6,65.6,65.6,66.9,67,67.2,64.9,62.3,65.5,75.6,80.5,82.5,86.6,88.8,89.1,87,86,83.3,81.3,79.1,91.3,88.4,83.9,81.8,82,82.5,83.5,84.3,84.6,85.1,85.5,85.9,2026
Export earnings: fuel,no data,no data,no data,no data,no data,no data,no data,no data,no data,no data,no data,no data,no data,no data,no data,no data,no data,no data,no data,no data,no data,no data,no data,no data,no data,no data,no data,no data,no data,no data,no data,no data,no data,no data,no data,no data,no data,no data,no data,no data,no data,no data,no data,no data,no data,no data,no data,no data,no data,no data,no data,no data,2026
Export earnings: nonfuel,no data,no data,no data,no data,no data,no data,no data,no data,no data,no data,no data,no data,no data,no data,no data,no data,no data,no data,no data,no data,no data,no data,no data,no data,no data,no data,no data,no data,no data,no data,no data,no data,no data,no data,no data,no data,no data,no data,no data,no data,no data,no data,no data,no data,no data,no data,no data,no data,no data,no data,no data,no data,2026
Frontier LIDCs (median),no data,no data,no data,no data,no data,no data,no data,no data,no data,no data,no data,no data,no data,no data,no data,no data,no data,no data,no data,no data,no data,no data,no data,no data,no data,no data,no data,no data,no data,no data,no data,no data,no data,no data,no data,no data,no data,no data,no data,no data,no data,no data,no data,no data,no data,no data,no data,no data,no data,no data,no data,no data,2026
G-20,no data,no data,no data,no data,no data,no data,no data,no data,no data,no data,no data,no data,no data,no data,no data,no data,no data,no data,no data,no data,no data,no data,no data,no data,no data,no data,no data,no data,no data,no data,no data,no data,no data,no data,no data,no data,no data,no data,no data,no data,no data,no data,no data,no data,no data,no data,no data,no data,no data,no data,no data,no data,2026
G-20 Advanced,no data,no data,no data,no data,no data,no data,no data,no data,no data,no data,no data,no data,no data,no data,no data,no data,no data,no data,no data,no data,no data,no data,no data,no data,no data,no data,no data,no data,no data,no data,no data,no data,no data,no data,no data,no data,no data,no data,no data,no data,no data,no data,no data,no data,no data,no data,no data,no data,no data,no data,no data,no data,2026
G-20 Emerging,no data,no data,no data,no data,no data,no data,no data,no data,no data,no data,no data,no data,no data,no data,no data,no data,no data,no data,no data,no data,no data,no data,no data,no data,no data,no data,no data,no data,no data,no data,no data,no data,no data,no data,no data,no data,no data,no data,no data,no data,no data,no data,no data,no data,no data,no data,no data,no data,no data,no data,no data,no data,2026
G-7,no data,no data,no data,no data,no data,no data,no data,no data,no data,no data,no data,no data,no data,no data,no data,no data,no data,no data,no data,no data,no data,no data,no data,no data,no data,no data,no data,no data,no data,no data,no data,no data,no data,no data,no data,no data,no data,no data,no data,no data,no data,no data,no data,no data,no data,no data,no data,no data,no data,no data,no data,no data,2026
High Income Countries (median),no data,no data,no data,no data,no data,no data,no data,no data,no data,no data,no data,no data,no data,no data,no data,no data,no data,no data,no data,no data,no data,no data,no data,no data,no data,no data,no data,no data,no data,no data,no data,no data,no data,no data,no data,no data,no data,no data,no data,no data,no data,no data,no data,no data,no data,no data,no data,no data,no data,no data,no data,no data,2026
Identified as gender budgeting country in IMF regional survey,no data,no data,no data,no data,no data,no data,no data,no data,no data,no data,no data,no data,no data,no data,no data,no data,no data,no data,no data,no data,no data,no data,no data,no data,no data,no data,no data,no data,no data,no data,no data,no data,no data,no data,no data,no data,no data,no data,no data,no data,no data,no data,no data,no data,no data,no data,no data,no data,no data,no data,no data,no data,2026
International Organizations,no data,no data,no data,no data,no data,no data,no data,no data,no data,no data,no data,no data,no data,no data,no data,no data,no data,no data,no data,no data,no data,no data,no data,no data,no data,no data,no data,no data,no data,no data,no data,no data,no data,no data,no data,no data,no data,no data,no data,no data,no data,no data,no data,no data,no data,no data,no data,no data,no data,no data,no data,no data,2026
LICs excluding low income countries in fragile and conflict-affected situations,no data,no data,no data,no data,no data,no data,no data,no data,no data,no data,no data,no data,no data,no data,no data,no data,no data,no data,no data,no data,no data,no data,no data,no data,no data,no data,no data,no data,no data,no data,no data,no data,no data,no data,no data,no data,no data,no data,no data,no data,no data,no data,no data,no data,no data,no data,no data,no data,no data,no data,no data,no data,2026
Landlocked,no data,no data,no data,no data,no data,no data,no data,no data,no data,no data,no data,no data,no data,no data,no data,no data,no data,no data,no data,no data,no data,no data,no data,no data,no data,no data,no data,no data,no data,no data,no data,no data,no data,no data,no data,no data,no data,no data,no data,no data,no data,no data,no data,no data,no data,no data,no data,no data,no data,no data,no data,no data,2026
Latin America and the Caribbean,no data,no data,no data,no data,no data,no data,no data,no data,no data,no data,no data,no data,no data,no data,no data,no data,no data,no data,no data,no data,44.6,46.5,56.8,57.4,53.5,49.4,46.7,45.4,45.4,48.4,47.4,47.5,47.6,48.8,50.8,56.6,60.2,62.5,66.2,67.1,76.1,70.4,67.9,73.5,70,73.6,72.6,73.5,73.5,73.8,73.8,73.8,2026
Low Income,no data,no data,no data,no data,no data,no data,no data,no data,no data,no data,no data,no data,no data,no data,no data,no data,no data,no data,no data,no data,no data,no data,no data,no data,no data,no data,no data,no data,no data,no data,no data,no data,no data,no data,no data,no data,no data,no data,no data,no data,no data,no data,no data,no data,no data,no data,no data,no data,no data,no data,no data,no data,2026
Low Income Developing Countries,no data,no data,no data,no data,no data,no data,no data,no data,no data,no data,no data,no data,no data,no data,no data,no data,no data,no data,no data,no data,no data,no data,no data,no data,no data,no data,no data,no data,no data,no data,no data,no data,no data,no data,no data,no data,no data,no data,no data,no data,no data,no data,no data,no data,no data,no data,no data,no data,no data,no data,no data,no data,2026
Low-Income Countries,no data,no data,no data,no data,no data,no data,no data,no data,no data,no data,no data,no data,no data,no data,no data,no data,no data,no data,no data,no data,no data,no data,no data,no data,no data,no data,no data,no data,no data,no data,no data,no data,no data,no data,no data,no data,no data,no data,no data,no data,no data,no data,no data,no data,no data,no data,no data,no data,no data,no data,no data,no data,2026
Low-Income Developing Asia,no data,no data,no data,no data,no data,no data,no data,no data,no data,no data,no data,no data,no data,no data,no data,no data,no data,no data,no data,no data,no data,no data,no data,no data,no data,no data,no data,no data,no data,no data,no data,no data,no data,no data,no data,no data,no data,no data,no data,no data,no data,no data,no data,no data,no data,no data,no data,no data,no data,no data,no data,no data,2026
Low-Income Developing Countries,no data,no data,no data,no data,no data,no data,no data,no data,no data,no data,no data,no data,no data,no data,no data,no data,no data,no data,no data,no data,no data,no data,no data,no data,no data,no data,no data,no data,no data,no data,no data,no data,no data,no data,no data,no data,no data,no data,no data,no data,no data,no data,no data,no data,no data,no data,no data,no data,no data,no data,no data,no data,2026
Low-Income Developing Countries (median),no data,no data,no data,no data,no data,no data,no data,no data,no data,no data,no data,no data,no data,no data,no data,no data,no data,no data,no data,no data,no data,no data,no data,no data,no data,no data,no data,no data,no data,no data,no data,no data,no data,no data,no data,no data,no data,no data,no data,no data,no data,no data,no data,no data,no data,no data,no data,no data,no data,no data,no data,no data,2026
Low-Income Developing Latin America,no data,no data,no data,no data,no data,no data,no data,no data,no data,no data,no data,no data,no data,no data,no data,no data,no data,no data,no data,no data,no data,no data,no data,no data,no data,no data,no data,no data,no data,no data,no data,no data,no data,no data,no data,no data,no data,no data,no data,no data,no data,no data,no data,no data,no data,no data,no data,no data,no data,no data,no data,no data,2026
Low-Income Developing Oil Producers,no data,no data,no data,no data,no data,no data,no data,no data,no data,no data,no data,no data,no data,no data,no data,no data,no data,no data,no data,no data,no data,no data,no data,no data,no data,no data,no data,no data,no data,no data,no data,no data,no data,no data,no data,no data,no data,no data,no data,no data,no data,no data,no data,no data,no data,no data,no data,no data,no data,no data,no data,no data,2026
Low-Income Developing Others,no data,no data,no data,no data,no data,no data,no data,no data,no data,no data,no data,no data,no data,no data,no data,no data,no data,no data,no data,no data,no data,no data,no data,no data,no data,no data,no data,no data,no data,no data,no data,no data,no data,no data,no data,no data,no data,no data,no data,no data,no data,no data,no data,no data,no data,no data,no data,no data,no data,no data,no data,no data,2026
Low-Income Developing Sub-Saharan Africa,no data,no data,no data,no data,no data,no data,no data,no data,no data,no data,no data,no data,no data,no data,no data,no data,no data,no data,no data,no data,no data,no data,no data,no data,no data,no data,no data,no data,no data,no data,no data,no data,no data,no data,no data,no data,no data,no data,no data,no data,no data,no data,no data,no data,no data,no data,no data,no data,no data,no data,no data,no data,2026
Low-income countries,no data,no data,no data,no data,no data,no data,no data,no data,no data,no data,no data,no data,no data,no data,no data,no data,no data,no data,no data,no data,no data,no data,no data,no data,no data,no data,no data,no data,no data,no data,no data,no data,no data,no data,no data,no data,no data,no data,no data,no data,no data,no data,no data,no data,no data,no data,no data,no data,no data,no data,no data,no data,2026
MDRI countries ,no data,no data,no data,no data,no data,no data,no data,no data,no data,no data,no data,no data,no data,no data,no data,no data,no data,no data,no data,no data,no data,no data,no data,no data,no data,no data,no data,no data,no data,no data,no data,no data,no data,no data,no data,no data,no data,no data,no data,no data,no data,no data,no data,no data,no data,no data,no data,no data,no data,no data,no data,no data,2026
MICs excluding Nigeria and South Africa ,no data,no data,no data,no data,no data,no data,no data,no data,no data,no data,no data,no data,no data,no data,no data,no data,no data,no data,no data,no data,no data,no data,no data,no data,no data,no data,no data,no data,no data,no data,no data,no data,no data,no data,no data,no data,no data,no data,no data,no data,no data,no data,no data,no data,no data,no data,no data,no data,no data,no data,no data,no data,2026
Major advanced economies (G7),no data,no data,no data,no data,no data,no data,no data,no data,no data,no data,no data,no data,no data,no data,no data,no data,no data,no data,no data,no data,no data,71.6,73.4,76.5,81.5,81.7,79.3,77.8,84.8,99.6,107.3,111.9,116,114.6,113.7,113.2,115.6,113.9,113.8,114.6,136.1,129.1,122.9,121.5,122.2,123,123.7,125.4,127.4,129.2,131,132.8,2026
Middle East (Analytical),no data,no data,no data,no data,no data,no data,no data,no data,no data,no data,no data,no data,no data,no data,no data,no data,no data,no data,no data,no data,no data,no data,no data,no data,no data,no data,no data,no data,no data,no data,no data,no data,no data,no data,no data,no data,no data,no data,no data,no data,no data,no data,no data,no data,no data,no data,no data,no data,no data,no data,no data,no data,2026
Middle East and Central Asia,no data,no data,no data,no data,no data,no data,no data,no data,no data,no data,no data,no data,no data,no data,no data,no data,no data,no data,no data,52,no data,no data,57.3,51.6,52,40.3,31.9,27.3,23.4,29.1,26.2,24.1,25.1,25,24.6,33.8,41.4,42.3,41.3,44.4,53.9,50,43.2,43.6,43.5,46.2,46.8,46.8,47.3,47.5,47.8,48,2026
Middle East and Central Asia Group,no data,no data,no data,no data,no data,no data,no data,no data,no data,no data,no data,no data,no data,no data,no data,no data,no data,no data,no data,no data,no data,no data,no data,no data,no data,no data,no data,no data,no data,no data,no data,no data,no data,no data,no data,no data,no data,no data,no data,no data,no data,no data,no data,no data,no data,no data,no data,no data,no data,no data,no data,no data,2026
Middle East and North Africa,no data,no data,no data,no data,no data,no data,no data,no data,no data,no data,no data,no data,no data,no data,no data,no data,no data,no data,no data,no data,no data,no data,no data,no data,no data,no data,no data,no data,no data,no data,no data,no data,no data,no data,no data,no data,no data,no data,no data,no data,no data,no data,no data,no data,no data,no data,no data,no data,no data,no data,no data,no data,2026
"Middle East, North Africa, Afghanistan, and Pakistan",no data,no data,no data,no data,no data,no data,no data,no data,no data,no data,no data,no data,no data,no data,no data,no data,no data,no data,no data,no data,no data,no data,no data,no data,no data,no data,no data,no data,no data,no data,no data,no data,no data,no data,no data,no data,no data,no data,no data,no data,no data,no data,no data,no data,no data,no data,no data,no data,no data,no data,no data,no data,2026
Middle-income countries,no data,no data,no data,no data,no data,no data,no data,no data,no data,no data,no data,no data,no data,no data,no data,no data,no data,no data,no data,no data,no data,no data,no data,no data,no data,no data,no data,no data,no data,no data,no data,no data,no data,no data,no data,no data,no data,no data,no data,no data,no data,no data,no data,no data,no data,no data,no data,no data,no data,no data,no data,no data,2026
Non European Union,no data,no data,no data,no data,no data,no data,no data,no data,no data,no data,no data,no data,no data,no data,no data,no data,no data,no data,no data,no data,no data,no data,no data,no data,no data,no data,no data,no data,no data,no data,no data,no data,no data,no data,no data,no data,no data,no data,no data,no data,no data,no data,no data,no data,no data,no data,no data,no data,no data,no data,no data,no data,2026
Non G-20,no data,no data,no data,no data,no data,no data,no data,no data,no data,no data,no data,no data,no data,no data,no data,no data,no data,no data,no data,no data,no data,no data,no data,no data,no data,no data,no data,no data,no data,no data,no data,no data,no data,no data,no data,no data,no data,no data,no data,no data,no data,no data,no data,no data,no data,no data,no data,no data,no data,no data,no data,no data,2026
Non-Oil Fast,no data,no data,no data,no data,no data,no data,no data,no data,no data,no data,no data,no data,no data,no data,no data,no data,no data,no data,no data,no data,no data,no data,no data,no data,no data,no data,no data,no data,no data,no data,no data,no data,no data,no data,no data,no data,no data,no data,no data,no data,no data,no data,no data,no data,no data,no data,no data,no data,no data,no data,no data,no data,2026
Non-Oil High Income,no data,no data,no data,no data,no data,no data,no data,no data,no data,no data,no data,no data,no data,no data,no data,no data,no data,no data,no data,no data,no data,no data,no data,no data,no data,no data,no data,no data,no data,no data,no data,no data,no data,no data,no data,no data,no data,no data,no data,no data,no data,no data,no data,no data,no data,no data,no data,no data,no data,no data,no data,no data,2026
Non-Oil Low Income,no data,no data,no data,no data,no data,no data,no data,no data,no data,no data,no data,no data,no data,no data,no data,no data,no data,no data,no data,no data,no data,no data,no data,no data,no data,no data,no data,no data,no data,no data,no data,no data,no data,no data,no data,no data,no data,no data,no data,no data,no data,no data,no data,no data,no data,no data,no data,no data,no data,no data,no data,no data,2026
Non-Oil Medium,no data,no data,no data,no data,no data,no data,no data,no data,no data,no data,no data,no data,no data,no data,no data,no data,no data,no data,no data,no data,no data,no data,no data,no data,no data,no data,no data,no data,no data,no data,no data,no data,no data,no data,no data,no data,no data,no data,no data,no data,no data,no data,no data,no data,no data,no data,no data,no data,no data,no data,no data,no data,2026
Non-Oil Middle Income,no data,no data,no data,no data,no data,no data,no data,no data,no data,no data,no data,no data,no data,no data,no data,no data,no data,no data,no data,no data,no data,no data,no data,no data,no data,no data,no data,no data,no data,no data,no data,no data,no data,no data,no data,no data,no data,no data,no data,no data,no data,no data,no data,no data,no data,no data,no data,no data,no data,no data,no data,no data,2026
Non-Oil Slow,no data,no data,no data,no data,no data,no data,no data,no data,no data,no data,no data,no data,no data,no data,no data,no data,no data,no data,no data,no data,no data,no data,no data,no data,no data,no data,no data,no data,no data,no data,no data,no data,no data,no data,no data,no data,no data,no data,no data,no data,no data,no data,no data,no data,no data,no data,no data,no data,no data,no data,no data,no data,2026
Non-oil,no data,no data,no data,no data,no data,no data,no data,no data,no data,no data,no data,no data,no data,no data,no data,no data,no data,no data,no data,no data,no data,no data,no data,no data,no data,no data,no data,no data,no data,no data,no data,no data,no data,no data,no data,no data,no data,no data,no data,no data,no data,no data,no data,no data,no data,no data,no data,no data,no data,no data,no data,no data,2026
Non-resource-intensive countires  ,no data,no data,no data,no data,no data,no data,no data,no data,no data,no data,no data,no data,no data,no data,no data,no data,no data,no data,no data,no data,no data,no data,no data,no data,no data,no data,no data,no data,no data,no data,no data,no data,no data,no data,no data,no data,no data,no data,no data,no data,no data,no data,no data,no data,no data,no data,no data,no data,no data,no data,no data,no data,2026
None G-7,no data,no data,no data,no data,no data,no data,no data,no data,no data,no data,no data,no data,no data,no data,no data,no data,no data,no data,no data,no data,no data,no data,no data,no data,no data,no data,no data,no data,no data,no data,no data,no data,no data,no data,no data,no data,no data,no data,no data,no data,no data,no data,no data,no data,no data,no data,no data,no data,no data,no data,no data,no data,2026
Oil Producers,no data,no data,no data,no data,no data,no data,no data,no data,no data,no data,no data,no data,no data,no data,no data,no data,no data,no data,no data,no data,no data,no data,no data,no data,no data,no data,no data,no data,no data,no data,no data,no data,no data,no data,no data,no data,no data,no data,no data,no data,no data,no data,no data,no data,no data,no data,no data,no data,no data,no data,no data,no data,2026
Oil-exporting countries,no data,no data,no data,no data,no data,no data,no data,no data,no data,no data,no data,no data,no data,no data,no data,no data,no data,no data,no data,no data,no data,no data,no data,no data,no data,no data,no data,no data,no data,no data,no data,no data,no data,no data,no data,no data,no data,no data,no data,no data,no data,no data,no data,no data,no data,no data,no data,no data,no data,no data,no data,no data,2026
Oil-exporting countries excluding Nigeria ,no data,no data,no data,no data,no data,no data,no data,no data,no data,no data,no data,no data,no data,no data,no data,no data,no data,no data,no data,no data,no data,no data,no data,no data,no data,no data,no data,no data,no data,no data,no data,no data,no data,no data,no data,no data,no data,no data,no data,no data,no data,no data,no data,no data,no data,no data,no data,no data,no data,no data,no data,no data,2026
Oil-importing countries ,no data,no data,no data,no data,no data,no data,no data,no data,no data,no data,no data,no data,no data,no data,no data,no data,no data,no data,no data,no data,no data,no data,no data,no data,no data,no data,no data,no data,no data,no data,no data,no data,no data,no data,no data,no data,no data,no data,no data,no data,no data,no data,no data,no data,no data,no data,no data,no data,no data,no data,no data,no data,2026
Oil-importing countries excluding South Africa ,no data,no data,no data,no data,no data,no data,no data,no data,no data,no data,no data,no data,no data,no data,no data,no data,no data,no data,no data,no data,no data,no data,no data,no data,no data,no data,no data,no data,no data,no data,no data,no data,no data,no data,no data,no data,no data,no data,no data,no data,no data,no data,no data,no data,no data,no data,no data,no data,no data,no data,no data,no data,2026
Other Advanced,no data,no data,no data,no data,no data,no data,no data,no data,no data,no data,no data,no data,no data,no data,no data,no data,no data,no data,no data,no data,no data,no data,no data,no data,no data,no data,no data,no data,no data,no data,no data,no data,no data,no data,no data,no data,no data,no data,no data,no data,no data,no data,no data,no data,no data,no data,no data,no data,no data,no data,no data,no data,2026
Other Groups,no data,no data,no data,no data,no data,no data,no data,no data,no data,no data,no data,no data,no data,no data,no data,no data,no data,no data,no data,no data,no data,no data,no data,no data,no data,no data,no data,no data,no data,no data,no data,no data,no data,no data,no data,no data,no data,no data,no data,no data,no data,no data,no data,no data,no data,no data,no data,no data,no data,no data,no data,no data,2026
Other advanced economies,no data,no data,no data,no data,no data,no data,no data,no data,no data,no data,no data,no data,no data,no data,no data,no data,no data,no data,no data,no data,34.9,35.6,35.8,36.7,34.9,33.9,33,31.2,32.7,35.4,35.5,36.5,38,39,40.3,41.2,41.6,41.1,40.8,42.7,49.5,49,47.8,49.2,50.8,50.9,51.9,52.4,52.7,52.8,52.9,52.9,2026
Other countries,no data,no data,no data,no data,no data,no data,no data,no data,no data,no data,no data,no data,no data,no data,no data,no data,no data,no data,no data,no data,no data,no data,no data,no data,no data,no data,no data,no data,no data,no data,no data,no data,no data,no data,no data,no data,no data,no data,no data,no data,no data,no data,no data,no data,no data,no data,no data,no data,no data,no data,no data,no data,2026
Other gender budgeting countries covered in the surveys,no data,no data,no data,no data,no data,no data,no data,no data,no data,no data,no data,no data,no data,no data,no data,no data,no data,no data,no data,no data,no data,no data,no data,no data,no data,no data,no data,no data,no data,no data,no data,no data,no data,no data,no data,no data,no data,no data,no data,no data,no data,no data,no data,no data,no data,no data,no data,no data,no data,no data,no data,no data,2026
Prominent gender budgeting countries covered in the surveys,no data,no data,no data,no data,no data,no data,no data,no data,no data,no data,no data,no data,no data,no data,no data,no data,no data,no data,no data,no data,no data,no data,no data,no data,no data,no data,no data,no data,no data,no data,no data,no data,no data,no data,no data,no data,no data,no data,no data,no data,no data,no data,no data,no data,no data,no data,no data,no data,no data,no data,no data,no data,2026
Resource-intensive countries  ,no data,no data,no data,no data,no data,no data,no data,no data,no data,no data,no data,no data,no data,no data,no data,no data,no data,no data,no data,no data,no data,no data,no data,no data,no data,no data,no data,no data,no data,no data,no data,no data,no data,no data,no data,no data,no data,no data,no data,no data,no data,no data,no data,no data,no data,no data,no data,no data,no data,no data,no data,no data,2026
Rest,no data,no data,no data,no data,no data,no data,no data,no data,no data,no data,no data,no data,no data,no data,no data,no data,no data,no data,no data,no data,no data,no data,no data,no data,no data,no data,no data,no data,no data,no data,no data,no data,no data,no data,no data,no data,no data,no data,no data,no data,no data,no data,no data,no data,no data,no data,no data,no data,no data,no data,no data,no data,2026
SACU,no data,no data,no data,no data,no data,no data,no data,no data,no data,no data,no data,no data,no data,no data,no data,no data,no data,no data,no data,no data,no data,no data,no data,no data,no data,no data,no data,no data,no data,no data,no data,no data,no data,no data,no data,no data,no data,no data,no data,no data,no data,no data,no data,no data,no data,no data,no data,no data,no data,no data,no data,no data,2026
SADC,no data,no data,no data,no data,no data,no data,no data,no data,no data,no data,no data,no data,no data,no data,no data,no data,no data,no data,no data,no data,no data,no data,no data,no data,no data,no data,no data,no data,no data,no data,no data,no data,no data,no data,no data,no data,no data,no data,no data,no data,no data,no data,no data,no data,no data,no data,no data,no data,no data,no data,no data,no data,2026
SSA excluding Nigeria and South Africa ,no data,no data,no data,no data,no data,no data,no data,no data,no data,no data,no data,no data,no data,no data,no data,no data,no data,no data,no data,no data,no data,no data,no data,no data,no data,no data,no data,no data,no data,no data,no data,no data,no data,no data,no data,no data,no data,no data,no data,no data,no data,no data,no data,no data,no data,no data,no data,no data,no data,no data,no data,no data,2026
SSA excluding Zimbabwe,no data,no data,no data,no data,no data,no data,no data,no data,no data,no data,no data,no data,no data,no data,no data,no data,no data,no data,no data,no data,no data,no data,no data,no data,no data,no data,no data,no data,no data,no data,no data,no data,no data,no data,no data,no data,no data,no data,no data,no data,no data,no data,no data,no data,no data,no data,no data,no data,no data,no data,no data,no data,2026
Sub-Saharan Africa,no data,no data,no data,no data,no data,no data,no data,no data,no data,no data,no data,no data,no data,no data,no data,no data,no data,no data,no data,no data,58.1,54.9,48.2,44.1,40.1,32.4,24.5,21.7,21,23.7,22.8,24.5,24.3,26,28.9,33,37.6,39.8,42.2,44.6,51.6,51.5,52.1,56.8,58.7,57,56.1,56,55.5,54.8,54,53,2026
"Sub-Saharan Africa, excluding South Sudan",no data,no data,no data,no data,no data,no data,no data,no data,no data,no data,no data,no data,no data,no data,no data,no data,no data,no data,no data,no data,no data,no data,no data,no data,no data,no data,no data,no data,no data,no data,no data,no data,no data,no data,no data,no data,no data,no data,no data,no data,no data,no data,no data,no data,no data,no data,no data,no data,no data,no data,no data,no data,2026
WAEMU,no data,no data,no data,no data,no data,no data,no data,no data,no data,no data,no data,no data,no data,no data,no data,no data,no data,no data,no data,no data,no data,no data,no data,no data,no data,no data,no data,no data,no data,no data,no data,no data,no data,no data,no data,no data,no data,no data,no data,no data,no data,no data,no data,no data,no data,no data,no data,no data,no data,no data,no data,no data,2026
Western Hemisphere Group,no data,no data,no data,no data,no data,no data,no data,no data,no data,no data,no data,no data,no data,no data,no data,no data,no data,no data,no data,no data,no data,no data,no data,no data,no data,no data,no data,no data,no data,no data,no data,no data,no data,no data,no data,no data,no data,no data,no data,no data,no data,no data,no data,no data,no data,no data,no data,no data,no data,no data,no data,no data,2026
World,no data,no data,no data,no data,no data,no data,no data,no data,no data,no data,no data,no data,no data,no data,no data,no data,no data,no data,no data,no data,no data,63.1,64.8,66.1,67.8,65.7,61.9,59.1,61.7,72.1,74.1,74.9,76.7,75.9,76.3,77.8,81.5,80.5,80.7,82.1,97.4,92.8,89.2,90.8,92,93.9,95.3,97.2,98.8,100,101.2,102.3,2026
,no data,no data,no data,no data,no data,no data,no data,no data,no data,no data,no data,no data,no data,no data,no data,no data,no data,no data,no data,no data,no data,no data,no data,no data,no data,no data,no data,no data,no data,no data,no data,no data,no data,no data,no data,no data,no data,no data,no data,no data,no data,no data,no data,no data,no data,no data,no data,no data,no data,no data,no data,no data,2026
High Inflation Countries,no data,no data,no data,no data,no data,no data,no data,no data,no data,no data,no data,no data,no data,no data,no data,no data,no data,no data,no data,no data,no data,no data,no data,no data,no data,no data,no data,no data,no data,no data,no data,no data,no data,no data,no data,no data,no data,no data,no data,no data,no data,no data,no data,no data,no data,no data,no data,no data,no data,no data,no data,no data,2026
Inflation exceeding growth,no data,no data,no data,no data,no data,no data,no data,no data,no data,no data,no data,no data,no data,no data,no data,no data,no data,no data,no data,no data,no data,no data,no data,no data,no data,no data,no data,no data,no data,no data,no data,no data,no data,no data,no data,no data,no data,no data,no data,no data,no data,no data,no data,no data,no data,no data,no data,no data,no data,no data,no data,no data,2026
Positive growth,no data,no data,no data,no data,no data,no data,no data,no data,no data,no data,no data,no data,no data,no data,no data,no data,no data,no data,no data,no data,no data,no data,no data,no data,no data,no data,no data,no data,no data,no data,no data,no data,no data,no data,no data,no data,no data,no data,no data,no data,no data,no data,no data,no data,no data,no data,no data,no data,no data,no data,no data,no data,2026
,,,,,,,,,,,,,,,,,,,,,,,,,,,,,,,,,,,,,,,,,,,,,,,,,,,,,
"©IMF, 2026",,,,,,,,,,,,,,,,,,,,,,,,,,,,,,,,,,,,,,,,,,,,,,,,,,,,,