iso3,country,year,def_total,def_private,def_china,in_default_total,in_default_private
AFG,Afghanistan,1960,,,,0,0
AFG,Afghanistan,1961,,,,0,0
AFG,Afghanistan,1962,,,,0,0
AFG,Afghanistan,1963,,,,0,0
AFG,Afghanistan,1964,267.0,,,1,0
AFG,Afghanistan,1965,267.0,,,1,0
AFG,Afghanistan,1966,267.0,,,1,0
AFG,Afghanistan,1967,2.7,,,1,0
AFG,Afghanistan,1968,,,,0,0
AFG,Afghanistan,1969,,,,0,0
AFG,Afghanistan,1970,,,,0,0
AFG,Afghanistan,1971,,,,0,0
AFG,Afghanistan,1972,37.0,,,1,0
AFG,Afghanistan,1973,,,,0,0
AFG,Afghanistan,1974,,,,0,0
AFG,Afghanistan,1975,,,,0,0
AFG,Afghanistan,1976,437.0,,,1,0
AFG,Afghanistan,1977,,,,0,0
AFG,Afghanistan,1978,,,,0,0
AFG,Afghanistan,1979,,,,0,0
AFG,Afghanistan,1980,15.0,,,1,0
AFG,Afghanistan,1981,,,,0,0
AFG,Afghanistan,1982,3.0,,,1,0
AFG,Afghanistan,1983,,,,0,0
AFG,Afghanistan,1984,,,,0,0
AFG,Afghanistan,1985,10.0,,,1,0
AFG,Afghanistan,1986,10.0,,,1,0
AFG,Afghanistan,1987,,,,0,0
AFG,Afghanistan,1988,,,,0,0
AFG,Afghanistan,1989,0.37,,,1,0
AFG,Afghanistan,1990,,,,0,0
AFG,Afghanistan,1991,,,,0,0
AFG,Afghanistan,1992,5.02,4.02,,1,1
AFG,Afghanistan,1993,115.79,5.79,,1,1
AFG,Afghanistan,1994,30.35,27.35,,1,1
AFG,Afghanistan,1995,249.56,244.26,,1,1
AFG,Afghanistan,1996,27.48,19.18,,1,1
AFG,Afghanistan,1997,32.6,18.63,,1,1
AFG,Afghanistan,1998,112.65,18.66,,1,1
AFG,Afghanistan,1999,42.15,18.76,,1,1
AFG,Afghanistan,2000,396.32,278.36,,1,1
AFG,Afghanistan,2001,288.79,255.5,,1,1
AFG,Afghanistan,2002,113.35,75.3,,1,1
AFG,Afghanistan,2003,0.21,0.21,,1,1
AFG,Afghanistan,2004,3.85,3.85,,1,1
AFG,Afghanistan,2005,,,,0,0
AFG,Afghanistan,2006,2533.54,0.42,,1,1
AFG,Afghanistan,2007,164.39,0.43,,1,1
AFG,Afghanistan,2008,170.87,0.43,,1,1
AFG,Afghanistan,2009,91.31,0.43,,1,1
AFG,Afghanistan,2010,1092.0,,,1,0
AFG,Afghanistan,2011,144.11,,,1,0
AFG,Afghanistan,2012,172.65,,,1,0
AFG,Afghanistan,2013,201.36,,,1,0
AFG,Afghanistan,2014,320.23,,,1,0
AFG,Afghanistan,2015,367.93,,,1,0
AFG,Afghanistan,2016,445.66,,,1,0
AFG,Afghanistan,2017,529.6,,,1,0
AFG,Afghanistan,2018,605.33,,,1,0
AFG,Afghanistan,2019,679.09,,,1,0
AFG,Afghanistan,2020,751.57,,,1,0
AFG,Afghanistan,2021,825.79,,,1,0
AFG,Afghanistan,2022,2199.7,,,1,0
AFG,Afghanistan,2023,2226.0,,,1,0
ALB,Albania,1960,,,,0,0
ALB,Albania,1961,,,,0,0
ALB,Albania,1962,,,,0,0
ALB,Albania,1963,,,,0,0
ALB,Albania,1964,,,,0,0
ALB,Albania,1965,,,,0,0
ALB,Albania,1966,,,,0,0
ALB,Albania,1967,,,,0,0
ALB,Albania,1968,,,,0,0
ALB,Albania,1969,,,,0,0
ALB,Albania,1970,,,,0,0
ALB,Albania,1971,,,,0,0
ALB,Albania,1972,,,,0,0
ALB,Albania,1973,,,,0,0
ALB,Albania,1974,,,,0,0
ALB,Albania,1975,,,,0,0
ALB,Albania,1976,,,,0,0
ALB,Albania,1977,,,,0,0
ALB,Albania,1978,,,,0,0
ALB,Albania,1979,,,,0,0
ALB,Albania,1980,,,,0,0
ALB,Albania,1981,,,,0,0
ALB,Albania,1982,,,,0,0
ALB,Albania,1983,,,,0,0
ALB,Albania,1984,,,,0,0
ALB,Albania,1985,,,,0,0
ALB,Albania,1986,,,,0,0
ALB,Albania,1987,,,,0,0
ALB,Albania,1988,,,,0,0
ALB,Albania,1989,,,,0,0
ALB,Albania,1990,0.76,0.32,,1,1
ALB,Albania,1991,1266.74,6.74,,1,1
ALB,Albania,1992,1483.26,22.24,,1,1
ALB,Albania,1993,982.68,49.86,,1,1
ALB,Albania,1994,627.3,8.31,4.27,1,1
ALB,Albania,1995,3374.66,9.36,4.27,1,1
ALB,Albania,1996,34.96,15.77,4.27,1,1
ALB,Albania,1997,37.22,18.59,4.27,1,1
ALB,Albania,1998,97.86,18.59,4.27,1,1
ALB,Albania,1999,37.35,18.59,4.27,1,1
ALB,Albania,2000,107.77,18.77,4.27,1,1
ALB,Albania,2001,274.09,18.59,40.0,1,1
ALB,Albania,2002,272.44,17.0,,1,1
ALB,Albania,2003,44.21,17.0,,1,1
ALB,Albania,2004,17.0,17.0,,1,1
ALB,Albania,2005,17.0,17.0,,1,1
ALB,Albania,2006,18.88,17.0,,1,1
ALB,Albania,2007,18.06,17.0,,1,1
ALB,Albania,2008,8.7,,,1,0
ALB,Albania,2009,0.31,,,1,0
ALB,Albania,2010,,,,0,0
ALB,Albania,2011,,,,0,0
ALB,Albania,2012,,,,0,0
ALB,Albania,2013,1.23,,,1,0
ALB,Albania,2014,,,,0,0
ALB,Albania,2015,,,,0,0
ALB,Albania,2016,,,,0,0
ALB,Albania,2017,0.6,,,1,0
ALB,Albania,2018,,,,0,0
ALB,Albania,2019,0.05,,,1,0
ALB,Albania,2020,,,,0,0
ALB,Albania,2021,,,,0,0
ALB,Albania,2022,,,,0,0
ALB,Albania,2023,,,,0,0
DZA,Algeria,1960,,,,0,0
DZA,Algeria,1961,,,,0,0
DZA,Algeria,1962,,,,0,0
DZA,Algeria,1963,,,,0,0
DZA,Algeria,1964,,,,0,0
DZA,Algeria,1965,,,,0,0
DZA,Algeria,1966,,,,0,0
DZA,Algeria,1967,,,,0,0
DZA,Algeria,1968,,,,0,0
DZA,Algeria,1969,,,,0,0
DZA,Algeria,1970,,,,0,0
DZA,Algeria,1971,,,,0,0
DZA,Algeria,1972,,,,0,0
DZA,Algeria,1973,,,,0,0
DZA,Algeria,1974,,,,0,0
DZA,Algeria,1975,,,,0,0
DZA,Algeria,1976,6.42,,,1,0
DZA,Algeria,1977,13.01,,,1,0
DZA,Algeria,1978,0.96,,,1,0
DZA,Algeria,1979,3.49,3.49,,1,1
DZA,Algeria,1980,1.7,1.7,,1,1
DZA,Algeria,1981,1.7,1.7,,1,1
DZA,Algeria,1982,1.7,1.7,,1,1
DZA,Algeria,1983,1.7,1.7,,1,1
DZA,Algeria,1984,,,,0,0
DZA,Algeria,1985,,,,0,0
DZA,Algeria,1986,0.02,0.02,,1,1
DZA,Algeria,1987,0.02,0.02,,1,1
DZA,Algeria,1988,,,,0,0
DZA,Algeria,1989,0.32,0.32,,1,1
DZA,Algeria,1990,0.76,0.32,,1,1
DZA,Algeria,1991,6.62,6.58,,1,1
DZA,Algeria,1992,8.46,7.45,,1,1
DZA,Algeria,1993,3580.76,3577.53,,1,1
DZA,Algeria,1994,9549.88,4191.13,14.75,1,1
DZA,Algeria,1995,10454.97,3130.61,4.36,1,1
DZA,Algeria,1996,2371.17,1964.28,4.25,1,1
DZA,Algeria,1997,710.13,461.45,4.91,1,1
DZA,Algeria,1998,93.67,,4.88,1,0
DZA,Algeria,1999,12.59,,,1,0
DZA,Algeria,2000,14.89,,,1,0
DZA,Algeria,2001,17.33,,,1,0
DZA,Algeria,2002,15.81,,,1,0
DZA,Algeria,2003,19.01,,,1,0
DZA,Algeria,2004,0.01,,,1,0
DZA,Algeria,2005,85.01,,,1,0
DZA,Algeria,2006,105.0,,,1,0
DZA,Algeria,2007,55.0,,,1,0
DZA,Algeria,2008,51.0,,,1,0
DZA,Algeria,2009,36.0,,,1,0
DZA,Algeria,2010,46.0,,,1,0
DZA,Algeria,2011,46.0,,,1,0
DZA,Algeria,2012,78.7,,,1,0
DZA,Algeria,2013,1.9,,,1,0
DZA,Algeria,2014,2.0,,,1,0
DZA,Algeria,2015,2.0,,,1,0
DZA,Algeria,2016,2.0,,,1,0
DZA,Algeria,2017,2.0,,,1,0
DZA,Algeria,2018,2.17,,,1,0
DZA,Algeria,2019,2.0,,,1,0
DZA,Algeria,2020,,,,0,0
DZA,Algeria,2021,,,,0,0
DZA,Algeria,2022,,,,0,0
DZA,Algeria,2023,,,,0,0
AGO,Angola,1960,,,,0,0
AGO,Angola,1961,,,,0,0
AGO,Angola,1962,,,,0,0
AGO,Angola,1963,,,,0,0
AGO,Angola,1964,,,,0,0
AGO,Angola,1965,,,,0,0
AGO,Angola,1966,,,,0,0
AGO,Angola,1967,,,,0,0
AGO,Angola,1968,,,,0,0
AGO,Angola,1969,,,,0,0
AGO,Angola,1970,,,,0,0
AGO,Angola,1971,,,,0,0
AGO,Angola,1972,,,,0,0
AGO,Angola,1973,,,,0,0
AGO,Angola,1974,,,,0,0
AGO,Angola,1975,,,,0,0
AGO,Angola,1976,,,,0,0
AGO,Angola,1977,,,,0,0
AGO,Angola,1978,,,,0,0
AGO,Angola,1979,,,,0,0
AGO,Angola,1980,,,,0,0
AGO,Angola,1981,,,,0,0
AGO,Angola,1982,,,,0,0
AGO,Angola,1983,,,,0,0
AGO,Angola,1984,,,,0,0
AGO,Angola,1985,,,,0,0
AGO,Angola,1986,,,,0,0
AGO,Angola,1987,227.0,,,1,0
AGO,Angola,1988,225.0,,,1,0
AGO,Angola,1989,969.47,212.07,,1,1
AGO,Angola,1990,1321.35,245.86,0.74,1,1
AGO,Angola,1991,793.89,366.61,5.97,1,1
AGO,Angola,1992,1164.05,68.31,12.92,1,1
AGO,Angola,1993,1135.17,99.99,19.71,1,1
AGO,Angola,1994,4697.67,124.74,25.94,1,1
AGO,Angola,1995,2642.38,472.56,30.44,1,1
AGO,Angola,1996,5884.17,258.39,30.67,1,1
AGO,Angola,1997,1267.84,568.56,30.67,1,1
AGO,Angola,1998,1624.56,798.15,30.67,1,1
AGO,Angola,1999,1803.52,873.61,32.23,1,1
AGO,Angola,2000,1890.47,917.07,38.29,1,1
AGO,Angola,2001,2186.11,1078.94,44.56,1,1
AGO,Angola,2002,1539.19,340.89,30.67,1,1
AGO,Angola,2003,1872.24,400.62,37.66,1,1
AGO,Angola,2004,3191.58,631.0,30.67,1,1
AGO,Angola,2005,1862.2,461.0,6.63,1,1
AGO,Angola,2006,1218.78,493.0,6.63,1,1
AGO,Angola,2007,501.12,382.48,6.63,1,1
AGO,Angola,2008,352.21,291.47,6.39,1,1
AGO,Angola,2009,390.79,361.31,0.58,1,1
AGO,Angola,2010,2126.25,293.65,3.74,1,1
AGO,Angola,2011,322.4,310.46,,1,1
AGO,Angola,2012,310.95,299.53,,1,1
AGO,Angola,2013,323.15,311.8,,1,1
AGO,Angola,2014,312.39,300.7,,1,1
AGO,Angola,2015,221.38,209.31,,1,1
AGO,Angola,2016,214.16,202.43,,1,1
AGO,Angola,2017,95.05,84.17,,1,1
AGO,Angola,2018,75.21,65.61,,1,1
AGO,Angola,2019,65.43,56.82,,1,1
AGO,Angola,2020,14386.67,61.23,13695.0,1,1
AGO,Angola,2021,5006.61,57.21,3918.0,1,1
AGO,Angola,2022,67.8,54.41,,1,1
AGO,Angola,2023,700.0,60.0,,1,1
ATG,Antigua and Barbuda,1960,,,,0,0
ATG,Antigua and Barbuda,1961,,,,0,0
ATG,Antigua and Barbuda,1962,,,,0,0
ATG,Antigua and Barbuda,1963,,,,0,0
ATG,Antigua and Barbuda,1964,,,,0,0
ATG,Antigua and Barbuda,1965,,,,0,0
ATG,Antigua and Barbuda,1966,,,,0,0
ATG,Antigua and Barbuda,1967,,,,0,0
ATG,Antigua and Barbuda,1968,,,,0,0
ATG,Antigua and Barbuda,1969,,,,0,0
ATG,Antigua and Barbuda,1970,,,,0,0
ATG,Antigua and Barbuda,1971,,,,0,0
ATG,Antigua and Barbuda,1972,,,,0,0
ATG,Antigua and Barbuda,1973,,,,0,0
ATG,Antigua and Barbuda,1974,,,,0,0
ATG,Antigua and Barbuda,1975,,,,0,0
ATG,Antigua and Barbuda,1976,,,,0,0
ATG,Antigua and Barbuda,1977,,,,0,0
ATG,Antigua and Barbuda,1978,,,,0,0
ATG,Antigua and Barbuda,1979,,,,0,0
ATG,Antigua and Barbuda,1980,,,,0,0
ATG,Antigua and Barbuda,1981,,,,0,0
ATG,Antigua and Barbuda,1982,,,,0,0
ATG,Antigua and Barbuda,1983,,,,0,0
ATG,Antigua and Barbuda,1984,,,,0,0
ATG,Antigua and Barbuda,1985,24.0,,,1,0
ATG,Antigua and Barbuda,1986,32.0,,,1,0
ATG,Antigua and Barbuda,1987,,,,0,0
ATG,Antigua and Barbuda,1988,,,,0,0
ATG,Antigua and Barbuda,1989,,,,0,0
ATG,Antigua and Barbuda,1990,,,,0,0
ATG,Antigua and Barbuda,1991,,,,0,0
ATG,Antigua and Barbuda,1992,,,,0,0
ATG,Antigua and Barbuda,1993,,,,0,0
ATG,Antigua and Barbuda,1994,,,,0,0
ATG,Antigua and Barbuda,1995,,,,0,0
ATG,Antigua and Barbuda,1996,161.0,,,1,0
ATG,Antigua and Barbuda,1997,175.0,,,1,0
ATG,Antigua and Barbuda,1998,403.59,,,1,0
ATG,Antigua and Barbuda,1999,714.71,,,1,0
ATG,Antigua and Barbuda,2000,754.79,,,1,0
ATG,Antigua and Barbuda,2001,616.39,,1.06,1,0
ATG,Antigua and Barbuda,2002,664.78,,,1,0
ATG,Antigua and Barbuda,2003,813.0,,,1,0
ATG,Antigua and Barbuda,2004,838.0,,,1,0
ATG,Antigua and Barbuda,2005,764.0,,,1,0
ATG,Antigua and Barbuda,2006,762.0,,,1,0
ATG,Antigua and Barbuda,2007,612.0,,,1,0
ATG,Antigua and Barbuda,2008,631.0,,,1,0
ATG,Antigua and Barbuda,2009,707.0,,,1,0
ATG,Antigua and Barbuda,2010,684.0,,,1,0
ATG,Antigua and Barbuda,2011,515.0,,5.5,1,0
ATG,Antigua and Barbuda,2012,0.4,,,1,0
ATG,Antigua and Barbuda,2013,2.9,,,1,0
ATG,Antigua and Barbuda,2014,12.0,,,1,0
ATG,Antigua and Barbuda,2015,20.0,,,1,0
ATG,Antigua and Barbuda,2016,8.0,,,1,0
ATG,Antigua and Barbuda,2017,14.0,,,1,0
ATG,Antigua and Barbuda,2018,153.0,,,1,0
ATG,Antigua and Barbuda,2019,148.0,,,1,0
ATG,Antigua and Barbuda,2020,171.9,,,1,0
ATG,Antigua and Barbuda,2021,219.0,,,1,0
ATG,Antigua and Barbuda,2022,216.0,,,1,0
ATG,Antigua and Barbuda,2023,200.0,,,1,0
ARG,Argentina,1960,100.0,,,1,0
ARG,Argentina,1961,462.0,,,1,0
ARG,Argentina,1962,362.0,,,1,0
ARG,Argentina,1963,15.0,,,1,0
ARG,Argentina,1964,,,,0,0
ARG,Argentina,1965,472.0,,,1,0
ARG,Argentina,1966,,,,0,0
ARG,Argentina,1967,,,,0,0
ARG,Argentina,1968,,,,0,0
ARG,Argentina,1969,,,,0,0
ARG,Argentina,1970,,,,0,0
ARG,Argentina,1971,,,,0,0
ARG,Argentina,1972,,,,0,0
ARG,Argentina,1973,,,,0,0
ARG,Argentina,1974,,,,0,0
ARG,Argentina,1975,,,,0,0
ARG,Argentina,1976,970.0,,,1,0
ARG,Argentina,1977,,,,0,0
ARG,Argentina,1978,,,,0,0
ARG,Argentina,1979,,,,0,0
ARG,Argentina,1980,,,,0,0
ARG,Argentina,1981,,,,0,0
ARG,Argentina,1982,3870.0,,,1,0
ARG,Argentina,1983,3507.11,,,1,0
ARG,Argentina,1984,5535.49,1375.96,,1,1
ARG,Argentina,1985,11649.65,,,1,0
ARG,Argentina,1986,4521.01,1141.52,,1,1
ARG,Argentina,1987,31736.4,,,1,0
ARG,Argentina,1988,24529.24,,,1,0
ARG,Argentina,1989,35044.0,,,1,0
ARG,Argentina,1990,32776.01,,,1,0
ARG,Argentina,1991,33826.0,,,1,0
ARG,Argentina,1992,31176.0,,,1,0
ARG,Argentina,1993,47553.79,,,1,0
ARG,Argentina,1994,839.56,10.55,,1,1
ARG,Argentina,1995,248.45,69.23,,1,1
ARG,Argentina,1996,0.2,0.17,,1,1
ARG,Argentina,1997,0.01,,,1,0
ARG,Argentina,1998,0.0,,,0,0
ARG,Argentina,1999,,,,0,0
ARG,Argentina,2000,826.41,10.32,,1,1
ARG,Argentina,2001,84830.0,,,1,0
ARG,Argentina,2002,104158.0,258.0,,1,1
ARG,Argentina,2003,115104.0,494.0,,1,1
ARG,Argentina,2004,112963.0,409.0,,1,1
ARG,Argentina,2005,106041.0,260.0,,1,1
ARG,Argentina,2006,32587.71,373.0,,1,1
ARG,Argentina,2007,35844.65,345.0,,1,1
ARG,Argentina,2008,35585.64,301.0,,1,1
ARG,Argentina,2009,36224.11,260.0,,1,1
ARG,Argentina,2010,15547.0,169.0,,1,1
ARG,Argentina,2011,17425.57,187.0,,1,1
ARG,Argentina,2012,17490.79,82.0,,1,1
ARG,Argentina,2013,17640.08,13.0,,1,1
ARG,Argentina,2014,55914.0,11.0,,1,1
ARG,Argentina,2015,44787.0,10.0,,1,1
ARG,Argentina,2016,47535.0,,,1,0
ARG,Argentina,2017,22105.19,17993.19,,1,1
ARG,Argentina,2018,22695.37,21209.37,,1,1
ARG,Argentina,2019,28660.43,15082.43,,1,1
ARG,Argentina,2020,70956.56,,,1,0
ARG,Argentina,2021,14978.57,10573.08,,1,1
ARG,Argentina,2022,15378.57,12121.57,,1,1
ARG,Argentina,2023,22991.0,,,1,0
ARM,Armenia,1960,,,,0,0
ARM,Armenia,1961,,,,0,0
ARM,Armenia,1962,,,,0,0
ARM,Armenia,1963,,,,0,0
ARM,Armenia,1964,,,,0,0
ARM,Armenia,1965,,,,0,0
ARM,Armenia,1966,,,,0,0
ARM,Armenia,1967,,,,0,0
ARM,Armenia,1968,,,,0,0
ARM,Armenia,1969,,,,0,0
ARM,Armenia,1970,,,,0,0
ARM,Armenia,1971,,,,0,0
ARM,Armenia,1972,,,,0,0
ARM,Armenia,1973,,,,0,0
ARM,Armenia,1974,,,,0,0
ARM,Armenia,1975,,,,0,0
ARM,Armenia,1976,,,,0,0
ARM,Armenia,1977,,,,0,0
ARM,Armenia,1978,,,,0,0
ARM,Armenia,1979,,,,0,0
ARM,Armenia,1980,,,,0,0
ARM,Armenia,1981,,,,0,0
ARM,Armenia,1982,,,,0,0
ARM,Armenia,1983,,,,0,0
ARM,Armenia,1984,,,,0,0
ARM,Armenia,1985,,,,0,0
ARM,Armenia,1986,,,,0,0
ARM,Armenia,1987,,,,0,0
ARM,Armenia,1988,,,,0,0
ARM,Armenia,1989,,,,0,0
ARM,Armenia,1990,,,,0,0
ARM,Armenia,1991,,,,0,0
ARM,Armenia,1992,,,,0,0
ARM,Armenia,1993,30.8,30.8,,1,1
ARM,Armenia,1994,32.23,,,1,0
ARM,Armenia,1995,76.58,,,1,0
ARM,Armenia,1996,64.03,,2.14,1,0
ARM,Armenia,1997,126.89,,,1,0
ARM,Armenia,1998,31.31,,,1,0
ARM,Armenia,1999,,,,0,0
ARM,Armenia,2000,24.92,,,1,0
ARM,Armenia,2001,17.55,,,1,0
ARM,Armenia,2002,14.14,,,1,0
ARM,Armenia,2003,46.06,,,1,0
ARM,Armenia,2004,,,,0,0
ARM,Armenia,2005,,,,0,0
ARM,Armenia,2006,,,,0,0
ARM,Armenia,2007,,,,0,0
ARM,Armenia,2008,,,,0,0
ARM,Armenia,2009,,,,0,0
ARM,Armenia,2010,,,,0,0
ARM,Armenia,2011,,,,0,0
ARM,Armenia,2012,,,,0,0
ARM,Armenia,2013,,,,0,0
ARM,Armenia,2014,,,,0,0
ARM,Armenia,2015,,,,0,0
ARM,Armenia,2016,,,,0,0
ARM,Armenia,2017,,,,0,0
ARM,Armenia,2018,,,,0,0
ARM,Armenia,2019,,,,0,0
ARM,Armenia,2020,,,,0,0
ARM,Armenia,2021,,,,0,0
ARM,Armenia,2022,,,,0,0
ARM,Armenia,2023,,,,0,0
ABW,Aruba,1960,,,,0,0
ABW,Aruba,1961,,,,0,0
ABW,Aruba,1962,,,,0,0
ABW,Aruba,1963,,,,0,0
ABW,Aruba,1964,,,,0,0
ABW,Aruba,1965,,,,0,0
ABW,Aruba,1966,,,,0,0
ABW,Aruba,1967,,,,0,0
ABW,Aruba,1968,,,,0,0
ABW,Aruba,1969,,,,0,0
ABW,Aruba,1970,,,,0,0
ABW,Aruba,1971,,,,0,0
ABW,Aruba,1972,,,,0,0
ABW,Aruba,1973,,,,0,0
ABW,Aruba,1974,,,,0,0
ABW,Aruba,1975,,,,0,0
ABW,Aruba,1976,,,,0,0
ABW,Aruba,1977,,,,0,0
ABW,Aruba,1978,,,,0,0
ABW,Aruba,1979,,,,0,0
ABW,Aruba,1980,,,,0,0
ABW,Aruba,1981,,,,0,0
ABW,Aruba,1982,,,,0,0
ABW,Aruba,1983,,,,0,0
ABW,Aruba,1984,,,,0,0
ABW,Aruba,1985,,,,0,0
ABW,Aruba,1986,,,,0,0
ABW,Aruba,1987,,,,0,0
ABW,Aruba,1988,,,,0,0
ABW,Aruba,1989,,,,0,0
ABW,Aruba,1990,,,,0,0
ABW,Aruba,1991,,,,0,0
ABW,Aruba,1992,,,,0,0
ABW,Aruba,1993,,,,0,0
ABW,Aruba,1994,,,,0,0
ABW,Aruba,1995,,,,0,0
ABW,Aruba,1996,,,,0,0
ABW,Aruba,1997,,,,0,0
ABW,Aruba,1998,,,,0,0
ABW,Aruba,1999,,,,0,0
ABW,Aruba,2000,,,,0,0
ABW,Aruba,2001,,,,0,0
ABW,Aruba,2002,,,,0,0
ABW,Aruba,2003,,,,0,0
ABW,Aruba,2004,,,,0,0
ABW,Aruba,2005,,,,0,0
ABW,Aruba,2006,,,,0,0
ABW,Aruba,2007,,,,0,0
ABW,Aruba,2008,,,,0,0
ABW,Aruba,2009,,,,0,0
ABW,Aruba,2010,,,,0,0
ABW,Aruba,2011,,,,0,0
ABW,Aruba,2012,,,,0,0
ABW,Aruba,2013,,,,0,0
ABW,Aruba,2014,,,,0,0
ABW,Aruba,2015,,,,0,0
ABW,Aruba,2016,,,,0,0
ABW,Aruba,2017,,,,0,0
ABW,Aruba,2018,,,,0,0
ABW,Aruba,2019,,,,0,0
ABW,Aruba,2020,,,,0,0
ABW,Aruba,2021,,,,0,0
ABW,Aruba,2022,,,,0,0
ABW,Aruba,2023,,,,0,0
AZE,Azerbaijan,1960,,,,0,0
AZE,Azerbaijan,1961,,,,0,0
AZE,Azerbaijan,1962,,,,0,0
AZE,Azerbaijan,1963,,,,0,0
AZE,Azerbaijan,1964,,,,0,0
AZE,Azerbaijan,1965,,,,0,0
AZE,Azerbaijan,1966,,,,0,0
AZE,Azerbaijan,1967,,,,0,0
AZE,Azerbaijan,1968,,,,0,0
AZE,Azerbaijan,1969,,,,0,0
AZE,Azerbaijan,1970,,,,0,0
AZE,Azerbaijan,1971,,,,0,0
AZE,Azerbaijan,1972,,,,0,0
AZE,Azerbaijan,1973,,,,0,0
AZE,Azerbaijan,1974,,,,0,0
AZE,Azerbaijan,1975,,,,0,0
AZE,Azerbaijan,1976,,,,0,0
AZE,Azerbaijan,1977,,,,0,0
AZE,Azerbaijan,1978,,,,0,0
AZE,Azerbaijan,1979,,,,0,0
AZE,Azerbaijan,1980,,,,0,0
AZE,Azerbaijan,1981,,,,0,0
AZE,Azerbaijan,1982,,,,0,0
AZE,Azerbaijan,1983,,,,0,0
AZE,Azerbaijan,1984,,,,0,0
AZE,Azerbaijan,1985,,,,0,0
AZE,Azerbaijan,1986,,,,0,0
AZE,Azerbaijan,1987,,,,0,0
AZE,Azerbaijan,1988,,,,0,0
AZE,Azerbaijan,1989,,,,0,0
AZE,Azerbaijan,1990,,,,0,0
AZE,Azerbaijan,1991,,,,0,0
AZE,Azerbaijan,1992,,,,0,0
AZE,Azerbaijan,1993,,,,0,0
AZE,Azerbaijan,1994,23.9,,,1,0
AZE,Azerbaijan,1995,41.53,,,1,0
AZE,Azerbaijan,1996,37.98,,,1,0
AZE,Azerbaijan,1997,37.98,,,1,0
AZE,Azerbaijan,1998,,,,0,0
AZE,Azerbaijan,1999,,,,0,0
AZE,Azerbaijan,2000,,,,0,0
AZE,Azerbaijan,2001,,,,0,0
AZE,Azerbaijan,2002,,,,0,0
AZE,Azerbaijan,2003,,,,0,0
AZE,Azerbaijan,2004,74.82,,,1,0
AZE,Azerbaijan,2005,,,,0,0
AZE,Azerbaijan,2006,,,,0,0
AZE,Azerbaijan,2007,,,,0,0
AZE,Azerbaijan,2008,,,,0,0
AZE,Azerbaijan,2009,,,,0,0
AZE,Azerbaijan,2010,,,,0,0
AZE,Azerbaijan,2011,,,,0,0
AZE,Azerbaijan,2012,,,,0,0
AZE,Azerbaijan,2013,,,,0,0
AZE,Azerbaijan,2014,,,,0,0
AZE,Azerbaijan,2015,,,,0,0
AZE,Azerbaijan,2016,,,,0,0
AZE,Azerbaijan,2017,,,,0,0
AZE,Azerbaijan,2018,,,,0,0
AZE,Azerbaijan,2019,,,,0,0
AZE,Azerbaijan,2020,0.36,,,1,0
AZE,Azerbaijan,2021,,,,0,0
AZE,Azerbaijan,2022,,,,0,0
AZE,Azerbaijan,2023,,,,0,0
BHS,Bahamas,1960,,,,0,0
BHS,Bahamas,1961,,,,0,0
BHS,Bahamas,1962,,,,0,0
BHS,Bahamas,1963,,,,0,0
BHS,Bahamas,1964,,,,0,0
BHS,Bahamas,1965,,,,0,0
BHS,Bahamas,1966,,,,0,0
BHS,Bahamas,1967,,,,0,0
BHS,Bahamas,1968,,,,0,0
BHS,Bahamas,1969,,,,0,0
BHS,Bahamas,1970,,,,0,0
BHS,Bahamas,1971,,,,0,0
BHS,Bahamas,1972,,,,0,0
BHS,Bahamas,1973,,,,0,0
BHS,Bahamas,1974,,,,0,0
BHS,Bahamas,1975,,,,0,0
BHS,Bahamas,1976,,,,0,0
BHS,Bahamas,1977,,,,0,0
BHS,Bahamas,1978,,,,0,0
BHS,Bahamas,1979,,,,0,0
BHS,Bahamas,1980,,,,0,0
BHS,Bahamas,1981,,,,0,0
BHS,Bahamas,1982,,,,0,0
BHS,Bahamas,1983,,,,0,0
BHS,Bahamas,1984,,,,0,0
BHS,Bahamas,1985,,,,0,0
BHS,Bahamas,1986,,,,0,0
BHS,Bahamas,1987,,,,0,0
BHS,Bahamas,1988,,,,0,0
BHS,Bahamas,1989,,,,0,0
BHS,Bahamas,1990,,,,0,0
BHS,Bahamas,1991,,,,0,0
BHS,Bahamas,1992,,,,0,0
BHS,Bahamas,1993,,,,0,0
BHS,Bahamas,1994,,,,0,0
BHS,Bahamas,1995,,,,0,0
BHS,Bahamas,1996,,,,0,0
BHS,Bahamas,1997,,,,0,0
BHS,Bahamas,1998,,,,0,0
BHS,Bahamas,1999,,,,0,0
BHS,Bahamas,2000,,,,0,0
BHS,Bahamas,2001,,,,0,0
BHS,Bahamas,2002,,,,0,0
BHS,Bahamas,2003,,,,0,0
BHS,Bahamas,2004,,,,0,0
BHS,Bahamas,2005,,,,0,0
BHS,Bahamas,2006,,,,0,0
BHS,Bahamas,2007,,,,0,0
BHS,Bahamas,2008,,,,0,0
BHS,Bahamas,2009,,,,0,0
BHS,Bahamas,2010,,,,0,0
BHS,Bahamas,2011,,,,0,0
BHS,Bahamas,2012,,,,0,0
BHS,Bahamas,2013,,,,0,0
BHS,Bahamas,2014,,,,0,0
BHS,Bahamas,2015,,,,0,0
BHS,Bahamas,2016,,,,0,0
BHS,Bahamas,2017,,,,0,0
BHS,Bahamas,2018,,,,0,0
BHS,Bahamas,2019,,,,0,0
BHS,Bahamas,2020,,,,0,0
BHS,Bahamas,2021,,,,0,0
BHS,Bahamas,2022,,,,0,0
BHS,Bahamas,2023,,,,0,0
BGD,Bangladesh,1960,,,,0,0
BGD,Bangladesh,1961,,,,0,0
BGD,Bangladesh,1962,,,,0,0
BGD,Bangladesh,1963,,,,0,0
BGD,Bangladesh,1964,,,,0,0
BGD,Bangladesh,1965,,,,0,0
BGD,Bangladesh,1966,,,,0,0
BGD,Bangladesh,1967,,,,0,0
BGD,Bangladesh,1968,,,,0,0
BGD,Bangladesh,1969,,,,0,0
BGD,Bangladesh,1970,,,,0,0
BGD,Bangladesh,1971,,,,0,0
BGD,Bangladesh,1972,,,,0,0
BGD,Bangladesh,1973,0.53,,,1,0
BGD,Bangladesh,1974,1.03,,,1,0
BGD,Bangladesh,1975,2.03,0.0,,1,0
BGD,Bangladesh,1976,3.23,0.01,,1,1
BGD,Bangladesh,1977,4.05,,,1,0
BGD,Bangladesh,1978,5.46,0.16,,1,1
BGD,Bangladesh,1979,1.28,,,1,0
BGD,Bangladesh,1980,0.24,,,1,0
BGD,Bangladesh,1981,0.26,,,1,0
BGD,Bangladesh,1982,0.27,,,1,0
BGD,Bangladesh,1983,0.29,,,1,0
BGD,Bangladesh,1984,0.27,,,1,0
BGD,Bangladesh,1985,2.0,,0.8,1,0
BGD,Bangladesh,1986,4.67,,2.1,1,0
BGD,Bangladesh,1987,10.99,0.05,2.8,1,1
BGD,Bangladesh,1988,12.3,0.08,3.4,1,1
BGD,Bangladesh,1989,13.91,0.01,3.5,1,1
BGD,Bangladesh,1990,16.22,0.48,3.7,1,1
BGD,Bangladesh,1991,314.32,1.75,5.1,1,1
BGD,Bangladesh,1992,18.38,0.3,4.3,1,1
BGD,Bangladesh,1993,22.1,0.01,4.6,1,1
BGD,Bangladesh,1994,31.36,3.94,3.7,1,1
BGD,Bangladesh,1995,28.23,0.0,,1,0
BGD,Bangladesh,1996,3.39,,,1,0
BGD,Bangladesh,1997,3.21,,,1,0
BGD,Bangladesh,1998,3.53,,,1,0
BGD,Bangladesh,1999,4.4,,,1,0
BGD,Bangladesh,2000,4.4,,,1,0
BGD,Bangladesh,2001,78.25,,,1,0
BGD,Bangladesh,2002,103.41,,1.33,1,0
BGD,Bangladesh,2003,117.81,,,1,0
BGD,Bangladesh,2004,161.54,,,1,0
BGD,Bangladesh,2005,17.25,,,1,0
BGD,Bangladesh,2006,86.39,,,1,0
BGD,Bangladesh,2007,259.55,48.21,,1,1
BGD,Bangladesh,2008,535.84,,9.0,1,0
BGD,Bangladesh,2009,7.32,,7.32,1,0
BGD,Bangladesh,2010,256.31,,103.0,1,0
BGD,Bangladesh,2011,16.46,,,1,0
BGD,Bangladesh,2012,63.37,,4.6,1,0
BGD,Bangladesh,2013,26.68,,,1,0
BGD,Bangladesh,2014,8.87,,,1,0
BGD,Bangladesh,2015,,,,0,0
BGD,Bangladesh,2016,,,,0,0
BGD,Bangladesh,2017,,,,0,0
BGD,Bangladesh,2018,,,,0,0
BGD,Bangladesh,2019,,,,0,0
BGD,Bangladesh,2020,,,,0,0
BGD,Bangladesh,2021,,,,0,0
BGD,Bangladesh,2022,,,,0,0
BGD,Bangladesh,2023,,,,0,0
BRB,Barbados,1960,,,,0,0
BRB,Barbados,1961,,,,0,0
BRB,Barbados,1962,,,,0,0
BRB,Barbados,1963,,,,0,0
BRB,Barbados,1964,,,,0,0
BRB,Barbados,1965,,,,0,0
BRB,Barbados,1966,,,,0,0
BRB,Barbados,1967,,,,0,0
BRB,Barbados,1968,,,,0,0
BRB,Barbados,1969,,,,0,0
BRB,Barbados,1970,,,,0,0
BRB,Barbados,1971,,,,0,0
BRB,Barbados,1972,,,,0,0
BRB,Barbados,1973,,,,0,0
BRB,Barbados,1974,,,,0,0
BRB,Barbados,1975,,,,0,0
BRB,Barbados,1976,,,,0,0
BRB,Barbados,1977,,,,0,0
BRB,Barbados,1978,,,,0,0
BRB,Barbados,1979,,,,0,0
BRB,Barbados,1980,,,,0,0
BRB,Barbados,1981,,,,0,0
BRB,Barbados,1982,,,,0,0
BRB,Barbados,1983,,,,0,0
BRB,Barbados,1984,,,,0,0
BRB,Barbados,1985,,,,0,0
BRB,Barbados,1986,,,,0,0
BRB,Barbados,1987,,,,0,0
BRB,Barbados,1988,,,,0,0
BRB,Barbados,1989,,,,0,0
BRB,Barbados,1990,,,,0,0
BRB,Barbados,1991,,,,0,0
BRB,Barbados,1992,,,,0,0
BRB,Barbados,1993,,,,0,0
BRB,Barbados,1994,,,,0,0
BRB,Barbados,1995,,,,0,0
BRB,Barbados,1996,,,,0,0
BRB,Barbados,1997,,,,0,0
BRB,Barbados,1998,,,,0,0
BRB,Barbados,1999,,,,0,0
BRB,Barbados,2000,,,,0,0
BRB,Barbados,2001,,,,0,0
BRB,Barbados,2002,,,,0,0
BRB,Barbados,2003,,,,0,0
BRB,Barbados,2004,,,,0,0
BRB,Barbados,2005,,,,0,0
BRB,Barbados,2006,,,,0,0
BRB,Barbados,2007,,,,0,0
BRB,Barbados,2008,,,,0,0
BRB,Barbados,2009,,,,0,0
BRB,Barbados,2010,,,,0,0
BRB,Barbados,2011,,,,0,0
BRB,Barbados,2012,,,,0,0
BRB,Barbados,2013,,,,0,0
BRB,Barbados,2014,,,,0,0
BRB,Barbados,2015,,,,0,0
BRB,Barbados,2016,,,,0,0
BRB,Barbados,2017,,,,0,0
BRB,Barbados,2018,6960.4,,,1,0
BRB,Barbados,2019,1101.4,,,1,0
BRB,Barbados,2020,25.0,,,1,0
BRB,Barbados,2021,,,,0,0
BRB,Barbados,2022,150.5,,,1,0
BRB,Barbados,2023,,,,0,0
BLR,Belarus,1960,,,,0,0
BLR,Belarus,1961,,,,0,0
BLR,Belarus,1962,,,,0,0
BLR,Belarus,1963,,,,0,0
BLR,Belarus,1964,,,,0,0
BLR,Belarus,1965,,,,0,0
BLR,Belarus,1966,,,,0,0
BLR,Belarus,1967,,,,0,0
BLR,Belarus,1968,,,,0,0
BLR,Belarus,1969,,,,0,0
BLR,Belarus,1970,,,,0,0
BLR,Belarus,1971,,,,0,0
BLR,Belarus,1972,,,,0,0
BLR,Belarus,1973,,,,0,0
BLR,Belarus,1974,,,,0,0
BLR,Belarus,1975,,,,0,0
BLR,Belarus,1976,,,,0,0
BLR,Belarus,1977,,,,0,0
BLR,Belarus,1978,,,,0,0
BLR,Belarus,1979,,,,0,0
BLR,Belarus,1980,,,,0,0
BLR,Belarus,1981,,,,0,0
BLR,Belarus,1982,,,,0,0
BLR,Belarus,1983,,,,0,0
BLR,Belarus,1984,,,,0,0
BLR,Belarus,1985,,,,0,0
BLR,Belarus,1986,,,,0,0
BLR,Belarus,1987,,,,0,0
BLR,Belarus,1988,,,,0,0
BLR,Belarus,1989,,,,0,0
BLR,Belarus,1990,,,,0,0
BLR,Belarus,1991,,,,0,0
BLR,Belarus,1992,,,,0,0
BLR,Belarus,1993,6.93,6.7,,1,1
BLR,Belarus,1994,149.76,149.76,,1,1
BLR,Belarus,1995,644.5,158.5,,1,1
BLR,Belarus,1996,315.75,18.75,,1,1
BLR,Belarus,1997,158.1,2.1,,1,1
BLR,Belarus,1998,453.07,6.07,,1,1
BLR,Belarus,1999,400.96,14.96,,1,1
BLR,Belarus,2000,464.41,2.41,,1,1
BLR,Belarus,2001,242.95,3.95,,1,1
BLR,Belarus,2002,210.91,1.91,,1,1
BLR,Belarus,2003,193.53,0.53,,1,1
BLR,Belarus,2004,167.51,0.51,,1,1
BLR,Belarus,2005,137.64,37.64,,1,1
BLR,Belarus,2006,26.32,26.32,,1,1
BLR,Belarus,2007,11.9,11.9,,1,1
BLR,Belarus,2008,5.48,5.48,,1,1
BLR,Belarus,2009,37.06,21.76,15.3,1,1
BLR,Belarus,2010,10.64,10.64,,1,1
BLR,Belarus,2011,16.1,16.1,,1,1
BLR,Belarus,2012,12.23,12.23,,1,1
BLR,Belarus,2013,12.46,12.46,,1,1
BLR,Belarus,2014,15.22,15.22,,1,1
BLR,Belarus,2015,14.52,14.52,,1,1
BLR,Belarus,2016,11.49,11.49,,1,1
BLR,Belarus,2017,11.61,11.61,,1,1
BLR,Belarus,2018,12.16,12.16,,1,1
BLR,Belarus,2019,14.63,14.63,,1,1
BLR,Belarus,2020,218.5,,218.5,1,0
BLR,Belarus,2021,,,,0,0
BLR,Belarus,2022,13493.5,25.0,48.0,1,1
BLR,Belarus,2023,14436.0,30.0,48.0,1,1
BLZ,Belize,1960,,,,0,0
BLZ,Belize,1961,,,,0,0
BLZ,Belize,1962,,,,0,0
BLZ,Belize,1963,,,,0,0
BLZ,Belize,1964,,,,0,0
BLZ,Belize,1965,,,,0,0
BLZ,Belize,1966,,,,0,0
BLZ,Belize,1967,,,,0,0
BLZ,Belize,1968,,,,0,0
BLZ,Belize,1969,,,,0,0
BLZ,Belize,1970,,,,0,0
BLZ,Belize,1971,,,,0,0
BLZ,Belize,1972,,,,0,0
BLZ,Belize,1973,,,,0,0
BLZ,Belize,1974,,,,0,0
BLZ,Belize,1975,,,,0,0
BLZ,Belize,1976,,,,0,0
BLZ,Belize,1977,,,,0,0
BLZ,Belize,1978,,,,0,0
BLZ,Belize,1979,,,,0,0
BLZ,Belize,1980,,,,0,0
BLZ,Belize,1981,0.2,,,1,0
BLZ,Belize,1982,0.47,,,1,0
BLZ,Belize,1983,3.23,0.03,,1,1
BLZ,Belize,1984,6.14,1.37,,1,1
BLZ,Belize,1985,3.09,0.02,,1,1
BLZ,Belize,1986,2.7,0.79,,1,1
BLZ,Belize,1987,2.46,1.29,,1,1
BLZ,Belize,1988,3.56,1.66,,1,1
BLZ,Belize,1989,2.64,1.29,,1,1
BLZ,Belize,1990,12.01,1.68,,1,1
BLZ,Belize,1991,1.76,0.0,,1,0
BLZ,Belize,1992,3.05,0.07,,1,1
BLZ,Belize,1993,4.72,1.41,,1,1
BLZ,Belize,1994,8.27,3.16,,1,1
BLZ,Belize,1995,1.55,0.3,,1,1
BLZ,Belize,1996,1.18,,,1,0
BLZ,Belize,1997,0.01,,,1,0
BLZ,Belize,1998,,,,0,0
BLZ,Belize,1999,0.0,0.0,,0,0
BLZ,Belize,2000,,,,0,0
BLZ,Belize,2001,0.01,,,1,0
BLZ,Belize,2002,1.9,1.06,,1,1
BLZ,Belize,2003,0.98,0.1,,1,1
BLZ,Belize,2004,1.31,0.06,,1,1
BLZ,Belize,2005,8.72,2.98,,1,1
BLZ,Belize,2006,555.13,1.48,,1,1
BLZ,Belize,2007,558.27,1.31,,1,1
BLZ,Belize,2008,14.77,1.19,,1,1
BLZ,Belize,2009,10.76,1.09,,1,1
BLZ,Belize,2010,7.81,1.08,,1,1
BLZ,Belize,2011,8.27,0.86,,1,1
BLZ,Belize,2012,550.2,0.89,,1,1
BLZ,Belize,2013,1105.05,4.38,,1,1
BLZ,Belize,2014,6.03,,,1,0
BLZ,Belize,2015,7.28,,,1,0
BLZ,Belize,2016,530.1,,,1,0
BLZ,Belize,2017,532.93,0.16,,1,1
BLZ,Belize,2018,13.52,0.57,,1,1
BLZ,Belize,2019,22.73,,,1,0
BLZ,Belize,2020,55.6,19.69,,1,1
BLZ,Belize,2021,606.55,6.74,,1,1
BLZ,Belize,2022,219.11,,,1,0
BLZ,Belize,2023,20.0,,,1,0
BEN,Benin,1960,0.8,,,1,0
BEN,Benin,1961,0.8,,,1,0
BEN,Benin,1962,0.8,,,1,0
BEN,Benin,1963,0.8,,,1,0
BEN,Benin,1964,0.8,,,1,0
BEN,Benin,1965,4.3,,,1,0
BEN,Benin,1966,4.3,,,1,0
BEN,Benin,1967,14.0,,,1,0
BEN,Benin,1968,14.0,,,1,0
BEN,Benin,1969,14.0,,,1,0
BEN,Benin,1970,4.34,2.78,,1,1
BEN,Benin,1971,6.0,3.91,,1,1
BEN,Benin,1972,9.32,6.6,,1,1
BEN,Benin,1973,12.62,9.71,,1,1
BEN,Benin,1974,14.76,12.63,,1,1
BEN,Benin,1975,16.72,15.44,,1,1
BEN,Benin,1976,15.44,14.52,,1,1
BEN,Benin,1977,16.83,16.04,,1,1
BEN,Benin,1978,19.1,18.3,,1,1
BEN,Benin,1979,20.0,19.33,,1,1
BEN,Benin,1980,18.91,18.11,,1,1
BEN,Benin,1981,15.5,14.76,,1,1
BEN,Benin,1982,5.0,3.41,,1,1
BEN,Benin,1983,44.91,36.37,,1,1
BEN,Benin,1984,87.57,68.73,,1,1
BEN,Benin,1985,166.75,137.47,,1,1
BEN,Benin,1986,265.93,222.88,,1,1
BEN,Benin,1987,394.35,331.35,,1,1
BEN,Benin,1988,440.12,362.47,,1,1
BEN,Benin,1989,360.26,167.26,,1,1
BEN,Benin,1990,221.92,19.71,,1,1
BEN,Benin,1991,211.77,12.77,,1,1
BEN,Benin,1992,93.55,8.99,,1,1
BEN,Benin,1993,114.63,7.81,,1,1
BEN,Benin,1994,90.97,7.7,,1,1
BEN,Benin,1995,219.62,8.04,,1,1
BEN,Benin,1996,216.68,7.68,,1,1
BEN,Benin,1997,80.57,7.07,,1,1
BEN,Benin,1998,81.3,7.34,,1,1
BEN,Benin,1999,81.34,6.71,,1,1
BEN,Benin,2000,56.51,,1.67,1,0
BEN,Benin,2001,20.87,,2.23,1,0
BEN,Benin,2002,20.36,,2.79,1,0
BEN,Benin,2003,238.43,,3.35,1,0
BEN,Benin,2004,22.84,,3.9,1,0
BEN,Benin,2005,22.2,,4.57,1,0
BEN,Benin,2006,1085.24,,5.32,1,0
BEN,Benin,2007,14.12,,6.32,1,0
BEN,Benin,2008,22.89,,7.43,1,0
BEN,Benin,2009,61.28,,31.87,1,0
BEN,Benin,2010,60.85,,22.44,1,0
BEN,Benin,2011,62.91,,27.66,1,0
BEN,Benin,2012,75.91,,23.16,1,0
BEN,Benin,2013,83.23,,17.98,1,0
BEN,Benin,2014,54.27,,9.87,1,0
BEN,Benin,2015,82.48,,19.99,1,0
BEN,Benin,2016,74.34,,13.22,1,0
BEN,Benin,2017,80.7,,14.62,1,0
BEN,Benin,2018,84.51,0.26,13.79,1,1
BEN,Benin,2019,,,,0,0
BEN,Benin,2020,,,,0,0
BEN,Benin,2021,,,,0,0
BEN,Benin,2022,,,,0,0
BEN,Benin,2023,,,,0,0
BTN,Bhutan,1960,,,,0,0
BTN,Bhutan,1961,,,,0,0
BTN,Bhutan,1962,,,,0,0
BTN,Bhutan,1963,,,,0,0
BTN,Bhutan,1964,,,,0,0
BTN,Bhutan,1965,,,,0,0
BTN,Bhutan,1966,,,,0,0
BTN,Bhutan,1967,,,,0,0
BTN,Bhutan,1968,,,,0,0
BTN,Bhutan,1969,,,,0,0
BTN,Bhutan,1970,,,,0,0
BTN,Bhutan,1971,,,,0,0
BTN,Bhutan,1972,,,,0,0
BTN,Bhutan,1973,,,,0,0
BTN,Bhutan,1974,,,,0,0
BTN,Bhutan,1975,,,,0,0
BTN,Bhutan,1976,,,,0,0
BTN,Bhutan,1977,,,,0,0
BTN,Bhutan,1978,,,,0,0
BTN,Bhutan,1979,,,,0,0
BTN,Bhutan,1980,,,,0,0
BTN,Bhutan,1981,,,,0,0
BTN,Bhutan,1982,,,,0,0
BTN,Bhutan,1983,,,,0,0
BTN,Bhutan,1984,,,,0,0
BTN,Bhutan,1985,,,,0,0
BTN,Bhutan,1986,,,,0,0
BTN,Bhutan,1987,,,,0,0
BTN,Bhutan,1988,,,,0,0
BTN,Bhutan,1989,,,,0,0
BTN,Bhutan,1990,1.72,,,1,0
BTN,Bhutan,1991,3.54,,,1,0
BTN,Bhutan,1992,3.49,,,1,0
BTN,Bhutan,1993,2.84,,,1,0
BTN,Bhutan,1994,2.03,,,1,0
BTN,Bhutan,1995,0.81,,,1,0
BTN,Bhutan,1996,0.28,,,1,0
BTN,Bhutan,1997,,,,0,0
BTN,Bhutan,1998,,,,0,0
BTN,Bhutan,1999,,,,0,0
BTN,Bhutan,2000,,,,0,0
BTN,Bhutan,2001,,,,0,0
BTN,Bhutan,2002,,,,0,0
BTN,Bhutan,2003,,,,0,0
BTN,Bhutan,2004,,,,0,0
BTN,Bhutan,2005,8.62,,,1,0
BTN,Bhutan,2006,,,,0,0
BTN,Bhutan,2007,,,,0,0
BTN,Bhutan,2008,,,,0,0
BTN,Bhutan,2009,,,,0,0
BTN,Bhutan,2010,,,,0,0
BTN,Bhutan,2011,,,,0,0
BTN,Bhutan,2012,,,,0,0
BTN,Bhutan,2013,,,,0,0
BTN,Bhutan,2014,,,,0,0
BTN,Bhutan,2015,,,,0,0
BTN,Bhutan,2016,,,,0,0
BTN,Bhutan,2017,,,,0,0
BTN,Bhutan,2018,,,,0,0
BTN,Bhutan,2019,,,,0,0
BTN,Bhutan,2020,,,,0,0
BTN,Bhutan,2021,,,,0,0
BTN,Bhutan,2022,,,,0,0
BTN,Bhutan,2023,,,,0,0
BOL,Bolivia,1960,116.55,,,1,0
BOL,Bolivia,1961,121.19,,,1,0
BOL,Bolivia,1962,97.83,,,1,0
BOL,Bolivia,1963,102.78,,,1,0
BOL,Bolivia,1964,106.12,,,1,0
BOL,Bolivia,1965,109.76,,,1,0
BOL,Bolivia,1966,112.41,,,1,0
BOL,Bolivia,1967,72.05,,,1,0
BOL,Bolivia,1968,74.69,,,1,0
BOL,Bolivia,1969,77.33,,,1,0
BOL,Bolivia,1970,3.0,,,1,0
BOL,Bolivia,1971,5.3,0.23,,1,1
BOL,Bolivia,1972,4.13,0.26,,1,1
BOL,Bolivia,1973,6.38,0.26,,1,1
BOL,Bolivia,1974,5.42,0.26,,1,1
BOL,Bolivia,1975,5.23,0.26,,1,1
BOL,Bolivia,1976,5.23,0.26,,1,1
BOL,Bolivia,1977,5.23,0.26,,1,1
BOL,Bolivia,1978,6.66,1.57,,1,1
BOL,Bolivia,1979,26.69,11.47,,1,1
BOL,Bolivia,1980,196.2,7.25,,1,1
BOL,Bolivia,1981,558.16,50.18,,1,1
BOL,Bolivia,1982,438.08,96.82,,1,1
BOL,Bolivia,1983,735.15,147.81,,1,1
BOL,Bolivia,1984,586.73,419.75,,1,1
BOL,Bolivia,1985,891.36,648.93,,1,1
BOL,Bolivia,1986,2268.41,662.72,,1,1
BOL,Bolivia,1987,2157.83,951.0,,1,1
BOL,Bolivia,1988,958.55,57.28,,1,1
BOL,Bolivia,1989,1255.88,46.71,,1,1
BOL,Bolivia,1990,560.51,42.05,,1,1
BOL,Bolivia,1991,800.74,34.65,,1,1
BOL,Bolivia,1992,424.43,28.94,,1,1
BOL,Bolivia,1993,555.67,31.9,,1,1
BOL,Bolivia,1994,168.56,32.96,,1,1
BOL,Bolivia,1995,1402.92,24.38,,1,1
BOL,Bolivia,1996,709.13,24.38,,1,1
BOL,Bolivia,1997,442.04,9.39,,1,1
BOL,Bolivia,1998,570.39,9.39,,1,1
BOL,Bolivia,1999,76.2,0.06,,1,1
BOL,Bolivia,2000,67.1,0.06,,1,1
BOL,Bolivia,2001,685.0,,,1,0
BOL,Bolivia,2002,65.33,,,1,0
BOL,Bolivia,2003,55.66,,,1,0
BOL,Bolivia,2004,85.82,,17.0,1,0
BOL,Bolivia,2005,65.09,,4.5,1,0
BOL,Bolivia,2006,1775.37,,,1,0
BOL,Bolivia,2007,1174.78,,,1,0
BOL,Bolivia,2008,19.3,,5.0,1,0
BOL,Bolivia,2009,85.31,,,1,0
BOL,Bolivia,2010,,,,0,0
BOL,Bolivia,2011,,,,0,0
BOL,Bolivia,2012,,,,0,0
BOL,Bolivia,2013,,,,0,0
BOL,Bolivia,2014,0.44,,,1,0
BOL,Bolivia,2015,3.1,,3.1,1,0
BOL,Bolivia,2016,,,,0,0
BOL,Bolivia,2017,1.73,,0.87,1,0
BOL,Bolivia,2018,,,,0,0
BOL,Bolivia,2019,,,,0,0
BOL,Bolivia,2020,2.08,,2.0,1,0
BOL,Bolivia,2021,0.16,,,1,0
BOL,Bolivia,2022,0.24,,,1,0
BOL,Bolivia,2023,,,,0,0
BIH,Bosnia & Herzegovina,1960,,,,0,0
BIH,Bosnia & Herzegovina,1961,,,,0,0
BIH,Bosnia & Herzegovina,1962,,,,0,0
BIH,Bosnia & Herzegovina,1963,,,,0,0
BIH,Bosnia & Herzegovina,1964,,,,0,0
BIH,Bosnia & Herzegovina,1965,,,,0,0
BIH,Bosnia & Herzegovina,1966,,,,0,0
BIH,Bosnia & Herzegovina,1967,,,,0,0
BIH,Bosnia & Herzegovina,1968,,,,0,0
BIH,Bosnia & Herzegovina,1969,,,,0,0
BIH,Bosnia & Herzegovina,1970,,,,0,0
BIH,Bosnia & Herzegovina,1971,,,,0,0
BIH,Bosnia & Herzegovina,1972,,,,0,0
BIH,Bosnia & Herzegovina,1973,,,,0,0
BIH,Bosnia & Herzegovina,1974,,,,0,0
BIH,Bosnia & Herzegovina,1975,,,,0,0
BIH,Bosnia & Herzegovina,1976,,,,0,0
BIH,Bosnia & Herzegovina,1977,,,,0,0
BIH,Bosnia & Herzegovina,1978,,,,0,0
BIH,Bosnia & Herzegovina,1979,,,,0,0
BIH,Bosnia & Herzegovina,1980,,,,0,0
BIH,Bosnia & Herzegovina,1981,,,,0,0
BIH,Bosnia & Herzegovina,1982,,,,0,0
BIH,Bosnia & Herzegovina,1983,,,,0,0
BIH,Bosnia & Herzegovina,1984,,,,0,0
BIH,Bosnia & Herzegovina,1985,,,,0,0
BIH,Bosnia & Herzegovina,1986,,,,0,0
BIH,Bosnia & Herzegovina,1987,,,,0,0
BIH,Bosnia & Herzegovina,1988,,,,0,0
BIH,Bosnia & Herzegovina,1989,,,,0,0
BIH,Bosnia & Herzegovina,1990,,,,0,0
BIH,Bosnia & Herzegovina,1991,,,,0,0
BIH,Bosnia & Herzegovina,1992,975.78,,,1,0
BIH,Bosnia & Herzegovina,1993,1110.13,,,1,0
BIH,Bosnia & Herzegovina,1994,1181.36,,,1,0
BIH,Bosnia & Herzegovina,1995,2326.06,,,1,0
BIH,Bosnia & Herzegovina,1996,2493.0,,,1,0
BIH,Bosnia & Herzegovina,1997,2552.0,,,1,0
BIH,Bosnia & Herzegovina,1998,1192.0,,,1,0
BIH,Bosnia & Herzegovina,1999,1349.12,591.5,,1,1
BIH,Bosnia & Herzegovina,2000,584.24,3.3,,1,1
BIH,Bosnia & Herzegovina,2001,,,,0,0
BIH,Bosnia & Herzegovina,2002,1.69,,,1,0
BIH,Bosnia & Herzegovina,2003,,,,0,0
BIH,Bosnia & Herzegovina,2004,,,,0,0
BIH,Bosnia & Herzegovina,2005,,,,0,0
BIH,Bosnia & Herzegovina,2006,,,,0,0
BIH,Bosnia & Herzegovina,2007,,,,0,0
BIH,Bosnia & Herzegovina,2008,,,,0,0
BIH,Bosnia & Herzegovina,2009,27.56,,,1,0
BIH,Bosnia & Herzegovina,2010,,,,0,0
BIH,Bosnia & Herzegovina,2011,,,,0,0
BIH,Bosnia & Herzegovina,2012,,,,0,0
BIH,Bosnia & Herzegovina,2013,,,,0,0
BIH,Bosnia & Herzegovina,2014,,,,0,0
BIH,Bosnia & Herzegovina,2015,,,,0,0
BIH,Bosnia & Herzegovina,2016,0.6,,,1,0
BIH,Bosnia & Herzegovina,2017,14.48,,,1,0
BIH,Bosnia & Herzegovina,2018,,,,0,0
BIH,Bosnia & Herzegovina,2019,,,,0,0
BIH,Bosnia & Herzegovina,2020,45.66,,,1,0
BIH,Bosnia & Herzegovina,2021,,,,0,0
BIH,Bosnia & Herzegovina,2022,,,,0,0
BIH,Bosnia & Herzegovina,2023,,,,0,0
BWA,Botswana,1960,,,,0,0
BWA,Botswana,1961,,,,0,0
BWA,Botswana,1962,,,,0,0
BWA,Botswana,1963,,,,0,0
BWA,Botswana,1964,,,,0,0
BWA,Botswana,1965,,,,0,0
BWA,Botswana,1966,,,,0,0
BWA,Botswana,1967,,,,0,0
BWA,Botswana,1968,,,,0,0
BWA,Botswana,1969,,,,0,0
BWA,Botswana,1970,,,,0,0
BWA,Botswana,1971,,,,0,0
BWA,Botswana,1972,,,,0,0
BWA,Botswana,1973,,,,0,0
BWA,Botswana,1974,,,,0,0
BWA,Botswana,1975,,,,0,0
BWA,Botswana,1976,,,,0,0
BWA,Botswana,1977,,,,0,0
BWA,Botswana,1978,,,,0,0
BWA,Botswana,1979,0.27,,,1,0
BWA,Botswana,1980,,,,0,0
BWA,Botswana,1981,,,,0,0
BWA,Botswana,1982,,,,0,0
BWA,Botswana,1983,,,,0,0
BWA,Botswana,1984,,,,0,0
BWA,Botswana,1985,,,,0,0
BWA,Botswana,1986,0.11,,,1,0
BWA,Botswana,1987,1.81,,,1,0
BWA,Botswana,1988,0.98,0.28,,1,1
BWA,Botswana,1989,2.65,0.24,,1,1
BWA,Botswana,1990,7.27,3.1,,1,1
BWA,Botswana,1991,9.12,2.88,,1,1
BWA,Botswana,1992,12.7,3.23,,1,1
BWA,Botswana,1993,13.59,4.19,,1,1
BWA,Botswana,1994,22.06,11.43,,1,1
BWA,Botswana,1995,16.86,12.0,,1,1
BWA,Botswana,1996,1.63,,,1,0
BWA,Botswana,1997,2.06,,,1,0
BWA,Botswana,1998,4.19,,,1,0
BWA,Botswana,1999,4.2,,,1,0
BWA,Botswana,2000,4.86,,,1,0
BWA,Botswana,2001,3.83,,,1,0
BWA,Botswana,2002,1.44,,,1,0
BWA,Botswana,2003,2.84,,,1,0
BWA,Botswana,2004,1.01,,,1,0
BWA,Botswana,2005,5.49,,,1,0
BWA,Botswana,2006,27.58,,,1,0
BWA,Botswana,2007,,,,0,0
BWA,Botswana,2008,0.02,,,1,0
BWA,Botswana,2009,0.43,,0.22,1,0
BWA,Botswana,2010,,,,0,0
BWA,Botswana,2011,,,,0,0
BWA,Botswana,2012,,,,0,0
BWA,Botswana,2013,,,,0,0
BWA,Botswana,2014,,,,0,0
BWA,Botswana,2015,,,,0,0
BWA,Botswana,2016,,,,0,0
BWA,Botswana,2017,0.0,,,0,0
BWA,Botswana,2018,8.03,,8.0,1,0
BWA,Botswana,2019,0.22,,0.22,1,0
BWA,Botswana,2020,2.39,0.0,2.39,1,0
BWA,Botswana,2021,,,,0,0
BWA,Botswana,2022,,,,0,0
BWA,Botswana,2023,,,,0,0
BRA,Brazil,1960,48.0,,,1,0
BRA,Brazil,1961,811.6,70.0,,1,1
BRA,Brazil,1962,43.5,,,1,0
BRA,Brazil,1963,112.0,93.0,,1,1
BRA,Brazil,1964,416.0,,,1,0
BRA,Brazil,1965,43.0,37.0,,1,1
BRA,Brazil,1966,,,,0,0
BRA,Brazil,1967,,,,0,0
BRA,Brazil,1968,,,,0,0
BRA,Brazil,1969,,,,0,0
BRA,Brazil,1970,,,,0,0
BRA,Brazil,1971,20.8,20.8,,1,1
BRA,Brazil,1972,35.0,35.0,,1,1
BRA,Brazil,1973,40.8,40.8,,1,1
BRA,Brazil,1974,39.8,39.8,,1,1
BRA,Brazil,1975,47.37,46.6,,1,1
BRA,Brazil,1976,62.83,61.8,,1,1
BRA,Brazil,1977,137.89,136.6,,1,1
BRA,Brazil,1978,286.38,284.5,,1,1
BRA,Brazil,1979,352.69,350.0,,1,1
BRA,Brazil,1980,411.44,408.3,,1,1
BRA,Brazil,1981,439.48,430.4,,1,1
BRA,Brazil,1982,441.3,420.5,,1,1
BRA,Brazil,1983,28266.53,434.7,,1,1
BRA,Brazil,1984,26641.56,568.5,,1,1
BRA,Brazil,1985,17329.88,584.0,,1,1
BRA,Brazil,1986,54301.69,750.4,,1,1
BRA,Brazil,1987,98751.7,3948.7,,1,1
BRA,Brazil,1988,68315.1,615.1,,1,1
BRA,Brazil,1989,85564.52,3905.9,,1,1
BRA,Brazil,1990,148584.7,11271.7,,1,1
BRA,Brazil,1991,91440.6,12792.6,,1,1
BRA,Brazil,1992,31888.5,7109.5,,1,1
BRA,Brazil,1993,63096.48,10135.5,,1,1
BRA,Brazil,1994,92622.26,2881.0,,1,1
BRA,Brazil,1995,5450.46,3386.0,,1,1
BRA,Brazil,1996,4901.75,3177.9,,1,1
BRA,Brazil,1997,10851.41,2638.1,,1,1
BRA,Brazil,1998,3561.11,2930.6,,1,1
BRA,Brazil,1999,10647.55,1938.7,,1,1
BRA,Brazil,2000,14955.63,1291.7,,1,1
BRA,Brazil,2001,,,,0,0
BRA,Brazil,2002,,,,0,0
BRA,Brazil,2003,0.2,0.2,,1,1
BRA,Brazil,2004,0.02,,,1,0
BRA,Brazil,2005,4274.21,,,1,0
BRA,Brazil,2006,104.84,,,1,0
BRA,Brazil,2007,24.1,0.1,,1,1
BRA,Brazil,2008,56.43,0.2,,1,1
BRA,Brazil,2009,47.9,0.1,,1,1
BRA,Brazil,2010,83.76,0.4,,1,1
BRA,Brazil,2011,1.9,0.53,,1,1
BRA,Brazil,2012,1.47,0.41,,1,1
BRA,Brazil,2013,102.53,35.45,,1,1
BRA,Brazil,2014,649.41,16.38,,1,1
BRA,Brazil,2015,40.64,,,1,0
BRA,Brazil,2016,5.99,,,1,0
BRA,Brazil,2017,21.42,1.2,,1,1
BRA,Brazil,2018,38175.3,,,1,0
BRA,Brazil,2019,13.51,,,1,0
BRA,Brazil,2020,8.77,,,1,0
BRA,Brazil,2021,8.56,,,1,0
BRA,Brazil,2022,12564.3,,,1,0
BRA,Brazil,2023,,,,0,0
BGR,Bulgaria,1960,131.69,,,1,0
BGR,Bulgaria,1961,133.78,,,1,0
BGR,Bulgaria,1962,135.86,,,1,0
BGR,Bulgaria,1963,137.95,,,1,0
BGR,Bulgaria,1964,140.04,,,1,0
BGR,Bulgaria,1965,142.12,,,1,0
BGR,Bulgaria,1966,144.21,,,1,0
BGR,Bulgaria,1967,128.22,,,1,0
BGR,Bulgaria,1968,130.07,,,1,0
BGR,Bulgaria,1969,131.93,,,1,0
BGR,Bulgaria,1970,133.32,,,1,0
BGR,Bulgaria,1971,141.82,,,1,0
BGR,Bulgaria,1972,134.61,,,1,0
BGR,Bulgaria,1973,135.46,,,1,0
BGR,Bulgaria,1974,137.77,,,1,0
BGR,Bulgaria,1975,124.14,,,1,0
BGR,Bulgaria,1976,108.65,,,1,0
BGR,Bulgaria,1977,118.75,,,1,0
BGR,Bulgaria,1978,127.51,,,1,0
BGR,Bulgaria,1979,140.07,,,1,0
BGR,Bulgaria,1980,123.81,,,1,0
BGR,Bulgaria,1981,101.2,,,1,0
BGR,Bulgaria,1982,87.22,,,1,0
BGR,Bulgaria,1983,77.81,,,1,0
BGR,Bulgaria,1984,65.44,,,1,0
BGR,Bulgaria,1985,80.02,,,1,0
BGR,Bulgaria,1986,80.85,,,1,0
BGR,Bulgaria,1987,103.8,,,1,0
BGR,Bulgaria,1988,,,,0,0
BGR,Bulgaria,1989,3.06,3.06,,1,1
BGR,Bulgaria,1990,6484.85,,,1,0
BGR,Bulgaria,1991,7651.0,,,1,0
BGR,Bulgaria,1992,8235.3,,,1,0
BGR,Bulgaria,1993,8222.06,,,1,0
BGR,Bulgaria,1994,14448.0,,,1,0
BGR,Bulgaria,1995,348.03,275.02,,1,1
BGR,Bulgaria,1996,231.7,175.53,,1,1
BGR,Bulgaria,1997,514.56,474.1,,1,1
BGR,Bulgaria,1998,267.3,236.01,,1,1
BGR,Bulgaria,1999,337.15,185.16,,1,1
BGR,Bulgaria,2000,18.1,6.53,,1,1
BGR,Bulgaria,2001,226.59,24.63,,1,1
BGR,Bulgaria,2002,22.74,15.79,,1,1
BGR,Bulgaria,2003,4.51,,,1,0
BGR,Bulgaria,2004,38.6,38.6,,1,1
BGR,Bulgaria,2005,72.17,,,1,0
BGR,Bulgaria,2006,14.25,,,1,0
BGR,Bulgaria,2007,19.61,,,1,0
BGR,Bulgaria,2008,86.32,,,1,0
BGR,Bulgaria,2009,122.89,,,1,0
BGR,Bulgaria,2010,,,,0,0
BGR,Bulgaria,2011,,,,0,0
BGR,Bulgaria,2012,,,,0,0
BGR,Bulgaria,2013,0.95,,,1,0
BGR,Bulgaria,2014,0.03,,,1,0
BGR,Bulgaria,2015,,,,0,0
BGR,Bulgaria,2016,,,,0,0
BGR,Bulgaria,2017,,,,0,0
BGR,Bulgaria,2018,,,,0,0
BGR,Bulgaria,2019,,,,0,0
BGR,Bulgaria,2020,,,,0,0
BGR,Bulgaria,2021,,,,0,0
BGR,Bulgaria,2022,0.01,,,1,0
BGR,Bulgaria,2023,,,,0,0
BFA,Burkina Faso,1960,,,,0,0
BFA,Burkina Faso,1961,,,,0,0
BFA,Burkina Faso,1962,,,,0,0
BFA,Burkina Faso,1963,,,,0,0
BFA,Burkina Faso,1964,,,,0,0
BFA,Burkina Faso,1965,,,,0,0
BFA,Burkina Faso,1966,,,,0,0
BFA,Burkina Faso,1967,,,,0,0
BFA,Burkina Faso,1968,,,,0,0
BFA,Burkina Faso,1969,,,,0,0
BFA,Burkina Faso,1970,,,,0,0
BFA,Burkina Faso,1971,,,,0,0
BFA,Burkina Faso,1972,,,,0,0
BFA,Burkina Faso,1973,,,,0,0
BFA,Burkina Faso,1974,,,,0,0
BFA,Burkina Faso,1975,,,,0,0
BFA,Burkina Faso,1976,,,,0,0
BFA,Burkina Faso,1977,,,,0,0
BFA,Burkina Faso,1978,0.01,,,1,0
BFA,Burkina Faso,1979,0.05,,,1,0
BFA,Burkina Faso,1980,0.25,,,1,0
BFA,Burkina Faso,1981,0.24,,,1,0
BFA,Burkina Faso,1982,1.13,1.0,,1,1
BFA,Burkina Faso,1983,0.99,0.3,,1,1
BFA,Burkina Faso,1984,7.27,3.0,,1,1
BFA,Burkina Faso,1985,12.33,10.2,,1,1
BFA,Burkina Faso,1986,30.97,17.5,2.07,1,1
BFA,Burkina Faso,1987,51.93,26.0,4.13,1,1
BFA,Burkina Faso,1988,61.02,26.9,6.2,1,1
BFA,Burkina Faso,1989,255.91,30.5,6.52,1,1
BFA,Burkina Faso,1990,90.52,36.9,7.36,1,1
BFA,Burkina Faso,1991,129.3,6.8,2.38,1,1
BFA,Burkina Faso,1992,52.44,2.9,2.16,1,1
BFA,Burkina Faso,1993,55.59,2.1,4.66,1,1
BFA,Burkina Faso,1994,171.26,3.1,4.93,1,1
BFA,Burkina Faso,1995,63.94,4.1,6.76,1,1
BFA,Burkina Faso,1996,77.63,5.1,8.53,1,1
BFA,Burkina Faso,1997,40.84,5.0,10.32,1,1
BFA,Burkina Faso,1998,47.26,5.9,12.08,1,1
BFA,Burkina Faso,1999,44.01,5.0,12.63,1,1
BFA,Burkina Faso,2000,184.7,4.7,15.29,1,1
BFA,Burkina Faso,2001,68.4,1.4,15.84,1,1
BFA,Burkina Faso,2002,101.7,1.7,17.1,1,1
BFA,Burkina Faso,2003,81.08,,16.58,1,0
BFA,Burkina Faso,2004,181.39,,18.05,1,0
BFA,Burkina Faso,2005,94.11,,21.32,1,0
BFA,Burkina Faso,2006,1327.72,,22.04,1,0
BFA,Burkina Faso,2007,38.11,,23.56,1,0
BFA,Burkina Faso,2008,40.63,,25.18,1,0
BFA,Burkina Faso,2009,36.38,,25.2,1,0
BFA,Burkina Faso,2010,40.27,,25.98,1,0
BFA,Burkina Faso,2011,34.24,,27.31,1,0
BFA,Burkina Faso,2012,34.34,,27.36,1,0
BFA,Burkina Faso,2013,35.18,,28.2,1,0
BFA,Burkina Faso,2014,35.1,,28.12,1,0
BFA,Burkina Faso,2015,34.63,,26.51,1,0
BFA,Burkina Faso,2016,79.81,,24.76,1,0
BFA,Burkina Faso,2017,87.34,,26.43,1,0
BFA,Burkina Faso,2018,83.52,,25.11,1,0
BFA,Burkina Faso,2019,82.61,,24.63,1,0
BFA,Burkina Faso,2020,99.82,,26.33,1,0
BFA,Burkina Faso,2021,100.82,,27.01,1,0
BFA,Burkina Faso,2022,80.02,,25.59,1,0
BFA,Burkina Faso,2023,61.0,,,1,0
BDI,Burundi,1960,,,,0,0
BDI,Burundi,1961,,,,0,0
BDI,Burundi,1962,,,,0,0
BDI,Burundi,1963,,,,0,0
BDI,Burundi,1964,,,,0,0
BDI,Burundi,1965,,,,0,0
BDI,Burundi,1966,,,,0,0
BDI,Burundi,1967,,,,0,0
BDI,Burundi,1968,,,,0,0
BDI,Burundi,1969,,,,0,0
BDI,Burundi,1970,,,,0,0
BDI,Burundi,1971,0.05,,,1,0
BDI,Burundi,1972,0.16,,,1,0
BDI,Burundi,1973,0.31,,,1,0
BDI,Burundi,1974,,,,0,0
BDI,Burundi,1975,,,,0,0
BDI,Burundi,1976,,,,0,0
BDI,Burundi,1977,,,,0,0
BDI,Burundi,1978,,,,0,0
BDI,Burundi,1979,,,,0,0
BDI,Burundi,1980,,,,0,0
BDI,Burundi,1981,,,,0,0
BDI,Burundi,1982,2.6,,2.6,1,0
BDI,Burundi,1983,5.05,,5.05,1,0
BDI,Burundi,1984,5.39,0.03,5.37,1,1
BDI,Burundi,1985,7.32,0.76,6.25,1,1
BDI,Burundi,1986,9.83,2.63,6.72,1,1
BDI,Burundi,1987,10.97,0.93,8.06,1,1
BDI,Burundi,1988,1.73,0.23,,1,1
BDI,Burundi,1989,14.62,0.04,13.3,1,1
BDI,Burundi,1990,0.73,0.04,,1,1
BDI,Burundi,1991,0.07,0.04,,1,1
BDI,Burundi,1992,6.17,0.04,0.67,1,1
BDI,Burundi,1993,13.27,0.04,,1,1
BDI,Burundi,1994,12.71,0.04,,1,1
BDI,Burundi,1995,5.88,0.04,0.67,1,1
BDI,Burundi,1996,19.9,0.04,2.35,1,1
BDI,Burundi,1997,35.53,0.04,3.2,1,1
BDI,Burundi,1998,56.15,0.25,6.84,1,1
BDI,Burundi,1999,78.44,0.61,12.12,1,1
BDI,Burundi,2000,101.81,0.87,13.8,1,1
BDI,Burundi,2001,106.59,,16.8,1,0
BDI,Burundi,2002,131.97,,,1,0
BDI,Burundi,2003,161.46,,,1,0
BDI,Burundi,2004,140.65,0.65,,1,1
BDI,Burundi,2005,110.57,0.57,,1,1
BDI,Burundi,2006,140.39,0.63,,1,1
BDI,Burundi,2007,106.72,,15.0,1,0
BDI,Burundi,2008,117.74,,,1,0
BDI,Burundi,2009,895.65,,,1,0
BDI,Burundi,2010,48.05,,,1,0
BDI,Burundi,2011,47.85,,,1,0
BDI,Burundi,2012,4.89,,,1,0
BDI,Burundi,2013,6.52,,,1,0
BDI,Burundi,2014,5.58,,,1,0
BDI,Burundi,2015,5.98,,,1,0
BDI,Burundi,2016,5.9,,,1,0
BDI,Burundi,2017,5.56,,,1,0
BDI,Burundi,2018,5.55,,,1,0
BDI,Burundi,2019,5.58,,,1,0
BDI,Burundi,2020,8.0,,1.9,1,0
BDI,Burundi,2021,14.22,,8.0,1,0
BDI,Burundi,2022,6.47,,,1,0
BDI,Burundi,2023,6.0,,,1,0
CPV,Cabo Verde,1960,,,,0,0
CPV,Cabo Verde,1961,,,,0,0
CPV,Cabo Verde,1962,,,,0,0
CPV,Cabo Verde,1963,,,,0,0
CPV,Cabo Verde,1964,,,,0,0
CPV,Cabo Verde,1965,,,,0,0
CPV,Cabo Verde,1966,,,,0,0
CPV,Cabo Verde,1967,,,,0,0
CPV,Cabo Verde,1968,,,,0,0
CPV,Cabo Verde,1969,,,,0,0
CPV,Cabo Verde,1970,,,,0,0
CPV,Cabo Verde,1971,,,,0,0
CPV,Cabo Verde,1972,,,,0,0
CPV,Cabo Verde,1973,,,,0,0
CPV,Cabo Verde,1974,,,,0,0
CPV,Cabo Verde,1975,,,,0,0
CPV,Cabo Verde,1976,,,,0,0
CPV,Cabo Verde,1977,,,,0,0
CPV,Cabo Verde,1978,,,,0,0
CPV,Cabo Verde,1979,,,,0,0
CPV,Cabo Verde,1980,,,,0,0
CPV,Cabo Verde,1981,0.01,,,1,0
CPV,Cabo Verde,1982,0.02,,,1,0
CPV,Cabo Verde,1983,0.02,,,1,0
CPV,Cabo Verde,1984,0.09,,,1,0
CPV,Cabo Verde,1985,37.56,,,1,0
CPV,Cabo Verde,1986,43.31,0.3,,1,1
CPV,Cabo Verde,1987,48.82,0.6,,1,1
CPV,Cabo Verde,1988,54.55,0.8,,1,1
CPV,Cabo Verde,1989,63.03,1.0,,1,1
CPV,Cabo Verde,1990,80.4,1.1,,1,1
CPV,Cabo Verde,1991,69.02,0.9,,1,1
CPV,Cabo Verde,1992,66.54,1.2,,1,1
CPV,Cabo Verde,1993,68.77,1.5,,1,1
CPV,Cabo Verde,1994,68.78,1.8,,1,1
CPV,Cabo Verde,1995,70.72,2.3,,1,1
CPV,Cabo Verde,1996,27.92,2.6,,1,1
CPV,Cabo Verde,1997,24.3,2.7,,1,1
CPV,Cabo Verde,1998,84.74,,,1,0
CPV,Cabo Verde,1999,205.94,1.9,,1,1
CPV,Cabo Verde,2000,207.08,1.2,,1,1
CPV,Cabo Verde,2001,106.58,0.9,6.0,1,1
CPV,Cabo Verde,2002,31.48,0.3,,1,1
CPV,Cabo Verde,2003,24.63,,,1,0
CPV,Cabo Verde,2004,12.61,,,1,0
CPV,Cabo Verde,2005,4.05,0.6,,1,1
CPV,Cabo Verde,2006,3.16,,,1,0
CPV,Cabo Verde,2007,6.12,,2.4,1,0
CPV,Cabo Verde,2008,3.88,,,1,0
CPV,Cabo Verde,2009,3.9,,,1,0
CPV,Cabo Verde,2010,8.44,,4.55,1,0
CPV,Cabo Verde,2011,,,,0,0
CPV,Cabo Verde,2012,,,,0,0
CPV,Cabo Verde,2013,,,,0,0
CPV,Cabo Verde,2014,,,,0,0
CPV,Cabo Verde,2015,,,,0,0
CPV,Cabo Verde,2016,1.54,,1.54,1,0
CPV,Cabo Verde,2017,,,,0,0
CPV,Cabo Verde,2018,118.51,,,1,0
CPV,Cabo Verde,2019,115.06,,,1,0
CPV,Cabo Verde,2020,169.77,1.56,1.2,1,1
CPV,Cabo Verde,2021,155.24,3.24,2.91,1,1
CPV,Cabo Verde,2022,,,,0,0
CPV,Cabo Verde,2023,13.0,,,1,0
KHM,Cambodia,1960,,,,0,0
KHM,Cambodia,1961,,,,0,0
KHM,Cambodia,1962,,,,0,0
KHM,Cambodia,1963,,,,0,0
KHM,Cambodia,1964,,,,0,0
KHM,Cambodia,1965,,,,0,0
KHM,Cambodia,1966,,,,0,0
KHM,Cambodia,1967,,,,0,0
KHM,Cambodia,1968,,,,0,0
KHM,Cambodia,1969,,,,0,0
KHM,Cambodia,1970,,,,0,0
KHM,Cambodia,1971,10.0,,,1,0
KHM,Cambodia,1972,17.0,,,1,0
KHM,Cambodia,1973,11.0,,,1,0
KHM,Cambodia,1974,16.0,,,1,0
KHM,Cambodia,1975,380.0,,,1,0
KHM,Cambodia,1976,294.0,,,1,0
KHM,Cambodia,1977,298.0,,,1,0
KHM,Cambodia,1978,304.49,,,1,0
KHM,Cambodia,1979,310.03,,,1,0
KHM,Cambodia,1980,314.96,,,1,0
KHM,Cambodia,1981,319.94,,,1,0
KHM,Cambodia,1982,325.81,,,1,0
KHM,Cambodia,1983,331.66,,,1,0
KHM,Cambodia,1984,337.29,,,1,0
KHM,Cambodia,1985,347.72,,,1,0
KHM,Cambodia,1986,1033.58,,,1,0
KHM,Cambodia,1987,1134.32,,,1,0
KHM,Cambodia,1988,1227.3,,,1,0
KHM,Cambodia,1989,1322.29,0.5,,1,1
KHM,Cambodia,1990,1362.8,0.6,,1,1
KHM,Cambodia,1991,2006.8,0.6,,1,1
KHM,Cambodia,1992,752.09,0.4,,1,1
KHM,Cambodia,1993,849.77,0.4,,1,1
KHM,Cambodia,1994,927.32,0.4,,1,1
KHM,Cambodia,1995,1225.72,0.42,,1,1
KHM,Cambodia,1996,883.89,,,1,0
KHM,Cambodia,1997,1010.87,,1.0,1,0
KHM,Cambodia,1998,940.0,,1.59,1,0
KHM,Cambodia,1999,1265.6,,1.5,1,0
KHM,Cambodia,2000,1408.3,,1.5,1,0
KHM,Cambodia,2001,1463.7,,1.5,1,0
KHM,Cambodia,2002,1551.4,,200.0,1,0
KHM,Cambodia,2003,1609.39,,0.9,1,0
KHM,Cambodia,2004,1672.0,,0.4,1,0
KHM,Cambodia,2005,1729.2,,0.4,1,0
KHM,Cambodia,2006,1787.11,,,1,0
KHM,Cambodia,2007,1774.06,,,1,0
KHM,Cambodia,2008,1949.31,,,1,0
KHM,Cambodia,2009,1956.09,,,1,0
KHM,Cambodia,2010,1767.34,,4.36,1,0
KHM,Cambodia,2011,1969.97,,,1,0
KHM,Cambodia,2012,1982.67,,5.61,1,0
KHM,Cambodia,2013,1990.87,,6.6,1,0
KHM,Cambodia,2014,1998.18,,6.6,1,0
KHM,Cambodia,2015,1999.0,,,1,0
KHM,Cambodia,2016,2006.54,,94.49,1,0
KHM,Cambodia,2017,2014.19,,,1,0
KHM,Cambodia,2018,2025.0,,,1,0
KHM,Cambodia,2019,633.0,,,1,0
KHM,Cambodia,2020,633.0,,,1,0
KHM,Cambodia,2021,629.0,,,1,0
KHM,Cambodia,2022,631.0,,,1,0
KHM,Cambodia,2023,633.0,,,1,0
CMR,Cameroon,1960,,,,0,0
CMR,Cameroon,1961,,,,0,0
CMR,Cameroon,1962,,,,0,0
CMR,Cameroon,1963,,,,0,0
CMR,Cameroon,1964,,,,0,0
CMR,Cameroon,1965,,,,0,0
CMR,Cameroon,1966,,,,0,0
CMR,Cameroon,1967,,,,0,0
CMR,Cameroon,1968,,,,0,0
CMR,Cameroon,1969,,,,0,0
CMR,Cameroon,1970,,,,0,0
CMR,Cameroon,1971,,,,0,0
CMR,Cameroon,1972,0.01,,,1,0
CMR,Cameroon,1973,0.05,,,1,0
CMR,Cameroon,1974,2.96,,,1,0
CMR,Cameroon,1975,1.61,,,1,0
CMR,Cameroon,1976,,,,0,0
CMR,Cameroon,1977,1.32,,,1,0
CMR,Cameroon,1978,0.87,,,1,0
CMR,Cameroon,1979,19.14,18.11,,1,1
CMR,Cameroon,1980,16.13,11.13,,1,1
CMR,Cameroon,1981,22.18,18.93,,1,1
CMR,Cameroon,1982,28.8,23.32,,1,1
CMR,Cameroon,1983,32.8,28.48,,1,1
CMR,Cameroon,1984,36.69,31.92,,1,1
CMR,Cameroon,1985,405.9,,,1,0
CMR,Cameroon,1986,444.03,,,1,0
CMR,Cameroon,1987,515.84,,5.76,1,0
CMR,Cameroon,1988,645.49,,13.21,1,0
CMR,Cameroon,1989,1110.09,,5.85,1,0
CMR,Cameroon,1990,837.49,,3.63,1,0
CMR,Cameroon,1991,1107.06,,13.85,1,0
CMR,Cameroon,1992,1762.33,135.0,22.88,1,1
CMR,Cameroon,1993,1289.04,,32.4,1,0
CMR,Cameroon,1994,3419.3,,22.99,1,0
CMR,Cameroon,1995,2040.49,,23.81,1,0
CMR,Cameroon,1996,1921.25,,24.58,1,0
CMR,Cameroon,1997,2264.6,,25.36,1,0
CMR,Cameroon,1998,1041.54,,,1,0
CMR,Cameroon,1999,1064.11,,,1,0
CMR,Cameroon,2000,984.33,,55.0,1,0
CMR,Cameroon,2001,2016.25,,23.0,1,0
CMR,Cameroon,2002,1076.52,,70.0,1,0
CMR,Cameroon,2003,1280.77,,,1,0
CMR,Cameroon,2004,2189.45,221.49,,1,1
CMR,Cameroon,2005,5536.5,330.5,,1,1
CMR,Cameroon,2006,6278.89,481.73,,1,1
CMR,Cameroon,2007,364.5,38.65,32.0,1,1
CMR,Cameroon,2008,92.55,58.92,,1,1
CMR,Cameroon,2009,79.47,45.87,,1,1
CMR,Cameroon,2010,145.59,46.03,4.0,1,1
CMR,Cameroon,2011,0.0,,,0,0
CMR,Cameroon,2012,64.02,0.36,,1,1
CMR,Cameroon,2013,178.78,1.83,,1,1
CMR,Cameroon,2014,26.99,,,1,0
CMR,Cameroon,2015,2.85,,,1,0
CMR,Cameroon,2016,452.41,,,1,0
CMR,Cameroon,2017,29.94,7.01,,1,1
CMR,Cameroon,2018,95.95,17.55,78.4,1,1
CMR,Cameroon,2019,584.52,98.45,480.4,1,1
CMR,Cameroon,2020,516.12,0.14,55.0,1,1
CMR,Cameroon,2021,1079.26,2.27,461.0,1,1
CMR,Cameroon,2022,102.18,1.96,,1,1
CMR,Cameroon,2023,109.0,16.0,24.0,1,1
CAF,Central African Republic,1960,,,,0,0
CAF,Central African Republic,1961,,,,0,0
CAF,Central African Republic,1962,,,,0,0
CAF,Central African Republic,1963,,,,0,0
CAF,Central African Republic,1964,,,,0,0
CAF,Central African Republic,1965,,,,0,0
CAF,Central African Republic,1966,,,,0,0
CAF,Central African Republic,1967,,,,0,0
CAF,Central African Republic,1968,,,,0,0
CAF,Central African Republic,1969,,,,0,0
CAF,Central African Republic,1970,0.39,0.15,,1,1
CAF,Central African Republic,1971,1.43,0.45,,1,1
CAF,Central African Republic,1972,2.86,1.58,,1,1
CAF,Central African Republic,1973,5.04,3.56,,1,1
CAF,Central African Republic,1974,7.88,6.23,,1,1
CAF,Central African Republic,1975,13.45,10.86,,1,1
CAF,Central African Republic,1976,21.88,16.65,,1,1
CAF,Central African Republic,1977,29.24,22.14,,1,1
CAF,Central African Republic,1978,30.72,26.0,,1,1
CAF,Central African Republic,1979,38.33,31.01,,1,1
CAF,Central African Republic,1980,54.13,35.52,,1,1
CAF,Central African Republic,1981,37.6,9.6,,1,1
CAF,Central African Republic,1982,33.72,13.2,,1,1
CAF,Central African Republic,1983,18.62,7.62,,1,1
CAF,Central African Republic,1984,7.58,4.44,,1,1
CAF,Central African Republic,1985,31.57,3.12,,1,1
CAF,Central African Republic,1986,3.8,3.1,,1,1
CAF,Central African Republic,1987,14.43,1.71,,1,1
CAF,Central African Republic,1988,60.37,3.37,,1,1
CAF,Central African Republic,1989,57.7,3.91,,1,1
CAF,Central African Republic,1990,203.52,5.52,,1,1
CAF,Central African Republic,1991,58.81,7.59,,1,1
CAF,Central African Republic,1992,78.94,10.59,,1,1
CAF,Central African Republic,1993,112.02,14.46,,1,1
CAF,Central African Republic,1994,179.08,18.29,0.79,1,1
CAF,Central African Republic,1995,118.72,17.63,1.6,1,1
CAF,Central African Republic,1996,135.1,15.44,2.41,1,1
CAF,Central African Republic,1997,142.72,14.84,0.81,1,1
CAF,Central African Republic,1998,210.45,11.45,1.61,1,1
CAF,Central African Republic,1999,187.89,13.95,2.42,1,1
CAF,Central African Republic,2000,175.44,13.89,4.3,1,1
CAF,Central African Republic,2001,172.97,13.85,4.86,1,1
CAF,Central African Republic,2002,235.79,28.54,6.29,1,1
CAF,Central African Republic,2003,335.8,37.02,3.9,1,1
CAF,Central African Republic,2004,395.38,41.49,5.43,1,1
CAF,Central African Republic,2005,434.54,41.07,7.04,1,1
CAF,Central African Republic,2006,434.87,41.38,15.06,1,1
CAF,Central African Republic,2007,357.55,41.74,10.0,1,1
CAF,Central African Republic,2008,319.6,41.55,9.43,1,1
CAF,Central African Republic,2009,873.24,41.45,9.44,1,1
CAF,Central African Republic,2010,307.57,41.21,9.73,1,1
CAF,Central African Republic,2011,241.81,44.72,,1,1
CAF,Central African Republic,2012,247.18,45.69,,1,1
CAF,Central African Republic,2013,262.2,44.85,5.4,1,1
CAF,Central African Republic,2014,260.23,42.04,6.28,1,1
CAF,Central African Republic,2015,274.08,41.77,16.63,1,1
CAF,Central African Republic,2016,282.54,41.65,21.07,1,1
CAF,Central African Republic,2017,280.75,46.45,30.48,1,1
CAF,Central African Republic,2018,252.07,46.32,43.17,1,1
CAF,Central African Republic,2019,256.95,46.63,17.92,1,1
CAF,Central African Republic,2020,238.1,7.01,35.5,1,1
CAF,Central African Republic,2021,220.79,2.65,21.66,1,1
CAF,Central African Republic,2022,216.63,2.59,25.74,1,1
CAF,Central African Republic,2023,207.0,57.0,,1,1
TCD,Chad,1960,,,,0,0
TCD,Chad,1961,,,,0,0
TCD,Chad,1962,,,,0,0
TCD,Chad,1963,,,,0,0
TCD,Chad,1964,,,,0,0
TCD,Chad,1965,,,,0,0
TCD,Chad,1966,,,,0,0
TCD,Chad,1967,,,,0,0
TCD,Chad,1968,,,,0,0
TCD,Chad,1969,,,,0,0
TCD,Chad,1970,1.84,1.74,,1,1
TCD,Chad,1971,2.14,2.14,,1,1
TCD,Chad,1972,3.26,2.89,,1,1
TCD,Chad,1973,5.64,4.82,,1,1
TCD,Chad,1974,7.53,5.41,,1,1
TCD,Chad,1975,9.33,6.16,,1,1
TCD,Chad,1976,12.04,8.44,,1,1
TCD,Chad,1977,15.68,10.52,,1,1
TCD,Chad,1978,22.53,13.47,,1,1
TCD,Chad,1979,32.28,18.57,,1,1
TCD,Chad,1980,37.69,21.73,,1,1
TCD,Chad,1981,35.87,22.17,,1,1
TCD,Chad,1982,29.91,21.3,,1,1
TCD,Chad,1983,30.45,21.68,,1,1
TCD,Chad,1984,42.77,20.96,,1,1
TCD,Chad,1985,59.65,28.32,,1,1
TCD,Chad,1986,74.89,39.53,,1,1
TCD,Chad,1987,93.92,52.3,,1,1
TCD,Chad,1988,86.27,46.63,0.29,1,1
TCD,Chad,1989,113.43,32.43,0.46,1,1
TCD,Chad,1990,39.26,5.21,0.45,1,1
TCD,Chad,1991,30.53,4.84,0.55,1,1
TCD,Chad,1992,39.4,5.15,0.35,1,1
TCD,Chad,1993,43.52,4.39,,1,1
TCD,Chad,1994,52.05,5.1,0.79,1,1
TCD,Chad,1995,115.14,2.14,1.6,1,1
TCD,Chad,1996,60.28,0.28,2.41,1,1
TCD,Chad,1997,49.12,0.26,0.81,1,1
TCD,Chad,1998,54.52,2.07,1.61,1,1
TCD,Chad,1999,55.11,2.23,2.42,1,1
TCD,Chad,2000,62.43,3.05,4.3,1,1
TCD,Chad,2001,78.35,3.35,4.86,1,1
TCD,Chad,2002,75.28,3.64,6.29,1,1
TCD,Chad,2003,73.09,3.59,3.9,1,1
TCD,Chad,2004,46.56,5.68,5.43,1,1
TCD,Chad,2005,49.78,5.73,7.04,1,1
TCD,Chad,2006,53.78,0.5,15.06,1,1
TCD,Chad,2007,31.94,2.5,,1,1
TCD,Chad,2008,35.27,4.0,,1,1
TCD,Chad,2009,37.21,4.88,,1,1
TCD,Chad,2010,51.11,4.88,,1,1
TCD,Chad,2011,48.91,2.5,,1,1
TCD,Chad,2012,39.66,3.0,,1,1
TCD,Chad,2013,39.62,2.5,,1,1
TCD,Chad,2014,1519.98,,,1,0
TCD,Chad,2015,2544.74,,,1,0
TCD,Chad,2016,96.72,,2.56,1,0
TCD,Chad,2017,141.91,,29.39,1,0
TCD,Chad,2018,1600.02,,39.62,1,0
TCD,Chad,2019,181.5,,37.27,1,0
TCD,Chad,2020,177.34,,31.39,1,0
TCD,Chad,2021,1305.2,,32.49,1,0
TCD,Chad,2022,1467.65,,31.31,1,0
TCD,Chad,2023,2320.0,200.0,305.0,1,1
CHL,Chile,1960,,,,0,0
CHL,Chile,1961,17.8,,,1,0
CHL,Chile,1962,,,,0,0
CHL,Chile,1963,15.0,,,1,0
CHL,Chile,1964,109.0,,,1,0
CHL,Chile,1965,90.0,,,1,0
CHL,Chile,1966,66.0,,,1,0
CHL,Chile,1967,,,,0,0
CHL,Chile,1968,,,,0,0
CHL,Chile,1969,,,,0,0
CHL,Chile,1970,,,,0,0
CHL,Chile,1971,53.5,32.5,,1,1
CHL,Chile,1972,562.6,16.6,,1,1
CHL,Chile,1973,399.0,107.0,,1,1
CHL,Chile,1974,560.3,45.3,,1,1
CHL,Chile,1975,281.0,42.0,,1,1
CHL,Chile,1976,,,,0,0
CHL,Chile,1977,,,,0,0
CHL,Chile,1978,,,,0,0
CHL,Chile,1979,,,,0,0
CHL,Chile,1980,,,,0,0
CHL,Chile,1981,,,,0,0
CHL,Chile,1982,,,,0,0
CHL,Chile,1983,2850.0,,,1,0
CHL,Chile,1984,4317.0,,,1,0
CHL,Chile,1985,8764.0,,,1,0
CHL,Chile,1986,7602.0,,,1,0
CHL,Chile,1987,7767.2,,,1,0
CHL,Chile,1988,7303.0,,,1,0
CHL,Chile,1989,7020.0,,,1,0
CHL,Chile,1990,6494.0,,,1,0
CHL,Chile,1991,,,,0,0
CHL,Chile,1992,,,,0,0
CHL,Chile,1993,,,,0,0
CHL,Chile,1994,,,,0,0
CHL,Chile,1995,,,,0,0
CHL,Chile,1996,,,,0,0
CHL,Chile,1997,,,,0,0
CHL,Chile,1998,,,,0,0
CHL,Chile,1999,,,,0,0
CHL,Chile,2000,,,,0,0
CHL,Chile,2001,,,,0,0
CHL,Chile,2002,,,,0,0
CHL,Chile,2003,,,,0,0
CHL,Chile,2004,,,,0,0
CHL,Chile,2005,,,,0,0
CHL,Chile,2006,,,,0,0
CHL,Chile,2007,,,,0,0
CHL,Chile,2008,,,,0,0
CHL,Chile,2009,,,,0,0
CHL,Chile,2010,,,,0,0
CHL,Chile,2011,,,,0,0
CHL,Chile,2012,,,,0,0
CHL,Chile,2013,,,,0,0
CHL,Chile,2014,,,,0,0
CHL,Chile,2015,,,,0,0
CHL,Chile,2016,,,,0,0
CHL,Chile,2017,,,,0,0
CHL,Chile,2018,,,,0,0
CHL,Chile,2019,,,,0,0
CHL,Chile,2020,,,,0,0
CHL,Chile,2021,,,,0,0
CHL,Chile,2022,,,,0,0
CHL,Chile,2023,,,,0,0
CHN,China,1960,476.0,,,1,0
CHN,China,1961,500.0,,,1,0
CHN,China,1962,525.0,,,1,0
CHN,China,1963,551.0,,,1,0
CHN,China,1964,578.0,,,1,0
CHN,China,1965,607.0,,,1,0
CHN,China,1966,638.0,,,1,0
CHN,China,1967,574.0,,,1,0
CHN,China,1968,603.0,,,1,0
CHN,China,1969,633.0,,,1,0
CHN,China,1970,664.0,,,1,0
CHN,China,1971,741.0,,,1,0
CHN,China,1972,739.0,,,1,0
CHN,China,1973,747.0,,,1,0
CHN,China,1974,781.0,,,1,0
CHN,China,1975,714.0,,,1,0
CHN,China,1976,675.0,,,1,0
CHN,China,1977,795.0,,,1,0
CHN,China,1978,911.0,,,1,0
CHN,China,1979,957.0,,,1,0
CHN,China,1980,1078.0,,,1,0
CHN,China,1981,895.0,,,1,0
CHN,China,1982,790.0,,,1,0
CHN,China,1983,746.0,,,1,0
CHN,China,1984,641.0,,,1,0
CHN,China,1985,823.0,,,1,0
CHN,China,1986,894.0,,,1,0
CHN,China,1987,1197.0,,,1,0
CHN,China,1988,,,,0,0
CHN,China,1989,,,,0,0
CHN,China,1990,,,,0,0
CHN,China,1991,,,,0,0
CHN,China,1992,,,,0,0
CHN,China,1993,,,,0,0
CHN,China,1994,,,,0,0
CHN,China,1995,0.02,,,1,0
CHN,China,1996,,,,0,0
CHN,China,1997,,,,0,0
CHN,China,1998,,,,0,0
CHN,China,1999,,,,0,0
CHN,China,2000,,,,0,0
CHN,China,2001,,,,0,0
CHN,China,2002,,,,0,0
CHN,China,2003,,,,0,0
CHN,China,2004,,,,0,0
CHN,China,2005,,,,0,0
CHN,China,2006,,,,0,0
CHN,China,2007,,,,0,0
CHN,China,2008,,,,0,0
CHN,China,2009,0.0,,,0,0
CHN,China,2010,2339.07,,,1,0
CHN,China,2011,0.0,,,0,0
CHN,China,2012,0.0,,,0,0
CHN,China,2013,0.0,,,0,0
CHN,China,2014,0.43,0.43,,1,1
CHN,China,2015,0.42,0.42,,1,1
CHN,China,2016,0.41,0.41,,1,1
CHN,China,2017,0.43,0.43,,1,1
CHN,China,2018,0.42,0.42,,1,1
CHN,China,2019,0.42,0.42,,1,1
CHN,China,2020,0.43,0.43,,1,1
CHN,China,2021,0.42,0.42,,1,1
CHN,China,2022,0.41,0.41,,1,1
CHN,China,2023,0.41,0.41,,1,1
COL,Colombia,1960,,,,0,0
COL,Colombia,1961,,,,0,0
COL,Colombia,1962,,,,0,0
COL,Colombia,1963,,,,0,0
COL,Colombia,1964,,,,0,0
COL,Colombia,1965,,,,0,0
COL,Colombia,1966,,,,0,0
COL,Colombia,1967,,,,0,0
COL,Colombia,1968,,,,0,0
COL,Colombia,1969,,,,0,0
COL,Colombia,1970,,,,0,0
COL,Colombia,1971,,,,0,0
COL,Colombia,1972,,,,0,0
COL,Colombia,1973,,,,0,0
COL,Colombia,1974,,,,0,0
COL,Colombia,1975,,,,0,0
COL,Colombia,1976,,,,0,0
COL,Colombia,1977,,,,0,0
COL,Colombia,1978,,,,0,0
COL,Colombia,1979,,,,0,0
COL,Colombia,1980,0.18,0.18,,1,1
COL,Colombia,1981,0.18,0.18,,1,1
COL,Colombia,1982,1.31,1.31,,1,1
COL,Colombia,1983,4.67,3.82,,1,1
COL,Colombia,1984,8.78,8.1,,1,1
COL,Colombia,1985,15.83,15.83,,1,1
COL,Colombia,1986,2.63,2.63,,1,1
COL,Colombia,1987,8.77,5.22,,1,1
COL,Colombia,1988,437.54,432.08,,1,1
COL,Colombia,1989,338.0,336.82,,1,1
COL,Colombia,1990,439.7,379.38,,1,1
COL,Colombia,1991,273.2,206.94,,1,1
COL,Colombia,1992,180.76,56.05,,1,1
COL,Colombia,1993,550.36,75.68,,1,1
COL,Colombia,1994,189.39,94.06,,1,1
COL,Colombia,1995,179.06,93.87,,1,1
COL,Colombia,1996,10.01,9.95,,1,1
COL,Colombia,1997,8.79,8.78,,1,1
COL,Colombia,1998,9.35,9.33,,1,1
COL,Colombia,1999,8.0,7.99,,1,1
COL,Colombia,2000,7.53,7.52,,1,1
COL,Colombia,2001,6.6,6.59,,1,1
COL,Colombia,2002,0.19,0.18,,1,1
COL,Colombia,2003,0.22,0.21,,1,1
COL,Colombia,2004,,,,0,0
COL,Colombia,2005,,,,0,0
COL,Colombia,2006,,,,0,0
COL,Colombia,2007,,,,0,0
COL,Colombia,2008,,,,0,0
COL,Colombia,2009,,,,0,0
COL,Colombia,2010,,,,0,0
COL,Colombia,2011,,,,0,0
COL,Colombia,2012,,,,0,0
COL,Colombia,2013,,,,0,0
COL,Colombia,2014,,,,0,0
COL,Colombia,2015,,,,0,0
COL,Colombia,2016,,,,0,0
COL,Colombia,2017,2796.31,,,1,0
COL,Colombia,2018,,,,0,0
COL,Colombia,2019,,,,0,0
COL,Colombia,2020,,,,0,0
COL,Colombia,2021,,,,0,0
COL,Colombia,2022,,,,0,0
COL,Colombia,2023,,,,0,0
COM,Comoros,1960,,,,0,0
COM,Comoros,1961,,,,0,0
COM,Comoros,1962,,,,0,0
COM,Comoros,1963,,,,0,0
COM,Comoros,1964,,,,0,0
COM,Comoros,1965,,,,0,0
COM,Comoros,1966,,,,0,0
COM,Comoros,1967,,,,0,0
COM,Comoros,1968,,,,0,0
COM,Comoros,1969,,,,0,0
COM,Comoros,1970,,,,0,0
COM,Comoros,1971,,,,0,0
COM,Comoros,1972,,,,0,0
COM,Comoros,1973,,,,0,0
COM,Comoros,1974,,,,0,0
COM,Comoros,1975,,,,0,0
COM,Comoros,1976,0.04,,,1,0
COM,Comoros,1977,0.39,,,1,0
COM,Comoros,1978,1.48,,,1,0
COM,Comoros,1979,2.55,,,1,0
COM,Comoros,1980,0.0,,,0,0
COM,Comoros,1981,0.05,,,1,0
COM,Comoros,1982,0.29,0.19,,1,1
COM,Comoros,1983,0.41,0.17,,1,1
COM,Comoros,1984,1.87,0.18,,1,1
COM,Comoros,1985,2.29,0.22,,1,1
COM,Comoros,1986,7.12,0.26,0.54,1,1
COM,Comoros,1987,14.51,0.32,1.07,1,1
COM,Comoros,1988,22.33,0.28,1.61,1,1
COM,Comoros,1989,55.14,,1.69,1,0
COM,Comoros,1990,37.75,,1.91,1,0
COM,Comoros,1991,34.07,,2.21,1,0
COM,Comoros,1992,30.0,,2.43,1,0
COM,Comoros,1993,26.0,,2.76,1,0
COM,Comoros,1994,28.0,,0.95,1,0
COM,Comoros,1995,36.0,,1.2,1,0
COM,Comoros,1996,43.0,,1.21,1,0
COM,Comoros,1997,45.0,,1.21,1,0
COM,Comoros,1998,51.0,,1.21,1,0
COM,Comoros,1999,57.0,,1.21,1,0
COM,Comoros,2000,56.0,,1.21,1,0
COM,Comoros,2001,81.0,,5.0,1,0
COM,Comoros,2002,89.15,,1.21,1,0
COM,Comoros,2003,92.3,,1.21,1,0
COM,Comoros,2004,107.31,,1.21,1,0
COM,Comoros,2005,103.08,,3.0,1,0
COM,Comoros,2006,108.77,,1.28,1,0
COM,Comoros,2007,111.18,,1.37,1,0
COM,Comoros,2008,28.17,,,1,0
COM,Comoros,2009,38.91,,,1,0
COM,Comoros,2010,64.51,,,1,0
COM,Comoros,2011,23.33,,,1,0
COM,Comoros,2012,51.43,,,1,0
COM,Comoros,2013,156.84,,,1,0
COM,Comoros,2014,5.26,,,1,0
COM,Comoros,2015,6.18,,,1,0
COM,Comoros,2016,7.34,,,1,0
COM,Comoros,2017,8.16,,1.43,1,0
COM,Comoros,2018,9.42,,,1,0
COM,Comoros,2019,10.89,,,1,0
COM,Comoros,2020,14.45,,,1,0
COM,Comoros,2021,15.4,,2.5,1,0
COM,Comoros,2022,11.56,,,1,0
COM,Comoros,2023,13.0,,,1,0
CRI,Costa Rica,1960,,,,0,0
CRI,Costa Rica,1961,,,,0,0
CRI,Costa Rica,1962,3.0,,,1,0
CRI,Costa Rica,1963,,,,0,0
CRI,Costa Rica,1964,,,,0,0
CRI,Costa Rica,1965,3.0,,,1,0
CRI,Costa Rica,1966,,,,0,0
CRI,Costa Rica,1967,,,,0,0
CRI,Costa Rica,1968,,,,0,0
CRI,Costa Rica,1969,,,,0,0
CRI,Costa Rica,1970,,,,0,0
CRI,Costa Rica,1971,0.01,0.0,,1,0
CRI,Costa Rica,1972,,,,0,0
CRI,Costa Rica,1973,0.21,0.21,,1,1
CRI,Costa Rica,1974,,,,0,0
CRI,Costa Rica,1975,,,,0,0
CRI,Costa Rica,1976,,,,0,0
CRI,Costa Rica,1977,0.62,,,1,0
CRI,Costa Rica,1978,0.91,0.01,,1,1
CRI,Costa Rica,1979,0.02,0.01,,1,1
CRI,Costa Rica,1980,2.42,1.66,,1,1
CRI,Costa Rica,1981,285.89,,,1,0
CRI,Costa Rica,1982,923.16,,,1,0
CRI,Costa Rica,1983,713.0,,,1,0
CRI,Costa Rica,1984,308.85,,,1,0
CRI,Costa Rica,1985,645.0,,,1,0
CRI,Costa Rica,1986,1786.78,,,1,0
CRI,Costa Rica,1987,2236.14,,,1,0
CRI,Costa Rica,1988,2527.82,,,1,0
CRI,Costa Rica,1989,1752.0,,,1,0
CRI,Costa Rica,1990,1882.52,,,1,0
CRI,Costa Rica,1991,260.23,34.51,10.0,1,1
CRI,Costa Rica,1992,60.13,23.04,10.0,1,1
CRI,Costa Rica,1993,93.63,11.95,10.0,1,1
CRI,Costa Rica,1994,109.89,6.26,10.0,1,1
CRI,Costa Rica,1995,61.41,5.77,10.0,1,1
CRI,Costa Rica,1996,6.6,4.48,,1,1
CRI,Costa Rica,1997,5.0,3.45,,1,1
CRI,Costa Rica,1998,3.44,3.44,,1,1
CRI,Costa Rica,1999,3.12,3.12,,1,1
CRI,Costa Rica,2000,3.12,3.12,,1,1
CRI,Costa Rica,2001,3.1,3.1,,1,1
CRI,Costa Rica,2002,0.22,0.17,,1,1
CRI,Costa Rica,2003,0.33,0.17,,1,1
CRI,Costa Rica,2004,0.17,0.17,,1,1
CRI,Costa Rica,2005,,,,0,0
CRI,Costa Rica,2006,2.02,,,1,0
CRI,Costa Rica,2007,0.1,,,1,0
CRI,Costa Rica,2008,0.31,,,1,0
CRI,Costa Rica,2009,0.31,,,1,0
CRI,Costa Rica,2010,0.34,,,1,0
CRI,Costa Rica,2011,0.34,,,1,0
CRI,Costa Rica,2012,0.34,,,1,0
CRI,Costa Rica,2013,0.34,,,1,0
CRI,Costa Rica,2014,0.32,,,1,0
CRI,Costa Rica,2015,,,,0,0
CRI,Costa Rica,2016,,,,0,0
CRI,Costa Rica,2017,,,,0,0
CRI,Costa Rica,2018,,,,0,0
CRI,Costa Rica,2019,,,,0,0
CRI,Costa Rica,2020,,,,0,0
CRI,Costa Rica,2021,,,,0,0
CRI,Costa Rica,2022,,,,0,0
CRI,Costa Rica,2023,,,,0,0
CIV,C“te d?Ivoire,1960,,,,0,0
CIV,C“te d?Ivoire,1961,,,,0,0
CIV,C“te d?Ivoire,1962,,,,0,0
CIV,C“te d?Ivoire,1963,,,,0,0
CIV,C“te d?Ivoire,1964,,,,0,0
CIV,C“te d?Ivoire,1965,,,,0,0
CIV,C“te d?Ivoire,1966,,,,0,0
CIV,C“te d?Ivoire,1967,,,,0,0
CIV,C“te d?Ivoire,1968,,,,0,0
CIV,C“te d?Ivoire,1969,,,,0,0
CIV,C“te d?Ivoire,1970,,,,0,0
CIV,C“te d?Ivoire,1971,,,,0,0
CIV,C“te d?Ivoire,1972,,,,0,0
CIV,C“te d?Ivoire,1973,,,,0,0
CIV,C“te d?Ivoire,1974,0.12,,,1,0
CIV,C“te d?Ivoire,1975,0.18,,,1,0
CIV,C“te d?Ivoire,1976,0.16,,,1,0
CIV,C“te d?Ivoire,1977,,,,0,0
CIV,C“te d?Ivoire,1978,0.04,,,1,0
CIV,C“te d?Ivoire,1979,0.09,,,1,0
CIV,C“te d?Ivoire,1980,0.51,,,1,0
CIV,C“te d?Ivoire,1981,8.18,7.34,,1,1
CIV,C“te d?Ivoire,1982,4.11,2.59,,1,1
CIV,C“te d?Ivoire,1983,162.07,139.68,,1,1
CIV,C“te d?Ivoire,1984,906.58,181.58,,1,1
CIV,C“te d?Ivoire,1985,436.0,221.0,,1,1
CIV,C“te d?Ivoire,1986,1071.0,,,1,0
CIV,C“te d?Ivoire,1987,4448.64,,,1,0
CIV,C“te d?Ivoire,1988,4282.26,,,1,0
CIV,C“te d?Ivoire,1989,5511.6,,,1,0
CIV,C“te d?Ivoire,1990,5861.46,,,1,0
CIV,C“te d?Ivoire,1991,6233.65,,,1,0
CIV,C“te d?Ivoire,1992,6662.45,,,1,0
CIV,C“te d?Ivoire,1993,7779.66,,,1,0
CIV,C“te d?Ivoire,1994,8965.75,,,1,0
CIV,C“te d?Ivoire,1995,7457.53,,,1,0
CIV,C“te d?Ivoire,1996,7469.43,,,1,0
CIV,C“te d?Ivoire,1997,9098.92,,0.64,1,0
CIV,C“te d?Ivoire,1998,7619.94,,1.27,1,0
CIV,C“te d?Ivoire,1999,188.29,51.67,1.27,1,1
CIV,C“te d?Ivoire,2000,3125.52,52.75,1.53,1,1
CIV,C“te d?Ivoire,2001,3859.15,250.74,1.82,1,1
CIV,C“te d?Ivoire,2002,4747.2,319.65,2.55,1,1
CIV,C“te d?Ivoire,2003,3717.89,397.14,3.26,1,1
CIV,C“te d?Ivoire,2004,4620.29,388.31,,1,1
CIV,C“te d?Ivoire,2005,5193.49,441.49,,1,1
CIV,C“te d?Ivoire,2006,6126.61,557.41,0.23,1,1
CIV,C“te d?Ivoire,2007,7274.57,668.76,26.39,1,1
CIV,C“te d?Ivoire,2008,6895.13,789.96,1.77,1,1
CIV,C“te d?Ivoire,2009,8296.47,293.47,,1,1
CIV,C“te d?Ivoire,2010,3991.73,,,1,0
CIV,C“te d?Ivoire,2011,4682.54,2.84,25.7,1,1
CIV,C“te d?Ivoire,2012,8924.73,0.38,6.68,1,1
CIV,C“te d?Ivoire,2013,927.07,,17.53,1,0
CIV,C“te d?Ivoire,2014,490.26,,24.51,1,0
CIV,C“te d?Ivoire,2015,684.76,,30.04,1,0
CIV,C“te d?Ivoire,2016,223.97,,17.99,1,0
CIV,C“te d?Ivoire,2017,24.73,,24.73,1,0
CIV,C“te d?Ivoire,2018,46.99,,23.49,1,0
CIV,C“te d?Ivoire,2019,36.66,,36.3,1,0
CIV,C“te d?Ivoire,2020,133.61,,1.22,1,0
CIV,C“te d?Ivoire,2021,13.11,,1.57,1,0
CIV,C“te d?Ivoire,2022,5.83,,1.43,1,0
CIV,C“te d?Ivoire,2023,10.0,,,1,0
COD,Democratic Republic of Congo (Kinshasa),1960,336.0,225.0,,1,1
COD,Democratic Republic of Congo (Kinshasa),1961,368.81,236.81,,1,1
COD,Democratic Republic of Congo (Kinshasa),1962,388.6,248.81,,1,1
COD,Democratic Republic of Congo (Kinshasa),1963,407.39,260.81,,1,1
COD,Democratic Republic of Congo (Kinshasa),1964,428.17,272.81,,1,1
COD,Democratic Republic of Congo (Kinshasa),1965,449.96,284.81,,1,1
COD,Democratic Republic of Congo (Kinshasa),1966,,,,0,0
COD,Democratic Republic of Congo (Kinshasa),1967,,,,0,0
COD,Democratic Republic of Congo (Kinshasa),1968,,,,0,0
COD,Democratic Republic of Congo (Kinshasa),1969,,,,0,0
COD,Democratic Republic of Congo (Kinshasa),1970,,,,0,0
COD,Democratic Republic of Congo (Kinshasa),1971,,,,0,0
COD,Democratic Republic of Congo (Kinshasa),1972,,,,0,0
COD,Democratic Republic of Congo (Kinshasa),1973,0.29,0.2,,1,1
COD,Democratic Republic of Congo (Kinshasa),1974,6.7,6.7,,1,1
COD,Democratic Republic of Congo (Kinshasa),1975,94.32,88.4,,1,1
COD,Democratic Republic of Congo (Kinshasa),1976,413.0,133.0,,1,1
COD,Democratic Republic of Congo (Kinshasa),1977,554.6,344.6,,1,1
COD,Democratic Republic of Congo (Kinshasa),1978,1702.6,555.6,,1,1
COD,Democratic Republic of Congo (Kinshasa),1979,2241.5,470.5,,1,1
COD,Democratic Republic of Congo (Kinshasa),1980,1039.0,,,1,0
COD,Democratic Republic of Congo (Kinshasa),1981,657.1,52.1,,1,1
COD,Democratic Republic of Congo (Kinshasa),1982,667.99,225.6,,1,1
COD,Democratic Republic of Congo (Kinshasa),1983,1669.4,114.3,,1,1
COD,Democratic Republic of Congo (Kinshasa),1984,269.73,87.5,,1,1
COD,Democratic Republic of Congo (Kinshasa),1985,551.9,168.9,,1,1
COD,Democratic Republic of Congo (Kinshasa),1986,683.9,268.9,,1,1
COD,Democratic Republic of Congo (Kinshasa),1987,1341.5,397.5,,1,1
COD,Democratic Republic of Congo (Kinshasa),1988,2075.47,549.1,4.57,1,1
COD,Democratic Republic of Congo (Kinshasa),1989,2961.11,661.57,4.54,1,1
COD,Democratic Republic of Congo (Kinshasa),1990,1736.99,781.7,7.67,1,1
COD,Democratic Republic of Congo (Kinshasa),1991,2469.45,834.78,12.75,1,1
COD,Democratic Republic of Congo (Kinshasa),1992,4008.96,924.67,17.12,1,1
COD,Democratic Republic of Congo (Kinshasa),1993,5181.24,1017.12,19.5,1,1
COD,Democratic Republic of Congo (Kinshasa),1994,6492.07,1099.17,13.39,1,1
COD,Democratic Republic of Congo (Kinshasa),1995,8132.36,1142.73,13.6,1,1
COD,Democratic Republic of Congo (Kinshasa),1996,8281.83,1144.58,13.63,1,1
COD,Democratic Republic of Congo (Kinshasa),1997,8655.7,1128.95,13.66,1,1
COD,Democratic Republic of Congo (Kinshasa),1998,9465.13,1188.39,13.66,1,1
COD,Democratic Republic of Congo (Kinshasa),1999,9038.83,673.23,19.2,1,1
COD,Democratic Republic of Congo (Kinshasa),2000,8898.76,667.08,20.81,1,1
COD,Democratic Republic of Congo (Kinshasa),2001,9394.36,659.2,25.45,1,1
COD,Democratic Republic of Congo (Kinshasa),2002,10919.69,395.07,29.79,1,1
COD,Democratic Republic of Congo (Kinshasa),2003,1917.99,202.63,48.65,1,1
COD,Democratic Republic of Congo (Kinshasa),2004,1953.16,204.95,49.28,1,1
COD,Democratic Republic of Congo (Kinshasa),2005,2054.34,206.54,51.43,1,1
COD,Democratic Republic of Congo (Kinshasa),2006,1649.91,203.02,52.51,1,1
COD,Democratic Republic of Congo (Kinshasa),2007,1963.82,269.0,55.83,1,1
COD,Democratic Republic of Congo (Kinshasa),2008,2264.92,325.22,57.29,1,1
COD,Democratic Republic of Congo (Kinshasa),2009,2728.52,366.32,56.01,1,1
COD,Democratic Republic of Congo (Kinshasa),2010,8816.66,109.1,13.82,1,1
COD,Democratic Republic of Congo (Kinshasa),2011,407.1,0.08,1.87,1,1
COD,Democratic Republic of Congo (Kinshasa),2012,183.52,,,1,0
COD,Democratic Republic of Congo (Kinshasa),2013,186.98,,,1,0
COD,Democratic Republic of Congo (Kinshasa),2014,161.11,,,1,0
COD,Democratic Republic of Congo (Kinshasa),2015,154.56,,,1,0
COD,Democratic Republic of Congo (Kinshasa),2016,216.57,,,1,0
COD,Democratic Republic of Congo (Kinshasa),2017,744.19,,498.79,1,0
COD,Democratic Republic of Congo (Kinshasa),2018,838.75,,781.89,1,0
COD,Democratic Republic of Congo (Kinshasa),2019,1461.91,,1064.99,1,0
COD,Democratic Republic of Congo (Kinshasa),2020,1401.41,0.23,1361.53,1,1
COD,Democratic Republic of Congo (Kinshasa),2021,1928.25,239.0,1633.12,1,1
COD,Democratic Republic of Congo (Kinshasa),2022,1934.53,235.0,1631.2,1,1
COD,Democratic Republic of Congo (Kinshasa),2023,1940.0,250.0,,1,1
DJI,Djibouti,1960,,,,0,0
DJI,Djibouti,1961,,,,0,0
DJI,Djibouti,1962,,,,0,0
DJI,Djibouti,1963,,,,0,0
DJI,Djibouti,1964,,,,0,0
DJI,Djibouti,1965,,,,0,0
DJI,Djibouti,1966,,,,0,0
DJI,Djibouti,1967,,,,0,0
DJI,Djibouti,1968,,,,0,0
DJI,Djibouti,1969,,,,0,0
DJI,Djibouti,1970,,,,0,0
DJI,Djibouti,1971,,,,0,0
DJI,Djibouti,1972,,,,0,0
DJI,Djibouti,1973,,,,0,0
DJI,Djibouti,1974,,,,0,0
DJI,Djibouti,1975,,,,0,0
DJI,Djibouti,1976,,,,0,0
DJI,Djibouti,1977,,,,0,0
DJI,Djibouti,1978,,,,0,0
DJI,Djibouti,1979,,,,0,0
DJI,Djibouti,1980,,,,0,0
DJI,Djibouti,1981,,,,0,0
DJI,Djibouti,1982,,,,0,0
DJI,Djibouti,1983,,,,0,0
DJI,Djibouti,1984,0.75,0.67,,1,1
DJI,Djibouti,1985,,,,0,0
DJI,Djibouti,1986,0.06,0.05,,1,1
DJI,Djibouti,1987,,,,0,0
DJI,Djibouti,1988,0.05,,,1,0
DJI,Djibouti,1989,25.84,,,1,0
DJI,Djibouti,1990,1.31,,,1,0
DJI,Djibouti,1991,3.45,,,1,0
DJI,Djibouti,1992,6.11,,,1,0
DJI,Djibouti,1993,10.81,,,1,0
DJI,Djibouti,1994,13.42,,,1,0
DJI,Djibouti,1995,16.61,,,1,0
DJI,Djibouti,1996,18.87,,,1,0
DJI,Djibouti,1997,32.94,,,1,0
DJI,Djibouti,1998,26.79,,,1,0
DJI,Djibouti,1999,30.07,,2.48,1,0
DJI,Djibouti,2000,31.0,,2.9,1,0
DJI,Djibouti,2001,32.26,,3.32,1,0
DJI,Djibouti,2002,14.9,2.55,,1,1
DJI,Djibouti,2003,25.03,3.19,,1,1
DJI,Djibouti,2004,29.45,3.61,,1,1
DJI,Djibouti,2005,32.02,3.81,,1,1
DJI,Djibouti,2006,39.11,3.61,,1,1
DJI,Djibouti,2007,111.75,10.48,7.45,1,1
DJI,Djibouti,2008,130.53,10.48,,1,1
DJI,Djibouti,2009,13.94,3.69,,1,1
DJI,Djibouti,2010,11.53,1.53,,1,1
DJI,Djibouti,2011,2.51,,,1,0
DJI,Djibouti,2012,8.63,,,1,0
DJI,Djibouti,2013,14.2,,,1,0
DJI,Djibouti,2014,21.55,,,1,0
DJI,Djibouti,2015,20.67,,,1,0
DJI,Djibouti,2016,22.53,,,1,0
DJI,Djibouti,2017,32.62,,,1,0
DJI,Djibouti,2018,62.43,,,1,0
DJI,Djibouti,2019,560.17,,463.0,1,0
DJI,Djibouti,2020,644.8,,498.0,1,0
DJI,Djibouti,2021,260.2,,119.4,1,0
DJI,Djibouti,2022,230.91,,35.86,1,0
DJI,Djibouti,2023,1678.0,1.0,1400.0,1,1
DMA,Dominica,1960,,,,0,0
DMA,Dominica,1961,,,,0,0
DMA,Dominica,1962,,,,0,0
DMA,Dominica,1963,,,,0,0
DMA,Dominica,1964,,,,0,0
DMA,Dominica,1965,,,,0,0
DMA,Dominica,1966,,,,0,0
DMA,Dominica,1967,,,,0,0
DMA,Dominica,1968,,,,0,0
DMA,Dominica,1969,,,,0,0
DMA,Dominica,1970,,,,0,0
DMA,Dominica,1971,,,,0,0
DMA,Dominica,1972,,,,0,0
DMA,Dominica,1973,,,,0,0
DMA,Dominica,1974,,,,0,0
DMA,Dominica,1975,,,,0,0
DMA,Dominica,1976,,,,0,0
DMA,Dominica,1977,,,,0,0
DMA,Dominica,1978,,,,0,0
DMA,Dominica,1979,,,,0,0
DMA,Dominica,1980,,,,0,0
DMA,Dominica,1981,0.24,,,1,0
DMA,Dominica,1982,0.37,,,1,0
DMA,Dominica,1983,0.0,,,0,0
DMA,Dominica,1984,0.0,,,0,0
DMA,Dominica,1985,,,,0,0
DMA,Dominica,1986,,,,0,0
DMA,Dominica,1987,0.06,,,1,0
DMA,Dominica,1988,0.03,,,1,0
DMA,Dominica,1989,0.02,,,1,0
DMA,Dominica,1990,3.54,0.08,0.02,1,1
DMA,Dominica,1991,0.21,,0.05,1,0
DMA,Dominica,1992,0.95,,0.07,1,0
DMA,Dominica,1993,0.2,,,1,0
DMA,Dominica,1994,0.22,,,1,0
DMA,Dominica,1995,2.22,,,1,0
DMA,Dominica,1996,3.77,,,1,0
DMA,Dominica,1997,0.47,,,1,0
DMA,Dominica,1998,0.5,,0.03,1,0
DMA,Dominica,1999,0.43,,0.03,1,0
DMA,Dominica,2000,0.41,,,1,0
DMA,Dominica,2001,0.31,,,1,0
DMA,Dominica,2002,96.65,3.24,,1,1
DMA,Dominica,2003,150.03,4.83,,1,1
DMA,Dominica,2004,150.53,4.99,,1,1
DMA,Dominica,2005,47.99,,,1,0
DMA,Dominica,2006,54.66,,,1,0
DMA,Dominica,2007,44.12,,,1,0
DMA,Dominica,2008,43.72,,,1,0
DMA,Dominica,2009,43.3,,,1,0
DMA,Dominica,2010,43.33,,,1,0
DMA,Dominica,2011,43.0,,,1,0
DMA,Dominica,2012,79.09,,,1,0
DMA,Dominica,2013,8.12,8.1,,1,1
DMA,Dominica,2014,8.22,8.1,,1,1
DMA,Dominica,2015,8.09,8.09,,1,1
DMA,Dominica,2016,7.27,6.86,,1,1
DMA,Dominica,2017,7.22,7.22,,1,1
DMA,Dominica,2018,8.07,7.57,,1,1
DMA,Dominica,2019,9.05,7.92,,1,1
DMA,Dominica,2020,14.0,9.17,1.6,1,1
DMA,Dominica,2021,22.53,10.38,3.3,1,1
DMA,Dominica,2022,12.28,8.98,,1,1
DMA,Dominica,2023,7.92,7.92,,1,1
DOM,Dominican Republic,1960,1.0,,,1,0
DOM,Dominican Republic,1961,13.5,,,1,0
DOM,Dominican Republic,1962,15.0,,,1,0
DOM,Dominican Republic,1963,34.0,,,1,0
DOM,Dominican Republic,1964,61.0,,,1,0
DOM,Dominican Republic,1965,4.0,,,1,0
DOM,Dominican Republic,1966,24.0,,,1,0
DOM,Dominican Republic,1967,47.0,,,1,0
DOM,Dominican Republic,1968,39.0,,,1,0
DOM,Dominican Republic,1969,19.0,,,1,0
DOM,Dominican Republic,1970,0.73,0.53,,1,1
DOM,Dominican Republic,1971,3.02,0.53,,1,1
DOM,Dominican Republic,1972,4.26,0.65,,1,1
DOM,Dominican Republic,1973,1.73,0.84,,1,1
DOM,Dominican Republic,1974,2.27,0.89,,1,1
DOM,Dominican Republic,1975,4.16,1.58,,1,1
DOM,Dominican Republic,1976,9.21,6.57,,1,1
DOM,Dominican Republic,1977,17.37,13.65,,1,1
DOM,Dominican Republic,1978,19.35,14.32,,1,1
DOM,Dominican Republic,1979,11.42,4.16,,1,1
DOM,Dominican Republic,1980,26.07,12.72,,1,1
DOM,Dominican Republic,1981,34.04,16.18,,1,1
DOM,Dominican Republic,1982,564.34,30.54,,1,1
DOM,Dominican Republic,1983,572.87,10.22,,1,1
DOM,Dominican Republic,1984,235.31,,,1,0
DOM,Dominican Republic,1985,1082.0,,,1,0
DOM,Dominican Republic,1986,990.51,,,1,0
DOM,Dominican Republic,1987,1207.44,,,1,0
DOM,Dominican Republic,1988,1389.51,,,1,0
DOM,Dominican Republic,1989,1550.54,,,1,0
DOM,Dominican Republic,1990,1958.62,,,1,0
DOM,Dominican Republic,1991,2119.28,,,1,0
DOM,Dominican Republic,1992,1634.6,,,1,0
DOM,Dominican Republic,1993,1756.24,89.0,,1,1
DOM,Dominican Republic,1994,1683.0,99.0,,1,1
DOM,Dominican Republic,1995,444.21,117.21,,1,1
DOM,Dominican Republic,1996,1022.93,115.31,,1,1
DOM,Dominican Republic,1997,1001.65,104.61,,1,1
DOM,Dominican Republic,1998,929.55,121.92,,1,1
DOM,Dominican Republic,1999,942.12,134.22,,1,1
DOM,Dominican Republic,2000,448.07,9.87,,1,1
DOM,Dominican Republic,2001,435.97,10.98,,1,1
DOM,Dominican Republic,2002,463.93,15.55,,1,1
DOM,Dominican Republic,2003,650.69,37.08,,1,1
DOM,Dominican Republic,2004,1412.45,36.45,,1,1
DOM,Dominican Republic,2005,1570.93,63.93,,1,1
DOM,Dominican Republic,2006,51.58,28.58,,1,1
DOM,Dominican Republic,2007,22.06,12.96,,1,1
DOM,Dominican Republic,2008,17.54,0.07,,1,1
DOM,Dominican Republic,2009,0.09,0.01,,1,1
DOM,Dominican Republic,2010,0.11,,,1,0
DOM,Dominican Republic,2011,0.36,,,1,0
DOM,Dominican Republic,2012,0.38,,,1,0
DOM,Dominican Republic,2013,0.42,,,1,0
DOM,Dominican Republic,2014,2.54,0.06,,1,1
DOM,Dominican Republic,2015,2089.59,0.06,,1,1
DOM,Dominican Republic,2016,2.59,0.06,,1,1
DOM,Dominican Republic,2017,14.06,,,1,0
DOM,Dominican Republic,2018,6.89,,,1,0
DOM,Dominican Republic,2019,6.89,,,1,0
DOM,Dominican Republic,2020,23.07,,,1,0
DOM,Dominican Republic,2021,31.14,,,1,0
DOM,Dominican Republic,2022,33.07,,,1,0
DOM,Dominican Republic,2023,33.0,,,1,0
ECU,Ecuador,1960,,,,0,0
ECU,Ecuador,1961,,,,0,0
ECU,Ecuador,1962,,,,0,0
ECU,Ecuador,1963,,,,0,0
ECU,Ecuador,1964,,,,0,0
ECU,Ecuador,1965,,,,0,0
ECU,Ecuador,1966,,,,0,0
ECU,Ecuador,1967,,,,0,0
ECU,Ecuador,1968,,,,0,0
ECU,Ecuador,1969,,,,0,0
ECU,Ecuador,1970,,,,0,0
ECU,Ecuador,1971,,,,0,0
ECU,Ecuador,1972,0.47,0.47,,1,1
ECU,Ecuador,1973,,,,0,0
ECU,Ecuador,1974,,,,0,0
ECU,Ecuador,1975,,,,0,0
ECU,Ecuador,1976,1.29,,,1,0
ECU,Ecuador,1977,34.67,,,1,0
ECU,Ecuador,1978,8.88,,,1,0
ECU,Ecuador,1979,234.26,,,1,0
ECU,Ecuador,1980,24.32,0.53,,1,1
ECU,Ecuador,1981,166.63,0.57,,1,1
ECU,Ecuador,1982,2643.44,0.61,,1,1
ECU,Ecuador,1983,2978.61,3.61,,1,1
ECU,Ecuador,1984,3503.42,79.04,,1,1
ECU,Ecuador,1985,4766.97,28.97,,1,1
ECU,Ecuador,1986,1113.32,14.48,,1,1
ECU,Ecuador,1987,5726.49,,,1,0
ECU,Ecuador,1988,6114.82,,,1,0
ECU,Ecuador,1989,6278.47,,,1,0
ECU,Ecuador,1990,6583.22,,,1,0
ECU,Ecuador,1991,7136.18,,,1,0
ECU,Ecuador,1992,7485.28,,,1,0
ECU,Ecuador,1993,7103.41,,,1,0
ECU,Ecuador,1994,6907.89,,,1,0
ECU,Ecuador,1995,7199.74,,,1,0
ECU,Ecuador,1996,348.86,97.79,,1,1
ECU,Ecuador,1997,602.07,129.77,,1,1
ECU,Ecuador,1998,189.05,87.89,,1,1
ECU,Ecuador,1999,8397.59,87.18,,1,1
ECU,Ecuador,2000,8364.72,88.72,,1,1
ECU,Ecuador,2001,111.09,8.72,,1,1
ECU,Ecuador,2002,12.83,6.27,,1,1
ECU,Ecuador,2003,85.82,4.82,,1,1
ECU,Ecuador,2004,37.53,4.79,,1,1
ECU,Ecuador,2005,36.93,4.79,,1,1
ECU,Ecuador,2006,1.59,0.62,0.36,1,1
ECU,Ecuador,2007,7.46,3.5,0.46,1,1
ECU,Ecuador,2008,3194.27,1.89,0.49,1,1
ECU,Ecuador,2009,6238.49,,0.08,1,0
ECU,Ecuador,2010,31.37,,0.09,1,0
ECU,Ecuador,2011,57.65,,,1,0
ECU,Ecuador,2012,58.55,,0.08,1,0
ECU,Ecuador,2013,59.23,,,1,0
ECU,Ecuador,2014,39.21,,,1,0
ECU,Ecuador,2015,41.19,,,1,0
ECU,Ecuador,2016,43.18,,,1,0
ECU,Ecuador,2017,1063.15,,1000.0,1,0
ECU,Ecuador,2018,49.14,0.07,,1,1
ECU,Ecuador,2019,52.11,0.05,,1,1
ECU,Ecuador,2020,23597.22,,4601.0,1,0
ECU,Ecuador,2021,299.43,249.32,,1,1
ECU,Ecuador,2022,4699.35,247.32,4400.0,1,1
ECU,Ecuador,2023,1690.0,,,1,0
EGY,Egypt,1960,,,,0,0
EGY,Egypt,1961,,,,0,0
EGY,Egypt,1962,,,,0,0
EGY,Egypt,1963,,,,0,0
EGY,Egypt,1964,277.0,,,1,0
EGY,Egypt,1965,560.0,,,1,0
EGY,Egypt,1966,211.5,,,1,0
EGY,Egypt,1967,62.2,,,1,0
EGY,Egypt,1968,152.8,,,1,0
EGY,Egypt,1969,211.0,,,1,0
EGY,Egypt,1970,86.32,12.48,,1,1
EGY,Egypt,1971,70.14,21.63,,1,1
EGY,Egypt,1972,90.78,36.44,,1,1
EGY,Egypt,1973,25.61,3.6,,1,1
EGY,Egypt,1974,39.66,27.1,,1,1
EGY,Egypt,1975,22.07,8.92,,1,1
EGY,Egypt,1976,124.98,4.36,,1,1
EGY,Egypt,1977,7105.5,,,1,0
EGY,Egypt,1978,95.51,,,1,0
EGY,Egypt,1979,345.53,,,1,0
EGY,Egypt,1980,484.27,,,1,0
EGY,Egypt,1981,641.92,1.52,,1,1
EGY,Egypt,1982,977.57,6.04,,1,1
EGY,Egypt,1983,1484.13,10.9,,1,1
EGY,Egypt,1984,2721.97,19.09,,1,1
EGY,Egypt,1985,4578.44,46.6,,1,1
EGY,Egypt,1986,13706.77,889.2,,1,1
EGY,Egypt,1987,10882.29,784.29,,1,1
EGY,Egypt,1988,8345.56,915.79,,1,1
EGY,Egypt,1989,11196.25,1777.64,,1,1
EGY,Egypt,1990,18005.13,2302.9,,1,1
EGY,Egypt,1991,23529.02,2365.02,,1,1
EGY,Egypt,1992,877.65,506.31,92.0,1,1
EGY,Egypt,1993,724.42,401.56,97.0,1,1
EGY,Egypt,1994,543.1,318.32,103.0,1,1
EGY,Egypt,1995,516.03,271.88,,1,1
EGY,Egypt,1996,366.75,143.64,,1,1
EGY,Egypt,1997,180.87,109.2,,1,1
EGY,Egypt,1998,103.1,53.68,4.42,1,1
EGY,Egypt,1999,113.56,92.87,7.59,1,1
EGY,Egypt,2000,52.63,13.07,11.54,1,1
EGY,Egypt,2001,4.29,1.14,,1,1
EGY,Egypt,2002,2.37,1.01,,1,1
EGY,Egypt,2003,3.98,1.08,,1,1
EGY,Egypt,2004,7.75,1.01,,1,1
EGY,Egypt,2005,10.96,0.94,,1,1
EGY,Egypt,2006,3.16,3.07,,1,1
EGY,Egypt,2007,2.97,2.94,,1,1
EGY,Egypt,2008,2.2,2.17,,1,1
EGY,Egypt,2009,2.62,2.59,,1,1
EGY,Egypt,2010,0.0,,,0,0
EGY,Egypt,2011,0.0,,,0,0
EGY,Egypt,2012,6300.0,6300.0,,1,1
EGY,Egypt,2013,5400.0,5400.0,,1,1
EGY,Egypt,2014,5900.0,5900.0,,1,1
EGY,Egypt,2015,3500.0,3500.0,,1,1
EGY,Egypt,2016,2400.0,2400.0,,1,1
EGY,Egypt,2017,1200.0,1200.0,,1,1
EGY,Egypt,2018,1201.42,1200.0,,1,1
EGY,Egypt,2019,1001.44,1000.0,,1,1
EGY,Egypt,2020,208.81,200.0,,1,1
EGY,Egypt,2021,0.62,0.62,,1,1
EGY,Egypt,2022,,,,0,0
EGY,Egypt,2023,4550.0,50.0,,1,1
SLV,El Salvador,1960,,,,0,0
SLV,El Salvador,1961,,,,0,0
SLV,El Salvador,1962,,,,0,0
SLV,El Salvador,1963,,,,0,0
SLV,El Salvador,1964,,,,0,0
SLV,El Salvador,1965,,,,0,0
SLV,El Salvador,1966,,,,0,0
SLV,El Salvador,1967,,,,0,0
SLV,El Salvador,1968,,,,0,0
SLV,El Salvador,1969,,,,0,0
SLV,El Salvador,1970,,,,0,0
SLV,El Salvador,1971,,,,0,0
SLV,El Salvador,1972,,,,0,0
SLV,El Salvador,1973,,,,0,0
SLV,El Salvador,1974,,,,0,0
SLV,El Salvador,1975,,,,0,0
SLV,El Salvador,1976,,,,0,0
SLV,El Salvador,1977,,,,0,0
SLV,El Salvador,1978,,,,0,0
SLV,El Salvador,1979,0.07,,,1,0
SLV,El Salvador,1980,,,,0,0
SLV,El Salvador,1981,604.4,,,1,0
SLV,El Salvador,1982,568.91,0.11,,1,1
SLV,El Salvador,1983,533.57,0.21,,1,1
SLV,El Salvador,1984,542.31,44.34,,1,1
SLV,El Salvador,1985,464.52,1.87,,1,1
SLV,El Salvador,1986,221.51,2.02,,1,1
SLV,El Salvador,1987,208.56,1.64,,1,1
SLV,El Salvador,1988,199.26,0.92,,1,1
SLV,El Salvador,1989,226.39,5.63,,1,1
SLV,El Salvador,1990,251.25,8.25,,1,1
SLV,El Salvador,1991,146.96,6.65,,1,1
SLV,El Salvador,1992,105.7,3.84,,1,1
SLV,El Salvador,1993,740.02,2.87,,1,1
SLV,El Salvador,1994,59.59,4.61,,1,1
SLV,El Salvador,1995,51.43,6.55,,1,1
SLV,El Salvador,1996,54.15,7.53,,1,1
SLV,El Salvador,1997,15.24,1.12,,1,1
SLV,El Salvador,1998,5.78,0.45,,1,1
SLV,El Salvador,1999,1.48,0.18,,1,1
SLV,El Salvador,2000,17.0,0.02,,1,1
SLV,El Salvador,2001,,,,0,0
SLV,El Salvador,2002,,,,0,0
SLV,El Salvador,2003,,,,0,0
SLV,El Salvador,2004,,,,0,0
SLV,El Salvador,2005,,,,0,0
SLV,El Salvador,2006,,,,0,0
SLV,El Salvador,2007,,,,0,0
SLV,El Salvador,2008,2.53,,,1,0
SLV,El Salvador,2009,,,,0,0
SLV,El Salvador,2010,,,,0,0
SLV,El Salvador,2011,,,,0,0
SLV,El Salvador,2012,,,,0,0
SLV,El Salvador,2013,,,,0,0
SLV,El Salvador,2014,,,,0,0
SLV,El Salvador,2015,,,,0,0
SLV,El Salvador,2016,,,,0,0
SLV,El Salvador,2017,6033.0,,,1,0
SLV,El Salvador,2018,,,,0,0
SLV,El Salvador,2019,,,,0,0
SLV,El Salvador,2020,,,,0,0
SLV,El Salvador,2021,,,,0,0
SLV,El Salvador,2022,566.0,,,1,0
SLV,El Salvador,2023,1450.0,,,1,0
GNQ,Equatorial Guinea,1960,,,,0,0
GNQ,Equatorial Guinea,1961,,,,0,0
GNQ,Equatorial Guinea,1962,,,,0,0
GNQ,Equatorial Guinea,1963,,,,0,0
GNQ,Equatorial Guinea,1964,,,,0,0
GNQ,Equatorial Guinea,1965,,,,0,0
GNQ,Equatorial Guinea,1966,,,,0,0
GNQ,Equatorial Guinea,1967,,,,0,0
GNQ,Equatorial Guinea,1968,,,,0,0
GNQ,Equatorial Guinea,1969,,,,0,0
GNQ,Equatorial Guinea,1970,,,,0,0
GNQ,Equatorial Guinea,1971,,,,0,0
GNQ,Equatorial Guinea,1972,,,,0,0
GNQ,Equatorial Guinea,1973,,,,0,0
GNQ,Equatorial Guinea,1974,,,,0,0
GNQ,Equatorial Guinea,1975,,,,0,0
GNQ,Equatorial Guinea,1976,,,,0,0
GNQ,Equatorial Guinea,1977,,,,0,0
GNQ,Equatorial Guinea,1978,,,,0,0
GNQ,Equatorial Guinea,1979,,,,0,0
GNQ,Equatorial Guinea,1980,,,,0,0
GNQ,Equatorial Guinea,1981,2.0,,,1,0
GNQ,Equatorial Guinea,1982,22.26,,,1,0
GNQ,Equatorial Guinea,1983,16.11,,,1,0
GNQ,Equatorial Guinea,1984,36.33,,,1,0
GNQ,Equatorial Guinea,1985,38.0,,,1,0
GNQ,Equatorial Guinea,1986,5.8,,,1,0
GNQ,Equatorial Guinea,1987,13.4,,,1,0
GNQ,Equatorial Guinea,1988,23.1,,,1,0
GNQ,Equatorial Guinea,1989,40.0,,,1,0
GNQ,Equatorial Guinea,1990,13.4,,,1,0
GNQ,Equatorial Guinea,1991,16.8,,,1,0
GNQ,Equatorial Guinea,1992,32.0,,,1,0
GNQ,Equatorial Guinea,1993,46.0,,,1,0
GNQ,Equatorial Guinea,1994,51.0,,,1,0
GNQ,Equatorial Guinea,1995,27.0,0.8,,1,1
GNQ,Equatorial Guinea,1996,33.9,4.9,,1,1
GNQ,Equatorial Guinea,1997,35.7,5.0,,1,1
GNQ,Equatorial Guinea,1998,12.4,3.0,,1,1
GNQ,Equatorial Guinea,1999,63.0,,,1,0
GNQ,Equatorial Guinea,2000,98.0,,,1,0
GNQ,Equatorial Guinea,2001,85.0,,,1,0
GNQ,Equatorial Guinea,2002,72.0,,,1,0
GNQ,Equatorial Guinea,2003,64.0,,,1,0
GNQ,Equatorial Guinea,2004,4.1,,,1,0
GNQ,Equatorial Guinea,2005,30.0,,,1,0
GNQ,Equatorial Guinea,2006,,,,0,0
GNQ,Equatorial Guinea,2007,10.0,,10.0,1,0
GNQ,Equatorial Guinea,2008,,,,0,0
GNQ,Equatorial Guinea,2009,,,,0,0
GNQ,Equatorial Guinea,2010,,,,0,0
GNQ,Equatorial Guinea,2011,,,,0,0
GNQ,Equatorial Guinea,2012,,,,0,0
GNQ,Equatorial Guinea,2013,,,,0,0
GNQ,Equatorial Guinea,2014,,,,0,0
GNQ,Equatorial Guinea,2015,,,,0,0
GNQ,Equatorial Guinea,2016,,,,0,0
GNQ,Equatorial Guinea,2017,949.0,,,1,0
GNQ,Equatorial Guinea,2018,117.0,58.0,,1,1
GNQ,Equatorial Guinea,2019,121.0,58.0,,1,1
GNQ,Equatorial Guinea,2020,130.0,63.0,,1,1
GNQ,Equatorial Guinea,2021,1122.0,65.0,,1,1
GNQ,Equatorial Guinea,2022,86.0,45.0,,1,1
GNQ,Equatorial Guinea,2023,86.0,45.0,,1,1
ERI,Eritrea,1960,,,,0,0
ERI,Eritrea,1961,,,,0,0
ERI,Eritrea,1962,,,,0,0
ERI,Eritrea,1963,,,,0,0
ERI,Eritrea,1964,,,,0,0
ERI,Eritrea,1965,,,,0,0
ERI,Eritrea,1966,,,,0,0
ERI,Eritrea,1967,,,,0,0
ERI,Eritrea,1968,,,,0,0
ERI,Eritrea,1969,,,,0,0
ERI,Eritrea,1970,,,,0,0
ERI,Eritrea,1971,,,,0,0
ERI,Eritrea,1972,,,,0,0
ERI,Eritrea,1973,,,,0,0
ERI,Eritrea,1974,,,,0,0
ERI,Eritrea,1975,,,,0,0
ERI,Eritrea,1976,,,,0,0
ERI,Eritrea,1977,,,,0,0
ERI,Eritrea,1978,,,,0,0
ERI,Eritrea,1979,,,,0,0
ERI,Eritrea,1980,,,,0,0
ERI,Eritrea,1981,,,,0,0
ERI,Eritrea,1982,,,,0,0
ERI,Eritrea,1983,,,,0,0
ERI,Eritrea,1984,,,,0,0
ERI,Eritrea,1985,,,,0,0
ERI,Eritrea,1986,,,,0,0
ERI,Eritrea,1987,,,,0,0
ERI,Eritrea,1988,,,,0,0
ERI,Eritrea,1989,,,,0,0
ERI,Eritrea,1990,,,,0,0
ERI,Eritrea,1991,,,,0,0
ERI,Eritrea,1992,,,,0,0
ERI,Eritrea,1993,,,,0,0
ERI,Eritrea,1994,,,,0,0
ERI,Eritrea,1995,,,,0,0
ERI,Eritrea,1996,,,,0,0
ERI,Eritrea,1997,,,,0,0
ERI,Eritrea,1998,,,,0,0
ERI,Eritrea,1999,,,,0,0
ERI,Eritrea,2000,6.82,,,1,0
ERI,Eritrea,2001,7.12,,3.0,1,0
ERI,Eritrea,2002,7.94,,,1,0
ERI,Eritrea,2003,19.29,,3.0,1,0
ERI,Eritrea,2004,29.75,,,1,0
ERI,Eritrea,2005,15.46,0.16,,1,1
ERI,Eritrea,2006,24.92,,,1,0
ERI,Eritrea,2007,42.32,,3.0,1,0
ERI,Eritrea,2008,33.74,,,1,0
ERI,Eritrea,2009,22.85,,,1,0
ERI,Eritrea,2010,22.49,,,1,0
ERI,Eritrea,2011,28.69,,,1,0
ERI,Eritrea,2012,222.43,,,1,0
ERI,Eritrea,2013,260.39,,,1,0
ERI,Eritrea,2014,299.19,,,1,0
ERI,Eritrea,2015,332.49,,,1,0
ERI,Eritrea,2016,378.35,,7.0,1,0
ERI,Eritrea,2017,417.28,,,1,0
ERI,Eritrea,2018,460.95,,,1,0
ERI,Eritrea,2019,508.04,,,1,0
ERI,Eritrea,2020,562.47,,,1,0
ERI,Eritrea,2021,621.23,,,1,0
ERI,Eritrea,2022,667.0,,,1,0
ERI,Eritrea,2023,720.0,,,1,0
SWZ,eSwatini (Swaziland),1960,,,,0,0
SWZ,eSwatini (Swaziland),1961,,,,0,0
SWZ,eSwatini (Swaziland),1962,,,,0,0
SWZ,eSwatini (Swaziland),1963,,,,0,0
SWZ,eSwatini (Swaziland),1964,,,,0,0
SWZ,eSwatini (Swaziland),1965,,,,0,0
SWZ,eSwatini (Swaziland),1966,,,,0,0
SWZ,eSwatini (Swaziland),1967,,,,0,0
SWZ,eSwatini (Swaziland),1968,,,,0,0
SWZ,eSwatini (Swaziland),1969,,,,0,0
SWZ,eSwatini (Swaziland),1970,,,,0,0
SWZ,eSwatini (Swaziland),1971,,,,0,0
SWZ,eSwatini (Swaziland),1972,,,,0,0
SWZ,eSwatini (Swaziland),1973,,,,0,0
SWZ,eSwatini (Swaziland),1974,,,,0,0
SWZ,eSwatini (Swaziland),1975,,,,0,0
SWZ,eSwatini (Swaziland),1976,,,,0,0
SWZ,eSwatini (Swaziland),1977,,,,0,0
SWZ,eSwatini (Swaziland),1978,0.01,0.0,,1,0
SWZ,eSwatini (Swaziland),1979,,,,0,0
SWZ,eSwatini (Swaziland),1980,,,,0,0
SWZ,eSwatini (Swaziland),1981,,,,0,0
SWZ,eSwatini (Swaziland),1982,,,,0,0
SWZ,eSwatini (Swaziland),1983,,,,0,0
SWZ,eSwatini (Swaziland),1984,,,,0,0
SWZ,eSwatini (Swaziland),1985,,,,0,0
SWZ,eSwatini (Swaziland),1986,0.07,0.07,,1,1
SWZ,eSwatini (Swaziland),1987,0.01,0.01,,1,1
SWZ,eSwatini (Swaziland),1988,0.13,0.13,,1,1
SWZ,eSwatini (Swaziland),1989,0.04,0.04,,1,1
SWZ,eSwatini (Swaziland),1990,0.2,0.2,,1,1
SWZ,eSwatini (Swaziland),1991,2.07,1.86,,1,1
SWZ,eSwatini (Swaziland),1992,4.19,3.83,,1,1
SWZ,eSwatini (Swaziland),1993,4.65,3.71,,1,1
SWZ,eSwatini (Swaziland),1994,4.33,3.78,,1,1
SWZ,eSwatini (Swaziland),1995,4.29,4.02,,1,1
SWZ,eSwatini (Swaziland),1996,1.24,1.24,,1,1
SWZ,eSwatini (Swaziland),1997,1.13,1.13,,1,1
SWZ,eSwatini (Swaziland),1998,1.19,1.19,,1,1
SWZ,eSwatini (Swaziland),1999,0.34,0.34,,1,1
SWZ,eSwatini (Swaziland),2000,0.22,,,1,0
SWZ,eSwatini (Swaziland),2001,0.25,,,1,0
SWZ,eSwatini (Swaziland),2002,7.69,1.07,0.15,1,1
SWZ,eSwatini (Swaziland),2003,16.48,,,1,0
SWZ,eSwatini (Swaziland),2004,13.54,,,1,0
SWZ,eSwatini (Swaziland),2005,20.9,,,1,0
SWZ,eSwatini (Swaziland),2006,23.66,,,1,0
SWZ,eSwatini (Swaziland),2007,6.52,,1.03,1,0
SWZ,eSwatini (Swaziland),2008,3.67,,,1,0
SWZ,eSwatini (Swaziland),2009,7.36,1.23,,1,1
SWZ,eSwatini (Swaziland),2010,14.73,4.43,,1,1
SWZ,eSwatini (Swaziland),2011,14.88,4.85,,1,1
SWZ,eSwatini (Swaziland),2012,11.0,1.07,,1,1
SWZ,eSwatini (Swaziland),2013,11.13,2.04,,1,1
SWZ,eSwatini (Swaziland),2014,11.68,1.66,,1,1
SWZ,eSwatini (Swaziland),2015,11.53,0.73,,1,1
SWZ,eSwatini (Swaziland),2016,13.08,1.4,,1,1
SWZ,eSwatini (Swaziland),2017,8.69,,,1,0
SWZ,eSwatini (Swaziland),2018,4.77,1.45,,1,1
SWZ,eSwatini (Swaziland),2019,3.07,,,1,0
SWZ,eSwatini (Swaziland),2020,0.09,,,1,0
SWZ,eSwatini (Swaziland),2021,0.0,,,0,0
SWZ,eSwatini (Swaziland),2022,0.4,,,1,0
SWZ,eSwatini (Swaziland),2023,0.4,,,1,0
ETH,Ethiopia,1960,,,,0,0
ETH,Ethiopia,1961,,,,0,0
ETH,Ethiopia,1962,,,,0,0
ETH,Ethiopia,1963,,,,0,0
ETH,Ethiopia,1964,,,,0,0
ETH,Ethiopia,1965,,,,0,0
ETH,Ethiopia,1966,,,,0,0
ETH,Ethiopia,1967,,,,0,0
ETH,Ethiopia,1968,,,,0,0
ETH,Ethiopia,1969,,,,0,0
ETH,Ethiopia,1970,0.46,,,1,0
ETH,Ethiopia,1971,0.42,0.32,,1,1
ETH,Ethiopia,1972,0.77,0.75,,1,1
ETH,Ethiopia,1973,0.07,0.04,,1,1
ETH,Ethiopia,1974,0.13,0.09,,1,1
ETH,Ethiopia,1975,0.32,0.3,,1,1
ETH,Ethiopia,1976,1.2,1.2,,1,1
ETH,Ethiopia,1977,1.26,1.26,,1,1
ETH,Ethiopia,1978,0.81,0.81,,1,1
ETH,Ethiopia,1979,1.71,1.48,,1,1
ETH,Ethiopia,1980,1.13,0.9,,1,1
ETH,Ethiopia,1981,1.28,0.96,,1,1
ETH,Ethiopia,1982,1.36,0.75,,1,1
ETH,Ethiopia,1983,1.22,0.74,,1,1
ETH,Ethiopia,1984,1.29,0.84,,1,1
ETH,Ethiopia,1985,1.42,1.42,,1,1
ETH,Ethiopia,1986,1.14,1.14,,1,1
ETH,Ethiopia,1987,54.11,11.15,,1,1
ETH,Ethiopia,1988,15.69,6.6,,1,1
ETH,Ethiopia,1989,68.52,13.09,,1,1
ETH,Ethiopia,1990,278.94,42.8,0.02,1,1
ETH,Ethiopia,1991,1087.41,118.79,24.15,1,1
ETH,Ethiopia,1992,1965.44,180.44,32.97,1,1
ETH,Ethiopia,1993,2517.83,175.98,33.41,1,1
ETH,Ethiopia,1994,3259.01,204.26,43.5,1,1
ETH,Ethiopia,1995,4099.59,207.18,46.32,1,1
ETH,Ethiopia,1996,4801.61,216.31,48.27,1,1
ETH,Ethiopia,1997,5413.23,261.63,49.79,1,1
ETH,Ethiopia,1998,5828.39,255.46,51.29,1,1
ETH,Ethiopia,1999,1448.4,63.37,52.76,1,1
ETH,Ethiopia,2000,717.09,49.79,52.76,1,1
ETH,Ethiopia,2001,685.17,55.5,123.0,1,1
ETH,Ethiopia,2002,722.59,38.24,41.79,1,1
ETH,Ethiopia,2003,761.49,39.22,37.1,1,1
ETH,Ethiopia,2004,1534.64,16.72,30.93,1,1
ETH,Ethiopia,2005,2117.21,13.67,30.93,1,1
ETH,Ethiopia,2006,4791.84,43.82,28.13,1,1
ETH,Ethiopia,2007,449.12,40.18,18.5,1,1
ETH,Ethiopia,2008,465.95,39.71,,1,1
ETH,Ethiopia,2009,435.36,39.78,,1,1
ETH,Ethiopia,2010,595.54,37.89,,1,1
ETH,Ethiopia,2011,586.13,37.61,,1,1
ETH,Ethiopia,2012,407.01,33.68,,1,1
ETH,Ethiopia,2013,409.52,35.27,,1,1
ETH,Ethiopia,2014,409.45,35.21,,1,1
ETH,Ethiopia,2015,409.15,35.1,,1,1
ETH,Ethiopia,2016,409.11,35.06,,1,1
ETH,Ethiopia,2017,410.45,35.16,,1,1
ETH,Ethiopia,2018,2909.73,35.59,2491.0,1,1
ETH,Ethiopia,2019,528.42,35.56,109.84,1,1
ETH,Ethiopia,2020,602.63,117.99,51.7,1,1
ETH,Ethiopia,2021,573.94,89.31,290.0,1,1
ETH,Ethiopia,2022,917.47,37.37,503.0,1,1
ETH,Ethiopia,2023,20509.0,100.0,13700.0,1,1
FJI,Fiji,1960,,,,0,0
FJI,Fiji,1961,,,,0,0
FJI,Fiji,1962,,,,0,0
FJI,Fiji,1963,,,,0,0
FJI,Fiji,1964,,,,0,0
FJI,Fiji,1965,,,,0,0
FJI,Fiji,1966,,,,0,0
FJI,Fiji,1967,,,,0,0
FJI,Fiji,1968,,,,0,0
FJI,Fiji,1969,,,,0,0
FJI,Fiji,1970,,,,0,0
FJI,Fiji,1971,,,,0,0
FJI,Fiji,1972,,,,0,0
FJI,Fiji,1973,,,,0,0
FJI,Fiji,1974,,,,0,0
FJI,Fiji,1975,,,,0,0
FJI,Fiji,1976,0.03,,,1,0
FJI,Fiji,1977,0.19,,,1,0
FJI,Fiji,1978,,,,0,0
FJI,Fiji,1979,0.7,,,1,0
FJI,Fiji,1980,0.3,,,1,0
FJI,Fiji,1981,,,,0,0
FJI,Fiji,1982,0.0,0.0,,0,0
FJI,Fiji,1983,,,,0,0
FJI,Fiji,1984,,,,0,0
FJI,Fiji,1985,,,,0,0
FJI,Fiji,1986,,,,0,0
FJI,Fiji,1987,,,,0,0
FJI,Fiji,1988,,,,0,0
FJI,Fiji,1989,,,,0,0
FJI,Fiji,1990,0.02,,,1,0
FJI,Fiji,1991,0.05,,,1,0
FJI,Fiji,1992,0.07,,,1,0
FJI,Fiji,1993,0.08,,,1,0
FJI,Fiji,1994,0.11,,,1,0
FJI,Fiji,1995,0.14,,,1,0
FJI,Fiji,1996,0.15,,,1,0
FJI,Fiji,1997,0.15,,,1,0
FJI,Fiji,1998,0.2,,,1,0
FJI,Fiji,1999,0.19,,,1,0
FJI,Fiji,2000,0.2,,,1,0
FJI,Fiji,2001,0.21,,,1,0
FJI,Fiji,2002,0.56,,,1,0
FJI,Fiji,2003,0.72,,,1,0
FJI,Fiji,2004,0.4,,,1,0
FJI,Fiji,2005,0.37,,,1,0
FJI,Fiji,2006,3.99,0.99,,1,1
FJI,Fiji,2007,3.41,0.28,,1,1
FJI,Fiji,2008,2.9,0.4,,1,1
FJI,Fiji,2009,4.14,0.1,,1,1
FJI,Fiji,2010,0.14,0.11,,1,1
FJI,Fiji,2011,0.58,0.12,,1,1
FJI,Fiji,2012,0.34,0.21,,1,1
FJI,Fiji,2013,1.17,0.62,,1,1
FJI,Fiji,2014,0.06,0.03,,1,1
FJI,Fiji,2015,,,,0,0
FJI,Fiji,2016,,,,0,0
FJI,Fiji,2017,6.14,,6.14,1,0
FJI,Fiji,2018,,,,0,0
FJI,Fiji,2019,,,,0,0
FJI,Fiji,2020,19.09,8.54,10.55,1,1
FJI,Fiji,2021,70.65,18.83,29.0,1,1
FJI,Fiji,2022,,,,0,0
FJI,Fiji,2023,,,,0,0
GAB,Gabon,1960,,,,0,0
GAB,Gabon,1961,,,,0,0
GAB,Gabon,1962,,,,0,0
GAB,Gabon,1963,,,,0,0
GAB,Gabon,1964,,,,0,0
GAB,Gabon,1965,,,,0,0
GAB,Gabon,1966,,,,0,0
GAB,Gabon,1967,,,,0,0
GAB,Gabon,1968,,,,0,0
GAB,Gabon,1969,,,,0,0
GAB,Gabon,1970,,,,0,0
GAB,Gabon,1971,,,,0,0
GAB,Gabon,1972,,,,0,0
GAB,Gabon,1973,,,,0,0
GAB,Gabon,1974,,,,0,0
GAB,Gabon,1975,0.18,0.18,,1,1
GAB,Gabon,1976,0.05,0.05,,1,1
GAB,Gabon,1977,,,,0,0
GAB,Gabon,1978,60.0,,,1,0
GAB,Gabon,1979,,,,0,0
GAB,Gabon,1980,0.03,,,1,0
GAB,Gabon,1981,1.53,,,1,0
GAB,Gabon,1982,5.08,4.67,,1,1
GAB,Gabon,1983,0.4,0.1,,1,1
GAB,Gabon,1984,0.09,0.09,,1,1
GAB,Gabon,1985,0.29,0.11,,1,1
GAB,Gabon,1986,128.22,67.88,,1,1
GAB,Gabon,1987,370.59,0.32,,1,1
GAB,Gabon,1988,462.35,0.81,,1,1
GAB,Gabon,1989,1003.94,233.37,,1,1
GAB,Gabon,1990,719.62,290.57,1.01,1,1
GAB,Gabon,1991,927.03,286.09,1.94,1,1
GAB,Gabon,1992,890.94,376.64,,1,1
GAB,Gabon,1993,1291.71,460.76,,1,1
GAB,Gabon,1994,2066.08,520.08,,1,1
GAB,Gabon,1995,1061.22,30.22,,1,1
GAB,Gabon,1996,333.7,4.07,,1,1
GAB,Gabon,1997,263.87,0.84,,1,1
GAB,Gabon,1998,292.34,2.84,,1,1
GAB,Gabon,1999,284.58,5.08,1.0,1,1
GAB,Gabon,2000,940.7,12.72,1.0,1,1
GAB,Gabon,2001,213.05,3.38,2.69,1,1
GAB,Gabon,2002,114.42,10.9,4.03,1,1
GAB,Gabon,2003,771.44,69.13,4.34,1,1
GAB,Gabon,2004,1139.12,54.69,5.45,1,1
GAB,Gabon,2005,835.93,38.05,8.28,1,1
GAB,Gabon,2006,1104.3,32.8,10.32,1,1
GAB,Gabon,2007,2371.09,18.97,15.12,1,1
GAB,Gabon,2008,2286.18,3.78,19.06,1,1
GAB,Gabon,2009,54.58,0.65,7.22,1,1
GAB,Gabon,2010,8.51,0.63,7.44,1,1
GAB,Gabon,2011,9.24,1.19,7.82,1,1
GAB,Gabon,2012,10.96,0.01,9.56,1,1
GAB,Gabon,2013,24.62,,21.78,1,0
GAB,Gabon,2014,,,,0,0
GAB,Gabon,2015,25.44,15.03,6.66,1,1
GAB,Gabon,2016,175.46,81.13,,1,1
GAB,Gabon,2017,543.91,83.82,453.0,1,1
GAB,Gabon,2018,51.97,24.79,0.66,1,1
GAB,Gabon,2019,16.14,0.66,,1,1
GAB,Gabon,2020,242.66,12.43,112.0,1,1
GAB,Gabon,2021,99.54,21.41,24.0,1,1
GAB,Gabon,2022,89.79,1.2,2.04,1,1
GAB,Gabon,2023,510.0,10.0,,1,1
GMB,The Gambia,1960,,,,0,0
GMB,The Gambia,1961,,,,0,0
GMB,The Gambia,1962,,,,0,0
GMB,The Gambia,1963,,,,0,0
GMB,The Gambia,1964,,,,0,0
GMB,The Gambia,1965,,,,0,0
GMB,The Gambia,1966,,,,0,0
GMB,The Gambia,1967,,,,0,0
GMB,The Gambia,1968,,,,0,0
GMB,The Gambia,1969,,,,0,0
GMB,The Gambia,1970,,,,0,0
GMB,The Gambia,1971,,,,0,0
GMB,The Gambia,1972,,,,0,0
GMB,The Gambia,1973,,,,0,0
GMB,The Gambia,1974,,,,0,0
GMB,The Gambia,1975,,,,0,0
GMB,The Gambia,1976,,,,0,0
GMB,The Gambia,1977,0.02,,,1,0
GMB,The Gambia,1978,0.04,,,1,0
GMB,The Gambia,1979,,,,0,0
GMB,The Gambia,1980,0.29,0.1,,1,1
GMB,The Gambia,1981,0.57,0.2,,1,1
GMB,The Gambia,1982,2.42,0.4,,1,1
GMB,The Gambia,1983,4.95,2.0,,1,1
GMB,The Gambia,1984,11.38,6.7,,1,1
GMB,The Gambia,1985,56.86,9.8,,1,1
GMB,The Gambia,1986,49.6,4.5,,1,1
GMB,The Gambia,1987,11.63,2.6,,1,1
GMB,The Gambia,1988,28.83,1.9,,1,1
GMB,The Gambia,1989,11.36,6.6,,1,1
GMB,The Gambia,1990,2.49,,,1,0
GMB,The Gambia,1991,4.09,,,1,0
GMB,The Gambia,1992,2.2,,,1,0
GMB,The Gambia,1993,4.46,,,1,0
GMB,The Gambia,1994,6.4,0.1,,1,1
GMB,The Gambia,1995,2.89,0.1,,1,1
GMB,The Gambia,1996,2.05,,,1,0
GMB,The Gambia,1997,1.15,,,1,0
GMB,The Gambia,1998,0.87,,,1,0
GMB,The Gambia,1999,1.43,,1.28,1,0
GMB,The Gambia,2000,3.29,,1.95,1,0
GMB,The Gambia,2001,6.56,,3.87,1,0
GMB,The Gambia,2002,11.03,,5.79,1,0
GMB,The Gambia,2003,17.81,0.48,7.71,1,1
GMB,The Gambia,2004,19.54,0.4,9.7,1,1
GMB,The Gambia,2005,29.75,,11.46,1,0
GMB,The Gambia,2006,33.19,,13.5,1,0
GMB,The Gambia,2007,45.15,,4.79,1,0
GMB,The Gambia,2008,267.23,0.11,10.87,1,1
GMB,The Gambia,2009,31.18,1.45,12.24,1,1
GMB,The Gambia,2010,45.26,0.41,13.34,1,1
GMB,The Gambia,2011,27.47,0.03,13.95,1,1
GMB,The Gambia,2012,34.5,,13.98,1,0
GMB,The Gambia,2013,21.46,,14.37,1,0
GMB,The Gambia,2014,16.24,,,1,0
GMB,The Gambia,2015,13.97,,,1,0
GMB,The Gambia,2016,1.5,,,1,0
GMB,The Gambia,2017,59.93,,12.0,1,0
GMB,The Gambia,2018,9.67,,,1,0
GMB,The Gambia,2019,6.48,,,1,0
GMB,The Gambia,2020,23.49,,2.6,1,0
GMB,The Gambia,2021,21.89,,,1,0
GMB,The Gambia,2022,24.48,,2.04,1,0
GMB,The Gambia,2023,36.0,,,1,0
GEO,Georgia,1960,,,,0,0
GEO,Georgia,1961,,,,0,0
GEO,Georgia,1962,,,,0,0
GEO,Georgia,1963,,,,0,0
GEO,Georgia,1964,,,,0,0
GEO,Georgia,1965,,,,0,0
GEO,Georgia,1966,,,,0,0
GEO,Georgia,1967,,,,0,0
GEO,Georgia,1968,,,,0,0
GEO,Georgia,1969,,,,0,0
GEO,Georgia,1970,,,,0,0
GEO,Georgia,1971,,,,0,0
GEO,Georgia,1972,,,,0,0
GEO,Georgia,1973,,,,0,0
GEO,Georgia,1974,,,,0,0
GEO,Georgia,1975,,,,0,0
GEO,Georgia,1976,,,,0,0
GEO,Georgia,1977,,,,0,0
GEO,Georgia,1978,,,,0,0
GEO,Georgia,1979,,,,0,0
GEO,Georgia,1980,,,,0,0
GEO,Georgia,1981,,,,0,0
GEO,Georgia,1982,,,,0,0
GEO,Georgia,1983,,,,0,0
GEO,Georgia,1984,,,,0,0
GEO,Georgia,1985,,,,0,0
GEO,Georgia,1986,,,,0,0
GEO,Georgia,1987,,,,0,0
GEO,Georgia,1988,,,,0,0
GEO,Georgia,1989,,,,0,0
GEO,Georgia,1990,,,,0,0
GEO,Georgia,1991,,,,0,0
GEO,Georgia,1992,1.1,1.1,,1,1
GEO,Georgia,1993,0.2,0.2,,1,1
GEO,Georgia,1994,58.35,1.0,,1,1
GEO,Georgia,1995,274.41,15.9,1.82,1,1
GEO,Georgia,1996,452.22,30.3,2.96,1,1
GEO,Georgia,1997,154.74,11.35,3.92,1,1
GEO,Georgia,1998,59.18,,,1,0
GEO,Georgia,1999,113.43,,,1,0
GEO,Georgia,2000,180.67,,,1,0
GEO,Georgia,2001,357.45,,0.6,1,0
GEO,Georgia,2002,351.54,,1.38,1,0
GEO,Georgia,2003,322.93,,2.32,1,0
GEO,Georgia,2004,423.89,,3.38,1,0
GEO,Georgia,2005,221.74,,2.91,1,0
GEO,Georgia,2006,214.76,,2.6,1,0
GEO,Georgia,2007,41.87,,,1,0
GEO,Georgia,2008,35.37,,,1,0
GEO,Georgia,2009,35.37,,,1,0
GEO,Georgia,2010,35.37,,,1,0
GEO,Georgia,2011,35.37,,,1,0
GEO,Georgia,2012,35.68,,,1,0
GEO,Georgia,2013,51.6,,,1,0
GEO,Georgia,2014,35.37,,,1,0
GEO,Georgia,2015,35.37,,,1,0
GEO,Georgia,2016,35.37,,,1,0
GEO,Georgia,2017,35.37,,,1,0
GEO,Georgia,2018,7.3,,,1,0
GEO,Georgia,2019,7.3,,,1,0
GEO,Georgia,2020,7.3,,,1,0
GEO,Georgia,2021,7.3,,,1,0
GEO,Georgia,2022,7.3,,,1,0
GEO,Georgia,2023,7.0,,,1,0
GHA,Ghana,1960,,,,0,0
GHA,Ghana,1961,,,,0,0
GHA,Ghana,1962,,,,0,0
GHA,Ghana,1963,,,,0,0
GHA,Ghana,1964,,,,0,0
GHA,Ghana,1965,116.0,,,1,0
GHA,Ghana,1966,178.65,,,1,0
GHA,Ghana,1967,57.0,,,1,0
GHA,Ghana,1968,246.0,,,1,0
GHA,Ghana,1969,50.0,,,1,0
GHA,Ghana,1970,43.44,21.44,,1,1
GHA,Ghana,1971,34.72,23.33,,1,1
GHA,Ghana,1972,76.12,45.07,,1,1
GHA,Ghana,1973,112.68,64.23,,1,1
GHA,Ghana,1974,221.27,31.27,,1,1
GHA,Ghana,1975,54.96,28.69,,1,1
GHA,Ghana,1976,34.12,15.5,,1,1
GHA,Ghana,1977,38.36,16.68,,1,1
GHA,Ghana,1978,28.61,9.78,,1,1
GHA,Ghana,1979,924.62,15.76,,1,1
GHA,Ghana,1980,9.29,2.88,,1,1
GHA,Ghana,1981,18.32,4.69,,1,1
GHA,Ghana,1982,2553.05,4.05,,1,1
GHA,Ghana,1983,17.89,2.46,,1,1
GHA,Ghana,1984,29.7,5.74,,1,1
GHA,Ghana,1985,44.14,5.69,,1,1
GHA,Ghana,1986,54.12,7.83,,1,1
GHA,Ghana,1987,76.12,15.14,,1,1
GHA,Ghana,1988,77.45,18.02,,1,1
GHA,Ghana,1989,113.48,37.68,,1,1
GHA,Ghana,1990,132.97,37.94,,1,1
GHA,Ghana,1991,167.24,55.43,,1,1
GHA,Ghana,1992,121.94,59.93,,1,1
GHA,Ghana,1993,158.64,70.47,,1,1
GHA,Ghana,1994,150.98,80.26,,1,1
GHA,Ghana,1995,117.11,49.49,,1,1
GHA,Ghana,1996,134.79,41.79,,1,1
GHA,Ghana,1997,27.13,15.09,,1,1
GHA,Ghana,1998,79.17,14.01,,1,1
GHA,Ghana,1999,107.99,31.66,,1,1
GHA,Ghana,2000,111.11,31.22,,1,1
GHA,Ghana,2001,463.0,106.24,,1,1
GHA,Ghana,2002,361.15,65.2,53.5,1,1
GHA,Ghana,2003,260.62,147.9,66.0,1,1
GHA,Ghana,2004,1642.99,82.99,,1,1
GHA,Ghana,2005,145.39,40.66,,1,1
GHA,Ghana,2006,4731.07,53.1,83.0,1,1
GHA,Ghana,2007,70.46,33.0,24.0,1,1
GHA,Ghana,2008,38.19,13.11,0.8,1,1
GHA,Ghana,2009,45.49,30.2,0.86,1,1
GHA,Ghana,2010,82.21,56.52,1.21,1,1
GHA,Ghana,2011,140.33,76.75,9.46,1,1
GHA,Ghana,2012,214.88,71.31,17.15,1,1
GHA,Ghana,2013,468.35,71.31,71.29,1,1
GHA,Ghana,2014,1827.85,105.78,1500.0,1,1
GHA,Ghana,2015,567.64,163.73,371.68,1,1
GHA,Ghana,2016,600.52,190.61,366.27,1,1
GHA,Ghana,2017,893.06,288.03,533.07,1,1
GHA,Ghana,2018,1213.57,352.13,787.17,1,1
GHA,Ghana,2019,1011.48,363.46,545.73,1,1
GHA,Ghana,2020,1625.88,596.77,908.0,1,1
GHA,Ghana,2021,161.06,72.83,12.87,1,1
GHA,Ghana,2022,37514.23,2833.0,1404.23,1,1
GHA,Ghana,2023,39207.11,3031.31,1900.0,1,1
GRD,Grenada,1960,,,,0,0
GRD,Grenada,1961,,,,0,0
GRD,Grenada,1962,,,,0,0
GRD,Grenada,1963,,,,0,0
GRD,Grenada,1964,,,,0,0
GRD,Grenada,1965,,,,0,0
GRD,Grenada,1966,,,,0,0
GRD,Grenada,1967,,,,0,0
GRD,Grenada,1968,,,,0,0
GRD,Grenada,1969,,,,0,0
GRD,Grenada,1970,,,,0,0
GRD,Grenada,1971,,,,0,0
GRD,Grenada,1972,,,,0,0
GRD,Grenada,1973,,,,0,0
GRD,Grenada,1974,,,,0,0
GRD,Grenada,1975,,,,0,0
GRD,Grenada,1976,,,,0,0
GRD,Grenada,1977,,,,0,0
GRD,Grenada,1978,,,,0,0
GRD,Grenada,1979,,,,0,0
GRD,Grenada,1980,,,,0,0
GRD,Grenada,1981,0.42,0.42,,1,1
GRD,Grenada,1982,0.42,0.42,,1,1
GRD,Grenada,1983,0.73,0.1,,1,1
GRD,Grenada,1984,2.61,0.89,,1,1
GRD,Grenada,1985,6.95,2.65,,1,1
GRD,Grenada,1986,8.86,3.33,,1,1
GRD,Grenada,1987,14.43,5.8,,1,1
GRD,Grenada,1988,18.65,7.85,,1,1
GRD,Grenada,1989,25.49,10.72,,1,1
GRD,Grenada,1990,37.88,15.86,,1,1
GRD,Grenada,1991,45.27,17.18,,1,1
GRD,Grenada,1992,43.29,18.23,,1,1
GRD,Grenada,1993,43.44,18.71,,1,1
GRD,Grenada,1994,45.25,19.51,,1,1
GRD,Grenada,1995,46.91,20.13,,1,1
GRD,Grenada,1996,49.37,21.36,,1,1
GRD,Grenada,1997,17.29,7.47,,1,1
GRD,Grenada,1998,16.85,7.65,,1,1
GRD,Grenada,1999,20.32,8.96,,1,1
GRD,Grenada,2000,15.94,6.99,,1,1
GRD,Grenada,2001,13.73,3.48,,1,1
GRD,Grenada,2002,12.74,2.89,,1,1
GRD,Grenada,2003,12.27,2.96,,1,1
GRD,Grenada,2004,264.69,9.76,,1,1
GRD,Grenada,2005,253.59,,,1,0
GRD,Grenada,2006,22.2,6.2,,1,1
GRD,Grenada,2007,26.83,10.43,,1,1
GRD,Grenada,2008,32.37,7.43,,1,1
GRD,Grenada,2009,39.73,9.63,,1,1
GRD,Grenada,2010,41.65,9.19,,1,1
GRD,Grenada,2011,45.28,11.16,,1,1
GRD,Grenada,2012,80.61,36.29,,1,1
GRD,Grenada,2013,313.4,,,1,0
GRD,Grenada,2014,329.77,,,1,0
GRD,Grenada,2015,402.48,,,1,0
GRD,Grenada,2016,155.92,0.0,,1,0
GRD,Grenada,2017,212.07,0.0,,1,0
GRD,Grenada,2018,22.58,0.0,,1,0
GRD,Grenada,2019,24.71,0.0,,1,0
GRD,Grenada,2020,29.19,0.0,,1,0
GRD,Grenada,2021,30.16,0.0,,1,0
GRD,Grenada,2022,31.46,0.0,,1,0
GRD,Grenada,2023,33.0,0.0,,1,0
GTM,Guatemala,1960,,,,0,0
GTM,Guatemala,1961,,,,0,0
GTM,Guatemala,1962,,,,0,0
GTM,Guatemala,1963,,,,0,0
GTM,Guatemala,1964,,,,0,0
GTM,Guatemala,1965,,,,0,0
GTM,Guatemala,1966,,,,0,0
GTM,Guatemala,1967,,,,0,0
GTM,Guatemala,1968,,,,0,0
GTM,Guatemala,1969,,,,0,0
GTM,Guatemala,1970,,,,0,0
GTM,Guatemala,1971,,,,0,0
GTM,Guatemala,1972,,,,0,0
GTM,Guatemala,1973,,,,0,0
GTM,Guatemala,1974,,,,0,0
GTM,Guatemala,1975,,,,0,0
GTM,Guatemala,1976,,,,0,0
GTM,Guatemala,1977,,,,0,0
GTM,Guatemala,1978,,,,0,0
GTM,Guatemala,1979,,,,0,0
GTM,Guatemala,1980,,,,0,0
GTM,Guatemala,1981,,,,0,0
GTM,Guatemala,1982,,,,0,0
GTM,Guatemala,1983,0.25,,,1,0
GTM,Guatemala,1984,18.07,15.0,,1,1
GTM,Guatemala,1985,76.56,63.0,,1,1
GTM,Guatemala,1986,233.54,136.2,0.35,1,1
GTM,Guatemala,1987,329.27,200.3,0.97,1,1
GTM,Guatemala,1988,324.59,227.2,1.39,1,1
GTM,Guatemala,1989,914.33,229.6,1.73,1,1
GTM,Guatemala,1990,506.47,325.8,,1,1
GTM,Guatemala,1991,533.54,339.4,,1,1
GTM,Guatemala,1992,519.77,365.5,,1,1
GTM,Guatemala,1993,907.98,373.3,,1,1
GTM,Guatemala,1994,447.82,392.3,,1,1
GTM,Guatemala,1995,477.6,409.1,7.5,1,1
GTM,Guatemala,1996,488.7,406.7,15.0,1,1
GTM,Guatemala,1997,474.2,411.7,22.5,1,1
GTM,Guatemala,1998,461.0,397.0,25.0,1,1
GTM,Guatemala,1999,492.1,443.1,20.0,1,1
GTM,Guatemala,2000,541.4,499.4,15.0,1,1
GTM,Guatemala,2001,522.95,511.95,10.0,1,1
GTM,Guatemala,2002,522.05,521.36,,1,1
GTM,Guatemala,2003,534.98,534.98,,1,1
GTM,Guatemala,2004,544.93,544.93,,1,1
GTM,Guatemala,2005,544.93,544.93,,1,1
GTM,Guatemala,2006,128.6,,,1,0
GTM,Guatemala,2007,0.03,,,1,0
GTM,Guatemala,2008,0.0,,,0,0
GTM,Guatemala,2009,,,,0,0
GTM,Guatemala,2010,,,,0,0
GTM,Guatemala,2011,,,,0,0
GTM,Guatemala,2012,0.0,,,0,0
GTM,Guatemala,2013,0.39,,,1,0
GTM,Guatemala,2014,,,,0,0
GTM,Guatemala,2015,,,,0,0
GTM,Guatemala,2016,,,,0,0
GTM,Guatemala,2017,,,,0,0
GTM,Guatemala,2018,,,,0,0
GTM,Guatemala,2019,,,,0,0
GTM,Guatemala,2020,3.91,,3.91,1,0
GTM,Guatemala,2021,,,,0,0
GTM,Guatemala,2022,0.23,,,1,0
GTM,Guatemala,2023,,,,0,0
GIN,Guinea,1960,,,,0,0
GIN,Guinea,1961,,,,0,0
GIN,Guinea,1962,,,,0,0
GIN,Guinea,1963,,,,0,0
GIN,Guinea,1964,,,,0,0
GIN,Guinea,1965,29.0,,,1,0
GIN,Guinea,1966,,,,0,0
GIN,Guinea,1967,7.0,,,1,0
GIN,Guinea,1968,9.0,,,1,0
GIN,Guinea,1969,9.0,,,1,0
GIN,Guinea,1970,21.64,10.47,,1,1
GIN,Guinea,1971,41.88,14.32,,1,1
GIN,Guinea,1972,62.85,17.82,,1,1
GIN,Guinea,1973,95.9,24.45,,1,1
GIN,Guinea,1974,129.62,27.98,,1,1
GIN,Guinea,1975,157.77,29.06,,1,1
GIN,Guinea,1976,172.31,25.62,,1,1
GIN,Guinea,1977,200.73,30.25,,1,1
GIN,Guinea,1978,242.94,44.76,,1,1
GIN,Guinea,1979,249.02,55.42,,1,1
GIN,Guinea,1980,134.27,20.76,,1,1
GIN,Guinea,1981,160.14,43.63,,1,1
GIN,Guinea,1982,191.25,65.81,0.1,1,1
GIN,Guinea,1983,207.51,78.09,0.2,1,1
GIN,Guinea,1984,201.73,81.67,0.21,1,1
GIN,Guinea,1985,273.32,143.14,12.11,1,1
GIN,Guinea,1986,247.86,25.89,21.96,1,1
GIN,Guinea,1987,248.19,23.0,36.53,1,1
GIN,Guinea,1988,355.09,2.0,50.87,1,1
GIN,Guinea,1989,712.04,61.91,57.14,1,1
GIN,Guinea,1990,414.67,31.06,95.39,1,1
GIN,Guinea,1991,372.91,44.59,28.27,1,1
GIN,Guinea,1992,521.03,50.89,34.14,1,1
GIN,Guinea,1993,450.71,61.28,37.58,1,1
GIN,Guinea,1994,565.33,69.37,40.83,1,1
GIN,Guinea,1995,628.12,70.12,5.67,1,1
GIN,Guinea,1996,534.95,77.16,12.12,1,1
GIN,Guinea,1997,605.77,73.77,17.66,1,1
GIN,Guinea,1998,697.78,,19.81,1,0
GIN,Guinea,1999,575.15,28.24,22.45,1,1
GIN,Guinea,2000,399.89,,23.45,1,0
GIN,Guinea,2001,503.81,34.73,,1,1
GIN,Guinea,2002,347.17,34.73,,1,1
GIN,Guinea,2003,343.17,34.73,,1,1
GIN,Guinea,2004,328.58,35.63,,1,1
GIN,Guinea,2005,331.55,37.47,45.0,1,1
GIN,Guinea,2006,339.81,39.99,28.06,1,1
GIN,Guinea,2007,354.63,45.37,25.0,1,1
GIN,Guinea,2008,371.53,44.79,28.74,1,1
GIN,Guinea,2009,169.37,26.97,,1,1
GIN,Guinea,2010,248.25,26.22,,1,1
GIN,Guinea,2011,162.93,31.03,,1,1
GIN,Guinea,2012,2125.98,32.56,,1,1
GIN,Guinea,2013,185.13,33.29,,1,1
GIN,Guinea,2014,170.47,31.29,,1,1
GIN,Guinea,2015,89.57,29.77,,1,1
GIN,Guinea,2016,88.94,29.35,,1,1
GIN,Guinea,2017,90.92,31.11,,1,1
GIN,Guinea,2018,90.35,30.45,,1,1
GIN,Guinea,2019,90.22,30.19,,1,1
GIN,Guinea,2020,130.35,31.44,3.91,1,1
GIN,Guinea,2021,126.41,30.3,,1,1
GIN,Guinea,2022,120.57,61.0,,1,1
GIN,Guinea,2023,125.0,65.0,,1,1
GNB,Guinea-Bissau,1960,,,,0,0
GNB,Guinea-Bissau,1961,,,,0,0
GNB,Guinea-Bissau,1962,,,,0,0
GNB,Guinea-Bissau,1963,,,,0,0
GNB,Guinea-Bissau,1964,,,,0,0
GNB,Guinea-Bissau,1965,,,,0,0
GNB,Guinea-Bissau,1966,,,,0,0
GNB,Guinea-Bissau,1967,,,,0,0
GNB,Guinea-Bissau,1968,,,,0,0
GNB,Guinea-Bissau,1969,,,,0,0
GNB,Guinea-Bissau,1970,,,,0,0
GNB,Guinea-Bissau,1971,,,,0,0
GNB,Guinea-Bissau,1972,,,,0,0
GNB,Guinea-Bissau,1973,,,,0,0
GNB,Guinea-Bissau,1974,,,,0,0
GNB,Guinea-Bissau,1975,,,,0,0
GNB,Guinea-Bissau,1976,0.11,,,1,0
GNB,Guinea-Bissau,1977,0.22,,,1,0
GNB,Guinea-Bissau,1978,0.62,,,1,0
GNB,Guinea-Bissau,1979,2.32,0.72,,1,1
GNB,Guinea-Bissau,1980,5.4,1.78,,1,1
GNB,Guinea-Bissau,1981,15.54,5.7,,1,1
GNB,Guinea-Bissau,1982,28.11,9.16,,1,1
GNB,Guinea-Bissau,1983,32.69,12.53,,1,1
GNB,Guinea-Bissau,1984,26.79,5.08,,1,1
GNB,Guinea-Bissau,1985,37.53,9.91,,1,1
GNB,Guinea-Bissau,1986,48.35,12.25,,1,1
GNB,Guinea-Bissau,1987,51.16,6.0,0.16,1,1
GNB,Guinea-Bissau,1988,50.32,8.33,0.32,1,1
GNB,Guinea-Bissau,1989,117.75,23.39,0.36,1,1
GNB,Guinea-Bissau,1990,163.17,15.67,1.01,1,1
GNB,Guinea-Bissau,1991,180.67,15.5,1.63,1,1
GNB,Guinea-Bissau,1992,224.9,21.63,5.75,1,1
GNB,Guinea-Bissau,1993,272.4,29.81,9.07,1,1
GNB,Guinea-Bissau,1994,341.21,32.36,13.56,1,1
GNB,Guinea-Bissau,1995,368.94,36.88,14.05,1,1
GNB,Guinea-Bissau,1996,381.9,34.21,14.27,1,1
GNB,Guinea-Bissau,1997,14.28,,14.28,1,0
GNB,Guinea-Bissau,1998,254.09,,15.14,1,0
GNB,Guinea-Bissau,1999,283.04,,15.83,1,0
GNB,Guinea-Bissau,2000,309.94,,15.99,1,0
GNB,Guinea-Bissau,2001,339.4,,16.59,1,0
GNB,Guinea-Bissau,2002,354.48,,,1,0
GNB,Guinea-Bissau,2003,399.67,,,1,0
GNB,Guinea-Bissau,2004,518.63,,,1,0
GNB,Guinea-Bissau,2005,386.25,,,1,0
GNB,Guinea-Bissau,2006,386.72,,,1,0
GNB,Guinea-Bissau,2007,396.49,,,1,0
GNB,Guinea-Bissau,2008,456.32,,,1,0
GNB,Guinea-Bissau,2009,463.47,,,1,0
GNB,Guinea-Bissau,2010,415.99,,,1,0
GNB,Guinea-Bissau,2011,842.58,,,1,0
GNB,Guinea-Bissau,2012,77.46,,,1,0
GNB,Guinea-Bissau,2013,77.49,,,1,0
GNB,Guinea-Bissau,2014,77.48,,,1,0
GNB,Guinea-Bissau,2015,77.54,,,1,0
GNB,Guinea-Bissau,2016,77.56,,30.0,1,0
GNB,Guinea-Bissau,2017,63.93,,,1,0
GNB,Guinea-Bissau,2018,26.06,,,1,0
GNB,Guinea-Bissau,2019,26.48,,,1,0
GNB,Guinea-Bissau,2020,28.32,,,1,0
GNB,Guinea-Bissau,2021,56.86,,,1,0
GNB,Guinea-Bissau,2022,8.08,,,1,0
GNB,Guinea-Bissau,2023,89.0,17.0,,1,1
GUY,Guyana,1960,,,,0,0
GUY,Guyana,1961,,,,0,0
GUY,Guyana,1962,,,,0,0
GUY,Guyana,1963,,,,0,0
GUY,Guyana,1964,,,,0,0
GUY,Guyana,1965,,,,0,0
GUY,Guyana,1966,,,,0,0
GUY,Guyana,1967,,,,0,0
GUY,Guyana,1968,,,,0,0
GUY,Guyana,1969,,,,0,0
GUY,Guyana,1970,,,,0,0
GUY,Guyana,1971,,,,0,0
GUY,Guyana,1972,0.54,0.54,,1,1
GUY,Guyana,1973,0.77,0.77,,1,1
GUY,Guyana,1974,2.16,2.16,,1,1
GUY,Guyana,1975,3.46,3.46,,1,1
GUY,Guyana,1976,17.02,0.73,,1,1
GUY,Guyana,1977,25.08,2.25,,1,1
GUY,Guyana,1978,39.25,9.8,,1,1
GUY,Guyana,1979,106.09,,,1,0
GUY,Guyana,1980,77.84,,,1,0
GUY,Guyana,1981,82.35,24.0,,1,1
GUY,Guyana,1982,131.19,34.0,,1,1
GUY,Guyana,1983,172.14,46.0,,1,1
GUY,Guyana,1984,293.03,45.0,,1,1
GUY,Guyana,1985,373.51,113.08,,1,1
GUY,Guyana,1986,458.27,141.43,,1,1
GUY,Guyana,1987,1009.41,198.68,,1,1
GUY,Guyana,1988,1121.78,207.1,,1,1
GUY,Guyana,1989,786.61,197.56,,1,1
GUY,Guyana,1990,672.3,124.27,,1,1
GUY,Guyana,1991,348.06,125.35,,1,1
GUY,Guyana,1992,238.02,,,1,0
GUY,Guyana,1993,194.31,46.01,0.3,1,1
GUY,Guyana,1994,205.94,47.96,1.67,1,1
GUY,Guyana,1995,248.86,51.72,2.26,1,1
GUY,Guyana,1996,919.18,52.18,4.32,1,1
GUY,Guyana,1997,195.45,54.07,4.59,1,1
GUY,Guyana,1998,176.52,54.65,8.35,1,1
GUY,Guyana,1999,457.18,,8.18,1,0
GUY,Guyana,2000,146.71,16.07,2.72,1,1
GUY,Guyana,2001,153.98,24.8,4.03,1,1
GUY,Guyana,2002,158.29,27.16,6.91,1,1
GUY,Guyana,2003,184.93,32.34,21.18,1,1
GUY,Guyana,2004,196.81,34.64,6.17,1,1
GUY,Guyana,2005,227.58,6.6,6.48,1,1
GUY,Guyana,2006,456.26,7.01,9.13,1,1
GUY,Guyana,2007,595.22,7.11,15.29,1,1
GUY,Guyana,2008,183.21,19.05,,1,1
GUY,Guyana,2009,174.78,19.35,,1,1
GUY,Guyana,2010,185.25,19.24,,1,1
GUY,Guyana,2011,189.06,19.19,,1,1
GUY,Guyana,2012,192.77,19.25,,1,1
GUY,Guyana,2013,474.42,19.3,,1,1
GUY,Guyana,2014,313.33,19.22,,1,1
GUY,Guyana,2015,246.3,19.13,,1,1
GUY,Guyana,2016,170.75,18.74,,1,1
GUY,Guyana,2017,164.79,18.02,,1,1
GUY,Guyana,2018,166.68,17.69,,1,1
GUY,Guyana,2019,97.85,17.72,,1,1
GUY,Guyana,2020,89.01,17.76,,1,1
GUY,Guyana,2021,89.84,17.76,,1,1
GUY,Guyana,2022,90.82,18.0,,1,1
GUY,Guyana,2023,70.0,,,1,0
HTI,Haiti,1960,1.0,,,1,0
HTI,Haiti,1961,1.0,,,1,0
HTI,Haiti,1962,1.0,,,1,0
HTI,Haiti,1963,27.0,,,1,0
HTI,Haiti,1964,27.0,,,1,0
HTI,Haiti,1965,29.0,,,1,0
HTI,Haiti,1966,0.2,,,1,0
HTI,Haiti,1967,3.55,,,1,0
HTI,Haiti,1968,4.2,,,1,0
HTI,Haiti,1969,5.5,,,1,0
HTI,Haiti,1970,4.32,4.32,,1,1
HTI,Haiti,1971,4.32,4.32,,1,1
HTI,Haiti,1972,4.33,4.33,,1,1
HTI,Haiti,1973,4.05,4.05,,1,1
HTI,Haiti,1974,0.05,0.05,,1,1
HTI,Haiti,1975,2.99,,,1,0
HTI,Haiti,1976,,,,0,0
HTI,Haiti,1977,,,,0,0
HTI,Haiti,1978,,,,0,0
HTI,Haiti,1979,,,,0,0
HTI,Haiti,1980,,,,0,0
HTI,Haiti,1981,0.15,,,1,0
HTI,Haiti,1982,2.69,2.34,,1,1
HTI,Haiti,1983,9.77,9.24,,1,1
HTI,Haiti,1984,17.6,15.42,,1,1
HTI,Haiti,1985,29.93,26.02,,1,1
HTI,Haiti,1986,38.5,27.97,,1,1
HTI,Haiti,1987,41.68,30.96,,1,1
HTI,Haiti,1988,104.52,41.19,,1,1
HTI,Haiti,1989,100.7,31.45,,1,1
HTI,Haiti,1990,66.62,39.14,,1,1
HTI,Haiti,1991,230.79,46.38,,1,1
HTI,Haiti,1992,84.97,53.16,,1,1
HTI,Haiti,1993,172.59,82.31,,1,1
HTI,Haiti,1994,194.05,82.65,,1,1
HTI,Haiti,1995,199.65,82.65,,1,1
HTI,Haiti,1996,5.17,,,1,0
HTI,Haiti,1997,3.85,,,1,0
HTI,Haiti,1998,2.88,,,1,0
HTI,Haiti,1999,3.2,,,1,0
HTI,Haiti,2000,3.46,,,1,0
HTI,Haiti,2001,12.02,,,1,0
HTI,Haiti,2002,38.14,,,1,0
HTI,Haiti,2003,88.02,,,1,0
HTI,Haiti,2004,89.0,,,1,0
HTI,Haiti,2005,36.48,,,1,0
HTI,Haiti,2006,69.0,,,1,0
HTI,Haiti,2007,46.81,4.95,,1,1
HTI,Haiti,2008,16.25,0.37,,1,1
HTI,Haiti,2009,1027.05,0.01,,1,1
HTI,Haiti,2010,773.85,,,1,0
HTI,Haiti,2011,557.4,,,1,0
HTI,Haiti,2012,717.63,0.63,,1,1
HTI,Haiti,2013,870.0,,,1,0
HTI,Haiti,2014,1023.0,,,1,0
HTI,Haiti,2015,1176.0,,,1,0
HTI,Haiti,2016,1600.0,,,1,0
HTI,Haiti,2017,1684.0,,,1,0
HTI,Haiti,2018,1768.0,,,1,0
HTI,Haiti,2019,1853.0,,,1,0
HTI,Haiti,2020,1841.0,,,1,0
HTI,Haiti,2021,2017.0,,,1,0
HTI,Haiti,2022,2159.0,,,1,0
HTI,Haiti,2023,2300.0,,,1,0
HND,Honduras,1960,,,,0,0
HND,Honduras,1961,,,,0,0
HND,Honduras,1962,,,,0,0
HND,Honduras,1963,,,,0,0
HND,Honduras,1964,,,,0,0
HND,Honduras,1965,,,,0,0
HND,Honduras,1966,,,,0,0
HND,Honduras,1967,,,,0,0
HND,Honduras,1968,,,,0,0
HND,Honduras,1969,,,,0,0
HND,Honduras,1970,,,,0,0
HND,Honduras,1971,,,,0,0
HND,Honduras,1972,,,,0,0
HND,Honduras,1973,,,,0,0
HND,Honduras,1974,,,,0,0
HND,Honduras,1975,,,,0,0
HND,Honduras,1976,,,,0,0
HND,Honduras,1977,0.25,,,1,0
HND,Honduras,1978,1.01,0.83,,1,1
HND,Honduras,1979,2.6,1.97,,1,1
HND,Honduras,1980,2.68,2.22,,1,1
HND,Honduras,1981,16.05,4.17,,1,1
HND,Honduras,1982,98.23,50.66,,1,1
HND,Honduras,1983,112.23,66.0,,1,1
HND,Honduras,1984,382.43,,,1,0
HND,Honduras,1985,338.46,259.11,53.15,1,1
HND,Honduras,1986,426.52,310.52,65.84,1,1
HND,Honduras,1987,519.34,349.08,83.63,1,1
HND,Honduras,1988,596.32,373.84,72.32,1,1
HND,Honduras,1989,687.73,219.0,69.45,1,1
HND,Honduras,1990,1036.52,328.44,,1,1
HND,Honduras,1991,744.42,180.5,,1,1
HND,Honduras,1992,306.81,124.81,,1,1
HND,Honduras,1993,390.65,185.64,,1,1
HND,Honduras,1994,342.91,132.83,,1,1
HND,Honduras,1995,292.96,132.36,,1,1
HND,Honduras,1996,314.51,102.51,,1,1
HND,Honduras,1997,353.85,91.99,,1,1
HND,Honduras,1998,248.73,110.18,1.84,1,1
HND,Honduras,1999,532.84,118.15,3.69,1,1
HND,Honduras,2000,256.27,122.45,3.69,1,1
HND,Honduras,2001,202.76,45.29,3.69,1,1
HND,Honduras,2002,176.24,44.13,4.36,1,1
HND,Honduras,2003,226.17,55.11,4.1,1,1
HND,Honduras,2004,501.38,122.78,17.6,1,1
HND,Honduras,2005,1011.42,32.6,3.83,1,1
HND,Honduras,2006,1519.94,4.43,12.93,1,1
HND,Honduras,2007,1244.11,2.4,113.79,1,1
HND,Honduras,2008,81.71,2.74,9.01,1,1
HND,Honduras,2009,47.82,3.23,5.8,1,1
HND,Honduras,2010,48.6,3.25,,1,1
HND,Honduras,2011,115.25,0.84,,1,1
HND,Honduras,2012,26.87,0.84,,1,1
HND,Honduras,2013,26.13,0.84,,1,1
HND,Honduras,2014,23.61,0.84,,1,1
HND,Honduras,2015,19.67,0.84,,1,1
HND,Honduras,2016,13.95,2.77,6.14,1,1
HND,Honduras,2017,18.07,0.39,,1,1
HND,Honduras,2018,13.8,0.39,,1,1
HND,Honduras,2019,12.0,0.39,,1,1
HND,Honduras,2020,13.13,0.39,,1,1
HND,Honduras,2021,19.16,0.39,,1,1
HND,Honduras,2022,22.49,0.39,,1,1
HND,Honduras,2023,24.39,0.39,,1,1
HUN,Hungary,1960,144.85,,,1,0
HUN,Hungary,1961,147.75,,,1,0
HUN,Hungary,1962,150.65,,,1,0
HUN,Hungary,1963,153.55,,,1,0
HUN,Hungary,1964,156.45,,,1,0
HUN,Hungary,1965,159.34,,,1,0
HUN,Hungary,1966,162.24,,,1,0
HUN,Hungary,1967,148.79,,,1,0
HUN,Hungary,1968,51.59,,,1,0
HUN,Hungary,1969,52.48,,,1,0
HUN,Hungary,1970,53.36,,,1,0
HUN,Hungary,1971,54.25,,,1,0
HUN,Hungary,1972,55.13,,,1,0
HUN,Hungary,1973,56.02,,,1,0
HUN,Hungary,1974,56.91,,,1,0
HUN,Hungary,1975,57.79,,,1,0
HUN,Hungary,1976,,,,0,0
HUN,Hungary,1977,,,,0,0
HUN,Hungary,1978,,,,0,0
HUN,Hungary,1979,,,,0,0
HUN,Hungary,1980,,,,0,0
HUN,Hungary,1981,,,,0,0
HUN,Hungary,1982,,,,0,0
HUN,Hungary,1983,,,,0,0
HUN,Hungary,1984,,,,0,0
HUN,Hungary,1985,,,,0,0
HUN,Hungary,1986,,,,0,0
HUN,Hungary,1987,,,,0,0
HUN,Hungary,1988,,,,0,0
HUN,Hungary,1989,,,,0,0
HUN,Hungary,1990,,,,0,0
HUN,Hungary,1991,,,,0,0
HUN,Hungary,1992,,,,0,0
HUN,Hungary,1993,,,,0,0
HUN,Hungary,1994,,,,0,0
HUN,Hungary,1995,,,,0,0
HUN,Hungary,1996,,,,0,0
HUN,Hungary,1997,,,,0,0
HUN,Hungary,1998,,,,0,0
HUN,Hungary,1999,,,,0,0
HUN,Hungary,2000,,,,0,0
HUN,Hungary,2001,,,,0,0
HUN,Hungary,2002,,,,0,0
HUN,Hungary,2003,,,,0,0
HUN,Hungary,2004,,,,0,0
HUN,Hungary,2005,,,,0,0
HUN,Hungary,2006,,,,0,0
HUN,Hungary,2007,,,,0,0
HUN,Hungary,2008,,,,0,0
HUN,Hungary,2009,,,,0,0
HUN,Hungary,2010,,,,0,0
HUN,Hungary,2011,,,,0,0
HUN,Hungary,2012,,,,0,0
HUN,Hungary,2013,,,,0,0
HUN,Hungary,2014,,,,0,0
HUN,Hungary,2015,,,,0,0
HUN,Hungary,2016,,,,0,0
HUN,Hungary,2017,,,,0,0
HUN,Hungary,2018,,,,0,0
HUN,Hungary,2019,,,,0,0
HUN,Hungary,2020,,,,0,0
HUN,Hungary,2021,,,,0,0
HUN,Hungary,2022,,,,0,0
HUN,Hungary,2023,,,,0,0
IND,India,1960,,,,0,0
IND,India,1961,,,,0,0
IND,India,1962,,,,0,0
IND,India,1963,,,,0,0
IND,India,1964,,,,0,0
IND,India,1965,,,,0,0
IND,India,1966,,,,0,0
IND,India,1967,30.0,,,1,0
IND,India,1968,403.0,,,1,0
IND,India,1969,,,,0,0
IND,India,1970,,,,0,0
IND,India,1971,,,,0,0
IND,India,1972,153.0,,,1,0
IND,India,1973,187.0,,,1,0
IND,India,1974,194.0,,,1,0
IND,India,1975,228.0,,,1,0
IND,India,1976,169.0,,,1,0
IND,India,1977,,,,0,0
IND,India,1978,,,,0,0
IND,India,1979,,,,0,0
IND,India,1980,,,,0,0
IND,India,1981,,,,0,0
IND,India,1982,,,,0,0
IND,India,1983,,,,0,0
IND,India,1984,,,,0,0
IND,India,1985,,,,0,0
IND,India,1986,,,,0,0
IND,India,1987,,,,0,0
IND,India,1988,,,,0,0
IND,India,1989,,,,0,0
IND,India,1990,,,,0,0
IND,India,1991,,,,0,0
IND,India,1992,3.0,,,1,0
IND,India,1993,9301.1,,,1,0
IND,India,1994,,,,0,0
IND,India,1995,,,,0,0
IND,India,1996,,,,0,0
IND,India,1997,,,,0,0
IND,India,1998,,,,0,0
IND,India,1999,,,,0,0
IND,India,2000,,,,0,0
IND,India,2001,,,,0,0
IND,India,2002,,,,0,0
IND,India,2003,,,,0,0
IND,India,2004,,,,0,0
IND,India,2005,,,,0,0
IND,India,2006,,,,0,0
IND,India,2007,,,,0,0
IND,India,2008,,,,0,0
IND,India,2009,,,,0,0
IND,India,2010,,,,0,0
IND,India,2011,,,,0,0
IND,India,2012,,,,0,0
IND,India,2013,,,,0,0
IND,India,2014,,,,0,0
IND,India,2015,,,,0,0
IND,India,2016,,,,0,0
IND,India,2017,,,,0,0
IND,India,2018,,,,0,0
IND,India,2019,,,,0,0
IND,India,2020,,,,0,0
IND,India,2021,,,,0,0
IND,India,2022,,,,0,0
IND,India,2023,,,,0,0
IDN,Indonesia,1960,,,,0,0
IDN,Indonesia,1961,,,,0,0
IDN,Indonesia,1962,,,,0,0
IDN,Indonesia,1963,,,,0,0
IDN,Indonesia,1964,,,,0,0
IDN,Indonesia,1965,,,,0,0
IDN,Indonesia,1966,810.0,,,1,0
IDN,Indonesia,1967,260.0,,150.0,1,0
IDN,Indonesia,1968,333.0,,153.0,1,0
IDN,Indonesia,1969,957.0,,156.0,1,0
IDN,Indonesia,1970,3561.29,6.29,159.0,1,1
IDN,Indonesia,1971,202.19,5.07,162.0,1,1
IDN,Indonesia,1972,207.58,1.07,165.0,1,1
IDN,Indonesia,1973,168.2,0.2,168.0,1,1
IDN,Indonesia,1974,171.0,,171.0,1,0
IDN,Indonesia,1975,174.0,,174.0,1,0
IDN,Indonesia,1976,177.0,,177.0,1,0
IDN,Indonesia,1977,180.0,,180.0,1,0
IDN,Indonesia,1978,183.0,,183.0,1,0
IDN,Indonesia,1979,186.0,,186.0,1,0
IDN,Indonesia,1980,189.0,,189.0,1,0
IDN,Indonesia,1981,192.0,,192.0,1,0
IDN,Indonesia,1982,195.0,,195.0,1,0
IDN,Indonesia,1983,198.0,,198.0,1,0
IDN,Indonesia,1984,201.0,,201.0,1,0
IDN,Indonesia,1985,267.14,8.81,204.0,1,1
IDN,Indonesia,1986,274.33,0.46,207.0,1,1
IDN,Indonesia,1987,295.7,0.76,210.0,1,1
IDN,Indonesia,1988,286.89,0.46,213.0,1,1
IDN,Indonesia,1989,286.53,,216.0,1,0
IDN,Indonesia,1990,220.3,,219.0,1,0
IDN,Indonesia,1991,1.24,,,1,0
IDN,Indonesia,1992,1.15,,,1,0
IDN,Indonesia,1993,1.13,,,1,0
IDN,Indonesia,1994,4200.0,,,1,0
IDN,Indonesia,1995,,,,0,0
IDN,Indonesia,1996,,,,0,0
IDN,Indonesia,1997,0.03,,,1,0
IDN,Indonesia,1998,4375.84,198.0,1.84,1,1
IDN,Indonesia,1999,5133.18,778.0,3.69,1,1
IDN,Indonesia,2000,6175.69,727.0,3.69,1,1
IDN,Indonesia,2001,2749.64,848.0,3.69,1,1
IDN,Indonesia,2002,6205.36,728.0,4.36,1,1
IDN,Indonesia,2003,2930.24,632.0,4.1,1,1
IDN,Indonesia,2004,,,,0,0
IDN,Indonesia,2005,2733.0,29.0,,1,1
IDN,Indonesia,2006,92.26,,,1,0
IDN,Indonesia,2007,,,,0,0
IDN,Indonesia,2008,,,,0,0
IDN,Indonesia,2009,,,,0,0
IDN,Indonesia,2010,,,,0,0
IDN,Indonesia,2011,,,,0,0
IDN,Indonesia,2012,231.36,,,1,0
IDN,Indonesia,2013,,,,0,0
IDN,Indonesia,2014,5.07,,,1,0
IDN,Indonesia,2015,,,,0,0
IDN,Indonesia,2016,0.28,,,1,0
IDN,Indonesia,2017,,,,0,0
IDN,Indonesia,2018,,,,0,0
IDN,Indonesia,2019,,,,0,0
IDN,Indonesia,2020,,,,0,0
IDN,Indonesia,2021,,,,0,0
IDN,Indonesia,2022,,,,0,0
IDN,Indonesia,2023,,,,0,0
IRN,Iran,1960,,,,0,0
IRN,Iran,1961,,,,0,0
IRN,Iran,1962,,,,0,0
IRN,Iran,1963,,,,0,0
IRN,Iran,1964,,,,0,0
IRN,Iran,1965,,,,0,0
IRN,Iran,1966,,,,0,0
IRN,Iran,1967,,,,0,0
IRN,Iran,1968,,,,0,0
IRN,Iran,1969,,,,0,0
IRN,Iran,1970,,,,0,0
IRN,Iran,1971,,,,0,0
IRN,Iran,1972,,,,0,0
IRN,Iran,1973,,,,0,0
IRN,Iran,1974,,,,0,0
IRN,Iran,1975,,,,0,0
IRN,Iran,1976,,,,0,0
IRN,Iran,1977,,,,0,0
IRN,Iran,1978,,,,0,0
IRN,Iran,1979,,,,0,0
IRN,Iran,1980,0.91,,,1,0
IRN,Iran,1981,195.64,188.54,,1,1
IRN,Iran,1982,528.99,515.81,,1,1
IRN,Iran,1983,926.85,910.45,,1,1
IRN,Iran,1984,1282.08,1262.59,,1,1
IRN,Iran,1985,1603.09,1580.62,,1,1
IRN,Iran,1986,1831.34,1806.05,,1,1
IRN,Iran,1987,1947.34,1919.25,,1,1
IRN,Iran,1988,1960.66,1929.8,,1,1
IRN,Iran,1989,2017.69,1934.04,,1,1
IRN,Iran,1990,1975.02,1939.43,,1,1
IRN,Iran,1991,1945.16,1942.79,,1,1
IRN,Iran,1992,41.05,40.84,,1,1
IRN,Iran,1993,2825.78,39.78,,1,1
IRN,Iran,1994,10837.34,52.34,,1,1
IRN,Iran,1995,3233.5,53.59,,1,1
IRN,Iran,1996,1839.83,34.83,,1,1
IRN,Iran,1997,38.98,38.98,,1,1
IRN,Iran,1998,34.66,34.66,,1,1
IRN,Iran,1999,33.27,33.27,,1,1
IRN,Iran,2000,,,,0,0
IRN,Iran,2001,,,,0,0
IRN,Iran,2002,,,,0,0
IRN,Iran,2003,,,,0,0
IRN,Iran,2004,,,,0,0
IRN,Iran,2005,,,,0,0
IRN,Iran,2006,,,,0,0
IRN,Iran,2007,,,,0,0
IRN,Iran,2008,,,,0,0
IRN,Iran,2009,,,,0,0
IRN,Iran,2010,39.37,39.37,,1,1
IRN,Iran,2011,26.17,26.11,,1,1
IRN,Iran,2012,,,,0,0
IRN,Iran,2013,79.0,,,1,0
IRN,Iran,2014,,,,0,0
IRN,Iran,2015,,,,0,0
IRN,Iran,2016,99.72,80.53,,1,1
IRN,Iran,2017,39.74,25.65,6.11,1,1
IRN,Iran,2018,46.86,24.84,6.11,1,1
IRN,Iran,2019,255.96,231.71,6.11,1,1
IRN,Iran,2020,430.27,397.49,6.11,1,1
IRN,Iran,2021,445.27,396.09,6.11,1,1
IRN,Iran,2022,408.38,395.11,6.11,1,1
IRN,Iran,2023,415.0,400.0,6.11,1,1
IRQ,Iraq,1960,,,,0,0
IRQ,Iraq,1961,,,,0,0
IRQ,Iraq,1962,,,,0,0
IRQ,Iraq,1963,,,,0,0
IRQ,Iraq,1964,,,,0,0
IRQ,Iraq,1965,,,,0,0
IRQ,Iraq,1966,,,,0,0
IRQ,Iraq,1967,,,,0,0
IRQ,Iraq,1968,,,,0,0
IRQ,Iraq,1969,,,,0,0
IRQ,Iraq,1970,,,,0,0
IRQ,Iraq,1971,,,,0,0
IRQ,Iraq,1972,,,,0,0
IRQ,Iraq,1973,,,,0,0
IRQ,Iraq,1974,,,,0,0
IRQ,Iraq,1975,,,,0,0
IRQ,Iraq,1976,,,,0,0
IRQ,Iraq,1977,,,,0,0
IRQ,Iraq,1978,,,,0,0
IRQ,Iraq,1979,,,,0,0
IRQ,Iraq,1980,,,,0,0
IRQ,Iraq,1981,,,,0,0
IRQ,Iraq,1982,,,,0,0
IRQ,Iraq,1983,,,,0,0
IRQ,Iraq,1984,,,,0,0
IRQ,Iraq,1985,,,,0,0
IRQ,Iraq,1986,,,,0,0
IRQ,Iraq,1987,,,,0,0
IRQ,Iraq,1988,5780.7,,,1,0
IRQ,Iraq,1989,6393.45,,,1,0
IRQ,Iraq,1990,24520.61,,,1,0
IRQ,Iraq,1991,25559.62,,,1,0
IRQ,Iraq,1992,27724.81,,,1,0
IRQ,Iraq,1993,31716.86,,,1,0
IRQ,Iraq,1994,32165.29,,,1,0
IRQ,Iraq,1995,34588.76,,,1,0
IRQ,Iraq,1996,37000.55,,,1,0
IRQ,Iraq,1997,39487.97,,,1,0
IRQ,Iraq,1998,42008.64,,,1,0
IRQ,Iraq,1999,44562.45,,,1,0
IRQ,Iraq,2000,47308.64,,,1,0
IRQ,Iraq,2001,49773.32,,,1,0
IRQ,Iraq,2002,58895.0,,6855.0,1,0
IRQ,Iraq,2003,106541.9,,7024.79,1,0
IRQ,Iraq,2004,110160.4,,7203.39,1,0
IRQ,Iraq,2005,111233.28,,7391.3,1,0
IRQ,Iraq,2006,99176.56,,7589.29,1,0
IRQ,Iraq,2007,66007.0,,7798.17,1,0
IRQ,Iraq,2008,64200.87,,8018.87,1,0
IRQ,Iraq,2009,58752.43,,8252.43,1,0
IRQ,Iraq,2010,54700.0,,8500.0,1,0
IRQ,Iraq,2011,46200.0,,,1,0
IRQ,Iraq,2012,46200.0,,,1,0
IRQ,Iraq,2013,42700.0,,,1,0
IRQ,Iraq,2014,42700.0,,,1,0
IRQ,Iraq,2015,42700.0,,,1,0
IRQ,Iraq,2016,41002.0,,,1,0
IRQ,Iraq,2017,40302.0,,289.0,1,0
IRQ,Iraq,2018,40429.0,,,1,0
IRQ,Iraq,2019,40038.0,,,1,0
IRQ,Iraq,2020,45086.0,,,1,0
IRQ,Iraq,2021,40004.0,,,1,0
IRQ,Iraq,2022,42232.0,,,1,0
IRQ,Iraq,2023,42760.0,,,1,0
JAM,Jamaica,1960,,,,0,0
JAM,Jamaica,1961,,,,0,0
JAM,Jamaica,1962,,,,0,0
JAM,Jamaica,1963,,,,0,0
JAM,Jamaica,1964,,,,0,0
JAM,Jamaica,1965,,,,0,0
JAM,Jamaica,1966,,,,0,0
JAM,Jamaica,1967,,,,0,0
JAM,Jamaica,1968,,,,0,0
JAM,Jamaica,1969,,,,0,0
JAM,Jamaica,1970,0.01,,,1,0
JAM,Jamaica,1971,,,,0,0
JAM,Jamaica,1972,,,,0,0
JAM,Jamaica,1973,0.98,0.97,,1,1
JAM,Jamaica,1974,0.55,0.52,,1,1
JAM,Jamaica,1975,0.36,0.36,,1,1
JAM,Jamaica,1976,0.36,0.36,,1,1
JAM,Jamaica,1977,,,,0,0
JAM,Jamaica,1978,63.0,,,1,0
JAM,Jamaica,1979,149.05,0.05,,1,1
JAM,Jamaica,1980,28.6,19.21,,1,1
JAM,Jamaica,1981,152.45,1.6,1.19,1,1
JAM,Jamaica,1982,130.12,0.13,2.46,1,1
JAM,Jamaica,1983,267.97,16.2,3.73,1,1
JAM,Jamaica,1984,377.37,5.13,1.24,1,1
JAM,Jamaica,1985,478.39,4.39,,1,1
JAM,Jamaica,1986,961.19,18.47,,1,1
JAM,Jamaica,1987,1432.43,,,1,0
JAM,Jamaica,1988,503.0,,,1,0
JAM,Jamaica,1989,621.82,,,1,0
JAM,Jamaica,1990,653.0,,,1,0
JAM,Jamaica,1991,917.0,,,1,0
JAM,Jamaica,1992,643.72,,,1,0
JAM,Jamaica,1993,742.0,,,1,0
JAM,Jamaica,1994,419.95,51.99,,1,1
JAM,Jamaica,1995,406.24,52.29,,1,1
JAM,Jamaica,1996,298.34,49.86,,1,1
JAM,Jamaica,1997,230.92,31.59,,1,1
JAM,Jamaica,1998,236.68,32.27,,1,1
JAM,Jamaica,1999,285.15,31.32,,1,1
JAM,Jamaica,2000,284.55,49.06,,1,1
JAM,Jamaica,2001,232.68,54.29,0.17,1,1
JAM,Jamaica,2002,261.39,82.44,0.54,1,1
JAM,Jamaica,2003,321.36,115.1,0.53,1,1
JAM,Jamaica,2004,355.29,141.81,0.53,1,1
JAM,Jamaica,2005,368.65,93.88,0.56,1,1
JAM,Jamaica,2006,437.82,141.86,0.58,1,1
JAM,Jamaica,2007,436.88,131.2,4.18,1,1
JAM,Jamaica,2008,404.29,125.19,1.0,1,1
JAM,Jamaica,2009,390.93,92.38,4.06,1,1
JAM,Jamaica,2010,9172.53,70.79,5.63,1,1
JAM,Jamaica,2011,620.35,60.27,5.63,1,1
JAM,Jamaica,2012,218.84,54.49,5.02,1,1
JAM,Jamaica,2013,9545.09,26.18,0.35,1,1
JAM,Jamaica,2014,136.82,42.87,0.43,1,1
JAM,Jamaica,2015,45.48,1.24,,1,1
JAM,Jamaica,2016,89.95,,,1,0
JAM,Jamaica,2017,656.91,0.48,289.0,1,1
JAM,Jamaica,2018,79.7,,,1,0
JAM,Jamaica,2019,79.59,,,1,0
JAM,Jamaica,2020,21.32,,,1,0
JAM,Jamaica,2021,20.92,,,1,0
JAM,Jamaica,2022,24.78,2.42,,1,1
JAM,Jamaica,2023,22.42,2.42,,1,1
JOR,Jordan,1960,,,,0,0
JOR,Jordan,1961,,,,0,0
JOR,Jordan,1962,,,,0,0
JOR,Jordan,1963,,,,0,0
JOR,Jordan,1964,,,,0,0
JOR,Jordan,1965,,,,0,0
JOR,Jordan,1966,,,,0,0
JOR,Jordan,1967,,,,0,0
JOR,Jordan,1968,,,,0,0
JOR,Jordan,1969,,,,0,0
JOR,Jordan,1970,0.28,,,1,0
JOR,Jordan,1971,3.5,,,1,0
JOR,Jordan,1972,6.06,,,1,0
JOR,Jordan,1973,7.65,,,1,0
JOR,Jordan,1974,10.65,,,1,0
JOR,Jordan,1975,13.23,,,1,0
JOR,Jordan,1976,17.03,,,1,0
JOR,Jordan,1977,19.67,,,1,0
JOR,Jordan,1978,22.47,,,1,0
JOR,Jordan,1979,25.96,,,1,0
JOR,Jordan,1980,26.99,,,1,0
JOR,Jordan,1981,28.25,,,1,0
JOR,Jordan,1982,30.25,,,1,0
JOR,Jordan,1983,30.15,,,1,0
JOR,Jordan,1984,8.93,,,1,0
JOR,Jordan,1985,9.36,,,1,0
JOR,Jordan,1986,10.3,,,1,0
JOR,Jordan,1987,22.07,7.59,,1,1
JOR,Jordan,1988,66.14,32.96,,1,1
JOR,Jordan,1989,1056.46,470.46,,1,1
JOR,Jordan,1990,985.31,729.0,,1,1
JOR,Jordan,1991,1143.38,1014.25,,1,1
JOR,Jordan,1992,2025.92,1254.92,,1,1
JOR,Jordan,1993,1740.26,,,1,0
JOR,Jordan,1994,1321.3,174.3,,1,1
JOR,Jordan,1995,931.79,200.03,2.31,1,1
JOR,Jordan,1996,726.17,301.06,3.63,1,1
JOR,Jordan,1997,996.86,137.5,4.71,1,1
JOR,Jordan,1998,532.52,81.76,5.79,1,1
JOR,Jordan,1999,901.59,74.8,5.79,1,1
JOR,Jordan,2000,562.78,51.32,5.79,1,1
JOR,Jordan,2001,696.13,54.77,6.02,1,1
JOR,Jordan,2002,1219.61,49.61,,1,1
JOR,Jordan,2003,503.66,70.89,,1,1
JOR,Jordan,2004,320.21,29.66,,1,1
JOR,Jordan,2005,237.41,27.48,,1,1
JOR,Jordan,2006,342.68,122.59,,1,1
JOR,Jordan,2007,2618.48,118.48,,1,1
JOR,Jordan,2008,2318.17,,,1,0
JOR,Jordan,2009,17.42,,,1,0
JOR,Jordan,2010,17.93,0.73,,1,1
JOR,Jordan,2011,20.65,,,1,0
JOR,Jordan,2012,17.37,,,1,0
JOR,Jordan,2013,17.68,,,1,0
JOR,Jordan,2014,17.58,,,1,0
JOR,Jordan,2015,17.64,,,1,0
JOR,Jordan,2016,17.44,,,1,0
JOR,Jordan,2017,17.5,,,1,0
JOR,Jordan,2018,241.75,69.63,,1,1
JOR,Jordan,2019,17.64,,,1,0
JOR,Jordan,2020,17.46,,,1,0
JOR,Jordan,2021,17.45,,,1,0
JOR,Jordan,2022,17.08,,,1,0
JOR,Jordan,2023,17.0,,,1,0
KAZ,Kazakhstan,1960,,,,0,0
KAZ,Kazakhstan,1961,,,,0,0
KAZ,Kazakhstan,1962,,,,0,0
KAZ,Kazakhstan,1963,,,,0,0
KAZ,Kazakhstan,1964,,,,0,0
KAZ,Kazakhstan,1965,,,,0,0
KAZ,Kazakhstan,1966,,,,0,0
KAZ,Kazakhstan,1967,,,,0,0
KAZ,Kazakhstan,1968,,,,0,0
KAZ,Kazakhstan,1969,,,,0,0
KAZ,Kazakhstan,1970,,,,0,0
KAZ,Kazakhstan,1971,,,,0,0
KAZ,Kazakhstan,1972,,,,0,0
KAZ,Kazakhstan,1973,,,,0,0
KAZ,Kazakhstan,1974,,,,0,0
KAZ,Kazakhstan,1975,,,,0,0
KAZ,Kazakhstan,1976,,,,0,0
KAZ,Kazakhstan,1977,,,,0,0
KAZ,Kazakhstan,1978,,,,0,0
KAZ,Kazakhstan,1979,,,,0,0
KAZ,Kazakhstan,1980,,,,0,0
KAZ,Kazakhstan,1981,,,,0,0
KAZ,Kazakhstan,1982,,,,0,0
KAZ,Kazakhstan,1983,,,,0,0
KAZ,Kazakhstan,1984,,,,0,0
KAZ,Kazakhstan,1985,,,,0,0
KAZ,Kazakhstan,1986,,,,0,0
KAZ,Kazakhstan,1987,,,,0,0
KAZ,Kazakhstan,1988,,,,0,0
KAZ,Kazakhstan,1989,,,,0,0
KAZ,Kazakhstan,1990,,,,0,0
KAZ,Kazakhstan,1991,,,,0,0
KAZ,Kazakhstan,1992,,,,0,0
KAZ,Kazakhstan,1993,21.47,20.8,,1,1
KAZ,Kazakhstan,1994,105.3,25.1,,1,1
KAZ,Kazakhstan,1995,161.72,,,1,0
KAZ,Kazakhstan,1996,,,,0,0
KAZ,Kazakhstan,1997,,,,0,0
KAZ,Kazakhstan,1998,103.8,103.8,,1,1
KAZ,Kazakhstan,1999,388.12,203.4,,1,1
KAZ,Kazakhstan,2000,,,,0,0
KAZ,Kazakhstan,2001,169.72,,,1,0
KAZ,Kazakhstan,2002,,,,0,0
KAZ,Kazakhstan,2003,12.08,,12.08,1,0
KAZ,Kazakhstan,2004,,,,0,0
KAZ,Kazakhstan,2005,,,,0,0
KAZ,Kazakhstan,2006,,,,0,0
KAZ,Kazakhstan,2007,,,,0,0
KAZ,Kazakhstan,2008,,,,0,0
KAZ,Kazakhstan,2009,,,,0,0
KAZ,Kazakhstan,2010,,,,0,0
KAZ,Kazakhstan,2011,,,,0,0
KAZ,Kazakhstan,2012,,,,0,0
KAZ,Kazakhstan,2013,,,,0,0
KAZ,Kazakhstan,2014,199.5,,199.5,1,0
KAZ,Kazakhstan,2015,,,,0,0
KAZ,Kazakhstan,2016,,,,0,0
KAZ,Kazakhstan,2017,,,,0,0
KAZ,Kazakhstan,2018,,,,0,0
KAZ,Kazakhstan,2019,,,,0,0
KAZ,Kazakhstan,2020,10.9,,10.9,1,0
KAZ,Kazakhstan,2021,,,,0,0
KAZ,Kazakhstan,2022,,,,0,0
KAZ,Kazakhstan,2023,,,,0,0
KEN,Kenya,1960,,,,0,0
KEN,Kenya,1961,,,,0,0
KEN,Kenya,1962,,,,0,0
KEN,Kenya,1963,,,,0,0
KEN,Kenya,1964,,,,0,0
KEN,Kenya,1965,,,,0,0
KEN,Kenya,1966,,,,0,0
KEN,Kenya,1967,,,,0,0
KEN,Kenya,1968,,,,0,0
KEN,Kenya,1969,,,,0,0
KEN,Kenya,1970,0.3,0.3,,1,1
KEN,Kenya,1971,,,,0,0
KEN,Kenya,1972,0.01,0.01,,1,1
KEN,Kenya,1973,0.0,0.0,,0,0
KEN,Kenya,1974,,,,0,0
KEN,Kenya,1975,0.05,,,1,0
KEN,Kenya,1976,0.63,0.57,,1,1
KEN,Kenya,1977,1.14,1.14,,1,1
KEN,Kenya,1978,1.71,1.71,,1,1
KEN,Kenya,1979,2.28,2.28,,1,1
KEN,Kenya,1980,5.66,2.86,,1,1
KEN,Kenya,1981,8.05,3.43,,1,1
KEN,Kenya,1982,9.57,4.0,,1,1
KEN,Kenya,1983,10.41,4.0,,1,1
KEN,Kenya,1984,11.03,4.0,,1,1
KEN,Kenya,1985,14.95,4.18,,1,1
KEN,Kenya,1986,23.52,4.97,,1,1
KEN,Kenya,1987,40.85,7.49,,1,1
KEN,Kenya,1988,65.9,26.46,,1,1
KEN,Kenya,1989,549.16,57.39,,1,1
KEN,Kenya,1990,258.29,,0.15,1,0
KEN,Kenya,1991,166.18,,,1,0
KEN,Kenya,1992,163.5,,0.68,1,0
KEN,Kenya,1993,206.52,,1.37,1,0
KEN,Kenya,1994,537.05,,2.05,1,0
KEN,Kenya,1995,24.73,,10.27,1,0
KEN,Kenya,1996,19.81,,,1,0
KEN,Kenya,1997,82.3,,0.61,1,0
KEN,Kenya,1998,90.85,,1.32,1,0
KEN,Kenya,1999,154.91,,2.44,1,0
KEN,Kenya,2000,303.75,,3.75,1,0
KEN,Kenya,2001,185.58,,,1,0
KEN,Kenya,2002,127.05,,2.83,1,0
KEN,Kenya,2003,34.33,,1.53,1,0
KEN,Kenya,2004,353.0,,,1,0
KEN,Kenya,2005,115.47,,1.47,1,0
KEN,Kenya,2006,285.7,,,1,0
KEN,Kenya,2007,76.95,,,1,0
KEN,Kenya,2008,51.23,,,1,0
KEN,Kenya,2009,28.18,,,1,0
KEN,Kenya,2010,49.59,,,1,0
KEN,Kenya,2011,51.07,,0.04,1,0
KEN,Kenya,2012,64.29,,,1,0
KEN,Kenya,2013,7.92,,7.92,1,0
KEN,Kenya,2014,11.97,,2.15,1,0
KEN,Kenya,2015,3.91,,0.77,1,0
KEN,Kenya,2016,320.43,,261.59,1,0
KEN,Kenya,2017,28.18,,2.16,1,0
KEN,Kenya,2018,73.38,,,1,0
KEN,Kenya,2019,24.53,,,1,0
KEN,Kenya,2020,8.25,,,1,0
KEN,Kenya,2021,1155.0,,946.0,1,0
KEN,Kenya,2022,259.08,,178.8,1,0
KEN,Kenya,2023,0.51,,,1,0
XKX,Kosovo,1960,,,,0,0
XKX,Kosovo,1961,,,,0,0
XKX,Kosovo,1962,,,,0,0
XKX,Kosovo,1963,,,,0,0
XKX,Kosovo,1964,,,,0,0
XKX,Kosovo,1965,,,,0,0
XKX,Kosovo,1966,,,,0,0
XKX,Kosovo,1967,,,,0,0
XKX,Kosovo,1968,,,,0,0
XKX,Kosovo,1969,,,,0,0
XKX,Kosovo,1970,,,,0,0
XKX,Kosovo,1971,,,,0,0
XKX,Kosovo,1972,,,,0,0
XKX,Kosovo,1973,,,,0,0
XKX,Kosovo,1974,,,,0,0
XKX,Kosovo,1975,,,,0,0
XKX,Kosovo,1976,,,,0,0
XKX,Kosovo,1977,,,,0,0
XKX,Kosovo,1978,,,,0,0
XKX,Kosovo,1979,,,,0,0
XKX,Kosovo,1980,,,,0,0
XKX,Kosovo,1981,,,,0,0
XKX,Kosovo,1982,,,,0,0
XKX,Kosovo,1983,,,,0,0
XKX,Kosovo,1984,,,,0,0
XKX,Kosovo,1985,,,,0,0
XKX,Kosovo,1986,,,,0,0
XKX,Kosovo,1987,,,,0,0
XKX,Kosovo,1988,,,,0,0
XKX,Kosovo,1989,,,,0,0
XKX,Kosovo,1990,,,,0,0
XKX,Kosovo,1991,,,,0,0
XKX,Kosovo,1992,,,,0,0
XKX,Kosovo,1993,,,,0,0
XKX,Kosovo,1994,,,,0,0
XKX,Kosovo,1995,,,,0,0
XKX,Kosovo,1996,,,,0,0
XKX,Kosovo,1997,,,,0,0
XKX,Kosovo,1998,,,,0,0
XKX,Kosovo,1999,,,,0,0
XKX,Kosovo,2000,,,,0,0
XKX,Kosovo,2001,,,,0,0
XKX,Kosovo,2002,,,,0,0
XKX,Kosovo,2003,,,,0,0
XKX,Kosovo,2004,,,,0,0
XKX,Kosovo,2005,,,,0,0
XKX,Kosovo,2006,,,,0,0
XKX,Kosovo,2007,,,,0,0
XKX,Kosovo,2008,,,,0,0
XKX,Kosovo,2009,,,,0,0
XKX,Kosovo,2010,,,,0,0
XKX,Kosovo,2011,,,,0,0
XKX,Kosovo,2012,,,,0,0
XKX,Kosovo,2013,,,,0,0
XKX,Kosovo,2014,,,,0,0
XKX,Kosovo,2015,,,,0,0
XKX,Kosovo,2016,,,,0,0
XKX,Kosovo,2017,,,,0,0
XKX,Kosovo,2018,,,,0,0
XKX,Kosovo,2019,,,,0,0
XKX,Kosovo,2020,,,,0,0
XKX,Kosovo,2021,0.0,,,0,0
XKX,Kosovo,2022,,,,0,0
XKX,Kosovo,2023,,,,0,0
KGZ,Kyrgyz Republic,1960,,,,0,0
KGZ,Kyrgyz Republic,1961,,,,0,0
KGZ,Kyrgyz Republic,1962,,,,0,0
KGZ,Kyrgyz Republic,1963,,,,0,0
KGZ,Kyrgyz Republic,1964,,,,0,0
KGZ,Kyrgyz Republic,1965,,,,0,0
KGZ,Kyrgyz Republic,1966,,,,0,0
KGZ,Kyrgyz Republic,1967,,,,0,0
KGZ,Kyrgyz Republic,1968,,,,0,0
KGZ,Kyrgyz Republic,1969,,,,0,0
KGZ,Kyrgyz Republic,1970,,,,0,0
KGZ,Kyrgyz Republic,1971,,,,0,0
KGZ,Kyrgyz Republic,1972,,,,0,0
KGZ,Kyrgyz Republic,1973,,,,0,0
KGZ,Kyrgyz Republic,1974,,,,0,0
KGZ,Kyrgyz Republic,1975,,,,0,0
KGZ,Kyrgyz Republic,1976,,,,0,0
KGZ,Kyrgyz Republic,1977,,,,0,0
KGZ,Kyrgyz Republic,1978,,,,0,0
KGZ,Kyrgyz Republic,1979,,,,0,0
KGZ,Kyrgyz Republic,1980,,,,0,0
KGZ,Kyrgyz Republic,1981,,,,0,0
KGZ,Kyrgyz Republic,1982,,,,0,0
KGZ,Kyrgyz Republic,1983,,,,0,0
KGZ,Kyrgyz Republic,1984,,,,0,0
KGZ,Kyrgyz Republic,1985,,,,0,0
KGZ,Kyrgyz Republic,1986,,,,0,0
KGZ,Kyrgyz Republic,1987,,,,0,0
KGZ,Kyrgyz Republic,1988,,,,0,0
KGZ,Kyrgyz Republic,1989,,,,0,0
KGZ,Kyrgyz Republic,1990,,,,0,0
KGZ,Kyrgyz Republic,1991,,,,0,0
KGZ,Kyrgyz Republic,1992,,,,0,0
KGZ,Kyrgyz Republic,1993,0.9,,0.9,1,0
KGZ,Kyrgyz Republic,1994,24.42,,1.95,1,0
KGZ,Kyrgyz Republic,1995,21.75,,3.22,1,0
KGZ,Kyrgyz Republic,1996,91.7,,3.56,1,0
KGZ,Kyrgyz Republic,1997,4.02,,2.91,1,0
KGZ,Kyrgyz Republic,1998,,,,0,0
KGZ,Kyrgyz Republic,1999,32.03,2.94,,1,1
KGZ,Kyrgyz Republic,2000,60.91,3.72,,1,1
KGZ,Kyrgyz Republic,2001,66.86,0.92,,1,1
KGZ,Kyrgyz Republic,2002,104.39,2.38,0.01,1,1
KGZ,Kyrgyz Republic,2003,45.14,2.7,0.1,1,1
KGZ,Kyrgyz Republic,2004,48.92,2.35,0.17,1,1
KGZ,Kyrgyz Republic,2005,556.02,0.9,0.12,1,1
KGZ,Kyrgyz Republic,2006,11.12,,1.22,1,0
KGZ,Kyrgyz Republic,2007,23.42,,7.55,1,0
KGZ,Kyrgyz Republic,2008,25.3,,2.08,1,0
KGZ,Kyrgyz Republic,2009,17.27,,2.08,1,0
KGZ,Kyrgyz Republic,2010,18.26,,4.23,1,0
KGZ,Kyrgyz Republic,2011,9.79,,5.51,1,0
KGZ,Kyrgyz Republic,2012,61.43,,6.57,1,0
KGZ,Kyrgyz Republic,2013,214.93,,7.84,1,0
KGZ,Kyrgyz Republic,2014,10.85,,8.85,1,0
KGZ,Kyrgyz Republic,2015,,,,0,0
KGZ,Kyrgyz Republic,2016,44.94,,,1,0
KGZ,Kyrgyz Republic,2017,30.0,,,1,0
KGZ,Kyrgyz Republic,2018,240.0,,,1,0
KGZ,Kyrgyz Republic,2019,,,,0,0
KGZ,Kyrgyz Republic,2020,,,,0,0
KGZ,Kyrgyz Republic,2021,115.05,,51.18,1,0
KGZ,Kyrgyz Republic,2022,2.07,,,1,0
KGZ,Kyrgyz Republic,2023,2.0,,,1,0
LAO,Laos,1960,,,,0,0
LAO,Laos,1961,,,,0,0
LAO,Laos,1962,,,,0,0
LAO,Laos,1963,,,,0,0
LAO,Laos,1964,,,,0,0
LAO,Laos,1965,,,,0,0
LAO,Laos,1966,,,,0,0
LAO,Laos,1967,,,,0,0
LAO,Laos,1968,,,,0,0
LAO,Laos,1969,,,,0,0
LAO,Laos,1970,,,,0,0
LAO,Laos,1971,,,,0,0
LAO,Laos,1972,0.23,,,1,0
LAO,Laos,1973,0.27,,,1,0
LAO,Laos,1974,0.13,,,1,0
LAO,Laos,1975,0.61,0.24,,1,1
LAO,Laos,1976,156.12,0.7,,1,1
LAO,Laos,1977,1.8,1.68,,1,1
LAO,Laos,1978,3.19,2.87,,1,1
LAO,Laos,1979,4.26,3.79,,1,1
LAO,Laos,1980,5.51,4.26,,1,1
LAO,Laos,1981,5.3,3.91,,1,1
LAO,Laos,1982,5.25,3.69,,1,1
LAO,Laos,1983,4.87,3.25,,1,1
LAO,Laos,1984,4.78,3.08,,1,1
LAO,Laos,1985,6.75,4.01,,1,1
LAO,Laos,1986,8.77,4.8,,1,1
LAO,Laos,1987,12.71,6.07,,1,1
LAO,Laos,1988,0.67,,,1,0
LAO,Laos,1989,0.25,,,1,0
LAO,Laos,1990,1.02,,,1,0
LAO,Laos,1991,1291.92,,,1,0
LAO,Laos,1992,0.4,,,1,0
LAO,Laos,1993,,,,0,0
LAO,Laos,1994,,,,0,0
LAO,Laos,1995,,,,0,0
LAO,Laos,1996,1.58,,,1,0
LAO,Laos,1997,1.66,,,1,0
LAO,Laos,1998,0.7,,,1,0
LAO,Laos,1999,0.98,,,1,0
LAO,Laos,2000,1.22,,,1,0
LAO,Laos,2001,0.02,,,1,0
LAO,Laos,2002,,,,0,0
LAO,Laos,2003,905.0,,,1,0
LAO,Laos,2004,,,,0,0
LAO,Laos,2005,,,,0,0
LAO,Laos,2006,45.0,,45.0,1,0
LAO,Laos,2007,,,,0,0
LAO,Laos,2008,,,,0,0
LAO,Laos,2009,,,,0,0
LAO,Laos,2010,,,,0,0
LAO,Laos,2011,,,,0,0
LAO,Laos,2012,0.0,0.0,,0,0
LAO,Laos,2013,0.0,0.0,,0,0
LAO,Laos,2014,0.0,0.0,,0,0
LAO,Laos,2015,0.0,0.0,,0,0
LAO,Laos,2016,0.0,0.0,,0,0
LAO,Laos,2017,0.0,0.0,,0,0
LAO,Laos,2018,0.0,0.0,,0,0
LAO,Laos,2019,0.0,0.0,,0,0
LAO,Laos,2020,220.0,0.0,220.0,1,0
LAO,Laos,2021,450.0,0.0,450.0,1,0
LAO,Laos,2022,610.0,0.0,610.0,1,0
LAO,Laos,2023,927.04,,927.0,1,0
LBN,Lebanon,1960,,,,0,0
LBN,Lebanon,1961,,,,0,0
LBN,Lebanon,1962,,,,0,0
LBN,Lebanon,1963,,,,0,0
LBN,Lebanon,1964,,,,0,0
LBN,Lebanon,1965,,,,0,0
LBN,Lebanon,1966,,,,0,0
LBN,Lebanon,1967,,,,0,0
LBN,Lebanon,1968,,,,0,0
LBN,Lebanon,1969,,,,0,0
LBN,Lebanon,1970,,,,0,0
LBN,Lebanon,1971,,,,0,0
LBN,Lebanon,1972,,,,0,0
LBN,Lebanon,1973,,,,0,0
LBN,Lebanon,1974,,,,0,0
LBN,Lebanon,1975,,,,0,0
LBN,Lebanon,1976,0.3,,,1,0
LBN,Lebanon,1977,,,,0,0
LBN,Lebanon,1978,,,,0,0
LBN,Lebanon,1979,,,,0,0
LBN,Lebanon,1980,,,,0,0
LBN,Lebanon,1981,,,,0,0
LBN,Lebanon,1982,8.27,8.27,,1,1
LBN,Lebanon,1983,17.93,17.93,,1,1
LBN,Lebanon,1984,27.55,27.55,,1,1
LBN,Lebanon,1985,37.08,36.94,,1,1
LBN,Lebanon,1986,47.13,46.09,,1,1
LBN,Lebanon,1987,64.25,59.48,,1,1
LBN,Lebanon,1988,96.24,79.6,,1,1
LBN,Lebanon,1989,130.4,100.65,,1,1
LBN,Lebanon,1990,171.31,126.51,,1,1
LBN,Lebanon,1991,183.43,154.83,,1,1
LBN,Lebanon,1992,77.8,64.74,,1,1
LBN,Lebanon,1993,71.98,59.7,,1,1
LBN,Lebanon,1994,59.6,46.41,,1,1
LBN,Lebanon,1995,51.3,51.02,,1,1
LBN,Lebanon,1996,,,,0,0
LBN,Lebanon,1997,,,,0,0
LBN,Lebanon,1998,,,,0,0
LBN,Lebanon,1999,,,,0,0
LBN,Lebanon,2000,0.0,0.0,,0,0
LBN,Lebanon,2001,,,,0,0
LBN,Lebanon,2002,0.13,,,1,0
LBN,Lebanon,2003,,,,0,0
LBN,Lebanon,2004,,,,0,0
LBN,Lebanon,2005,,,,0,0
LBN,Lebanon,2006,,,,0,0
LBN,Lebanon,2007,,,,0,0
LBN,Lebanon,2008,,,,0,0
LBN,Lebanon,2009,,,,0,0
LBN,Lebanon,2010,,,,0,0
LBN,Lebanon,2011,,,,0,0
LBN,Lebanon,2012,,,,0,0
LBN,Lebanon,2013,,,,0,0
LBN,Lebanon,2014,,,,0,0
LBN,Lebanon,2015,,,,0,0
LBN,Lebanon,2016,,,,0,0
LBN,Lebanon,2017,,,,0,0
LBN,Lebanon,2018,,,,0,0
LBN,Lebanon,2019,,,,0,0
LBN,Lebanon,2020,33410.04,,,1,0
LBN,Lebanon,2021,35700.63,,,1,0
LBN,Lebanon,2022,37992.0,,,1,0
LBN,Lebanon,2023,40511.0,,,1,0
LSO,Lesotho,1960,,,,0,0
LSO,Lesotho,1961,,,,0,0
LSO,Lesotho,1962,,,,0,0
LSO,Lesotho,1963,,,,0,0
LSO,Lesotho,1964,,,,0,0
LSO,Lesotho,1965,,,,0,0
LSO,Lesotho,1966,,,,0,0
LSO,Lesotho,1967,,,,0,0
LSO,Lesotho,1968,,,,0,0
LSO,Lesotho,1969,,,,0,0
LSO,Lesotho,1970,,,,0,0
LSO,Lesotho,1971,,,,0,0
LSO,Lesotho,1972,,,,0,0
LSO,Lesotho,1973,,,,0,0
LSO,Lesotho,1974,,,,0,0
LSO,Lesotho,1975,,,,0,0
LSO,Lesotho,1976,,,,0,0
LSO,Lesotho,1977,,,,0,0
LSO,Lesotho,1978,,,,0,0
LSO,Lesotho,1979,0.0,,,0,0
LSO,Lesotho,1980,,,,0,0
LSO,Lesotho,1981,,,,0,0
LSO,Lesotho,1982,,,,0,0
LSO,Lesotho,1983,,,,0,0
LSO,Lesotho,1984,,,,0,0
LSO,Lesotho,1985,0.2,,,1,0
LSO,Lesotho,1986,0.04,,,1,0
LSO,Lesotho,1987,0.0,,,0,0
LSO,Lesotho,1988,0.01,,,1,0
LSO,Lesotho,1989,,,,0,0
LSO,Lesotho,1990,8.12,1.93,,1,1
LSO,Lesotho,1991,3.7,0.56,,1,1
LSO,Lesotho,1992,5.58,0.97,,1,1
LSO,Lesotho,1993,12.05,0.98,,1,1
LSO,Lesotho,1994,2.88,0.76,,1,1
LSO,Lesotho,1995,,,,0,0
LSO,Lesotho,1996,,,,0,0
LSO,Lesotho,1997,,,,0,0
LSO,Lesotho,1998,0.06,,,1,0
LSO,Lesotho,1999,,,,0,0
LSO,Lesotho,2000,,,,0,0
LSO,Lesotho,2001,3.0,,3.0,1,0
LSO,Lesotho,2002,,,,0,0
LSO,Lesotho,2003,,,,0,0
LSO,Lesotho,2004,,,,0,0
LSO,Lesotho,2005,,,,0,0
LSO,Lesotho,2006,18.28,,6.0,1,0
LSO,Lesotho,2007,5.85,,5.85,1,0
LSO,Lesotho,2008,1.44,,1.44,1,0
LSO,Lesotho,2009,0.0,,,0,0
LSO,Lesotho,2010,,,,0,0
LSO,Lesotho,2011,,,,0,0
LSO,Lesotho,2012,,,,0,0
LSO,Lesotho,2013,0.07,,,1,0
LSO,Lesotho,2014,0.22,,,1,0
LSO,Lesotho,2015,0.13,0.0,,1,0
LSO,Lesotho,2016,0.38,,,1,0
LSO,Lesotho,2017,0.18,,,1,0
LSO,Lesotho,2018,1.53,,,1,0
LSO,Lesotho,2019,0.3,,,1,0
LSO,Lesotho,2020,4.73,0.35,0.37,1,1
LSO,Lesotho,2021,9.77,0.54,1.13,1,1
LSO,Lesotho,2022,12.66,0.51,2.02,1,1
LSO,Lesotho,2023,11.0,1.0,,1,1
LBR,Liberia,1960,,,,0,0
LBR,Liberia,1961,,,,0,0
LBR,Liberia,1962,,,,0,0
LBR,Liberia,1963,122.0,60.0,,1,1
LBR,Liberia,1964,,,,0,0
LBR,Liberia,1965,,,,0,0
LBR,Liberia,1966,,,,0,0
LBR,Liberia,1967,,,,0,0
LBR,Liberia,1968,112.0,,,1,0
LBR,Liberia,1969,5.0,,,1,0
LBR,Liberia,1970,,,,0,0
LBR,Liberia,1971,0.08,,,1,0
LBR,Liberia,1972,0.08,,,1,0
LBR,Liberia,1973,0.13,,,1,0
LBR,Liberia,1974,0.24,,,1,0
LBR,Liberia,1975,0.05,,,1,0
LBR,Liberia,1976,0.05,,,1,0
LBR,Liberia,1977,0.13,,,1,0
LBR,Liberia,1978,1.28,,,1,0
LBR,Liberia,1979,1.8,,,1,0
LBR,Liberia,1980,37.3,2.3,,1,1
LBR,Liberia,1981,43.9,12.3,,1,1
LBR,Liberia,1982,60.65,20.3,,1,1
LBR,Liberia,1983,71.3,17.3,,1,1
LBR,Liberia,1984,113.25,86.3,,1,1
LBR,Liberia,1985,469.55,129.8,,1,1
LBR,Liberia,1986,838.92,289.0,,1,1
LBR,Liberia,1987,1447.11,370.9,,1,1
LBR,Liberia,1988,1700.48,406.4,,1,1
LBR,Liberia,1989,1199.75,455.5,1.25,1,1
LBR,Liberia,1990,1871.89,500.3,2.32,1,1
LBR,Liberia,1991,2112.63,543.4,3.43,1,1
LBR,Liberia,1992,2171.68,581.2,4.44,1,1
LBR,Liberia,1993,2282.08,613.42,5.45,1,1
LBR,Liberia,1994,2527.86,652.9,6.46,1,1
LBR,Liberia,1995,2713.56,682.7,7.47,1,1
LBR,Liberia,1996,2781.98,730.4,8.48,1,1
LBR,Liberia,1997,2802.94,775.1,9.49,1,1
LBR,Liberia,1998,3032.01,852.9,10.44,1,1
LBR,Liberia,1999,3090.94,886.1,11.46,1,1
LBR,Liberia,2000,3430.87,1000.7,42.46,1,1
LBR,Liberia,2001,3797.13,1045.76,148.99,1,1
LBR,Liberia,2002,4032.18,1136.81,29.49,1,1
LBR,Liberia,2003,4486.22,1244.73,28.71,1,1
LBR,Liberia,2004,4785.77,1329.87,51.72,1,1
LBR,Liberia,2005,4852.95,1378.72,25.2,1,1
LBR,Liberia,2006,5241.38,1435.99,44.41,1,1
LBR,Liberia,2007,4955.22,1507.78,250.66,1,1
LBR,Liberia,2008,4076.04,1529.32,11.1,1,1
LBR,Liberia,2009,1765.68,20.5,5.1,1,1
LBR,Liberia,2010,2883.47,,,1,0
LBR,Liberia,2011,185.63,,185.63,1,0
LBR,Liberia,2012,121.04,,8.37,1,0
LBR,Liberia,2013,92.02,,22.99,1,0
LBR,Liberia,2014,78.61,,,1,0
LBR,Liberia,2015,78.6,,,1,0
LBR,Liberia,2016,88.6,,3.76,1,0
LBR,Liberia,2017,405.41,,395.41,1,0
LBR,Liberia,2018,85.88,,,1,0
LBR,Liberia,2019,65.29,,,1,0
LBR,Liberia,2020,85.0,,,1,0
LBR,Liberia,2021,25.0,,,1,0
LBR,Liberia,2022,12.0,,,1,0
LBR,Liberia,2023,25.0,,,1,0
LBY,Libya,1960,,,,0,0
LBY,Libya,1961,,,,0,0
LBY,Libya,1962,,,,0,0
LBY,Libya,1963,,,,0,0
LBY,Libya,1964,,,,0,0
LBY,Libya,1965,,,,0,0
LBY,Libya,1966,,,,0,0
LBY,Libya,1967,,,,0,0
LBY,Libya,1968,,,,0,0
LBY,Libya,1969,,,,0,0
LBY,Libya,1970,,,,0,0
LBY,Libya,1971,,,,0,0
LBY,Libya,1972,,,,0,0
LBY,Libya,1973,,,,0,0
LBY,Libya,1974,,,,0,0
LBY,Libya,1975,,,,0,0
LBY,Libya,1976,,,,0,0
LBY,Libya,1977,,,,0,0
LBY,Libya,1978,,,,0,0
LBY,Libya,1979,,,,0,0
LBY,Libya,1980,,,,0,0
LBY,Libya,1981,,,,0,0
LBY,Libya,1982,,,,0,0
LBY,Libya,1983,,,,0,0
LBY,Libya,1984,,,,0,0
LBY,Libya,1985,,,,0,0
LBY,Libya,1986,,,,0,0
LBY,Libya,1987,,,,0,0
LBY,Libya,1988,,,,0,0
LBY,Libya,1989,,,,0,0
LBY,Libya,1990,,,,0,0
LBY,Libya,1991,,,,0,0
LBY,Libya,1992,,,,0,0
LBY,Libya,1993,,,,0,0
LBY,Libya,1994,,,,0,0
LBY,Libya,1995,,,,0,0
LBY,Libya,1996,,,,0,0
LBY,Libya,1997,,,,0,0
LBY,Libya,1998,,,,0,0
LBY,Libya,1999,,,,0,0
LBY,Libya,2000,,,,0,0
LBY,Libya,2001,,,,0,0
LBY,Libya,2002,,,,0,0
LBY,Libya,2003,,,,0,0
LBY,Libya,2004,441.0,,,1,0
LBY,Libya,2005,,,,0,0
LBY,Libya,2006,,,,0,0
LBY,Libya,2007,,,,0,0
LBY,Libya,2008,4500.0,,,1,0
LBY,Libya,2009,,,,0,0
LBY,Libya,2010,,,,0,0
LBY,Libya,2011,3200.0,,,1,0
LBY,Libya,2012,3200.0,,,1,0
LBY,Libya,2013,3280.0,80.0,,1,1
LBY,Libya,2014,3320.0,120.0,,1,1
LBY,Libya,2015,3400.0,200.0,,1,1
LBY,Libya,2016,3450.0,250.0,,1,1
LBY,Libya,2017,3500.0,300.0,,1,1
LBY,Libya,2018,,,,0,0
LBY,Libya,2019,,,,0,0
LBY,Libya,2020,,,,0,0
LBY,Libya,2021,,,,0,0
LBY,Libya,2022,,,,0,0
LBY,Libya,2023,,,,0,0
MKD,North Macedonia,1960,,,,0,0
MKD,North Macedonia,1961,,,,0,0
MKD,North Macedonia,1962,,,,0,0
MKD,North Macedonia,1963,,,,0,0
MKD,North Macedonia,1964,,,,0,0
MKD,North Macedonia,1965,,,,0,0
MKD,North Macedonia,1966,,,,0,0
MKD,North Macedonia,1967,,,,0,0
MKD,North Macedonia,1968,,,,0,0
MKD,North Macedonia,1969,,,,0,0
MKD,North Macedonia,1970,,,,0,0
MKD,North Macedonia,1971,,,,0,0
MKD,North Macedonia,1972,,,,0,0
MKD,North Macedonia,1973,,,,0,0
MKD,North Macedonia,1974,,,,0,0
MKD,North Macedonia,1975,,,,0,0
MKD,North Macedonia,1976,,,,0,0
MKD,North Macedonia,1977,,,,0,0
MKD,North Macedonia,1978,,,,0,0
MKD,North Macedonia,1979,,,,0,0
MKD,North Macedonia,1980,,,,0,0
MKD,North Macedonia,1981,,,,0,0
MKD,North Macedonia,1982,,,,0,0
MKD,North Macedonia,1983,,,,0,0
MKD,North Macedonia,1984,,,,0,0
MKD,North Macedonia,1985,,,,0,0
MKD,North Macedonia,1986,,,,0,0
MKD,North Macedonia,1987,,,,0,0
MKD,North Macedonia,1988,,,,0,0
MKD,North Macedonia,1989,,,,0,0
MKD,North Macedonia,1990,,,,0,0
MKD,North Macedonia,1991,,,,0,0
MKD,North Macedonia,1992,1618.98,191.29,,1,1
MKD,North Macedonia,1993,692.52,82.5,,1,1
MKD,North Macedonia,1994,515.61,,,1,0
MKD,North Macedonia,1995,614.21,46.0,,1,1
MKD,North Macedonia,1996,387.14,,,1,0
MKD,North Macedonia,1997,665.99,124.29,,1,1
MKD,North Macedonia,1998,5.19,,,1,0
MKD,North Macedonia,1999,0.05,,,1,0
MKD,North Macedonia,2000,71.63,24.05,1.58,1,1
MKD,North Macedonia,2001,38.71,27.32,5.53,1,1
MKD,North Macedonia,2002,41.55,20.45,,1,1
MKD,North Macedonia,2003,43.57,34.65,,1,1
MKD,North Macedonia,2004,56.9,43.22,,1,1
MKD,North Macedonia,2005,1.18,,,1,0
MKD,North Macedonia,2006,,,,0,0
MKD,North Macedonia,2007,,,,0,0
MKD,North Macedonia,2008,0.17,,,1,0
MKD,North Macedonia,2009,0.55,,,1,0
MKD,North Macedonia,2010,2.76,,,1,0
MKD,North Macedonia,2011,1.45,,,1,0
MKD,North Macedonia,2012,0.06,,,1,0
MKD,North Macedonia,2013,0.42,,,1,0
MKD,North Macedonia,2014,0.37,,,1,0
MKD,North Macedonia,2015,0.34,,,1,0
MKD,North Macedonia,2016,0.18,,,1,0
MKD,North Macedonia,2017,0.54,,,1,0
MKD,North Macedonia,2018,0.59,,,1,0
MKD,North Macedonia,2019,0.45,,,1,0
MKD,North Macedonia,2020,,,,0,0
MKD,North Macedonia,2021,,,,0,0
MKD,North Macedonia,2022,0.0,,,0,0
MKD,North Macedonia,2023,0.0,,,0,0
MDG,Madagascar,1960,,,,0,0
MDG,Madagascar,1961,,,,0,0
MDG,Madagascar,1962,,,,0,0
MDG,Madagascar,1963,,,,0,0
MDG,Madagascar,1964,,,,0,0
MDG,Madagascar,1965,,,,0,0
MDG,Madagascar,1966,,,,0,0
MDG,Madagascar,1967,,,,0,0
MDG,Madagascar,1968,,,,0,0
MDG,Madagascar,1969,,,,0,0
MDG,Madagascar,1970,,,,0,0
MDG,Madagascar,1971,,,,0,0
MDG,Madagascar,1972,0.07,,,1,0
MDG,Madagascar,1973,0.07,,,1,0
MDG,Madagascar,1974,0.51,,,1,0
MDG,Madagascar,1975,0.58,,,1,0
MDG,Madagascar,1976,0.51,,,1,0
MDG,Madagascar,1977,0.69,0.13,,1,1
MDG,Madagascar,1978,0.91,0.14,,1,1
MDG,Madagascar,1979,2.08,0.19,,1,1
MDG,Madagascar,1980,48.57,,1.16,1,0
MDG,Madagascar,1981,279.04,,2.04,1,0
MDG,Madagascar,1982,247.95,,2.78,1,0
MDG,Madagascar,1983,242.47,,3.59,1,0
MDG,Madagascar,1984,377.18,,3.18,1,0
MDG,Madagascar,1985,326.34,,3.34,1,0
MDG,Madagascar,1986,398.35,,3.35,1,0
MDG,Madagascar,1987,359.79,,3.35,1,0
MDG,Madagascar,1988,349.72,52.38,3.35,1,1
MDG,Madagascar,1989,792.52,65.45,2.64,1,1
MDG,Madagascar,1990,660.3,,4.3,1,0
MDG,Madagascar,1991,641.14,44.01,6.12,1,1
MDG,Madagascar,1992,867.11,47.52,7.8,1,1
MDG,Madagascar,1993,1309.29,52.16,9.73,1,1
MDG,Madagascar,1994,1410.29,61.91,8.07,1,1
MDG,Madagascar,1995,1697.03,71.08,11.38,1,1
MDG,Madagascar,1996,1779.39,72.57,14.42,1,1
MDG,Madagascar,1997,1658.52,75.49,12.03,1,1
MDG,Madagascar,1998,816.03,33.49,13.24,1,1
MDG,Madagascar,1999,818.55,38.78,13.44,1,1
MDG,Madagascar,2000,883.57,43.74,13.65,1,1
MDG,Madagascar,2001,912.11,46.32,30.0,1,1
MDG,Madagascar,2002,1225.3,,14.77,1,0
MDG,Madagascar,2003,835.74,49.53,15.34,1,1
MDG,Madagascar,2004,1694.03,18.0,24.89,1,1
MDG,Madagascar,2005,444.23,18.0,26.74,1,1
MDG,Madagascar,2006,2932.85,18.0,28.87,1,1
MDG,Madagascar,2007,533.95,18.0,42.11,1,1
MDG,Madagascar,2008,409.57,18.0,,1,1
MDG,Madagascar,2009,394.68,18.0,,1,1
MDG,Madagascar,2010,393.07,18.0,,1,1
MDG,Madagascar,2011,393.13,18.0,,1,1
MDG,Madagascar,2012,471.54,18.0,,1,1
MDG,Madagascar,2013,341.72,18.0,,1,1
MDG,Madagascar,2014,227.22,18.0,,1,1
MDG,Madagascar,2015,190.53,18.0,,1,1
MDG,Madagascar,2016,184.67,18.0,0.45,1,1
MDG,Madagascar,2017,107.22,18.0,0.44,1,1
MDG,Madagascar,2018,103.89,18.0,0.45,1,1
MDG,Madagascar,2019,103.88,18.0,0.43,1,1
MDG,Madagascar,2020,105.11,18.0,,1,1
MDG,Madagascar,2021,106.31,18.0,,1,1
MDG,Madagascar,2022,103.21,18.0,,1,1
MDG,Madagascar,2023,296.0,18.0,,1,1
MWI,Malawi,1960,,,,0,0
MWI,Malawi,1961,,,,0,0
MWI,Malawi,1962,,,,0,0
MWI,Malawi,1963,,,,0,0
MWI,Malawi,1964,,,,0,0
MWI,Malawi,1965,,,,0,0
MWI,Malawi,1966,,,,0,0
MWI,Malawi,1967,,,,0,0
MWI,Malawi,1968,,,,0,0
MWI,Malawi,1969,,,,0,0
MWI,Malawi,1970,,,,0,0
MWI,Malawi,1971,,,,0,0
MWI,Malawi,1972,,,,0,0
MWI,Malawi,1973,,,,0,0
MWI,Malawi,1974,,,,0,0
MWI,Malawi,1975,,,,0,0
MWI,Malawi,1976,,,,0,0
MWI,Malawi,1977,,,,0,0
MWI,Malawi,1978,,,,0,0
MWI,Malawi,1979,,,,0,0
MWI,Malawi,1980,3.96,1.09,,1,1
MWI,Malawi,1981,0.38,,,1,0
MWI,Malawi,1982,71.05,,,1,0
MWI,Malawi,1983,87.0,,,1,0
MWI,Malawi,1984,,,,0,0
MWI,Malawi,1985,1.7,0.1,,1,1
MWI,Malawi,1986,1.1,0.86,,1,1
MWI,Malawi,1987,28.08,12.58,,1,1
MWI,Malawi,1988,55.0,,,1,0
MWI,Malawi,1989,47.01,6.14,,1,1
MWI,Malawi,1990,76.35,9.28,,1,1
MWI,Malawi,1991,7.63,1.1,,1,1
MWI,Malawi,1992,5.22,0.71,,1,1
MWI,Malawi,1993,8.28,1.73,,1,1
MWI,Malawi,1994,15.91,4.83,,1,1
MWI,Malawi,1995,8.65,4.93,,1,1
MWI,Malawi,1996,20.2,8.63,,1,1
MWI,Malawi,1997,20.1,9.44,,1,1
MWI,Malawi,1998,51.21,12.79,,1,1
MWI,Malawi,1999,71.55,13.69,,1,1
MWI,Malawi,2000,109.19,14.42,,1,1
MWI,Malawi,2001,202.14,6.57,,1,1
MWI,Malawi,2002,108.69,5.7,,1,1
MWI,Malawi,2003,123.91,5.74,,1,1
MWI,Malawi,2004,85.1,,,1,0
MWI,Malawi,2005,95.67,,,1,0
MWI,Malawi,2006,2680.86,,,1,0
MWI,Malawi,2007,79.09,,,1,0
MWI,Malawi,2008,15.68,,,1,0
MWI,Malawi,2009,11.05,,,1,0
MWI,Malawi,2010,0.82,,,1,0
MWI,Malawi,2011,0.97,,,1,0
MWI,Malawi,2012,1.49,,,1,0
MWI,Malawi,2013,6.36,,,1,0
MWI,Malawi,2014,11.56,0.7,,1,1
MWI,Malawi,2015,2.63,,,1,0
MWI,Malawi,2016,3.33,,,1,0
MWI,Malawi,2017,11.99,,,1,0
MWI,Malawi,2018,5.0,,,1,0
MWI,Malawi,2019,5.35,,,1,0
MWI,Malawi,2020,5.73,,,1,0
MWI,Malawi,2021,5.66,,,1,0
MWI,Malawi,2022,2.11,,,1,0
MWI,Malawi,2023,810.0,431.0,,1,1
MYS,Malaysia,1960,,,,0,0
MYS,Malaysia,1961,,,,0,0
MYS,Malaysia,1962,,,,0,0
MYS,Malaysia,1963,,,,0,0
MYS,Malaysia,1964,,,,0,0
MYS,Malaysia,1965,,,,0,0
MYS,Malaysia,1966,,,,0,0
MYS,Malaysia,1967,,,,0,0
MYS,Malaysia,1968,,,,0,0
MYS,Malaysia,1969,,,,0,0
MYS,Malaysia,1970,,,,0,0
MYS,Malaysia,1971,,,,0,0
MYS,Malaysia,1972,,,,0,0
MYS,Malaysia,1973,,,,0,0
MYS,Malaysia,1974,,,,0,0
MYS,Malaysia,1975,,,,0,0
MYS,Malaysia,1976,,,,0,0
MYS,Malaysia,1977,,,,0,0
MYS,Malaysia,1978,,,,0,0
MYS,Malaysia,1979,,,,0,0
MYS,Malaysia,1980,,,,0,0
MYS,Malaysia,1981,,,,0,0
MYS,Malaysia,1982,,,,0,0
MYS,Malaysia,1983,,,,0,0
MYS,Malaysia,1984,,,,0,0
MYS,Malaysia,1985,,,,0,0
MYS,Malaysia,1986,,,,0,0
MYS,Malaysia,1987,,,,0,0
MYS,Malaysia,1988,,,,0,0
MYS,Malaysia,1989,,,,0,0
MYS,Malaysia,1990,,,,0,0
MYS,Malaysia,1991,,,,0,0
MYS,Malaysia,1992,,,,0,0
MYS,Malaysia,1993,,,,0,0
MYS,Malaysia,1994,,,,0,0
MYS,Malaysia,1995,,,,0,0
MYS,Malaysia,1996,,,,0,0
MYS,Malaysia,1997,,,,0,0
MYS,Malaysia,1998,,,,0,0
MYS,Malaysia,1999,,,,0,0
MYS,Malaysia,2000,,,,0,0
MYS,Malaysia,2001,,,,0,0
MYS,Malaysia,2002,,,,0,0
MYS,Malaysia,2003,,,,0,0
MYS,Malaysia,2004,,,,0,0
MYS,Malaysia,2005,,,,0,0
MYS,Malaysia,2006,,,,0,0
MYS,Malaysia,2007,,,,0,0
MYS,Malaysia,2008,,,,0,0
MYS,Malaysia,2009,,,,0,0
MYS,Malaysia,2010,,,,0,0
MYS,Malaysia,2011,,,,0,0
MYS,Malaysia,2012,,,,0,0
MYS,Malaysia,2013,,,,0,0
MYS,Malaysia,2014,,,,0,0
MYS,Malaysia,2015,,,,0,0
MYS,Malaysia,2016,,,,0,0
MYS,Malaysia,2017,,,,0,0
MYS,Malaysia,2018,,,,0,0
MYS,Malaysia,2019,,,,0,0
MYS,Malaysia,2020,,,,0,0
MYS,Malaysia,2021,,,,0,0
MYS,Malaysia,2022,,,,0,0
MYS,Malaysia,2023,,,,0,0
MDV,Maldives,1960,,,,0,0
MDV,Maldives,1961,,,,0,0
MDV,Maldives,1962,,,,0,0
MDV,Maldives,1963,,,,0,0
MDV,Maldives,1964,,,,0,0
MDV,Maldives,1965,,,,0,0
MDV,Maldives,1966,,,,0,0
MDV,Maldives,1967,,,,0,0
MDV,Maldives,1968,,,,0,0
MDV,Maldives,1969,,,,0,0
MDV,Maldives,1970,,,,0,0
MDV,Maldives,1971,,,,0,0
MDV,Maldives,1972,,,,0,0
MDV,Maldives,1973,,,,0,0
MDV,Maldives,1974,,,,0,0
MDV,Maldives,1975,,,,0,0
MDV,Maldives,1976,,,,0,0
MDV,Maldives,1977,,,,0,0
MDV,Maldives,1978,0.01,,,1,0
MDV,Maldives,1979,0.02,,,1,0
MDV,Maldives,1980,,,,0,0
MDV,Maldives,1981,,,,0,0
MDV,Maldives,1982,,,,0,0
MDV,Maldives,1983,,,,0,0
MDV,Maldives,1984,,,,0,0
MDV,Maldives,1985,,,,0,0
MDV,Maldives,1986,,,,0,0
MDV,Maldives,1987,,,,0,0
MDV,Maldives,1988,,,,0,0
MDV,Maldives,1989,,,,0,0
MDV,Maldives,1990,,,,0,0
MDV,Maldives,1991,,,,0,0
MDV,Maldives,1992,,,,0,0
MDV,Maldives,1993,,,,0,0
MDV,Maldives,1994,,,,0,0
MDV,Maldives,1995,,,,0,0
MDV,Maldives,1996,,,,0,0
MDV,Maldives,1997,,,,0,0
MDV,Maldives,1998,,,,0,0
MDV,Maldives,1999,,,,0,0
MDV,Maldives,2000,,,,0,0
MDV,Maldives,2001,,,,0,0
MDV,Maldives,2002,,,,0,0
MDV,Maldives,2003,0.6,,0.51,1,0
MDV,Maldives,2004,0.55,,,1,0
MDV,Maldives,2005,0.31,0.15,,1,1
MDV,Maldives,2006,0.2,0.03,,1,1
MDV,Maldives,2007,0.0,0.0,,0,0
MDV,Maldives,2008,10.21,2.44,,1,1
MDV,Maldives,2009,9.77,0.29,,1,1
MDV,Maldives,2010,5.12,1.15,,1,1
MDV,Maldives,2011,6.45,0.09,,1,1
MDV,Maldives,2012,6.62,1.42,,1,1
MDV,Maldives,2013,15.72,3.46,,1,1
MDV,Maldives,2014,9.56,1.79,,1,1
MDV,Maldives,2015,3.29,1.13,,1,1
MDV,Maldives,2016,1.76,0.48,,1,1
MDV,Maldives,2017,0.51,0.05,,1,1
MDV,Maldives,2018,1.62,0.64,,1,1
MDV,Maldives,2019,101.03,7.14,86.96,1,1
MDV,Maldives,2020,118.03,13.58,33.6,1,1
MDV,Maldives,2021,254.12,34.09,93.3,1,1
MDV,Maldives,2022,90.74,37.23,,1,1
MDV,Maldives,2023,150.0,100.0,,1,1
MLI,Mali,1960,,,,0,0
MLI,Mali,1961,,,,0,0
MLI,Mali,1962,,,,0,0
MLI,Mali,1963,,,,0,0
MLI,Mali,1964,26.0,,,1,0
MLI,Mali,1965,,,,0,0
MLI,Mali,1966,,,,0,0
MLI,Mali,1967,,,,0,0
MLI,Mali,1968,,,,0,0
MLI,Mali,1969,,,,0,0
MLI,Mali,1970,10.94,5.76,,1,1
MLI,Mali,1971,16.11,6.69,,1,1
MLI,Mali,1972,21.45,6.02,,1,1
MLI,Mali,1973,28.14,6.85,,1,1
MLI,Mali,1974,34.27,7.53,,1,1
MLI,Mali,1975,39.0,1.72,,1,1
MLI,Mali,1976,60.12,1.46,,1,1
MLI,Mali,1977,85.92,1.63,,1,1
MLI,Mali,1978,116.98,1.74,,1,1
MLI,Mali,1979,141.37,1.9,,1,1
MLI,Mali,1980,76.15,2.04,,1,1
MLI,Mali,1981,7.31,1.63,,1,1
MLI,Mali,1982,10.71,1.55,,1,1
MLI,Mali,1983,16.53,2.11,,1,1
MLI,Mali,1984,90.9,4.71,36.16,1,1
MLI,Mali,1985,98.72,18.57,58.69,1,1
MLI,Mali,1986,58.1,26.29,,1,1
MLI,Mali,1987,81.52,29.94,,1,1
MLI,Mali,1988,57.83,1.83,,1,1
MLI,Mali,1989,36.07,5.43,0.64,1,1
MLI,Mali,1990,85.03,4.33,0.94,1,1
MLI,Mali,1991,204.11,6.41,27.78,1,1
MLI,Mali,1992,335.23,6.88,41.5,1,1
MLI,Mali,1993,259.18,25.53,,1,1
MLI,Mali,1994,707.51,2.24,0.39,1,1
MLI,Mali,1995,369.97,2.42,0.8,1,1
MLI,Mali,1996,477.21,0.77,5.46,1,1
MLI,Mali,1997,674.83,,67.49,1,0
MLI,Mali,1998,598.82,,84.93,1,0
MLI,Mali,1999,589.65,,80.54,1,0
MLI,Mali,2000,586.02,,76.21,1,0
MLI,Mali,2001,587.2,,93.95,1,0
MLI,Mali,2002,663.22,,50.76,1,0
MLI,Mali,2003,211.48,,56.48,1,0
MLI,Mali,2004,130.12,,69.98,1,0
MLI,Mali,2005,117.49,,60.19,1,0
MLI,Mali,2006,1994.52,,70.76,1,0
MLI,Mali,2007,138.08,,104.61,1,0
MLI,Mali,2008,50.34,,7.32,1,0
MLI,Mali,2009,501.01,,7.32,1,0
MLI,Mali,2010,0.81,,,1,0
MLI,Mali,2011,142.15,0.01,0.76,1,1
MLI,Mali,2012,160.82,0.56,9.57,1,1
MLI,Mali,2013,164.74,0.06,11.13,1,1
MLI,Mali,2014,100.24,0.19,37.96,1,1
MLI,Mali,2015,112.14,0.29,38.99,1,1
MLI,Mali,2016,105.53,0.27,23.29,1,1
MLI,Mali,2017,99.49,0.13,20.38,1,1
MLI,Mali,2018,87.14,0.12,18.93,1,1
MLI,Mali,2019,31.06,,2.04,1,0
MLI,Mali,2020,36.8,,2.08,1,0
MLI,Mali,2021,65.6,,16.8,1,0
MLI,Mali,2022,311.27,,0.48,1,0
MLI,Mali,2023,8.0,,,1,0
MHL,Marshall Islands,1960,,,,0,0
MHL,Marshall Islands,1961,,,,0,0
MHL,Marshall Islands,1962,,,,0,0
MHL,Marshall Islands,1963,,,,0,0
MHL,Marshall Islands,1964,,,,0,0
MHL,Marshall Islands,1965,,,,0,0
MHL,Marshall Islands,1966,,,,0,0
MHL,Marshall Islands,1967,,,,0,0
MHL,Marshall Islands,1968,,,,0,0
MHL,Marshall Islands,1969,,,,0,0
MHL,Marshall Islands,1970,,,,0,0
MHL,Marshall Islands,1971,,,,0,0
MHL,Marshall Islands,1972,,,,0,0
MHL,Marshall Islands,1973,,,,0,0
MHL,Marshall Islands,1974,,,,0,0
MHL,Marshall Islands,1975,,,,0,0
MHL,Marshall Islands,1976,,,,0,0
MHL,Marshall Islands,1977,,,,0,0
MHL,Marshall Islands,1978,,,,0,0
MHL,Marshall Islands,1979,,,,0,0
MHL,Marshall Islands,1980,,,,0,0
MHL,Marshall Islands,1981,,,,0,0
MHL,Marshall Islands,1982,,,,0,0
MHL,Marshall Islands,1983,,,,0,0
MHL,Marshall Islands,1984,,,,0,0
MHL,Marshall Islands,1985,,,,0,0
MHL,Marshall Islands,1986,,,,0,0
MHL,Marshall Islands,1987,,,,0,0
MHL,Marshall Islands,1988,,,,0,0
MHL,Marshall Islands,1989,,,,0,0
MHL,Marshall Islands,1990,,,,0,0
MHL,Marshall Islands,1991,,,,0,0
MHL,Marshall Islands,1992,,,,0,0
MHL,Marshall Islands,1993,,,,0,0
MHL,Marshall Islands,1994,,,,0,0
MHL,Marshall Islands,1995,,,,0,0
MHL,Marshall Islands,1996,,,,0,0
MHL,Marshall Islands,1997,,,,0,0
MHL,Marshall Islands,1998,,,,0,0
MHL,Marshall Islands,1999,,,,0,0
MHL,Marshall Islands,2000,,,,0,0
MHL,Marshall Islands,2001,,,,0,0
MHL,Marshall Islands,2002,,,,0,0
MHL,Marshall Islands,2003,,,,0,0
MHL,Marshall Islands,2004,,,,0,0
MHL,Marshall Islands,2005,,,,0,0
MHL,Marshall Islands,2006,,,,0,0
MHL,Marshall Islands,2007,,,,0,0
MHL,Marshall Islands,2008,,,,0,0
MHL,Marshall Islands,2009,,,,0,0
MHL,Marshall Islands,2010,,,,0,0
MHL,Marshall Islands,2011,,,,0,0
MHL,Marshall Islands,2012,,,,0,0
MHL,Marshall Islands,2013,,,,0,0
MHL,Marshall Islands,2014,,,,0,0
MHL,Marshall Islands,2015,,,,0,0
MHL,Marshall Islands,2016,,,,0,0
MHL,Marshall Islands,2017,,,,0,0
MHL,Marshall Islands,2018,,,,0,0
MHL,Marshall Islands,2019,,,,0,0
MHL,Marshall Islands,2020,,,,0,0
MHL,Marshall Islands,2021,,,,0,0
MHL,Marshall Islands,2022,,,,0,0
MHL,Marshall Islands,2023,,,,0,0
MRT,Mauritania,1960,,,,0,0
MRT,Mauritania,1961,,,,0,0
MRT,Mauritania,1962,,,,0,0
MRT,Mauritania,1963,,,,0,0
MRT,Mauritania,1964,,,,0,0
MRT,Mauritania,1965,,,,0,0
MRT,Mauritania,1966,,,,0,0
MRT,Mauritania,1967,,,,0,0
MRT,Mauritania,1968,,,,0,0
MRT,Mauritania,1969,1.0,1.0,,1,1
MRT,Mauritania,1970,,,,0,0
MRT,Mauritania,1971,0.01,,,1,0
MRT,Mauritania,1972,0.29,,,1,0
MRT,Mauritania,1973,0.69,0.03,,1,1
MRT,Mauritania,1974,0.24,,,1,0
MRT,Mauritania,1975,0.74,0.01,,1,1
MRT,Mauritania,1976,0.54,0.08,,1,1
MRT,Mauritania,1977,3.86,1.78,,1,1
MRT,Mauritania,1978,32.38,21.67,,1,1
MRT,Mauritania,1979,23.58,2.54,,1,1
MRT,Mauritania,1980,54.27,21.75,,1,1
MRT,Mauritania,1981,36.07,6.82,3.94,1,1
MRT,Mauritania,1982,46.33,7.13,6.66,1,1
MRT,Mauritania,1983,68.49,6.3,9.46,1,1
MRT,Mauritania,1984,112.44,13.39,8.49,1,1
MRT,Mauritania,1985,87.5,6.48,1.02,1,1
MRT,Mauritania,1986,97.92,4.28,1.64,1,1
MRT,Mauritania,1987,112.65,13.31,2.34,1,1
MRT,Mauritania,1988,147.23,21.7,2.83,1,1
MRT,Mauritania,1989,294.01,40.98,3.03,1,1
MRT,Mauritania,1990,277.05,31.33,3.58,1,1
MRT,Mauritania,1991,309.55,48.16,2.32,1,1
MRT,Mauritania,1992,404.12,65.58,2.37,1,1
MRT,Mauritania,1993,696.29,74.56,,1,1
MRT,Mauritania,1994,328.63,15.95,,1,1
MRT,Mauritania,1995,312.26,8.62,,1,1
MRT,Mauritania,1996,382.95,,,1,0
MRT,Mauritania,1997,291.4,,,1,0
MRT,Mauritania,1998,402.24,,0.3,1,0
MRT,Mauritania,1999,489.1,0.07,0.6,1,1
MRT,Mauritania,2000,543.61,0.01,1.47,1,1
MRT,Mauritania,2001,361.2,,,1,0
MRT,Mauritania,2002,404.5,0.14,10.21,1,1
MRT,Mauritania,2003,399.13,,15.54,1,0
MRT,Mauritania,2004,291.61,,20.08,1,0
MRT,Mauritania,2005,301.53,,23.62,1,0
MRT,Mauritania,2006,1197.54,1.02,28.9,1,1
MRT,Mauritania,2007,1253.64,,62.66,1,0
MRT,Mauritania,2008,1267.69,10.0,,1,1
MRT,Mauritania,2009,1191.89,,,1,0
MRT,Mauritania,2010,1169.99,,,1,0
MRT,Mauritania,2011,1057.29,,,1,0
MRT,Mauritania,2012,1054.82,,,1,0
MRT,Mauritania,2013,1055.38,,,1,0
MRT,Mauritania,2014,1048.4,,,1,0
MRT,Mauritania,2015,1045.02,,,1,0
MRT,Mauritania,2016,1044.22,,,1,0
MRT,Mauritania,2017,1045.51,,,1,0
MRT,Mauritania,2018,1045.0,,,1,0
MRT,Mauritania,2019,1045.15,,,1,0
MRT,Mauritania,2020,1184.63,,18.57,1,0
MRT,Mauritania,2021,278.61,,31.5,1,0
MRT,Mauritania,2022,348.32,,25.3,1,0
MRT,Mauritania,2023,321.0,,21.0,1,0
MUS,Mauritius,1960,,,,0,0
MUS,Mauritius,1961,,,,0,0
MUS,Mauritius,1962,,,,0,0
MUS,Mauritius,1963,,,,0,0
MUS,Mauritius,1964,,,,0,0
MUS,Mauritius,1965,,,,0,0
MUS,Mauritius,1966,,,,0,0
MUS,Mauritius,1967,,,,0,0
MUS,Mauritius,1968,,,,0,0
MUS,Mauritius,1969,,,,0,0
MUS,Mauritius,1970,,,,0,0
MUS,Mauritius,1971,0.03,,,1,0
MUS,Mauritius,1972,0.07,,,1,0
MUS,Mauritius,1973,,,,0,0
MUS,Mauritius,1974,,,,0,0
MUS,Mauritius,1975,,,,0,0
MUS,Mauritius,1976,,,,0,0
MUS,Mauritius,1977,0.39,,,1,0
MUS,Mauritius,1978,0.31,,,1,0
MUS,Mauritius,1979,0.67,,,1,0
MUS,Mauritius,1980,2.3,,,1,0
MUS,Mauritius,1981,3.04,,,1,0
MUS,Mauritius,1982,,,,0,0
MUS,Mauritius,1983,,,,0,0
MUS,Mauritius,1984,0.16,,,1,0
MUS,Mauritius,1985,,,,0,0
MUS,Mauritius,1986,,,,0,0
MUS,Mauritius,1987,,,,0,0
MUS,Mauritius,1988,0.11,,,1,0
MUS,Mauritius,1989,3.04,,,1,0
MUS,Mauritius,1990,7.6,2.31,3.26,1,1
MUS,Mauritius,1991,11.07,2.15,6.33,1,1
MUS,Mauritius,1992,10.27,0.1,7.68,1,1
MUS,Mauritius,1993,12.75,0.11,9.88,1,1
MUS,Mauritius,1994,2.76,0.94,,1,1
MUS,Mauritius,1995,0.85,0.11,,1,1
MUS,Mauritius,1996,0.06,0.0,,1,0
MUS,Mauritius,1997,0.63,,,1,0
MUS,Mauritius,1998,,,,0,0
MUS,Mauritius,1999,,,,0,0
MUS,Mauritius,2000,,,,0,0
MUS,Mauritius,2001,,,,0,0
MUS,Mauritius,2002,,,,0,0
MUS,Mauritius,2003,,,,0,0
MUS,Mauritius,2004,,,,0,0
MUS,Mauritius,2005,,,,0,0
MUS,Mauritius,2006,,,,0,0
MUS,Mauritius,2007,,,,0,0
MUS,Mauritius,2008,,,,0,0
MUS,Mauritius,2009,,,,0,0
MUS,Mauritius,2010,,,,0,0
MUS,Mauritius,2011,0.02,,,1,0
MUS,Mauritius,2012,3.7,0.15,,1,1
MUS,Mauritius,2013,4.26,1.17,,1,1
MUS,Mauritius,2014,6.74,4.62,,1,1
MUS,Mauritius,2015,7.57,4.3,1.95,1,1
MUS,Mauritius,2016,18.94,4.2,12.5,1,1
MUS,Mauritius,2017,9.48,4.59,1.1,1,1
MUS,Mauritius,2018,0.1,0.1,,1,1
MUS,Mauritius,2019,11.72,,,1,0
MUS,Mauritius,2020,5.8,5.31,,1,1
MUS,Mauritius,2021,6.21,0.2,,1,1
MUS,Mauritius,2022,7.36,6.09,,1,1
MUS,Mauritius,2023,,,,0,0
MEX,Mexico,1960,,,,0,0
MEX,Mexico,1961,,,,0,0
MEX,Mexico,1962,,,,0,0
MEX,Mexico,1963,,,,0,0
MEX,Mexico,1964,,,,0,0
MEX,Mexico,1965,,,,0,0
MEX,Mexico,1966,,,,0,0
MEX,Mexico,1967,,,,0,0
MEX,Mexico,1968,,,,0,0
MEX,Mexico,1969,,,,0,0
MEX,Mexico,1970,,,,0,0
MEX,Mexico,1971,,,,0,0
MEX,Mexico,1972,,,,0,0
MEX,Mexico,1973,,,,0,0
MEX,Mexico,1974,,,,0,0
MEX,Mexico,1975,,,,0,0
MEX,Mexico,1976,,,,0,0
MEX,Mexico,1977,,,,0,0
MEX,Mexico,1978,0.6,,,1,0
MEX,Mexico,1979,1.9,1.9,,1,1
MEX,Mexico,1980,,,,0,0
MEX,Mexico,1981,11.3,6.6,,1,1
MEX,Mexico,1982,19357.7,554.9,,1,1
MEX,Mexico,1983,24667.8,87.8,,1,1
MEX,Mexico,1984,19223.9,10.9,,1,1
MEX,Mexico,1985,28600.0,,,1,0
MEX,Mexico,1986,45500.0,,,1,0
MEX,Mexico,1987,52300.0,,,1,0
MEX,Mexico,1988,51902.9,,,1,0
MEX,Mexico,1989,50635.5,3.3,,1,1
MEX,Mexico,1990,54300.0,,,1,0
MEX,Mexico,1991,,,,0,0
MEX,Mexico,1992,,,,0,0
MEX,Mexico,1993,,,,0,0
MEX,Mexico,1994,,,,0,0
MEX,Mexico,1995,,,,0,0
MEX,Mexico,1996,,,,0,0
MEX,Mexico,1997,,,,0,0
MEX,Mexico,1998,,,,0,0
MEX,Mexico,1999,,,,0,0
MEX,Mexico,2000,,,,0,0
MEX,Mexico,2001,,,,0,0
MEX,Mexico,2002,0.0,0.0,,0,0
MEX,Mexico,2003,,,,0,0
MEX,Mexico,2004,,,,0,0
MEX,Mexico,2005,,,,0,0
MEX,Mexico,2006,,,,0,0
MEX,Mexico,2007,,,,0,0
MEX,Mexico,2008,,,,0,0
MEX,Mexico,2009,,,,0,0
MEX,Mexico,2010,,,,0,0
MEX,Mexico,2011,,,,0,0
MEX,Mexico,2012,,,,0,0
MEX,Mexico,2013,32.0,32.0,,1,1
MEX,Mexico,2014,91.0,91.0,,1,1
MEX,Mexico,2015,,,,0,0
MEX,Mexico,2016,123.0,123.0,,1,1
MEX,Mexico,2017,,,,0,0
MEX,Mexico,2018,15.0,15.0,,1,1
MEX,Mexico,2019,6.0,6.0,,1,1
MEX,Mexico,2020,8.0,8.0,,1,1
MEX,Mexico,2021,3.0,3.0,,1,1
MEX,Mexico,2022,22.0,22.0,,1,1
MEX,Mexico,2023,10.0,10.0,,1,1
FSM,Micronesia,1960,,,,0,0
FSM,Micronesia,1961,,,,0,0
FSM,Micronesia,1962,,,,0,0
FSM,Micronesia,1963,,,,0,0
FSM,Micronesia,1964,,,,0,0
FSM,Micronesia,1965,,,,0,0
FSM,Micronesia,1966,,,,0,0
FSM,Micronesia,1967,,,,0,0
FSM,Micronesia,1968,,,,0,0
FSM,Micronesia,1969,,,,0,0
FSM,Micronesia,1970,,,,0,0
FSM,Micronesia,1971,,,,0,0
FSM,Micronesia,1972,,,,0,0
FSM,Micronesia,1973,,,,0,0
FSM,Micronesia,1974,,,,0,0
FSM,Micronesia,1975,,,,0,0
FSM,Micronesia,1976,,,,0,0
FSM,Micronesia,1977,,,,0,0
FSM,Micronesia,1978,,,,0,0
FSM,Micronesia,1979,,,,0,0
FSM,Micronesia,1980,,,,0,0
FSM,Micronesia,1981,,,,0,0
FSM,Micronesia,1982,,,,0,0
FSM,Micronesia,1983,,,,0,0
FSM,Micronesia,1984,,,,0,0
FSM,Micronesia,1985,,,,0,0
FSM,Micronesia,1986,,,,0,0
FSM,Micronesia,1987,,,,0,0
FSM,Micronesia,1988,,,,0,0
FSM,Micronesia,1989,,,,0,0
FSM,Micronesia,1990,,,,0,0
FSM,Micronesia,1991,,,,0,0
FSM,Micronesia,1992,,,,0,0
FSM,Micronesia,1993,,,,0,0
FSM,Micronesia,1994,,,,0,0
FSM,Micronesia,1995,,,,0,0
FSM,Micronesia,1996,,,,0,0
FSM,Micronesia,1997,,,,0,0
FSM,Micronesia,1998,,,,0,0
FSM,Micronesia,1999,,,,0,0
FSM,Micronesia,2000,,,,0,0
FSM,Micronesia,2001,,,,0,0
FSM,Micronesia,2002,,,,0,0
FSM,Micronesia,2003,,,,0,0
FSM,Micronesia,2004,,,,0,0
FSM,Micronesia,2005,,,,0,0
FSM,Micronesia,2006,,,,0,0
FSM,Micronesia,2007,,,,0,0
FSM,Micronesia,2008,,,,0,0
FSM,Micronesia,2009,,,,0,0
FSM,Micronesia,2010,,,,0,0
FSM,Micronesia,2011,,,,0,0
FSM,Micronesia,2012,,,,0,0
FSM,Micronesia,2013,,,,0,0
FSM,Micronesia,2014,,,,0,0
FSM,Micronesia,2015,,,,0,0
FSM,Micronesia,2016,,,,0,0
FSM,Micronesia,2017,,,,0,0
FSM,Micronesia,2018,,,,0,0
FSM,Micronesia,2019,,,,0,0
FSM,Micronesia,2020,,,,0,0
FSM,Micronesia,2021,,,,0,0
FSM,Micronesia,2022,,,,0,0
FSM,Micronesia,2023,,,,0,0
MDA,Moldova,1960,,,,0,0
MDA,Moldova,1961,,,,0,0
MDA,Moldova,1962,,,,0,0
MDA,Moldova,1963,,,,0,0
MDA,Moldova,1964,,,,0,0
MDA,Moldova,1965,,,,0,0
MDA,Moldova,1966,,,,0,0
MDA,Moldova,1967,,,,0,0
MDA,Moldova,1968,,,,0,0
MDA,Moldova,1969,,,,0,0
MDA,Moldova,1970,,,,0,0
MDA,Moldova,1971,,,,0,0
MDA,Moldova,1972,,,,0,0
MDA,Moldova,1973,,,,0,0
MDA,Moldova,1974,,,,0,0
MDA,Moldova,1975,,,,0,0
MDA,Moldova,1976,,,,0,0
MDA,Moldova,1977,,,,0,0
MDA,Moldova,1978,,,,0,0
MDA,Moldova,1979,,,,0,0
MDA,Moldova,1980,,,,0,0
MDA,Moldova,1981,,,,0,0
MDA,Moldova,1982,,,,0,0
MDA,Moldova,1983,,,,0,0
MDA,Moldova,1984,,,,0,0
MDA,Moldova,1985,,,,0,0
MDA,Moldova,1986,,,,0,0
MDA,Moldova,1987,,,,0,0
MDA,Moldova,1988,,,,0,0
MDA,Moldova,1989,,,,0,0
MDA,Moldova,1990,,,,0,0
MDA,Moldova,1991,,,,0,0
MDA,Moldova,1992,,,,0,0
MDA,Moldova,1993,5.87,,,1,0
MDA,Moldova,1994,24.99,,0.08,1,0
MDA,Moldova,1995,46.75,,0.15,1,0
MDA,Moldova,1996,119.64,,0.27,1,0
MDA,Moldova,1997,16.12,,0.49,1,0
MDA,Moldova,1998,104.63,16.03,0.51,1,1
MDA,Moldova,1999,239.37,17.05,0.42,1,1
MDA,Moldova,2000,132.74,41.75,0.51,1,1
MDA,Moldova,2001,40.5,32.03,0.51,1,1
MDA,Moldova,2002,134.31,68.0,,1,1
MDA,Moldova,2003,124.69,87.53,,1,1
MDA,Moldova,2004,155.79,,,1,0
MDA,Moldova,2005,134.01,81.79,,1,1
MDA,Moldova,2006,243.23,92.13,,1,1
MDA,Moldova,2007,28.33,,,1,0
MDA,Moldova,2008,27.91,,,1,0
MDA,Moldova,2009,,,,0,0
MDA,Moldova,2010,,,,0,0
MDA,Moldova,2011,,,,0,0
MDA,Moldova,2012,,,,0,0
MDA,Moldova,2013,,,,0,0
MDA,Moldova,2014,,,,0,0
MDA,Moldova,2015,,,,0,0
MDA,Moldova,2016,,,,0,0
MDA,Moldova,2017,,,,0,0
MDA,Moldova,2018,,,,0,0
MDA,Moldova,2019,,,,0,0
MDA,Moldova,2020,,,,0,0
MDA,Moldova,2021,,,,0,0
MDA,Moldova,2022,9.0,,,1,0
MDA,Moldova,2023,9.0,,,1,0
MNG,Mongolia,1960,,,,0,0
MNG,Mongolia,1961,,,,0,0
MNG,Mongolia,1962,,,,0,0
MNG,Mongolia,1963,,,,0,0
MNG,Mongolia,1964,,,,0,0
MNG,Mongolia,1965,,,,0,0
MNG,Mongolia,1966,,,,0,0
MNG,Mongolia,1967,,,,0,0
MNG,Mongolia,1968,,,,0,0
MNG,Mongolia,1969,,,,0,0
MNG,Mongolia,1970,,,,0,0
MNG,Mongolia,1971,,,,0,0
MNG,Mongolia,1972,,,,0,0
MNG,Mongolia,1973,,,,0,0
MNG,Mongolia,1974,,,,0,0
MNG,Mongolia,1975,,,,0,0
MNG,Mongolia,1976,,,,0,0
MNG,Mongolia,1977,,,,0,0
MNG,Mongolia,1978,,,,0,0
MNG,Mongolia,1979,,,,0,0
MNG,Mongolia,1980,,,,0,0
MNG,Mongolia,1981,,,,0,0
MNG,Mongolia,1982,,,,0,0
MNG,Mongolia,1983,,,,0,0
MNG,Mongolia,1984,,,,0,0
MNG,Mongolia,1985,,,,0,0
MNG,Mongolia,1986,,,,0,0
MNG,Mongolia,1987,,,,0,0
MNG,Mongolia,1988,,,,0,0
MNG,Mongolia,1989,,,,0,0
MNG,Mongolia,1990,,,,0,0
MNG,Mongolia,1991,,,,0,0
MNG,Mongolia,1992,7.68,6.89,,1,1
MNG,Mongolia,1993,18.03,15.97,,1,1
MNG,Mongolia,1994,16.56,2.95,,1,1
MNG,Mongolia,1995,4.11,3.32,,1,1
MNG,Mongolia,1996,4.52,3.6,,1,1
MNG,Mongolia,1997,63.68,2.9,,1,1
MNG,Mongolia,1998,68.63,2.12,,1,1
MNG,Mongolia,1999,87.55,0.92,,1,1
MNG,Mongolia,2000,77.33,0.47,,1,1
MNG,Mongolia,2001,77.19,,,1,0
MNG,Mongolia,2002,18.47,,2.14,1,0
MNG,Mongolia,2003,11018.5,,,1,0
MNG,Mongolia,2004,27.29,,,1,0
MNG,Mongolia,2005,20.87,,,1,0
MNG,Mongolia,2006,37.93,,,1,0
MNG,Mongolia,2007,25.61,,,1,0
MNG,Mongolia,2008,26.13,,,1,0
MNG,Mongolia,2009,9.7,,,1,0
MNG,Mongolia,2010,10.64,,,1,0
MNG,Mongolia,2011,10.62,,,1,0
MNG,Mongolia,2012,15.79,,4.77,1,0
MNG,Mongolia,2013,18.01,,13.93,1,0
MNG,Mongolia,2014,8.83,,8.83,1,0
MNG,Mongolia,2015,8.94,,8.94,1,0
MNG,Mongolia,2016,26.93,,18.0,1,0
MNG,Mongolia,2017,2200.15,,2190.0,1,0
MNG,Mongolia,2018,10.23,,10.23,1,0
MNG,Mongolia,2019,4.47,,4.29,1,0
MNG,Mongolia,2020,1806.13,,1800.0,1,0
MNG,Mongolia,2021,0.04,,,1,0
MNG,Mongolia,2022,,,,0,0
MNG,Mongolia,2023,,,,0,0
MNE,Montenegro,1960,,,,0,0
MNE,Montenegro,1961,,,,0,0
MNE,Montenegro,1962,,,,0,0
MNE,Montenegro,1963,,,,0,0
MNE,Montenegro,1964,,,,0,0
MNE,Montenegro,1965,,,,0,0
MNE,Montenegro,1966,,,,0,0
MNE,Montenegro,1967,,,,0,0
MNE,Montenegro,1968,,,,0,0
MNE,Montenegro,1969,,,,0,0
MNE,Montenegro,1970,,,,0,0
MNE,Montenegro,1971,,,,0,0
MNE,Montenegro,1972,,,,0,0
MNE,Montenegro,1973,,,,0,0
MNE,Montenegro,1974,,,,0,0
MNE,Montenegro,1975,,,,0,0
MNE,Montenegro,1976,,,,0,0
MNE,Montenegro,1977,,,,0,0
MNE,Montenegro,1978,,,,0,0
MNE,Montenegro,1979,,,,0,0
MNE,Montenegro,1980,,,,0,0
MNE,Montenegro,1981,,,,0,0
MNE,Montenegro,1982,,,,0,0
MNE,Montenegro,1983,,,,0,0
MNE,Montenegro,1984,,,,0,0
MNE,Montenegro,1985,,,,0,0
MNE,Montenegro,1986,,,,0,0
MNE,Montenegro,1987,,,,0,0
MNE,Montenegro,1988,,,,0,0
MNE,Montenegro,1989,,,,0,0
MNE,Montenegro,1990,,,,0,0
MNE,Montenegro,1991,,,,0,0
MNE,Montenegro,1992,,,,0,0
MNE,Montenegro,1993,,,,0,0
MNE,Montenegro,1994,,,,0,0
MNE,Montenegro,1995,,,,0,0
MNE,Montenegro,1996,,,,0,0
MNE,Montenegro,1997,,,,0,0
MNE,Montenegro,1998,,,,0,0
MNE,Montenegro,1999,,,,0,0
MNE,Montenegro,2000,,,,0,0
MNE,Montenegro,2001,,,,0,0
MNE,Montenegro,2002,,,,0,0
MNE,Montenegro,2003,4.0,,,1,0
MNE,Montenegro,2004,209.0,,,1,0
MNE,Montenegro,2005,4.0,,,1,0
MNE,Montenegro,2006,4.0,,,1,0
MNE,Montenegro,2007,209.0,,,1,0
MNE,Montenegro,2008,4.0,,,1,0
MNE,Montenegro,2009,4.0,,,1,0
MNE,Montenegro,2010,4.0,,,1,0
MNE,Montenegro,2011,19.0,,,1,0
MNE,Montenegro,2012,5.0,,,1,0
MNE,Montenegro,2013,4.0,,,1,0
MNE,Montenegro,2014,4.0,,,1,0
MNE,Montenegro,2015,4.0,,,1,0
MNE,Montenegro,2016,4.0,,,1,0
MNE,Montenegro,2017,4.0,,,1,0
MNE,Montenegro,2018,4.0,,,1,0
MNE,Montenegro,2019,4.0,,,1,0
MNE,Montenegro,2020,4.0,,,1,0
MNE,Montenegro,2021,4.0,,,1,0
MNE,Montenegro,2022,4.0,,,1,0
MNE,Montenegro,2023,4.0,,,1,0
MAR,Morocco,1960,,,,0,0
MAR,Morocco,1961,,,,0,0
MAR,Morocco,1962,,,,0,0
MAR,Morocco,1963,,,,0,0
MAR,Morocco,1964,,,,0,0
MAR,Morocco,1965,,,,0,0
MAR,Morocco,1966,,,,0,0
MAR,Morocco,1967,,,,0,0
MAR,Morocco,1968,,,,0,0
MAR,Morocco,1969,,,,0,0
MAR,Morocco,1970,0.02,,,1,0
MAR,Morocco,1971,,,,0,0
MAR,Morocco,1972,0.13,,,1,0
MAR,Morocco,1973,0.15,,,1,0
MAR,Morocco,1974,0.35,,,1,0
MAR,Morocco,1975,0.24,,,1,0
MAR,Morocco,1976,0.99,0.78,,1,1
MAR,Morocco,1977,0.23,,,1,0
MAR,Morocco,1978,0.53,0.28,,1,1
MAR,Morocco,1979,0.26,,,1,0
MAR,Morocco,1980,5.38,,,1,0
MAR,Morocco,1981,51.47,49.04,,1,1
MAR,Morocco,1982,27.38,22.1,,1,1
MAR,Morocco,1983,1277.71,48.07,,1,1
MAR,Morocco,1984,1638.37,40.54,,1,1
MAR,Morocco,1985,1265.68,509.43,,1,1
MAR,Morocco,1986,1489.01,,,1,0
MAR,Morocco,1987,3879.15,0.15,,1,1
MAR,Morocco,1988,940.0,0.0,,1,0
MAR,Morocco,1989,1668.48,750.21,,1,1
MAR,Morocco,1990,6349.64,284.09,,1,1
MAR,Morocco,1991,3954.76,251.25,,1,1
MAR,Morocco,1992,1546.15,296.15,,1,1
MAR,Morocco,1993,247.24,0.87,,1,1
MAR,Morocco,1994,231.41,14.63,,1,1
MAR,Morocco,1995,230.32,2.54,,1,1
MAR,Morocco,1996,277.51,2.73,,1,1
MAR,Morocco,1997,315.9,0.09,,1,1
MAR,Morocco,1998,333.36,6.12,,1,1
MAR,Morocco,1999,552.37,7.18,,1,1
MAR,Morocco,2000,774.36,4.29,,1,1
MAR,Morocco,2001,657.22,4.99,,1,1
MAR,Morocco,2002,654.66,2.41,,1,1
MAR,Morocco,2003,19.37,0.31,,1,1
MAR,Morocco,2004,22.58,,,1,0
MAR,Morocco,2005,3.36,,,1,0
MAR,Morocco,2006,3.62,,,1,0
MAR,Morocco,2007,1.82,0.28,,1,1
MAR,Morocco,2008,0.81,0.19,,1,1
MAR,Morocco,2009,,,,0,0
MAR,Morocco,2010,,,,0,0
MAR,Morocco,2011,0.0,,,0,0
MAR,Morocco,2012,,,,0,0
MAR,Morocco,2013,,,,0,0
MAR,Morocco,2014,,,,0,0
MAR,Morocco,2015,,,,0,0
MAR,Morocco,2016,,,,0,0
MAR,Morocco,2017,0.01,,,1,0
MAR,Morocco,2018,0.01,,,1,0
MAR,Morocco,2019,0.06,,,1,0
MAR,Morocco,2020,20.8,,,1,0
MAR,Morocco,2021,11.72,,,1,0
MAR,Morocco,2022,0.15,,,1,0
MAR,Morocco,2023,0.15,,,1,0
MOZ,Mozambique,1960,,,,0,0
MOZ,Mozambique,1961,,,,0,0
MOZ,Mozambique,1962,,,,0,0
MOZ,Mozambique,1963,,,,0,0
MOZ,Mozambique,1964,,,,0,0
MOZ,Mozambique,1965,,,,0,0
MOZ,Mozambique,1966,,,,0,0
MOZ,Mozambique,1967,,,,0,0
MOZ,Mozambique,1968,,,,0,0
MOZ,Mozambique,1969,,,,0,0
MOZ,Mozambique,1970,,,,0,0
MOZ,Mozambique,1971,,,,0,0
MOZ,Mozambique,1972,,,,0,0
MOZ,Mozambique,1973,,,,0,0
MOZ,Mozambique,1974,,,,0,0
MOZ,Mozambique,1975,,,,0,0
MOZ,Mozambique,1976,,,,0,0
MOZ,Mozambique,1977,,,,0,0
MOZ,Mozambique,1978,,,,0,0
MOZ,Mozambique,1979,,,,0,0
MOZ,Mozambique,1980,750.0,,,1,0
MOZ,Mozambique,1981,,,,0,0
MOZ,Mozambique,1982,,,,0,0
MOZ,Mozambique,1983,,,,0,0
MOZ,Mozambique,1984,143.27,1.27,,1,1
MOZ,Mozambique,1985,286.95,158.71,,1,1
MOZ,Mozambique,1986,591.94,334.89,,1,1
MOZ,Mozambique,1987,1098.14,346.14,,1,1
MOZ,Mozambique,1988,801.96,393.72,0.2,1,1
MOZ,Mozambique,1989,1018.16,197.91,0.41,1,1
MOZ,Mozambique,1990,3172.87,609.28,0.61,1,1
MOZ,Mozambique,1991,1183.69,258.15,1.02,1,1
MOZ,Mozambique,1992,1184.02,365.75,3.45,1,1
MOZ,Mozambique,1993,1491.07,103.64,4.79,1,1
MOZ,Mozambique,1994,1210.24,26.95,8.05,1,1
MOZ,Mozambique,1995,1831.68,19.29,10.37,1,1
MOZ,Mozambique,1996,2163.55,15.87,12.76,1,1
MOZ,Mozambique,1997,1672.55,7.48,9.45,1,1
MOZ,Mozambique,1998,2317.66,5.48,10.36,1,1
MOZ,Mozambique,1999,1876.25,4.7,11.55,1,1
MOZ,Mozambique,2000,1245.93,18.85,10.39,1,1
MOZ,Mozambique,2001,2835.84,0.84,35.0,1,1
MOZ,Mozambique,2002,852.54,,22.0,1,0
MOZ,Mozambique,2003,911.64,,8.8,1,0
MOZ,Mozambique,2004,1011.58,,10.07,1,0
MOZ,Mozambique,2005,1028.45,,11.84,1,0
MOZ,Mozambique,2006,2838.03,,15.09,1,0
MOZ,Mozambique,2007,1058.8,0.15,30.0,1,1
MOZ,Mozambique,2008,884.8,,,1,0
MOZ,Mozambique,2009,918.66,2.02,,1,1
MOZ,Mozambique,2010,1569.16,,63.4,1,0
MOZ,Mozambique,2011,878.98,0.57,,1,1
MOZ,Mozambique,2012,480.87,5.56,13.33,1,1
MOZ,Mozambique,2013,671.81,,,1,0
MOZ,Mozambique,2014,368.82,0.02,,1,1
MOZ,Mozambique,2015,820.63,0.03,,1,1
MOZ,Mozambique,2016,1734.95,1.36,4.32,1,1
MOZ,Mozambique,2017,4742.35,62.28,2054.0,1,1
MOZ,Mozambique,2018,5019.38,121.92,2000.0,1,1
MOZ,Mozambique,2019,3094.84,2.36,0.17,1,1
MOZ,Mozambique,2020,3433.14,2.57,102.63,1,1
MOZ,Mozambique,2021,4190.58,90.07,281.0,1,1
MOZ,Mozambique,2022,3890.27,,,1,0
MOZ,Mozambique,2023,3671.5,,,1,0
MMR,Myanmar,1960,,,,0,0
MMR,Myanmar,1961,,,,0,0
MMR,Myanmar,1962,,,,0,0
MMR,Myanmar,1963,,,,0,0
MMR,Myanmar,1964,384.0,,,1,0
MMR,Myanmar,1965,,,,0,0
MMR,Myanmar,1966,,,,0,0
MMR,Myanmar,1967,,,,0,0
MMR,Myanmar,1968,,,,0,0
MMR,Myanmar,1969,,,,0,0
MMR,Myanmar,1970,,,,0,0
MMR,Myanmar,1971,,,,0,0
MMR,Myanmar,1972,,,,0,0
MMR,Myanmar,1973,,,,0,0
MMR,Myanmar,1974,,,,0,0
MMR,Myanmar,1975,,,,0,0
MMR,Myanmar,1976,0.03,,,1,0
MMR,Myanmar,1977,0.06,,,1,0
MMR,Myanmar,1978,0.1,,,1,0
MMR,Myanmar,1979,0.13,,,1,0
MMR,Myanmar,1980,0.16,,,1,0
MMR,Myanmar,1981,0.2,,,1,0
MMR,Myanmar,1982,0.23,,,1,0
MMR,Myanmar,1983,0.23,,,1,0
MMR,Myanmar,1984,381.23,,,1,0
MMR,Myanmar,1985,3.94,,,1,0
MMR,Myanmar,1986,57.91,,44.24,1,0
MMR,Myanmar,1987,1448.79,40.04,,1,1
MMR,Myanmar,1988,257.87,78.8,,1,1
MMR,Myanmar,1989,332.65,57.31,,1,1
MMR,Myanmar,1990,579.91,117.06,,1,1
MMR,Myanmar,1991,884.74,175.31,6.24,1,1
MMR,Myanmar,1992,1129.17,224.17,10.25,1,1
MMR,Myanmar,1993,1398.91,258.18,10.06,1,1
MMR,Myanmar,1994,1811.41,320.43,10.18,1,1
MMR,Myanmar,1995,1710.59,325.78,11.18,1,1
MMR,Myanmar,1996,1656.81,309.37,23.94,1,1
MMR,Myanmar,1997,1740.89,295.35,25.64,1,1
MMR,Myanmar,1998,1989.34,298.18,35.64,1,1
MMR,Myanmar,1999,2372.5,293.45,57.73,1,1
MMR,Myanmar,2000,2451.91,326.94,37.28,1,1
MMR,Myanmar,2001,2488.87,370.65,52.34,1,1
MMR,Myanmar,2002,3094.95,452.14,54.41,1,1
MMR,Myanmar,2003,3740.97,530.91,56.47,1,1
MMR,Myanmar,2004,4167.65,586.3,58.54,1,1
MMR,Myanmar,2005,4020.28,567.92,61.02,1,1
MMR,Myanmar,2006,4343.45,603.07,63.52,1,1
MMR,Myanmar,2007,4800.29,634.64,66.41,1,1
MMR,Myanmar,2008,8885.14,635.8,69.53,1,1
MMR,Myanmar,2009,9233.08,648.26,70.28,1,1
MMR,Myanmar,2010,10166.22,652.28,217.19,1,1
MMR,Myanmar,2011,10596.04,653.65,73.51,1,1
MMR,Myanmar,2012,10975.02,642.44,73.59,1,1
MMR,Myanmar,2013,2591.75,222.12,74.87,1,1
MMR,Myanmar,2014,668.78,218.9,86.2,1,1
MMR,Myanmar,2015,647.69,225.5,96.16,1,1
MMR,Myanmar,2016,664.82,231.88,119.49,1,1
MMR,Myanmar,2017,660.93,228.91,123.27,1,1
MMR,Myanmar,2018,799.7,241.34,216.06,1,1
MMR,Myanmar,2019,633.43,227.79,105.4,1,1
MMR,Myanmar,2020,920.51,308.94,130.36,1,1
MMR,Myanmar,2021,720.67,263.74,114.35,1,1
MMR,Myanmar,2022,596.23,212.33,108.45,1,1
MMR,Myanmar,2023,1175.45,375.0,140.0,1,1
NAM,Namibia,1960,,,,0,0
NAM,Namibia,1961,,,,0,0
NAM,Namibia,1962,,,,0,0
NAM,Namibia,1963,,,,0,0
NAM,Namibia,1964,,,,0,0
NAM,Namibia,1965,,,,0,0
NAM,Namibia,1966,,,,0,0
NAM,Namibia,1967,,,,0,0
NAM,Namibia,1968,,,,0,0
NAM,Namibia,1969,,,,0,0
NAM,Namibia,1970,,,,0,0
NAM,Namibia,1971,,,,0,0
NAM,Namibia,1972,,,,0,0
NAM,Namibia,1973,,,,0,0
NAM,Namibia,1974,,,,0,0
NAM,Namibia,1975,,,,0,0
NAM,Namibia,1976,,,,0,0
NAM,Namibia,1977,,,,0,0
NAM,Namibia,1978,,,,0,0
NAM,Namibia,1979,,,,0,0
NAM,Namibia,1980,,,,0,0
NAM,Namibia,1981,,,,0,0
NAM,Namibia,1982,,,,0,0
NAM,Namibia,1983,,,,0,0
NAM,Namibia,1984,,,,0,0
NAM,Namibia,1985,,,,0,0
NAM,Namibia,1986,,,,0,0
NAM,Namibia,1987,,,,0,0
NAM,Namibia,1988,,,,0,0
NAM,Namibia,1989,,,,0,0
NAM,Namibia,1990,,,,0,0
NAM,Namibia,1991,,,,0,0
NAM,Namibia,1992,,,,0,0
NAM,Namibia,1993,,,,0,0
NAM,Namibia,1994,,,,0,0
NAM,Namibia,1995,,,,0,0
NAM,Namibia,1996,,,,0,0
NAM,Namibia,1997,6.32,,,1,0
NAM,Namibia,1998,,,,0,0
NAM,Namibia,1999,,,,0,0
NAM,Namibia,2000,,,,0,0
NAM,Namibia,2001,,,,0,0
NAM,Namibia,2002,,,,0,0
NAM,Namibia,2003,,,,0,0
NAM,Namibia,2004,,,,0,0
NAM,Namibia,2005,,,,0,0
NAM,Namibia,2006,,,,0,0
NAM,Namibia,2007,,,,0,0
NAM,Namibia,2008,,,,0,0
NAM,Namibia,2009,,,,0,0
NAM,Namibia,2010,,,,0,0
NAM,Namibia,2011,,,,0,0
NAM,Namibia,2012,,,,0,0
NAM,Namibia,2013,,,,0,0
NAM,Namibia,2014,,,,0,0
NAM,Namibia,2015,,,,0,0
NAM,Namibia,2016,,,,0,0
NAM,Namibia,2017,,,,0,0
NAM,Namibia,2018,,,,0,0
NAM,Namibia,2019,,,,0,0
NAM,Namibia,2020,,,,0,0
NAM,Namibia,2021,,,,0,0
NAM,Namibia,2022,,,,0,0
NAM,Namibia,2023,,,,0,0
NRU,Nauru,1960,,,,0,0
NRU,Nauru,1961,,,,0,0
NRU,Nauru,1962,,,,0,0
NRU,Nauru,1963,,,,0,0
NRU,Nauru,1964,,,,0,0
NRU,Nauru,1965,,,,0,0
NRU,Nauru,1966,,,,0,0
NRU,Nauru,1967,,,,0,0
NRU,Nauru,1968,,,,0,0
NRU,Nauru,1969,,,,0,0
NRU,Nauru,1970,,,,0,0
NRU,Nauru,1971,,,,0,0
NRU,Nauru,1972,,,,0,0
NRU,Nauru,1973,,,,0,0
NRU,Nauru,1974,,,,0,0
NRU,Nauru,1975,,,,0,0
NRU,Nauru,1976,,,,0,0
NRU,Nauru,1977,,,,0,0
NRU,Nauru,1978,,,,0,0
NRU,Nauru,1979,,,,0,0
NRU,Nauru,1980,,,,0,0
NRU,Nauru,1981,,,,0,0
NRU,Nauru,1982,,,,0,0
NRU,Nauru,1983,,,,0,0
NRU,Nauru,1984,,,,0,0
NRU,Nauru,1985,,,,0,0
NRU,Nauru,1986,,,,0,0
NRU,Nauru,1987,,,,0,0
NRU,Nauru,1988,,,,0,0
NRU,Nauru,1989,,,,0,0
NRU,Nauru,1990,,,,0,0
NRU,Nauru,1991,,,,0,0
NRU,Nauru,1992,,,,0,0
NRU,Nauru,1993,,,,0,0
NRU,Nauru,1994,15.02,,,1,0
NRU,Nauru,1995,75.83,,,1,0
NRU,Nauru,1996,69.76,,,1,0
NRU,Nauru,1997,66.51,,,1,0
NRU,Nauru,1998,65.0,,,1,0
NRU,Nauru,1999,78.93,,,1,0
NRU,Nauru,2000,87.57,,,1,0
NRU,Nauru,2001,83.92,,,1,0
NRU,Nauru,2002,85.38,,,1,0
NRU,Nauru,2003,109.14,,,1,0
NRU,Nauru,2004,293.3,,,1,0
NRU,Nauru,2005,109.79,,,1,0
NRU,Nauru,2006,108.22,,,1,0
NRU,Nauru,2007,111.0,,,1,0
NRU,Nauru,2008,127.15,,,1,0
NRU,Nauru,2009,145.26,,,1,0
NRU,Nauru,2010,160.31,,,1,0
NRU,Nauru,2011,182.38,,,1,0
NRU,Nauru,2012,187.9,,,1,0
NRU,Nauru,2013,158.42,,,1,0
NRU,Nauru,2014,150.6,,,1,0
NRU,Nauru,2015,135.38,,,1,0
NRU,Nauru,2016,155.08,,,1,0
NRU,Nauru,2017,154.45,,,1,0
NRU,Nauru,2018,161.11,,,1,0
NRU,Nauru,2019,168.0,,,1,0
NRU,Nauru,2020,181.0,,,1,0
NRU,Nauru,2021,167.7,,,1,0
NRU,Nauru,2022,1.2,,,1,0
NRU,Nauru,2023,1.2,,,1,0
NPL,Nepal,1960,,,,0,0
NPL,Nepal,1961,,,,0,0
NPL,Nepal,1962,,,,0,0
NPL,Nepal,1963,,,,0,0
NPL,Nepal,1964,,,,0,0
NPL,Nepal,1965,,,,0,0
NPL,Nepal,1966,,,,0,0
NPL,Nepal,1967,,,,0,0
NPL,Nepal,1968,,,,0,0
NPL,Nepal,1969,,,,0,0
NPL,Nepal,1970,,,,0,0
NPL,Nepal,1971,,,,0,0
NPL,Nepal,1972,,,,0,0
NPL,Nepal,1973,,,,0,0
NPL,Nepal,1974,,,,0,0
NPL,Nepal,1975,,,,0,0
NPL,Nepal,1976,,,,0,0
NPL,Nepal,1977,,,,0,0
NPL,Nepal,1978,,,,0,0
NPL,Nepal,1979,,,,0,0
NPL,Nepal,1980,,,,0,0
NPL,Nepal,1981,,,,0,0
NPL,Nepal,1982,,,,0,0
NPL,Nepal,1983,,,,0,0
NPL,Nepal,1984,,,,0,0
NPL,Nepal,1985,,,,0,0
NPL,Nepal,1986,1.84,,,1,0
NPL,Nepal,1987,4.58,0.2,,1,1
NPL,Nepal,1988,5.64,,,1,0
NPL,Nepal,1989,7.97,,,1,0
NPL,Nepal,1990,10.43,,,1,0
NPL,Nepal,1991,19.86,0.19,,1,1
NPL,Nepal,1992,14.1,0.53,,1,1
NPL,Nepal,1993,9.58,1.55,,1,1
NPL,Nepal,1994,7.83,3.07,0.23,1,1
NPL,Nepal,1995,10.47,4.9,0.46,1,1
NPL,Nepal,1996,12.18,5.71,0.46,1,1
NPL,Nepal,1997,10.45,4.55,0.46,1,1
NPL,Nepal,1998,10.59,3.82,0.46,1,1
NPL,Nepal,1999,3.33,0.38,0.46,1,1
NPL,Nepal,2000,0.42,0.12,,1,1
NPL,Nepal,2001,0.68,0.08,,1,1
NPL,Nepal,2002,0.9,,,1,0
NPL,Nepal,2003,1.2,,,1,0
NPL,Nepal,2004,1.7,,,1,0
NPL,Nepal,2005,,,,0,0
NPL,Nepal,2006,,,,0,0
NPL,Nepal,2007,,,,0,0
NPL,Nepal,2008,,,,0,0
NPL,Nepal,2009,,,,0,0
NPL,Nepal,2010,0.37,,,1,0
NPL,Nepal,2011,,,,0,0
NPL,Nepal,2012,4.66,,,1,0
NPL,Nepal,2013,,,,0,0
NPL,Nepal,2014,,,,0,0
NPL,Nepal,2015,,,,0,0
NPL,Nepal,2016,,,,0,0
NPL,Nepal,2017,114.7,,114.7,1,0
NPL,Nepal,2018,,,,0,0
NPL,Nepal,2019,,,,0,0
NPL,Nepal,2020,2.03,,,1,0
NPL,Nepal,2021,16.13,,1.16,1,0
NPL,Nepal,2022,4.26,,,1,0
NPL,Nepal,2023,4.0,,,1,0
NIC,Nicaragua,1960,,,,0,0
NIC,Nicaragua,1961,,,,0,0
NIC,Nicaragua,1962,,,,0,0
NIC,Nicaragua,1963,,,,0,0
NIC,Nicaragua,1964,,,,0,0
NIC,Nicaragua,1965,,,,0,0
NIC,Nicaragua,1966,,,,0,0
NIC,Nicaragua,1967,,,,0,0
NIC,Nicaragua,1968,,,,0,0
NIC,Nicaragua,1969,,,,0,0
NIC,Nicaragua,1970,,,,0,0
NIC,Nicaragua,1971,,,,0,0
NIC,Nicaragua,1972,,,,0,0
NIC,Nicaragua,1973,0.13,,,1,0
NIC,Nicaragua,1974,,,,0,0
NIC,Nicaragua,1975,1.16,1.04,,1,1
NIC,Nicaragua,1976,4.88,4.72,,1,1
NIC,Nicaragua,1977,11.85,11.34,,1,1
NIC,Nicaragua,1978,93.01,51.15,,1,1
NIC,Nicaragua,1979,429.05,167.72,,1,1
NIC,Nicaragua,1980,626.51,26.93,,1,1
NIC,Nicaragua,1981,204.39,7.64,,1,1
NIC,Nicaragua,1982,111.73,8.29,,1,1
NIC,Nicaragua,1983,322.65,63.03,,1,1
NIC,Nicaragua,1984,500.15,13.05,,1,1
NIC,Nicaragua,1985,714.63,26.96,,1,1
NIC,Nicaragua,1986,1070.86,311.62,,1,1
NIC,Nicaragua,1987,1758.35,665.84,,1,1
NIC,Nicaragua,1988,3945.04,1008.42,,1,1
NIC,Nicaragua,1989,3849.02,1246.93,,1,1
NIC,Nicaragua,1990,4200.45,1598.82,,1,1
NIC,Nicaragua,1991,5117.89,1765.89,,1,1
NIC,Nicaragua,1992,4741.04,1791.97,0.71,1,1
NIC,Nicaragua,1993,5243.02,1767.29,1.43,1,1
NIC,Nicaragua,1994,6471.9,1801.89,,1,1
NIC,Nicaragua,1995,8193.28,431.28,,1,1
NIC,Nicaragua,1996,4255.55,335.33,0.98,1,1
NIC,Nicaragua,1997,2460.16,91.7,1.44,1,1
NIC,Nicaragua,1998,2907.14,96.86,2.51,1,1
NIC,Nicaragua,1999,3287.82,103.7,2.53,1,1
NIC,Nicaragua,2000,2830.87,101.88,3.34,1,1
NIC,Nicaragua,2001,2516.04,92.17,4.12,1,1
NIC,Nicaragua,2002,2659.58,84.61,10.96,1,1
NIC,Nicaragua,2003,2558.7,84.79,12.62,1,1
NIC,Nicaragua,2004,2799.96,83.39,14.29,1,1
NIC,Nicaragua,2005,2269.53,83.39,14.51,1,1
NIC,Nicaragua,2006,3431.65,85.19,17.09,1,1
NIC,Nicaragua,2007,3504.79,1.95,17.6,1,1
NIC,Nicaragua,2008,3002.63,,18.13,1,0
NIC,Nicaragua,2009,979.01,,18.14,1,0
NIC,Nicaragua,2010,983.28,,18.4,1,0
NIC,Nicaragua,2011,994.45,,18.84,1,0
NIC,Nicaragua,2012,1021.78,,18.86,1,0
NIC,Nicaragua,2013,1132.61,,19.14,1,0
NIC,Nicaragua,2014,1038.54,,19.11,1,0
NIC,Nicaragua,2015,1170.58,,18.58,1,0
NIC,Nicaragua,2016,1062.68,,18.0,1,0
NIC,Nicaragua,2017,1114.15,37.94,18.55,1,1
NIC,Nicaragua,2018,1113.2,,18.11,1,0
NIC,Nicaragua,2019,1138.04,,17.95,1,0
NIC,Nicaragua,2020,1153.91,,18.52,1,0
NIC,Nicaragua,2021,1161.17,,18.74,1,0
NIC,Nicaragua,2022,1172.52,,17.95,1,0
NIC,Nicaragua,2023,1168.0,,19.0,1,0
NER,Niger,1960,,,,0,0
NER,Niger,1961,,,,0,0
NER,Niger,1962,,,,0,0
NER,Niger,1963,,,,0,0
NER,Niger,1964,,,,0,0
NER,Niger,1965,,,,0,0
NER,Niger,1966,,,,0,0
NER,Niger,1967,,,,0,0
NER,Niger,1968,,,,0,0
NER,Niger,1969,,,,0,0
NER,Niger,1970,,,,0,0
NER,Niger,1971,0.12,,,1,0
NER,Niger,1972,0.26,,,1,0
NER,Niger,1973,0.38,,,1,0
NER,Niger,1974,0.53,,,1,0
NER,Niger,1975,0.77,0.17,,1,1
NER,Niger,1976,0.85,0.52,,1,1
NER,Niger,1977,0.24,,,1,0
NER,Niger,1978,0.79,,,1,0
NER,Niger,1979,1.33,0.25,,1,1
NER,Niger,1980,1.57,0.05,,1,1
NER,Niger,1981,2.57,0.63,,1,1
NER,Niger,1982,1.17,0.58,,1,1
NER,Niger,1983,35.12,2.73,,1,1
NER,Niger,1984,62.3,,,1,0
NER,Niger,1985,40.47,5.51,,1,1
NER,Niger,1986,78.03,0.03,,1,1
NER,Niger,1987,115.84,0.12,,1,1
NER,Niger,1988,187.12,0.04,,1,1
NER,Niger,1989,446.41,36.03,,1,1
NER,Niger,1990,317.41,57.08,,1,1
NER,Niger,1991,243.82,0.48,,1,1
NER,Niger,1992,133.58,0.62,0.96,1,1
NER,Niger,1993,200.02,1.06,0.83,1,1
NER,Niger,1994,290.1,1.1,1.05,1,1
NER,Niger,1995,131.94,,1.11,1,0
NER,Niger,1996,171.0,,1.34,1,0
NER,Niger,1997,117.08,,2.02,1,0
NER,Niger,1998,119.55,,2.82,1,0
NER,Niger,1999,151.14,,5.26,1,0
NER,Niger,2000,162.83,0.03,4.46,1,1
NER,Niger,2001,229.55,0.31,11.92,1,1
NER,Niger,2002,190.05,,,1,0
NER,Niger,2003,81.39,,0.97,1,0
NER,Niger,2004,585.23,0.12,0.95,1,1
NER,Niger,2005,113.03,0.07,9.87,1,1
NER,Niger,2006,1407.4,0.11,8.67,1,1
NER,Niger,2007,90.25,0.15,9.33,1,1
NER,Niger,2008,113.89,0.23,15.49,1,1
NER,Niger,2009,74.25,0.23,12.42,1,1
NER,Niger,2010,91.33,0.66,13.98,1,1
NER,Niger,2011,96.38,,14.72,1,0
NER,Niger,2012,98.5,,15.42,1,0
NER,Niger,2013,102.37,,15.76,1,0
NER,Niger,2014,108.45,,15.76,1,0
NER,Niger,2015,233.81,,,1,0
NER,Niger,2016,53.56,,0.18,1,0
NER,Niger,2017,885.32,,800.0,1,0
NER,Niger,2018,283.32,,161.0,1,0
NER,Niger,2019,162.63,,13.03,1,0
NER,Niger,2020,73.97,,5.06,1,0
NER,Niger,2021,81.0,,10.75,1,0
NER,Niger,2022,57.96,,,1,0
NER,Niger,2023,572.0,,,1,0
NGA,Nigeria,1960,,,,0,0
NGA,Nigeria,1961,,,,0,0
NGA,Nigeria,1962,,,,0,0
NGA,Nigeria,1963,,,,0,0
NGA,Nigeria,1964,,,,0,0
NGA,Nigeria,1965,,,,0,0
NGA,Nigeria,1966,,,,0,0
NGA,Nigeria,1967,290.0,,,1,0
NGA,Nigeria,1968,,,,0,0
NGA,Nigeria,1969,,,,0,0
NGA,Nigeria,1970,114.16,1.6,,1,1
NGA,Nigeria,1971,0.25,,,1,0
NGA,Nigeria,1972,9.73,7.6,,1,1
NGA,Nigeria,1973,7.5,6.17,,1,1
NGA,Nigeria,1974,6.1,5.75,,1,1
NGA,Nigeria,1975,4.03,3.96,,1,1
NGA,Nigeria,1976,2.64,2.64,,1,1
NGA,Nigeria,1977,0.32,0.07,,1,1
NGA,Nigeria,1978,0.47,,,1,0
NGA,Nigeria,1979,0.03,,,1,0
NGA,Nigeria,1980,0.3,,,1,0
NGA,Nigeria,1981,4.54,2.87,,1,1
NGA,Nigeria,1982,1747.21,18.58,,1,1
NGA,Nigeria,1983,1953.21,16.74,,1,1
NGA,Nigeria,1984,7051.84,75.36,,1,1
NGA,Nigeria,1985,1190.5,227.26,,1,1
NGA,Nigeria,1986,10987.0,,,1,0
NGA,Nigeria,1987,11725.44,,,1,0
NGA,Nigeria,1988,13305.81,,,1,0
NGA,Nigeria,1989,13221.0,,,1,0
NGA,Nigeria,1990,7802.47,,,1,0
NGA,Nigeria,1991,9127.0,,,1,0
NGA,Nigeria,1992,18444.18,,,1,0
NGA,Nigeria,1993,6334.48,1518.24,,1,1
NGA,Nigeria,1994,9647.15,1864.01,,1,1
NGA,Nigeria,1995,13164.65,2063.51,,1,1
NGA,Nigeria,1996,15537.05,2060.81,,1,1
NGA,Nigeria,1997,15807.48,1976.92,,1,1
NGA,Nigeria,1998,17877.35,2392.63,,1,1
NGA,Nigeria,1999,18328.91,2683.22,,1,1
NGA,Nigeria,2000,25957.78,2557.78,,1,1
NGA,Nigeria,2001,26012.77,12.77,,1,1
NGA,Nigeria,2002,26303.8,3.8,,1,1
NGA,Nigeria,2003,27803.84,3.84,,1,1
NGA,Nigeria,2004,29341.5,11.5,,1,1
NGA,Nigeria,2005,30096.0,,,1,0
NGA,Nigeria,2006,10886.66,,,1,0
NGA,Nigeria,2007,,,,0,0
NGA,Nigeria,2008,,,,0,0
NGA,Nigeria,2009,,,,0,0
NGA,Nigeria,2010,,,,0,0
NGA,Nigeria,2011,0.0,,,0,0
NGA,Nigeria,2012,,,,0,0
NGA,Nigeria,2013,23.52,,22.99,1,0
NGA,Nigeria,2014,0.54,,0.1,1,0
NGA,Nigeria,2015,,,,0,0
NGA,Nigeria,2016,,,,0,0
NGA,Nigeria,2017,,,,0,0
NGA,Nigeria,2018,,,,0,0
NGA,Nigeria,2019,0.71,,,1,0
NGA,Nigeria,2020,0.01,,,1,0
NGA,Nigeria,2021,,,,0,0
NGA,Nigeria,2022,6.85,,,1,0
NGA,Nigeria,2023,,,,0,0
PAK,Pakistan,1960,15.0,,,1,0
PAK,Pakistan,1961,,,,0,0
PAK,Pakistan,1962,,,,0,0
PAK,Pakistan,1963,,,,0,0
PAK,Pakistan,1964,,,,0,0
PAK,Pakistan,1965,,,,0,0
PAK,Pakistan,1966,,,,0,0
PAK,Pakistan,1967,,,,0,0
PAK,Pakistan,1968,,,,0,0
PAK,Pakistan,1969,,,,0,0
PAK,Pakistan,1970,,,,0,0
PAK,Pakistan,1971,,,,0,0
PAK,Pakistan,1972,234.0,,,1,0
PAK,Pakistan,1973,107.0,,,1,0
PAK,Pakistan,1974,650.0,,,1,0
PAK,Pakistan,1975,182.0,,,1,0
PAK,Pakistan,1976,186.0,,,1,0
PAK,Pakistan,1977,228.0,,,1,0
PAK,Pakistan,1978,312.0,,,1,0
PAK,Pakistan,1979,80.0,,,1,0
PAK,Pakistan,1980,195.0,,,1,0
PAK,Pakistan,1981,260.0,,,1,0
PAK,Pakistan,1982,35.0,,,1,0
PAK,Pakistan,1983,28.0,,,1,0
PAK,Pakistan,1984,25.0,,,1,0
PAK,Pakistan,1985,,,,0,0
PAK,Pakistan,1986,,,,0,0
PAK,Pakistan,1987,,,,0,0
PAK,Pakistan,1988,,,,0,0
PAK,Pakistan,1989,19.72,0.12,,1,1
PAK,Pakistan,1990,16.08,0.34,,1,1
PAK,Pakistan,1991,10.13,0.09,,1,1
PAK,Pakistan,1992,0.0,0.0,,0,0
PAK,Pakistan,1993,0.0,0.0,,0,0
PAK,Pakistan,1994,0.01,0.01,,1,1
PAK,Pakistan,1995,0.0,0.0,,0,0
PAK,Pakistan,1996,0.01,0.01,,1,1
PAK,Pakistan,1997,0.0,0.0,,0,0
PAK,Pakistan,1998,2496.64,164.64,35.71,1,1
PAK,Pakistan,1999,5622.0,,,1,0
PAK,Pakistan,2000,1007.89,95.89,53.62,1,1
PAK,Pakistan,2001,14797.78,157.72,388.06,1,1
PAK,Pakistan,2002,941.76,0.28,500.0,1,1
PAK,Pakistan,2003,745.97,,,1,0
PAK,Pakistan,2004,481.83,,,1,0
PAK,Pakistan,2005,0.0,,,0,0
PAK,Pakistan,2006,,,,0,0
PAK,Pakistan,2007,1.3,,,1,0
PAK,Pakistan,2008,4.81,,,1,0
PAK,Pakistan,2009,,,,0,0
PAK,Pakistan,2010,,,,0,0
PAK,Pakistan,2011,,,,0,0
PAK,Pakistan,2012,,,,0,0
PAK,Pakistan,2013,,,,0,0
PAK,Pakistan,2014,,,,0,0
PAK,Pakistan,2015,,,,0,0
PAK,Pakistan,2016,,,,0,0
PAK,Pakistan,2017,,,,0,0
PAK,Pakistan,2018,,,,0,0
PAK,Pakistan,2019,,,,0,0
PAK,Pakistan,2020,1656.56,,700.0,1,0
PAK,Pakistan,2021,6153.73,,4000.0,1,0
PAK,Pakistan,2022,,,,0,0
PAK,Pakistan,2023,3000.0,,3000.0,1,0
PLW,Palau,1960,,,,0,0
PLW,Palau,1961,,,,0,0
PLW,Palau,1962,,,,0,0
PLW,Palau,1963,,,,0,0
PLW,Palau,1964,,,,0,0
PLW,Palau,1965,,,,0,0
PLW,Palau,1966,,,,0,0
PLW,Palau,1967,,,,0,0
PLW,Palau,1968,,,,0,0
PLW,Palau,1969,,,,0,0
PLW,Palau,1970,,,,0,0
PLW,Palau,1971,,,,0,0
PLW,Palau,1972,,,,0,0
PLW,Palau,1973,,,,0,0
PLW,Palau,1974,,,,0,0
PLW,Palau,1975,,,,0,0
PLW,Palau,1976,,,,0,0
PLW,Palau,1977,,,,0,0
PLW,Palau,1978,,,,0,0
PLW,Palau,1979,,,,0,0
PLW,Palau,1980,,,,0,0
PLW,Palau,1981,,,,0,0
PLW,Palau,1982,,,,0,0
PLW,Palau,1983,,,,0,0
PLW,Palau,1984,,,,0,0
PLW,Palau,1985,,,,0,0
PLW,Palau,1986,,,,0,0
PLW,Palau,1987,,,,0,0
PLW,Palau,1988,,,,0,0
PLW,Palau,1989,,,,0,0
PLW,Palau,1990,,,,0,0
PLW,Palau,1991,,,,0,0
PLW,Palau,1992,,,,0,0
PLW,Palau,1993,,,,0,0
PLW,Palau,1994,,,,0,0
PLW,Palau,1995,,,,0,0
PLW,Palau,1996,,,,0,0
PLW,Palau,1997,,,,0,0
PLW,Palau,1998,,,,0,0
PLW,Palau,1999,,,,0,0
PLW,Palau,2000,,,,0,0
PLW,Palau,2001,,,,0,0
PLW,Palau,2002,,,,0,0
PLW,Palau,2003,,,,0,0
PLW,Palau,2004,,,,0,0
PLW,Palau,2005,,,,0,0
PLW,Palau,2006,,,,0,0
PLW,Palau,2007,,,,0,0
PLW,Palau,2008,,,,0,0
PLW,Palau,2009,,,,0,0
PLW,Palau,2010,,,,0,0
PLW,Palau,2011,,,,0,0
PLW,Palau,2012,,,,0,0
PLW,Palau,2013,,,,0,0
PLW,Palau,2014,,,,0,0
PLW,Palau,2015,,,,0,0
PLW,Palau,2016,,,,0,0
PLW,Palau,2017,,,,0,0
PLW,Palau,2018,,,,0,0
PLW,Palau,2019,,,,0,0
PLW,Palau,2020,,,,0,0
PLW,Palau,2021,,,,0,0
PLW,Palau,2022,,,,0,0
PLW,Palau,2023,,,,0,0
PAN,Panama,1960,,,,0,0
PAN,Panama,1961,,,,0,0
PAN,Panama,1962,,,,0,0
PAN,Panama,1963,,,,0,0
PAN,Panama,1964,,,,0,0
PAN,Panama,1965,,,,0,0
PAN,Panama,1966,,,,0,0
PAN,Panama,1967,,,,0,0
PAN,Panama,1968,,,,0,0
PAN,Panama,1969,,,,0,0
PAN,Panama,1970,15.0,,,1,0
PAN,Panama,1971,,,,0,0
PAN,Panama,1972,,,,0,0
PAN,Panama,1973,,,,0,0
PAN,Panama,1974,,,,0,0
PAN,Panama,1975,,,,0,0
PAN,Panama,1976,,,,0,0
PAN,Panama,1977,,,,0,0
PAN,Panama,1978,,,,0,0
PAN,Panama,1979,,,,0,0
PAN,Panama,1980,0.8,0.8,,1,1
PAN,Panama,1981,0.1,0.1,,1,1
PAN,Panama,1982,1.5,1.5,,1,1
PAN,Panama,1983,218.7,1.7,,1,1
PAN,Panama,1984,218.25,1.2,,1,1
PAN,Panama,1985,603.2,3.0,,1,1
PAN,Panama,1986,662.7,12.2,,1,1
PAN,Panama,1987,3072.91,,,1,0
PAN,Panama,1988,3531.86,,,1,0
PAN,Panama,1989,3860.92,,,1,0
PAN,Panama,1990,4898.9,,,1,0
PAN,Panama,1991,4988.97,,,1,0
PAN,Panama,1992,4424.7,,,1,0
PAN,Panama,1993,4406.08,,,1,0
PAN,Panama,1994,4663.97,,,1,0
PAN,Panama,1995,4084.52,,,1,0
PAN,Panama,1996,4588.04,,,1,0
PAN,Panama,1997,1499.91,212.2,,1,1
PAN,Panama,1998,265.76,127.8,,1,1
PAN,Panama,1999,160.16,1.9,,1,1
PAN,Panama,2000,598.4,1.9,,1,1
PAN,Panama,2001,365.55,1.6,,1,1
PAN,Panama,2002,534.21,,,1,0
PAN,Panama,2003,176.36,,,1,0
PAN,Panama,2004,16.31,,,1,0
PAN,Panama,2005,,,,0,0
PAN,Panama,2006,202.93,,,1,0
PAN,Panama,2007,0.01,,,1,0
PAN,Panama,2008,28.0,,,1,0
PAN,Panama,2009,,,,0,0
PAN,Panama,2010,,,,0,0
PAN,Panama,2011,,,,0,0
PAN,Panama,2012,,,,0,0
PAN,Panama,2013,,,,0,0
PAN,Panama,2014,,,,0,0
PAN,Panama,2015,,,,0,0
PAN,Panama,2016,,,,0,0
PAN,Panama,2017,,,,0,0
PAN,Panama,2018,,,,0,0
PAN,Panama,2019,,,,0,0
PAN,Panama,2020,,,,0,0
PAN,Panama,2021,,,,0,0
PAN,Panama,2022,,,,0,0
PAN,Panama,2023,,,,0,0
PNG,Papua New Guinea,1960,,,,0,0
PNG,Papua New Guinea,1961,,,,0,0
PNG,Papua New Guinea,1962,,,,0,0
PNG,Papua New Guinea,1963,,,,0,0
PNG,Papua New Guinea,1964,,,,0,0
PNG,Papua New Guinea,1965,,,,0,0
PNG,Papua New Guinea,1966,,,,0,0
PNG,Papua New Guinea,1967,,,,0,0
PNG,Papua New Guinea,1968,,,,0,0
PNG,Papua New Guinea,1969,,,,0,0
PNG,Papua New Guinea,1970,,,,0,0
PNG,Papua New Guinea,1971,,,,0,0
PNG,Papua New Guinea,1972,,,,0,0
PNG,Papua New Guinea,1973,,,,0,0
PNG,Papua New Guinea,1974,,,,0,0
PNG,Papua New Guinea,1975,,,,0,0
PNG,Papua New Guinea,1976,,,,0,0
PNG,Papua New Guinea,1977,,,,0,0
PNG,Papua New Guinea,1978,,,,0,0
PNG,Papua New Guinea,1979,,,,0,0
PNG,Papua New Guinea,1980,,,,0,0
PNG,Papua New Guinea,1981,,,,0,0
PNG,Papua New Guinea,1982,,,,0,0
PNG,Papua New Guinea,1983,,,,0,0
PNG,Papua New Guinea,1984,,,,0,0
PNG,Papua New Guinea,1985,,,,0,0
PNG,Papua New Guinea,1986,,,,0,0
PNG,Papua New Guinea,1987,,,,0,0
PNG,Papua New Guinea,1988,,,,0,0
PNG,Papua New Guinea,1989,,,,0,0
PNG,Papua New Guinea,1990,,,,0,0
PNG,Papua New Guinea,1991,,,,0,0
PNG,Papua New Guinea,1992,,,,0,0
PNG,Papua New Guinea,1993,,,,0,0
PNG,Papua New Guinea,1994,,,,0,0
PNG,Papua New Guinea,1995,,,,0,0
PNG,Papua New Guinea,1996,9.45,,,1,0
PNG,Papua New Guinea,1997,,,,0,0
PNG,Papua New Guinea,1998,0.21,,,1,0
PNG,Papua New Guinea,1999,,,,0,0
PNG,Papua New Guinea,2000,,,,0,0
PNG,Papua New Guinea,2001,,,,0,0
PNG,Papua New Guinea,2002,1.12,,,1,0
PNG,Papua New Guinea,2003,,,,0,0
PNG,Papua New Guinea,2004,,,,0,0
PNG,Papua New Guinea,2005,,,,0,0
PNG,Papua New Guinea,2006,,,,0,0
PNG,Papua New Guinea,2007,,,,0,0
PNG,Papua New Guinea,2008,12.0,,12.0,1,0
PNG,Papua New Guinea,2009,,,,0,0
PNG,Papua New Guinea,2010,,,,0,0
PNG,Papua New Guinea,2011,,,,0,0
PNG,Papua New Guinea,2012,,,,0,0
PNG,Papua New Guinea,2013,0.46,0.16,,1,1
PNG,Papua New Guinea,2014,0.74,,0.65,1,0
PNG,Papua New Guinea,2015,1.81,,1.81,1,0
PNG,Papua New Guinea,2016,2.85,,2.81,1,0
PNG,Papua New Guinea,2017,4.44,,4.19,1,0
PNG,Papua New Guinea,2018,5.15,,5.12,1,0
PNG,Papua New Guinea,2019,6.6,,6.13,1,0
PNG,Papua New Guinea,2020,14.45,,7.46,1,0
PNG,Papua New Guinea,2021,54.25,,36.12,1,0
PNG,Papua New Guinea,2022,1.34,,1.34,1,0
PNG,Papua New Guinea,2023,,,,0,0
PRY,Paraguay,1960,,,,0,0
PRY,Paraguay,1961,,,,0,0
PRY,Paraguay,1962,,,,0,0
PRY,Paraguay,1963,,,,0,0
PRY,Paraguay,1964,,,,0,0
PRY,Paraguay,1965,,,,0,0
PRY,Paraguay,1966,,,,0,0
PRY,Paraguay,1967,,,,0,0
PRY,Paraguay,1968,,,,0,0
PRY,Paraguay,1969,,,,0,0
PRY,Paraguay,1970,1.53,1.53,,1,1
PRY,Paraguay,1971,1.6,1.6,,1,1
PRY,Paraguay,1972,1.92,1.92,,1,1
PRY,Paraguay,1973,1.76,1.76,,1,1
PRY,Paraguay,1974,1.72,1.72,,1,1
PRY,Paraguay,1975,1.7,1.7,,1,1
PRY,Paraguay,1976,1.8,1.8,,1,1
PRY,Paraguay,1977,2.27,2.27,,1,1
PRY,Paraguay,1978,4.74,4.14,,1,1
PRY,Paraguay,1979,3.34,2.92,,1,1
PRY,Paraguay,1980,1.85,1.42,,1,1
PRY,Paraguay,1981,1.32,0.89,,1,1
PRY,Paraguay,1982,6.63,5.78,,1,1
PRY,Paraguay,1983,15.98,14.88,,1,1
PRY,Paraguay,1984,26.92,25.33,,1,1
PRY,Paraguay,1985,64.28,43.23,,1,1
PRY,Paraguay,1986,468.64,,,1,0
PRY,Paraguay,1987,482.5,,,1,0
PRY,Paraguay,1988,512.82,,,1,0
PRY,Paraguay,1989,1110.45,,,1,0
PRY,Paraguay,1990,1130.4,,0.0,1,0
PRY,Paraguay,1991,489.98,44.0,,1,1
PRY,Paraguay,1992,346.26,,0.2,1,0
PRY,Paraguay,1993,125.66,55.0,0.19,1,1
PRY,Paraguay,1994,105.48,70.32,,1,1
PRY,Paraguay,1995,67.35,47.29,,1,1
PRY,Paraguay,1996,63.25,42.95,0.49,1,1
PRY,Paraguay,1997,71.57,41.42,1.09,1,1
PRY,Paraguay,1998,77.28,41.2,1.59,1,1
PRY,Paraguay,1999,65.59,32.26,0.0,1,1
PRY,Paraguay,2000,66.23,31.2,2.51,1,1
PRY,Paraguay,2001,51.55,31.77,0.01,1,1
PRY,Paraguay,2002,203.53,32.03,0.01,1,1
PRY,Paraguay,2003,359.98,26.83,0.56,1,1
PRY,Paraguay,2004,285.19,7.62,,1,1
PRY,Paraguay,2005,145.6,7.14,,1,1
PRY,Paraguay,2006,7.85,7.14,,1,1
PRY,Paraguay,2007,7.85,7.14,,1,1
PRY,Paraguay,2008,8.71,7.16,,1,1
PRY,Paraguay,2009,7.18,7.18,,1,1
PRY,Paraguay,2010,7.23,7.23,,1,1
PRY,Paraguay,2011,7.16,7.16,,1,1
PRY,Paraguay,2012,7.16,7.16,,1,1
PRY,Paraguay,2013,7.15,7.15,,1,1
PRY,Paraguay,2014,0.04,0.04,,1,1
PRY,Paraguay,2015,0.03,0.03,,1,1
PRY,Paraguay,2016,0.04,0.04,,1,1
PRY,Paraguay,2017,0.59,0.04,,1,1
PRY,Paraguay,2018,0.04,0.04,,1,1
PRY,Paraguay,2019,0.04,0.04,,1,1
PRY,Paraguay,2020,0.04,0.04,,1,1
PRY,Paraguay,2021,0.03,0.03,,1,1
PRY,Paraguay,2022,0.03,0.03,,1,1
PRY,Paraguay,2023,0.03,0.03,,1,1
PER,Peru,1960,,,,0,0
PER,Peru,1961,,,,0,0
PER,Peru,1962,,,,0,0
PER,Peru,1963,,,,0,0
PER,Peru,1964,,,,0,0
PER,Peru,1965,,,,0,0
PER,Peru,1966,,,,0,0
PER,Peru,1967,,,,0,0
PER,Peru,1968,248.0,75.0,,1,1
PER,Peru,1969,100.0,,,1,0
PER,Peru,1970,346.8,,,1,0
PER,Peru,1971,,,,0,0
PER,Peru,1972,,,,0,0
PER,Peru,1973,,,,0,0
PER,Peru,1974,,,,0,0
PER,Peru,1975,,,,0,0
PER,Peru,1976,387.0,,,1,0
PER,Peru,1977,,,,0,0
PER,Peru,1978,864.0,,,1,0
PER,Peru,1979,1189.0,,,1,0
PER,Peru,1980,386.01,0.01,,1,1
PER,Peru,1981,33.93,2.43,,1,1
PER,Peru,1982,88.31,8.67,,1,1
PER,Peru,1983,2788.24,,0.08,1,0
PER,Peru,1984,3144.01,,0.18,1,0
PER,Peru,1985,4685.83,,0.34,1,0
PER,Peru,1986,7594.88,,0.68,1,0
PER,Peru,1987,9564.92,,1.89,1,0
PER,Peru,1988,10564.76,,3.48,1,0
PER,Peru,1989,12315.68,116.0,4.67,1,1
PER,Peru,1990,13385.91,369.0,7.2,1,1
PER,Peru,1991,16014.73,763.0,8.73,1,1
PER,Peru,1992,10953.55,,5.07,1,0
PER,Peru,1993,12415.16,,6.41,1,0
PER,Peru,1994,11652.11,,7.67,1,0
PER,Peru,1995,14234.73,,9.81,1,0
PER,Peru,1996,17878.04,,11.14,1,0
PER,Peru,1997,11589.39,,13.95,1,0
PER,Peru,1998,1068.93,35.78,11.08,1,1
PER,Peru,1999,597.54,11.52,7.24,1,1
PER,Peru,2000,615.78,11.18,6.71,1,1
PER,Peru,2001,1841.57,16.03,4.74,1,1
PER,Peru,2002,656.09,19.01,0.19,1,1
PER,Peru,2003,644.85,11.88,6.41,1,1
PER,Peru,2004,667.95,12.32,7.67,1,1
PER,Peru,2005,666.89,11.05,9.81,1,1
PER,Peru,2006,713.46,1.86,11.14,1,1
PER,Peru,2007,3063.62,1.86,13.95,1,1
PER,Peru,2008,1560.69,1.86,11.08,1,1
PER,Peru,2009,593.74,1.86,7.24,1,1
PER,Peru,2010,2426.0,1.86,6.71,1,1
PER,Peru,2011,585.27,,4.74,1,0
PER,Peru,2012,558.41,,0.19,1,0
PER,Peru,2013,547.36,,,1,0
PER,Peru,2014,1040.75,,,1,0
PER,Peru,2015,900.89,,,1,0
PER,Peru,2016,1164.69,,,1,0
PER,Peru,2017,558.0,,,1,0
PER,Peru,2018,62.0,,,1,0
PER,Peru,2019,66.0,,,1,0
PER,Peru,2020,71.0,,,1,0
PER,Peru,2021,76.0,,,1,0
PER,Peru,2022,89.43,,,1,0
PER,Peru,2023,20.0,,,1,0
PHL,Philippines,1960,,,,0,0
PHL,Philippines,1961,,,,0,0
PHL,Philippines,1962,,,,0,0
PHL,Philippines,1963,,,,0,0
PHL,Philippines,1964,,,,0,0
PHL,Philippines,1965,,,,0,0
PHL,Philippines,1966,,,,0,0
PHL,Philippines,1967,,,,0,0
PHL,Philippines,1968,,,,0,0
PHL,Philippines,1969,,,,0,0
PHL,Philippines,1970,274.9,,,1,0
PHL,Philippines,1971,,,,0,0
PHL,Philippines,1972,,,,0,0
PHL,Philippines,1973,,,,0,0
PHL,Philippines,1974,,,,0,0
PHL,Philippines,1975,,,,0,0
PHL,Philippines,1976,0.12,0.12,,1,1
PHL,Philippines,1977,0.14,0.14,,1,1
PHL,Philippines,1978,0.18,0.18,,1,1
PHL,Philippines,1979,0.55,0.55,,1,1
PHL,Philippines,1980,0.49,0.49,,1,1
PHL,Philippines,1981,0.48,0.48,,1,1
PHL,Philippines,1982,0.72,0.72,,1,1
PHL,Philippines,1983,4259.18,,,1,0
PHL,Philippines,1984,5870.58,,,1,0
PHL,Philippines,1985,5568.06,,0.68,1,0
PHL,Philippines,1986,10821.05,,1.83,1,0
PHL,Philippines,1987,12854.3,,3.28,1,0
PHL,Philippines,1988,3098.96,,4.62,1,0
PHL,Philippines,1989,6499.39,,5.95,1,0
PHL,Philippines,1990,14073.75,,7.41,1,0
PHL,Philippines,1991,12434.84,,5.92,1,0
PHL,Philippines,1992,8353.63,,,1,0
PHL,Philippines,1993,281.13,28.19,,1,1
PHL,Philippines,1994,585.0,,,1,0
PHL,Philippines,1995,,,,0,0
PHL,Philippines,1996,1.84,,,1,0
PHL,Philippines,1997,0.13,0.13,,1,1
PHL,Philippines,1998,0.6,0.05,,1,1
PHL,Philippines,1999,,,,0,0
PHL,Philippines,2000,,,,0,0
PHL,Philippines,2001,,,,0,0
PHL,Philippines,2002,,,,0,0
PHL,Philippines,2003,,,,0,0
PHL,Philippines,2004,,,,0,0
PHL,Philippines,2005,,,,0,0
PHL,Philippines,2006,1.84,,,1,0
PHL,Philippines,2007,,,,0,0
PHL,Philippines,2008,0.54,,,1,0
PHL,Philippines,2009,,,,0,0
PHL,Philippines,2010,,,,0,0
PHL,Philippines,2011,,,,0,0
PHL,Philippines,2012,,,,0,0
PHL,Philippines,2013,,,,0,0
PHL,Philippines,2014,,,,0,0
PHL,Philippines,2015,,,,0,0
PHL,Philippines,2016,,,,0,0
PHL,Philippines,2017,,,,0,0
PHL,Philippines,2018,,,,0,0
PHL,Philippines,2019,,,,0,0
PHL,Philippines,2020,,,,0,0
PHL,Philippines,2021,,,,0,0
PHL,Philippines,2022,,,,0,0
PHL,Philippines,2023,,,,0,0
POL,Poland,1960,88.97,,,1,0
POL,Poland,1961,90.97,,,1,0
POL,Poland,1962,92.96,,,1,0
POL,Poland,1963,94.96,,,1,0
POL,Poland,1964,96.95,,,1,0
POL,Poland,1965,98.95,,,1,0
POL,Poland,1966,100.95,,,1,0
POL,Poland,1967,102.94,,,1,0
POL,Poland,1968,104.94,,,1,0
POL,Poland,1969,106.93,,,1,0
POL,Poland,1970,108.93,,,1,0
POL,Poland,1971,110.93,,,1,0
POL,Poland,1972,112.92,,,1,0
POL,Poland,1973,114.92,,,1,0
POL,Poland,1974,116.91,,,1,0
POL,Poland,1975,118.91,,,1,0
POL,Poland,1976,7.05,,,1,0
POL,Poland,1977,,,,0,0
POL,Poland,1978,,,,0,0
POL,Poland,1979,,,,0,0
POL,Poland,1980,,,,0,0
POL,Poland,1981,3863.58,,,1,0
POL,Poland,1982,1956.0,,,1,0
POL,Poland,1983,2225.0,,,1,0
POL,Poland,1984,1390.0,,,1,0
POL,Poland,1985,13050.0,,,1,0
POL,Poland,1986,6993.4,,,1,0
POL,Poland,1987,24730.5,,,1,0
POL,Poland,1988,13090.8,3354.0,,1,1
POL,Poland,1989,10933.7,200.0,,1,1
POL,Poland,1990,21380.5,,,1,0
POL,Poland,1991,48597.6,,,1,0
POL,Poland,1992,16190.0,,,1,0
POL,Poland,1993,13360.3,,,1,0
POL,Poland,1994,14254.6,7.0,,1,1
POL,Poland,1995,760.8,5.2,,1,1
POL,Poland,1996,29.2,4.0,,1,1
POL,Poland,1997,29.0,3.8,,1,1
POL,Poland,1998,2.8,2.8,,1,1
POL,Poland,1999,96.0,96.0,,1,1
POL,Poland,2000,120.8,120.8,,1,1
POL,Poland,2001,2.9,2.9,,1,1
POL,Poland,2002,2.2,2.2,,1,1
POL,Poland,2003,,,,0,0
POL,Poland,2004,,,,0,0
POL,Poland,2005,,,,0,0
POL,Poland,2006,,,,0,0
POL,Poland,2007,,,,0,0
POL,Poland,2008,,,,0,0
POL,Poland,2009,,,,0,0
POL,Poland,2010,,,,0,0
POL,Poland,2011,,,,0,0
POL,Poland,2012,,,,0,0
POL,Poland,2013,,,,0,0
POL,Poland,2014,,,,0,0
POL,Poland,2015,,,,0,0
POL,Poland,2016,,,,0,0
POL,Poland,2017,,,,0,0
POL,Poland,2018,,,,0,0
POL,Poland,2019,,,,0,0
POL,Poland,2020,,,,0,0
POL,Poland,2021,,,,0,0
POL,Poland,2022,,,,0,0
POL,Poland,2023,,,,0,0
COG,Republic of Congo (Brazzaville),1960,,,,0,0
COG,Republic of Congo (Brazzaville),1961,,,,0,0
COG,Republic of Congo (Brazzaville),1962,,,,0,0
COG,Republic of Congo (Brazzaville),1963,,,,0,0
COG,Republic of Congo (Brazzaville),1964,,,,0,0
COG,Republic of Congo (Brazzaville),1965,,,,0,0
COG,Republic of Congo (Brazzaville),1966,,,,0,0
COG,Republic of Congo (Brazzaville),1967,,,,0,0
COG,Republic of Congo (Brazzaville),1968,,,,0,0
COG,Republic of Congo (Brazzaville),1969,,,,0,0
COG,Republic of Congo (Brazzaville),1970,1.55,0.99,,1,1
COG,Republic of Congo (Brazzaville),1971,3.94,2.66,,1,1
COG,Republic of Congo (Brazzaville),1972,7.57,4.86,,1,1
COG,Republic of Congo (Brazzaville),1973,12.5,8.15,,1,1
COG,Republic of Congo (Brazzaville),1974,14.66,8.67,,1,1
COG,Republic of Congo (Brazzaville),1975,17.59,9.62,,1,1
COG,Republic of Congo (Brazzaville),1976,27.1,13.09,,1,1
COG,Republic of Congo (Brazzaville),1977,40.8,16.79,,1,1
COG,Republic of Congo (Brazzaville),1978,49.96,21.06,,1,1
COG,Republic of Congo (Brazzaville),1979,25.61,10.11,,1,1
COG,Republic of Congo (Brazzaville),1980,14.27,6.75,,1,1
COG,Republic of Congo (Brazzaville),1981,13.01,1.66,,1,1
COG,Republic of Congo (Brazzaville),1982,34.58,19.73,,1,1
COG,Republic of Congo (Brazzaville),1983,53.62,26.67,1.29,1,1
COG,Republic of Congo (Brazzaville),1984,78.89,38.68,1.83,1,1
COG,Republic of Congo (Brazzaville),1985,171.32,99.72,6.8,1,1
COG,Republic of Congo (Brazzaville),1986,870.73,140.56,2.76,1,1
COG,Republic of Congo (Brazzaville),1987,371.21,268.33,3.44,1,1
COG,Republic of Congo (Brazzaville),1988,661.8,436.75,11.41,1,1
COG,Republic of Congo (Brazzaville),1989,2287.15,659.78,19.75,1,1
COG,Republic of Congo (Brazzaville),1990,2823.26,950.07,18.3,1,1
COG,Republic of Congo (Brazzaville),1991,2613.31,665.1,17.81,1,1
COG,Republic of Congo (Brazzaville),1992,3385.5,673.66,8.12,1,1
COG,Republic of Congo (Brazzaville),1993,3386.24,683.36,8.95,1,1
COG,Republic of Congo (Brazzaville),1994,2227.38,671.82,6.57,1,1
COG,Republic of Congo (Brazzaville),1995,2191.02,540.52,8.89,1,1
COG,Republic of Congo (Brazzaville),1996,2729.95,627.94,12.01,1,1
COG,Republic of Congo (Brazzaville),1997,1956.95,694.76,14.87,1,1
COG,Republic of Congo (Brazzaville),1998,3137.82,1835.14,18.18,1,1
COG,Republic of Congo (Brazzaville),1999,2147.26,886.1,20.77,1,1
COG,Republic of Congo (Brazzaville),2000,2132.69,927.61,23.29,1,1
COG,Republic of Congo (Brazzaville),2001,2085.08,974.77,75.0,1,1
COG,Republic of Congo (Brazzaville),2002,2166.57,1044.56,28.17,1,1
COG,Republic of Congo (Brazzaville),2003,2677.88,1129.97,28.88,1,1
COG,Republic of Congo (Brazzaville),2004,6311.13,2931.13,32.0,1,1
COG,Republic of Congo (Brazzaville),2005,4049.03,2783.49,34.16,1,1
COG,Republic of Congo (Brazzaville),2006,3576.92,2832.2,36.85,1,1
COG,Republic of Congo (Brazzaville),2007,5019.35,1119.66,64.0,1,1
COG,Republic of Congo (Brazzaville),2008,2329.14,810.77,20.61,1,1
COG,Republic of Congo (Brazzaville),2009,976.11,176.08,21.98,1,1
COG,Republic of Congo (Brazzaville),2010,2619.77,109.89,35.88,1,1
COG,Republic of Congo (Brazzaville),2011,282.8,106.99,,1,1
COG,Republic of Congo (Brazzaville),2012,239.83,108.57,,1,1
COG,Republic of Congo (Brazzaville),2013,265.35,113.41,,1,1
COG,Republic of Congo (Brazzaville),2014,260.78,100.0,,1,1
COG,Republic of Congo (Brazzaville),2015,252.06,83.2,,1,1
COG,Republic of Congo (Brazzaville),2016,688.37,79.61,64.36,1,1
COG,Republic of Congo (Brazzaville),2017,747.28,,135.95,1,0
COG,Republic of Congo (Brazzaville),2018,588.81,18.81,465.0,1,1
COG,Republic of Congo (Brazzaville),2019,1819.0,17.8,1632.0,1,1
COG,Republic of Congo (Brazzaville),2020,2472.66,1233.0,1155.66,1,1
COG,Republic of Congo (Brazzaville),2021,2043.0,19.0,1964.0,1,1
COG,Republic of Congo (Brazzaville),2022,648.22,364.0,49.8,1,1
COG,Republic of Congo (Brazzaville),2023,570.0,372.0,,1,1
ROU,Romania,1960,272.76,,,1,0
ROU,Romania,1961,279.62,,,1,0
ROU,Romania,1962,286.49,,,1,0
ROU,Romania,1963,293.35,,,1,0
ROU,Romania,1964,300.22,,,1,0
ROU,Romania,1965,307.08,,,1,0
ROU,Romania,1966,313.95,,,1,0
ROU,Romania,1967,309.66,,,1,0
ROU,Romania,1968,316.32,,,1,0
ROU,Romania,1969,322.99,,,1,0
ROU,Romania,1970,329.37,,,1,0
ROU,Romania,1971,340.21,,,1,0
ROU,Romania,1972,341.17,,,1,0
ROU,Romania,1973,347.19,,,1,0
ROU,Romania,1974,354.14,,,1,0
ROU,Romania,1975,350.9,,,1,0
ROU,Romania,1976,54.33,,,1,0
ROU,Romania,1977,,,,0,0
ROU,Romania,1978,,,,0,0
ROU,Romania,1979,,,,0,0
ROU,Romania,1980,95.0,,,1,0
ROU,Romania,1981,1359.1,,,1,0
ROU,Romania,1982,2021.5,,,1,0
ROU,Romania,1983,693.0,,,1,0
ROU,Romania,1984,,,,0,0
ROU,Romania,1985,,,,0,0
ROU,Romania,1986,1839.79,,,1,0
ROU,Romania,1987,177.0,,,1,0
ROU,Romania,1988,,,,0,0
ROU,Romania,1989,,,,0,0
ROU,Romania,1990,,,,0,0
ROU,Romania,1991,,,,0,0
ROU,Romania,1992,,,,0,0
ROU,Romania,1993,,,,0,0
ROU,Romania,1994,,,,0,0
ROU,Romania,1995,,,,0,0
ROU,Romania,1996,,,,0,0
ROU,Romania,1997,0.2,,,1,0
ROU,Romania,1998,65.2,64.99,,1,1
ROU,Romania,1999,66.24,61.79,,1,1
ROU,Romania,2000,148.59,23.59,,1,1
ROU,Romania,2001,149.3,29.3,,1,1
ROU,Romania,2002,123.92,36.41,,1,1
ROU,Romania,2003,39.27,29.93,,1,1
ROU,Romania,2004,73.29,42.69,,1,1
ROU,Romania,2005,269.8,39.73,,1,1
ROU,Romania,2006,264.27,36.45,,1,1
ROU,Romania,2007,261.19,33.72,,1,1
ROU,Romania,2008,18.33,11.81,,1,1
ROU,Romania,2009,39.4,0.44,,1,1
ROU,Romania,2010,39.31,0.35,,1,1
ROU,Romania,2011,39.3,0.34,,1,1
ROU,Romania,2012,1.25,,,1,0
ROU,Romania,2013,1.19,,,1,0
ROU,Romania,2014,1.87,,,1,0
ROU,Romania,2015,1.8,,,1,0
ROU,Romania,2016,1.78,,,1,0
ROU,Romania,2017,1.86,,,1,0
ROU,Romania,2018,4.9,,,1,0
ROU,Romania,2019,4.71,,,1,0
ROU,Romania,2020,4.71,,,1,0
ROU,Romania,2021,,,,0,0
ROU,Romania,2022,,,,0,0
ROU,Romania,2023,,,,0,0
RWA,Rwanda,1960,,,,0,0
RWA,Rwanda,1961,,,,0,0
RWA,Rwanda,1962,,,,0,0
RWA,Rwanda,1963,,,,0,0
RWA,Rwanda,1964,,,,0,0
RWA,Rwanda,1965,,,,0,0
RWA,Rwanda,1966,,,,0,0
RWA,Rwanda,1967,,,,0,0
RWA,Rwanda,1968,,,,0,0
RWA,Rwanda,1969,,,,0,0
RWA,Rwanda,1970,,,,0,0
RWA,Rwanda,1971,,,,0,0
RWA,Rwanda,1972,,,,0,0
RWA,Rwanda,1973,,,,0,0
RWA,Rwanda,1974,,,,0,0
RWA,Rwanda,1975,,,,0,0
RWA,Rwanda,1976,0.05,,,1,0
RWA,Rwanda,1977,0.0,,,0,0
RWA,Rwanda,1978,,,,0,0
RWA,Rwanda,1979,0.01,,,1,0
RWA,Rwanda,1980,0.02,,,1,0
RWA,Rwanda,1981,,,,0,0
RWA,Rwanda,1982,,,,0,0
RWA,Rwanda,1983,,,,0,0
RWA,Rwanda,1984,0.48,,,1,0
RWA,Rwanda,1985,,,,0,0
RWA,Rwanda,1986,0.62,,,1,0
RWA,Rwanda,1987,3.33,,0.84,1,0
RWA,Rwanda,1988,7.22,,1.68,1,0
RWA,Rwanda,1989,85.6,,0.26,1,0
RWA,Rwanda,1990,21.89,,0.88,1,0
RWA,Rwanda,1991,13.24,,1.11,1,0
RWA,Rwanda,1992,21.37,,1.67,1,0
RWA,Rwanda,1993,34.29,0.97,2.27,1,1
RWA,Rwanda,1994,56.46,1.72,1.95,1,1
RWA,Rwanda,1995,141.68,1.85,3.1,1,1
RWA,Rwanda,1996,75.82,1.71,4.17,1,1
RWA,Rwanda,1997,96.58,1.48,5.26,1,1
RWA,Rwanda,1998,164.74,1.58,6.21,1,1
RWA,Rwanda,1999,87.63,1.36,7.31,1,1
RWA,Rwanda,2000,93.53,1.26,7.98,1,1
RWA,Rwanda,2001,109.06,1.19,16.0,1,1
RWA,Rwanda,2002,115.82,1.42,8.81,1,1
RWA,Rwanda,2003,121.78,1.71,8.81,1,1
RWA,Rwanda,2004,132.12,1.84,8.81,1,1
RWA,Rwanda,2005,201.22,,9.04,1,0
RWA,Rwanda,2006,1294.57,,9.34,1,0
RWA,Rwanda,2007,234.18,,160.0,1,0
RWA,Rwanda,2008,33.78,,18.61,1,0
RWA,Rwanda,2009,6.57,,,1,0
RWA,Rwanda,2010,5.5,,,1,0
RWA,Rwanda,2011,5.39,,,1,0
RWA,Rwanda,2012,3.85,,,1,0
RWA,Rwanda,2013,4.47,,,1,0
RWA,Rwanda,2014,4.98,,,1,0
RWA,Rwanda,2015,4.52,,,1,0
RWA,Rwanda,2016,4.48,,,1,0
RWA,Rwanda,2017,1.52,,,1,0
RWA,Rwanda,2018,1.22,,,1,0
RWA,Rwanda,2019,1.18,,,1,0
RWA,Rwanda,2020,7.21,,6.0,1,0
RWA,Rwanda,2021,1.25,,,1,0
RWA,Rwanda,2022,7.93,,7.0,1,0
RWA,Rwanda,2023,1.2,,,1,0
WSM,Samoa,1960,,,,0,0
WSM,Samoa,1961,,,,0,0
WSM,Samoa,1962,,,,0,0
WSM,Samoa,1963,,,,0,0
WSM,Samoa,1964,,,,0,0
WSM,Samoa,1965,,,,0,0
WSM,Samoa,1966,,,,0,0
WSM,Samoa,1967,,,,0,0
WSM,Samoa,1968,,,,0,0
WSM,Samoa,1969,,,,0,0
WSM,Samoa,1970,,,,0,0
WSM,Samoa,1971,,,,0,0
WSM,Samoa,1972,,,,0,0
WSM,Samoa,1973,,,,0,0
WSM,Samoa,1974,0.35,0.35,,1,1
WSM,Samoa,1975,,,,0,0
WSM,Samoa,1976,,,,0,0
WSM,Samoa,1977,,,,0,0
WSM,Samoa,1978,,,,0,0
WSM,Samoa,1979,,,,0,0
WSM,Samoa,1980,,,,0,0
WSM,Samoa,1981,0.66,,,1,0
WSM,Samoa,1982,2.17,,,1,0
WSM,Samoa,1983,2.76,,,1,0
WSM,Samoa,1984,1.56,,,1,0
WSM,Samoa,1985,1.69,,,1,0
WSM,Samoa,1986,,,,0,0
WSM,Samoa,1987,,,,0,0
WSM,Samoa,1988,0.05,,,1,0
WSM,Samoa,1989,0.15,,,1,0
WSM,Samoa,1990,,,,0,0
WSM,Samoa,1991,0.01,,,1,0
WSM,Samoa,1992,,,,0,0
WSM,Samoa,1993,0.3,0.02,,1,1
WSM,Samoa,1994,,,,0,0
WSM,Samoa,1995,,,,0,0
WSM,Samoa,1996,0.0,,,0,0
WSM,Samoa,1997,0.02,,,1,0
WSM,Samoa,1998,,,,0,0
WSM,Samoa,1999,,,,0,0
WSM,Samoa,2000,,,,0,0
WSM,Samoa,2001,0.02,,,1,0
WSM,Samoa,2002,0.06,,,1,0
WSM,Samoa,2003,,,,0,0
WSM,Samoa,2004,,,,0,0
WSM,Samoa,2005,,,,0,0
WSM,Samoa,2006,12.15,,12.15,1,0
WSM,Samoa,2007,19.0,,,1,0
WSM,Samoa,2008,,,,0,0
WSM,Samoa,2009,0.01,,,1,0
WSM,Samoa,2010,,,,0,0
WSM,Samoa,2011,,,,0,0
WSM,Samoa,2012,0.0,,,0,0
WSM,Samoa,2013,,,,0,0
WSM,Samoa,2014,,,,0,0
WSM,Samoa,2015,,,,0,0
WSM,Samoa,2016,,,,0,0
WSM,Samoa,2017,,,,0,0
WSM,Samoa,2018,,,,0,0
WSM,Samoa,2019,,,,0,0
WSM,Samoa,2020,9.71,,7.71,1,0
WSM,Samoa,2021,18.44,,16.44,1,0
WSM,Samoa,2022,,,,0,0
WSM,Samoa,2023,,,,0,0
SEN,Senegal,1960,,,,0,0
SEN,Senegal,1961,,,,0,0
SEN,Senegal,1962,,,,0,0
SEN,Senegal,1963,,,,0,0
SEN,Senegal,1964,,,,0,0
SEN,Senegal,1965,,,,0,0
SEN,Senegal,1966,,,,0,0
SEN,Senegal,1967,,,,0,0
SEN,Senegal,1968,,,,0,0
SEN,Senegal,1969,,,,0,0
SEN,Senegal,1970,,,,0,0
SEN,Senegal,1971,0.24,0.01,,1,1
SEN,Senegal,1972,0.01,,,1,0
SEN,Senegal,1973,0.21,0.19,,1,1
SEN,Senegal,1974,0.12,0.11,,1,1
SEN,Senegal,1975,0.05,0.02,,1,1
SEN,Senegal,1976,,,,0,0
SEN,Senegal,1977,,,,0,0
SEN,Senegal,1978,,,,0,0
SEN,Senegal,1979,,,,0,0
SEN,Senegal,1980,,,,0,0
SEN,Senegal,1981,102.15,0.15,,1,1
SEN,Senegal,1982,152.16,0.16,,1,1
SEN,Senegal,1983,148.39,0.09,,1,1
SEN,Senegal,1984,106.37,9.83,,1,1
SEN,Senegal,1985,145.33,1.27,0.89,1,1
SEN,Senegal,1986,94.03,,1.59,1,0
SEN,Senegal,1987,80.03,2.26,1.66,1,1
SEN,Senegal,1988,5.03,,1.8,1,0
SEN,Senegal,1989,1060.06,17.06,2.2,1,1
SEN,Senegal,1990,161.8,17.8,,1,1
SEN,Senegal,1991,263.42,30.42,,1,1
SEN,Senegal,1992,207.95,,,1,0
SEN,Senegal,1993,363.66,31.0,,1,1
SEN,Senegal,1994,677.0,4.0,0.91,1,1
SEN,Senegal,1995,331.12,,0.12,1,0
SEN,Senegal,1996,240.99,1.23,,1,1
SEN,Senegal,1997,11.09,,,1,0
SEN,Senegal,1998,427.0,,,1,0
SEN,Senegal,1999,9.05,,,1,0
SEN,Senegal,2000,32.67,,,1,0
SEN,Senegal,2001,40.23,,,1,0
SEN,Senegal,2002,44.84,,,1,0
SEN,Senegal,2003,41.82,,,1,0
SEN,Senegal,2004,463.0,,,1,0
SEN,Senegal,2005,56.09,,,1,0
SEN,Senegal,2006,2506.41,,21.0,1,0
SEN,Senegal,2007,161.6,,6.0,1,0
SEN,Senegal,2008,7.53,,,1,0
SEN,Senegal,2009,4.57,,,1,0
SEN,Senegal,2010,26.83,,,1,0
SEN,Senegal,2011,214.76,,57.04,1,0
SEN,Senegal,2012,,,,0,0
SEN,Senegal,2013,0.31,,,1,0
SEN,Senegal,2014,,,,0,0
SEN,Senegal,2015,1.12,,,1,0
SEN,Senegal,2016,,,,0,0
SEN,Senegal,2017,,,,0,0
SEN,Senegal,2018,,,,0,0
SEN,Senegal,2019,,,,0,0
SEN,Senegal,2020,45.59,,,1,0
SEN,Senegal,2021,68.9,,,1,0
SEN,Senegal,2022,,,,0,0
SEN,Senegal,2023,,,,0,0
SRB,Serbia,1960,,,,0,0
SRB,Serbia,1961,,,,0,0
SRB,Serbia,1962,,,,0,0
SRB,Serbia,1963,,,,0,0
SRB,Serbia,1964,,,,0,0
SRB,Serbia,1965,,,,0,0
SRB,Serbia,1966,,,,0,0
SRB,Serbia,1967,,,,0,0
SRB,Serbia,1968,,,,0,0
SRB,Serbia,1969,,,,0,0
SRB,Serbia,1970,,,,0,0
SRB,Serbia,1971,,,,0,0
SRB,Serbia,1972,,,,0,0
SRB,Serbia,1973,,,,0,0
SRB,Serbia,1974,,,,0,0
SRB,Serbia,1975,,,,0,0
SRB,Serbia,1976,,,,0,0
SRB,Serbia,1977,,,,0,0
SRB,Serbia,1978,,,,0,0
SRB,Serbia,1979,,,,0,0
SRB,Serbia,1980,,,,0,0
SRB,Serbia,1981,,,,0,0
SRB,Serbia,1982,,,,0,0
SRB,Serbia,1983,,,,0,0
SRB,Serbia,1984,,,,0,0
SRB,Serbia,1985,,,,0,0
SRB,Serbia,1986,,,,0,0
SRB,Serbia,1987,,,,0,0
SRB,Serbia,1988,,,,0,0
SRB,Serbia,1989,,,,0,0
SRB,Serbia,1990,,,,0,0
SRB,Serbia,1991,,,,0,0
SRB,Serbia,1992,6996.48,,,1,0
SRB,Serbia,1993,3982.29,,,1,0
SRB,Serbia,1994,6438.49,1249.0,,1,1
SRB,Serbia,1995,7408.84,720.0,,1,1
SRB,Serbia,1996,6917.88,,,1,0
SRB,Serbia,1997,7231.49,,,1,0
SRB,Serbia,1998,9178.74,,,1,0
SRB,Serbia,1999,9811.98,30.0,,1,1
SRB,Serbia,2000,11058.1,350.87,,1,1
SRB,Serbia,2001,16761.32,260.86,,1,1
SRB,Serbia,2002,10373.82,417.86,36.16,1,1
SRB,Serbia,2003,4166.58,1070.51,81.54,1,1
SRB,Serbia,2004,3228.65,,130.33,1,0
SRB,Serbia,2005,1629.65,1038.08,169.09,1,1
SRB,Serbia,2006,1924.79,1130.64,184.63,1,1
SRB,Serbia,2007,3118.12,1761.35,191.67,1,1
SRB,Serbia,2008,198.72,,198.72,1,0
SRB,Serbia,2009,1013.77,,205.77,1,0
SRB,Serbia,2010,45.0,,,1,0
SRB,Serbia,2011,45.0,,,1,0
SRB,Serbia,2012,45.0,,,1,0
SRB,Serbia,2013,45.0,,,1,0
SRB,Serbia,2014,49.0,,,1,0
SRB,Serbia,2015,45.0,,,1,0
SRB,Serbia,2016,45.0,,,1,0
SRB,Serbia,2017,45.0,,,1,0
SRB,Serbia,2018,45.0,,,1,0
SRB,Serbia,2019,45.0,,,1,0
SRB,Serbia,2020,45.0,,,1,0
SRB,Serbia,2021,45.0,,,1,0
SRB,Serbia,2022,45.0,,,1,0
SRB,Serbia,2023,27.78,,,1,0
SYC,Seychelles,1960,,,,0,0
SYC,Seychelles,1961,,,,0,0
SYC,Seychelles,1962,,,,0,0
SYC,Seychelles,1963,,,,0,0
SYC,Seychelles,1964,,,,0,0
SYC,Seychelles,1965,,,,0,0
SYC,Seychelles,1966,,,,0,0
SYC,Seychelles,1967,,,,0,0
SYC,Seychelles,1968,,,,0,0
SYC,Seychelles,1969,,,,0,0
SYC,Seychelles,1970,,,,0,0
SYC,Seychelles,1971,,,,0,0
SYC,Seychelles,1972,,,,0,0
SYC,Seychelles,1973,,,,0,0
SYC,Seychelles,1974,,,,0,0
SYC,Seychelles,1975,,,,0,0
SYC,Seychelles,1976,,,,0,0
SYC,Seychelles,1977,,,,0,0
SYC,Seychelles,1978,,,,0,0
SYC,Seychelles,1979,,,,0,0
SYC,Seychelles,1980,,,,0,0
SYC,Seychelles,1981,,,,0,0
SYC,Seychelles,1982,,,,0,0
SYC,Seychelles,1983,,,,0,0
SYC,Seychelles,1984,0.8,,,1,0
SYC,Seychelles,1985,,,,0,0
SYC,Seychelles,1986,2.6,1.2,,1,1
SYC,Seychelles,1987,5.4,2.5,,1,1
SYC,Seychelles,1988,7.7,3.1,,1,1
SYC,Seychelles,1989,7.1,1.6,,1,1
SYC,Seychelles,1990,10.5,2.8,,1,1
SYC,Seychelles,1991,16.1,8.9,,1,1
SYC,Seychelles,1992,16.6,9.7,,1,1
SYC,Seychelles,1993,16.7,9.6,,1,1
SYC,Seychelles,1994,20.6,11.5,,1,1
SYC,Seychelles,1995,22.3,12.8,,1,1
SYC,Seychelles,1996,24.5,12.3,,1,1
SYC,Seychelles,1997,29.0,11.9,6.02,1,1
SYC,Seychelles,1998,26.7,10.4,10.63,1,1
SYC,Seychelles,1999,24.5,8.9,,1,1
SYC,Seychelles,2000,61.94,,6.04,1,0
SYC,Seychelles,2001,113.34,1.6,6.04,1,1
SYC,Seychelles,2002,132.4,3.5,,1,1
SYC,Seychelles,2003,131.34,7.1,6.04,1,1
SYC,Seychelles,2004,144.9,20.2,10.63,1,1
SYC,Seychelles,2005,172.6,26.6,,1,1
SYC,Seychelles,2006,155.24,23.4,6.04,1,1
SYC,Seychelles,2007,172.3,33.3,,1,1
SYC,Seychelles,2008,217.6,,,1,0
SYC,Seychelles,2009,483.0,,,1,0
SYC,Seychelles,2010,463.8,,,1,0
SYC,Seychelles,2011,76.4,32.4,6.0,1,1
SYC,Seychelles,2012,37.7,33.4,,1,1
SYC,Seychelles,2013,35.2,33.4,,1,1
SYC,Seychelles,2014,,,,0,0
SYC,Seychelles,2015,30.0,,,1,0
SYC,Seychelles,2016,,,,0,0
SYC,Seychelles,2017,,,,0,0
SYC,Seychelles,2018,6.0,,6.0,1,0
SYC,Seychelles,2019,,,,0,0
SYC,Seychelles,2020,,,,0,0
SYC,Seychelles,2021,,,,0,0
SYC,Seychelles,2022,,,,0,0
SYC,Seychelles,2023,,,,0,0
SLE,Sierra Leone,1960,,,,0,0
SLE,Sierra Leone,1961,,,,0,0
SLE,Sierra Leone,1962,,,,0,0
SLE,Sierra Leone,1963,,,,0,0
SLE,Sierra Leone,1964,,,,0,0
SLE,Sierra Leone,1965,,,,0,0
SLE,Sierra Leone,1966,,,,0,0
SLE,Sierra Leone,1967,,,,0,0
SLE,Sierra Leone,1968,,,,0,0
SLE,Sierra Leone,1969,,,,0,0
SLE,Sierra Leone,1970,0.03,0.03,,1,1
SLE,Sierra Leone,1971,0.08,0.08,,1,1
SLE,Sierra Leone,1972,0.09,0.09,,1,1
SLE,Sierra Leone,1973,0.09,0.09,,1,1
SLE,Sierra Leone,1974,0.82,0.66,,1,1
SLE,Sierra Leone,1975,5.35,5.04,,1,1
SLE,Sierra Leone,1976,18.69,17.8,,1,1
SLE,Sierra Leone,1977,65.52,12.93,,1,1
SLE,Sierra Leone,1978,25.92,2.18,,1,1
SLE,Sierra Leone,1979,40.32,14.86,,1,1
SLE,Sierra Leone,1980,60.9,16.4,,1,1
SLE,Sierra Leone,1981,129.44,,,1,0
SLE,Sierra Leone,1982,174.21,,,1,0
SLE,Sierra Leone,1983,55.7,25.05,,1,1
SLE,Sierra Leone,1984,59.0,,,1,0
SLE,Sierra Leone,1985,220.48,34.18,,1,1
SLE,Sierra Leone,1986,269.13,38.07,,1,1
SLE,Sierra Leone,1987,350.72,56.22,9.0,1,1
SLE,Sierra Leone,1988,468.03,66.93,9.0,1,1
SLE,Sierra Leone,1989,771.54,310.16,9.0,1,1
SLE,Sierra Leone,1990,886.14,345.92,9.0,1,1
SLE,Sierra Leone,1991,977.0,371.14,9.0,1,1
SLE,Sierra Leone,1992,1004.94,378.89,,1,1
SLE,Sierra Leone,1993,446.73,439.46,0.67,1,1
SLE,Sierra Leone,1994,715.7,317.11,0.83,1,1
SLE,Sierra Leone,1995,609.93,89.81,0.11,1,1
SLE,Sierra Leone,1996,144.86,89.86,1.95,1,1
SLE,Sierra Leone,1997,178.16,89.69,1.95,1,1
SLE,Sierra Leone,1998,144.08,88.59,5.0,1,1
SLE,Sierra Leone,1999,165.97,88.67,7.07,1,1
SLE,Sierra Leone,2000,107.22,15.43,9.26,1,1
SLE,Sierra Leone,2001,208.43,3.99,24.44,1,1
SLE,Sierra Leone,2002,89.01,0.51,14.82,1,1
SLE,Sierra Leone,2003,109.48,12.77,18.73,1,1
SLE,Sierra Leone,2004,100.79,0.95,21.66,1,1
SLE,Sierra Leone,2005,294.07,212.19,24.16,1,1
SLE,Sierra Leone,2006,519.82,212.45,27.17,1,1
SLE,Sierra Leone,2007,1176.07,211.76,23.83,1,1
SLE,Sierra Leone,2008,219.53,211.1,8.43,1,1
SLE,Sierra Leone,2009,232.78,211.1,0.84,1,1
SLE,Sierra Leone,2010,222.8,211.1,0.84,1,1
SLE,Sierra Leone,2011,219.73,208.0,0.84,1,1
SLE,Sierra Leone,2012,220.69,209.6,0.84,1,1
SLE,Sierra Leone,2013,205.52,195.44,0.84,1,1
SLE,Sierra Leone,2014,205.98,195.44,0.84,1,1
SLE,Sierra Leone,2015,202.24,193.44,0.87,1,1
SLE,Sierra Leone,2016,202.44,193.44,5.32,1,1
SLE,Sierra Leone,2017,202.78,193.44,0.93,1,1
SLE,Sierra Leone,2018,203.02,193.44,0.96,1,1
SLE,Sierra Leone,2019,196.95,187.0,0.98,1,1
SLE,Sierra Leone,2020,196.92,179.43,12.06,1,1
SLE,Sierra Leone,2021,203.11,168.03,14.46,1,1
SLE,Sierra Leone,2022,167.22,164.93,2.29,1,1
SLE,Sierra Leone,2023,207.0,205.0,2.0,1,1
SLB,Solomon Islands,1960,,,,0,0
SLB,Solomon Islands,1961,,,,0,0
SLB,Solomon Islands,1962,,,,0,0
SLB,Solomon Islands,1963,,,,0,0
SLB,Solomon Islands,1964,,,,0,0
SLB,Solomon Islands,1965,,,,0,0
SLB,Solomon Islands,1966,,,,0,0
SLB,Solomon Islands,1967,,,,0,0
SLB,Solomon Islands,1968,,,,0,0
SLB,Solomon Islands,1969,,,,0,0
SLB,Solomon Islands,1970,,,,0,0
SLB,Solomon Islands,1971,,,,0,0
SLB,Solomon Islands,1972,,,,0,0
SLB,Solomon Islands,1973,,,,0,0
SLB,Solomon Islands,1974,,,,0,0
SLB,Solomon Islands,1975,,,,0,0
SLB,Solomon Islands,1976,,,,0,0
SLB,Solomon Islands,1977,,,,0,0
SLB,Solomon Islands,1978,,,,0,0
SLB,Solomon Islands,1979,,,,0,0
SLB,Solomon Islands,1980,,,,0,0
SLB,Solomon Islands,1981,,,,0,0
SLB,Solomon Islands,1982,,,,0,0
SLB,Solomon Islands,1983,,,,0,0
SLB,Solomon Islands,1984,,,,0,0
SLB,Solomon Islands,1985,,,,0,0
SLB,Solomon Islands,1986,,,,0,0
SLB,Solomon Islands,1987,,,,0,0
SLB,Solomon Islands,1988,,,,0,0
SLB,Solomon Islands,1989,,,,0,0
SLB,Solomon Islands,1990,0.31,,,1,0
SLB,Solomon Islands,1991,0.24,,,1,0
SLB,Solomon Islands,1992,9.81,0.33,,1,1
SLB,Solomon Islands,1993,,,,0,0
SLB,Solomon Islands,1994,1.18,1.18,,1,1
SLB,Solomon Islands,1995,76.09,17.86,,1,1
SLB,Solomon Islands,1996,71.01,0.4,,1,1
SLB,Solomon Islands,1997,81.09,1.51,,1,1
SLB,Solomon Islands,1998,74.86,1.74,,1,1
SLB,Solomon Islands,1999,71.08,1.74,,1,1
SLB,Solomon Islands,2000,78.87,3.7,,1,1
SLB,Solomon Islands,2001,86.22,4.27,,1,1
SLB,Solomon Islands,2002,98.93,4.8,,1,1
SLB,Solomon Islands,2003,113.77,8.43,,1,1
SLB,Solomon Islands,2004,88.9,12.7,,1,1
SLB,Solomon Islands,2005,93.35,15.47,,1,1
SLB,Solomon Islands,2006,95.23,15.72,,1,1
SLB,Solomon Islands,2007,21.18,6.02,,1,1
SLB,Solomon Islands,2008,12.41,9.25,,1,1
SLB,Solomon Islands,2009,10.46,7.28,,1,1
SLB,Solomon Islands,2010,13.11,12.31,,1,1
SLB,Solomon Islands,2011,25.3,23.71,,1,1
SLB,Solomon Islands,2012,0.0,,,0,0
SLB,Solomon Islands,2013,,,,0,0
SLB,Solomon Islands,2014,,,,0,0
SLB,Solomon Islands,2015,,,,0,0
SLB,Solomon Islands,2016,,,,0,0
SLB,Solomon Islands,2017,,,,0,0
SLB,Solomon Islands,2018,,,,0,0
SLB,Solomon Islands,2019,,,,0,0
SLB,Solomon Islands,2020,,,,0,0
SLB,Solomon Islands,2021,,,,0,0
SLB,Solomon Islands,2022,,,,0,0
SLB,Solomon Islands,2023,,,,0,0
SOM,Somalia,1960,,,,0,0
SOM,Somalia,1961,,,,0,0
SOM,Somalia,1962,,,,0,0
SOM,Somalia,1963,,,,0,0
SOM,Somalia,1964,,,,0,0
SOM,Somalia,1965,,,,0,0
SOM,Somalia,1966,,,,0,0
SOM,Somalia,1967,,,,0,0
SOM,Somalia,1968,,,,0,0
SOM,Somalia,1969,,,,0,0
SOM,Somalia,1970,,,,0,0
SOM,Somalia,1971,,,,0,0
SOM,Somalia,1972,,,,0,0
SOM,Somalia,1973,,,,0,0
SOM,Somalia,1974,0.56,,,1,0
SOM,Somalia,1975,1.5,,,1,0
SOM,Somalia,1976,3.59,0.44,,1,1
SOM,Somalia,1977,7.47,0.44,,1,1
SOM,Somalia,1978,11.36,0.47,,1,1
SOM,Somalia,1979,17.92,0.02,,1,1
SOM,Somalia,1980,20.18,0.18,,1,1
SOM,Somalia,1981,49.69,4.21,,1,1
SOM,Somalia,1982,88.15,44.95,,1,1
SOM,Somalia,1983,157.93,83.21,,1,1
SOM,Somalia,1984,257.1,129.64,73.0,1,1
SOM,Somalia,1985,343.85,12.94,75.0,1,1
SOM,Somalia,1986,381.09,30.86,76.0,1,1
SOM,Somalia,1987,436.42,,76.0,1,0
SOM,Somalia,1988,576.03,,,1,0
SOM,Somalia,1989,577.08,,,1,0
SOM,Somalia,1990,1142.35,,,1,0
SOM,Somalia,1991,1330.11,,,1,0
SOM,Somalia,1992,1453.82,,,1,0
SOM,Somalia,1993,1613.13,,,1,0
SOM,Somalia,1994,1820.65,,,1,0
SOM,Somalia,1995,1977.77,,,1,0
SOM,Somalia,1996,2037.39,,,1,0
SOM,Somalia,1997,2052.41,,,1,0
SOM,Somalia,1998,2172.72,,,1,0
SOM,Somalia,1999,2199.75,,,1,0
SOM,Somalia,2000,4366.2,,43.0,1,0
SOM,Somalia,2001,4369.22,,44.0,1,0
SOM,Somalia,2002,4419.43,,46.0,1,0
SOM,Somalia,2003,4476.35,,47.0,1,0
SOM,Somalia,2004,4517.59,,49.0,1,0
SOM,Somalia,2005,4492.77,,50.0,1,0
SOM,Somalia,2006,4555.27,,55.0,1,0
SOM,Somalia,2007,4621.32,,57.0,1,0
SOM,Somalia,2008,4630.38,,59.0,1,0
SOM,Somalia,2009,4653.18,,60.0,1,0
SOM,Somalia,2010,4651.76,,62.0,1,0
SOM,Somalia,2011,4661.28,,64.0,1,0
SOM,Somalia,2012,4671.65,,66.0,1,0
SOM,Somalia,2013,4682.27,,68.0,1,0
SOM,Somalia,2014,4649.14,,70.0,1,0
SOM,Somalia,2015,4628.31,,72.0,1,0
SOM,Somalia,2016,4618.59,,75.0,1,0
SOM,Somalia,2017,4669.36,,77.0,1,0
SOM,Somalia,2018,4670.5,2.3,79.0,1,1
SOM,Somalia,2019,4683.23,2.3,82.0,1,1
SOM,Somalia,2020,4715.89,2.4,83.9,1,1
SOM,Somalia,2021,3017.4,2.4,,1,1
SOM,Somalia,2022,2958.5,2.5,,1,1
SOM,Somalia,2023,2762.5,2.5,,1,1
ZAF,South Africa,1960,,,,0,0
ZAF,South Africa,1961,,,,0,0
ZAF,South Africa,1962,,,,0,0
ZAF,South Africa,1963,,,,0,0
ZAF,South Africa,1964,,,,0,0
ZAF,South Africa,1965,,,,0,0
ZAF,South Africa,1966,,,,0,0
ZAF,South Africa,1967,,,,0,0
ZAF,South Africa,1968,,,,0,0
ZAF,South Africa,1969,,,,0,0
ZAF,South Africa,1970,,,,0,0
ZAF,South Africa,1971,,,,0,0
ZAF,South Africa,1972,,,,0,0
ZAF,South Africa,1973,,,,0,0
ZAF,South Africa,1974,,,,0,0
ZAF,South Africa,1975,,,,0,0
ZAF,South Africa,1976,,,,0,0
ZAF,South Africa,1977,,,,0,0
ZAF,South Africa,1978,,,,0,0
ZAF,South Africa,1979,,,,0,0
ZAF,South Africa,1980,,,,0,0
ZAF,South Africa,1981,,,,0,0
ZAF,South Africa,1982,,,,0,0
ZAF,South Africa,1983,,,,0,0
ZAF,South Africa,1984,,,,0,0
ZAF,South Africa,1985,13628.0,,,1,0
ZAF,South Africa,1986,16900.0,,,1,0
ZAF,South Africa,1987,16900.0,,,1,0
ZAF,South Africa,1988,,,,0,0
ZAF,South Africa,1989,7500.0,,,1,0
ZAF,South Africa,1990,,,,0,0
ZAF,South Africa,1991,,,,0,0
ZAF,South Africa,1992,,,,0,0
ZAF,South Africa,1993,5000.0,,,1,0
ZAF,South Africa,1994,,,,0,0
ZAF,South Africa,1995,,,,0,0
ZAF,South Africa,1996,,,,0,0
ZAF,South Africa,1997,,,,0,0
ZAF,South Africa,1998,,,,0,0
ZAF,South Africa,1999,,,,0,0
ZAF,South Africa,2000,,,,0,0
ZAF,South Africa,2001,,,,0,0
ZAF,South Africa,2002,,,,0,0
ZAF,South Africa,2003,,,,0,0
ZAF,South Africa,2004,0.05,,,1,0
ZAF,South Africa,2005,0.07,,,1,0
ZAF,South Africa,2006,,,,0,0
ZAF,South Africa,2007,1222.45,,,1,0
ZAF,South Africa,2008,,,,0,0
ZAF,South Africa,2009,,,,0,0
ZAF,South Africa,2010,,,,0,0
ZAF,South Africa,2011,,,,0,0
ZAF,South Africa,2012,,,,0,0
ZAF,South Africa,2013,,,,0,0
ZAF,South Africa,2014,,,,0,0
ZAF,South Africa,2015,,,,0,0
ZAF,South Africa,2016,,,,0,0
ZAF,South Africa,2017,,,,0,0
ZAF,South Africa,2018,,,,0,0
ZAF,South Africa,2019,,,,0,0
ZAF,South Africa,2020,,,,0,0
ZAF,South Africa,2021,,,,0,0
ZAF,South Africa,2022,,,,0,0
ZAF,South Africa,2023,,,,0,0
SSD,South Sudan,1960,,,,0,0
SSD,South Sudan,1961,,,,0,0
SSD,South Sudan,1962,,,,0,0
SSD,South Sudan,1963,,,,0,0
SSD,South Sudan,1964,,,,0,0
SSD,South Sudan,1965,,,,0,0
SSD,South Sudan,1966,,,,0,0
SSD,South Sudan,1967,,,,0,0
SSD,South Sudan,1968,,,,0,0
SSD,South Sudan,1969,,,,0,0
SSD,South Sudan,1970,,,,0,0
SSD,South Sudan,1971,,,,0,0
SSD,South Sudan,1972,,,,0,0
SSD,South Sudan,1973,,,,0,0
SSD,South Sudan,1974,,,,0,0
SSD,South Sudan,1975,,,,0,0
SSD,South Sudan,1976,,,,0,0
SSD,South Sudan,1977,,,,0,0
SSD,South Sudan,1978,,,,0,0
SSD,South Sudan,1979,,,,0,0
SSD,South Sudan,1980,,,,0,0
SSD,South Sudan,1981,,,,0,0
SSD,South Sudan,1982,,,,0,0
SSD,South Sudan,1983,,,,0,0
SSD,South Sudan,1984,,,,0,0
SSD,South Sudan,1985,,,,0,0
SSD,South Sudan,1986,,,,0,0
SSD,South Sudan,1987,,,,0,0
SSD,South Sudan,1988,,,,0,0
SSD,South Sudan,1989,,,,0,0
SSD,South Sudan,1990,,,,0,0
SSD,South Sudan,1991,,,,0,0
SSD,South Sudan,1992,,,,0,0
SSD,South Sudan,1993,,,,0,0
SSD,South Sudan,1994,,,,0,0
SSD,South Sudan,1995,,,,0,0
SSD,South Sudan,1996,,,,0,0
SSD,South Sudan,1997,,,,0,0
SSD,South Sudan,1998,,,,0,0
SSD,South Sudan,1999,,,,0,0
SSD,South Sudan,2000,,,,0,0
SSD,South Sudan,2001,,,,0,0
SSD,South Sudan,2002,,,,0,0
SSD,South Sudan,2003,,,,0,0
SSD,South Sudan,2004,,,,0,0
SSD,South Sudan,2005,,,,0,0
SSD,South Sudan,2006,,,,0,0
SSD,South Sudan,2007,,,,0,0
SSD,South Sudan,2008,,,,0,0
SSD,South Sudan,2009,,,,0,0
SSD,South Sudan,2010,,,,0,0
SSD,South Sudan,2011,,,,0,0
SSD,South Sudan,2012,,,,0,0
SSD,South Sudan,2013,374.0,333.0,,1,1
SSD,South Sudan,2014,1584.0,343.0,,1,1
SSD,South Sudan,2015,1728.0,20.0,,1,1
SSD,South Sudan,2016,2040.0,11.0,,1,1
SSD,South Sudan,2017,1869.0,11.0,,1,1
SSD,South Sudan,2018,719.0,11.0,,1,1
SSD,South Sudan,2019,627.0,,,1,0
SSD,South Sudan,2020,652.0,,,1,0
SSD,South Sudan,2021,,,,0,0
SSD,South Sudan,2022,,,,0,0
SSD,South Sudan,2023,36.0,,,1,0
LKA,Sri Lanka,1960,,,,0,0
LKA,Sri Lanka,1961,,,,0,0
LKA,Sri Lanka,1962,,,,0,0
LKA,Sri Lanka,1963,,,,0,0
LKA,Sri Lanka,1964,,,,0,0
LKA,Sri Lanka,1965,,,,0,0
LKA,Sri Lanka,1966,,,,0,0
LKA,Sri Lanka,1967,,,,0,0
LKA,Sri Lanka,1968,,,,0,0
LKA,Sri Lanka,1969,,,,0,0
LKA,Sri Lanka,1970,,,,0,0
LKA,Sri Lanka,1971,1.93,1.93,,1,1
LKA,Sri Lanka,1972,0.38,0.38,,1,1
LKA,Sri Lanka,1973,0.21,0.21,,1,1
LKA,Sri Lanka,1974,0.21,0.21,,1,1
LKA,Sri Lanka,1975,0.02,0.02,,1,1
LKA,Sri Lanka,1976,0.55,0.3,,1,1
LKA,Sri Lanka,1977,0.31,0.02,,1,1
LKA,Sri Lanka,1978,,,,0,0
LKA,Sri Lanka,1979,,,,0,0
LKA,Sri Lanka,1980,,,,0,0
LKA,Sri Lanka,1981,,,,0,0
LKA,Sri Lanka,1982,,,,0,0
LKA,Sri Lanka,1983,,,,0,0
LKA,Sri Lanka,1984,,,,0,0
LKA,Sri Lanka,1985,,,,0,0
LKA,Sri Lanka,1986,,,,0,0
LKA,Sri Lanka,1987,,,,0,0
LKA,Sri Lanka,1988,3.8,3.8,,1,1
LKA,Sri Lanka,1989,6.66,6.66,,1,1
LKA,Sri Lanka,1990,10.68,10.67,,1,1
LKA,Sri Lanka,1991,15.59,15.59,,1,1
LKA,Sri Lanka,1992,22.7,22.7,,1,1
LKA,Sri Lanka,1993,33.01,33.01,,1,1
LKA,Sri Lanka,1994,43.11,41.61,,1,1
LKA,Sri Lanka,1995,84.1,74.54,,1,1
LKA,Sri Lanka,1996,432.76,233.6,0.31,1,1
LKA,Sri Lanka,1997,288.05,239.44,0.25,1,1
LKA,Sri Lanka,1998,345.14,288.88,,1,1
LKA,Sri Lanka,1999,393.58,335.05,,1,1
LKA,Sri Lanka,2000,336.77,285.68,,1,1
LKA,Sri Lanka,2001,280.82,247.08,,1,1
LKA,Sri Lanka,2002,301.5,268.79,,1,1
LKA,Sri Lanka,2003,4.44,,,1,0
LKA,Sri Lanka,2004,,,,0,0
LKA,Sri Lanka,2005,231.73,2.35,2.38,1,1
LKA,Sri Lanka,2006,,,,0,0
LKA,Sri Lanka,2007,1.31,,1.31,1,0
LKA,Sri Lanka,2008,7.91,,1.83,1,0
LKA,Sri Lanka,2009,0.03,0.01,,1,1
LKA,Sri Lanka,2010,0.06,0.01,,1,1
LKA,Sri Lanka,2011,0.13,0.05,0.0,1,1
LKA,Sri Lanka,2012,0.05,,,1,0
LKA,Sri Lanka,2013,12.87,0.47,0.7,1,1
LKA,Sri Lanka,2014,115.16,44.29,13.02,1,1
LKA,Sri Lanka,2015,76.81,0.78,4.6,1,1
LKA,Sri Lanka,2016,143.96,60.92,4.06,1,1
LKA,Sri Lanka,2017,194.87,160.43,15.59,1,1
LKA,Sri Lanka,2018,188.79,167.93,6.12,1,1
LKA,Sri Lanka,2019,228.48,178.4,18.31,1,1
LKA,Sri Lanka,2020,330.47,201.3,44.18,1,1
LKA,Sri Lanka,2021,310.32,185.23,42.31,1,1
LKA,Sri Lanka,2022,25001.55,251.0,7384.0,1,1
LKA,Sri Lanka,2023,39746.31,251.0,7284.0,1,1
KNA,St. Kitts & Nevis,1960,,,,0,0
KNA,St. Kitts & Nevis,1961,,,,0,0
KNA,St. Kitts & Nevis,1962,,,,0,0
KNA,St. Kitts & Nevis,1963,,,,0,0
KNA,St. Kitts & Nevis,1964,,,,0,0
KNA,St. Kitts & Nevis,1965,,,,0,0
KNA,St. Kitts & Nevis,1966,,,,0,0
KNA,St. Kitts & Nevis,1967,,,,0,0
KNA,St. Kitts & Nevis,1968,,,,0,0
KNA,St. Kitts & Nevis,1969,,,,0,0
KNA,St. Kitts & Nevis,1970,,,,0,0
KNA,St. Kitts & Nevis,1971,,,,0,0
KNA,St. Kitts & Nevis,1972,,,,0,0
KNA,St. Kitts & Nevis,1973,,,,0,0
KNA,St. Kitts & Nevis,1974,,,,0,0
KNA,St. Kitts & Nevis,1975,,,,0,0
KNA,St. Kitts & Nevis,1976,,,,0,0
KNA,St. Kitts & Nevis,1977,,,,0,0
KNA,St. Kitts & Nevis,1978,,,,0,0
KNA,St. Kitts & Nevis,1979,,,,0,0
KNA,St. Kitts & Nevis,1980,,,,0,0
KNA,St. Kitts & Nevis,1981,,,,0,0
KNA,St. Kitts & Nevis,1982,,,,0,0
KNA,St. Kitts & Nevis,1983,,,,0,0
KNA,St. Kitts & Nevis,1984,,,,0,0
KNA,St. Kitts & Nevis,1985,,,,0,0
KNA,St. Kitts & Nevis,1986,,,,0,0
KNA,St. Kitts & Nevis,1987,,,,0,0
KNA,St. Kitts & Nevis,1988,,,,0,0
KNA,St. Kitts & Nevis,1989,0.2,,,1,0
KNA,St. Kitts & Nevis,1990,,,,0,0
KNA,St. Kitts & Nevis,1991,,,,0,0
KNA,St. Kitts & Nevis,1992,1.2,,,1,0
KNA,St. Kitts & Nevis,1993,1.1,,,1,0
KNA,St. Kitts & Nevis,1994,1.7,0.1,,1,1
KNA,St. Kitts & Nevis,1995,1.9,0.4,,1,1
KNA,St. Kitts & Nevis,1996,0.2,,,1,0
KNA,St. Kitts & Nevis,1997,0.2,0.1,,1,1
KNA,St. Kitts & Nevis,1998,0.9,0.5,,1,1
KNA,St. Kitts & Nevis,1999,0.7,0.5,,1,1
KNA,St. Kitts & Nevis,2000,1.6,1.4,,1,1
KNA,St. Kitts & Nevis,2001,1.9,1.5,,1,1
KNA,St. Kitts & Nevis,2002,2.0,1.5,,1,1
KNA,St. Kitts & Nevis,2003,2.9,2.9,,1,1
KNA,St. Kitts & Nevis,2004,5.1,3.9,,1,1
KNA,St. Kitts & Nevis,2005,4.7,3.9,,1,1
KNA,St. Kitts & Nevis,2006,5.5,5.2,,1,1
KNA,St. Kitts & Nevis,2007,2.7,2.6,,1,1
KNA,St. Kitts & Nevis,2008,11.1,11.0,,1,1
KNA,St. Kitts & Nevis,2009,12.1,10.6,,1,1
KNA,St. Kitts & Nevis,2010,3.5,0.2,,1,1
KNA,St. Kitts & Nevis,2011,753.0,,,1,0
KNA,St. Kitts & Nevis,2012,758.0,,,1,0
KNA,St. Kitts & Nevis,2013,17.46,,,1,0
KNA,St. Kitts & Nevis,2014,66.48,,,1,0
KNA,St. Kitts & Nevis,2015,,,,0,0
KNA,St. Kitts & Nevis,2016,44.98,,,1,0
KNA,St. Kitts & Nevis,2017,,,,0,0
KNA,St. Kitts & Nevis,2018,,,,0,0
KNA,St. Kitts & Nevis,2019,,,,0,0
KNA,St. Kitts & Nevis,2020,,,,0,0
KNA,St. Kitts & Nevis,2021,,,,0,0
KNA,St. Kitts & Nevis,2022,,,,0,0
KNA,St. Kitts & Nevis,2023,,,,0,0
LCA,St. Lucia,1960,,,,0,0
LCA,St. Lucia,1961,,,,0,0
LCA,St. Lucia,1962,,,,0,0
LCA,St. Lucia,1963,,,,0,0
LCA,St. Lucia,1964,,,,0,0
LCA,St. Lucia,1965,,,,0,0
LCA,St. Lucia,1966,,,,0,0
LCA,St. Lucia,1967,,,,0,0
LCA,St. Lucia,1968,,,,0,0
LCA,St. Lucia,1969,,,,0,0
LCA,St. Lucia,1970,,,,0,0
LCA,St. Lucia,1971,,,,0,0
LCA,St. Lucia,1972,,,,0,0
LCA,St. Lucia,1973,,,,0,0
LCA,St. Lucia,1974,,,,0,0
LCA,St. Lucia,1975,,,,0,0
LCA,St. Lucia,1976,,,,0,0
LCA,St. Lucia,1977,,,,0,0
LCA,St. Lucia,1978,,,,0,0
LCA,St. Lucia,1979,,,,0,0
LCA,St. Lucia,1980,,,,0,0
LCA,St. Lucia,1981,,,,0,0
LCA,St. Lucia,1982,,,,0,0
LCA,St. Lucia,1983,,,,0,0
LCA,St. Lucia,1984,0.2,,,1,0
LCA,St. Lucia,1985,0.3,,,1,0
LCA,St. Lucia,1986,0.2,,,1,0
LCA,St. Lucia,1987,0.01,0.0,,1,0
LCA,St. Lucia,1988,0.09,0.01,,1,1
LCA,St. Lucia,1989,0.11,,,1,0
LCA,St. Lucia,1990,1.37,0.0,,1,0
LCA,St. Lucia,1991,0.17,,,1,0
LCA,St. Lucia,1992,0.35,,,1,0
LCA,St. Lucia,1993,1.16,,,1,0
LCA,St. Lucia,1994,0.42,,,1,0
LCA,St. Lucia,1995,0.0,,,0,0
LCA,St. Lucia,1996,,,,0,0
LCA,St. Lucia,1997,,,,0,0
LCA,St. Lucia,1998,,,,0,0
LCA,St. Lucia,1999,,,,0,0
LCA,St. Lucia,2000,,,,0,0
LCA,St. Lucia,2001,,,,0,0
LCA,St. Lucia,2002,,,,0,0
LCA,St. Lucia,2003,0.09,0.09,,1,1
LCA,St. Lucia,2004,0.0,,,0,0
LCA,St. Lucia,2005,,,,0,0
LCA,St. Lucia,2006,,,,0,0
LCA,St. Lucia,2007,0.73,0.0,,1,0
LCA,St. Lucia,2008,56.56,0.76,,1,1
LCA,St. Lucia,2009,4.65,1.49,,1,1
LCA,St. Lucia,2010,8.79,3.98,,1,1
LCA,St. Lucia,2011,5.52,1.69,,1,1
LCA,St. Lucia,2012,0.26,,,1,0
LCA,St. Lucia,2013,,,,0,0
LCA,St. Lucia,2014,,,,0,0
LCA,St. Lucia,2015,0.0,,,0,0
LCA,St. Lucia,2016,0.23,,,1,0
LCA,St. Lucia,2017,0.19,,,1,0
LCA,St. Lucia,2018,0.48,,,1,0
LCA,St. Lucia,2019,,,,0,0
LCA,St. Lucia,2020,,,,0,0
LCA,St. Lucia,2021,1.42,,,1,0
LCA,St. Lucia,2022,,,,0,0
LCA,St. Lucia,2023,,,,0,0
VCT,St. Vincent and the Grenadines,1960,,,,0,0
VCT,St. Vincent and the Grenadines,1961,,,,0,0
VCT,St. Vincent and the Grenadines,1962,,,,0,0
VCT,St. Vincent and the Grenadines,1963,,,,0,0
VCT,St. Vincent and the Grenadines,1964,,,,0,0
VCT,St. Vincent and the Grenadines,1965,,,,0,0
VCT,St. Vincent and the Grenadines,1966,,,,0,0
VCT,St. Vincent and the Grenadines,1967,,,,0,0
VCT,St. Vincent and the Grenadines,1968,,,,0,0
VCT,St. Vincent and the Grenadines,1969,,,,0,0
VCT,St. Vincent and the Grenadines,1970,,,,0,0
VCT,St. Vincent and the Grenadines,1971,,,,0,0
VCT,St. Vincent and the Grenadines,1972,,,,0,0
VCT,St. Vincent and the Grenadines,1973,,,,0,0
VCT,St. Vincent and the Grenadines,1974,,,,0,0
VCT,St. Vincent and the Grenadines,1975,,,,0,0
VCT,St. Vincent and the Grenadines,1976,,,,0,0
VCT,St. Vincent and the Grenadines,1977,,,,0,0
VCT,St. Vincent and the Grenadines,1978,,,,0,0
VCT,St. Vincent and the Grenadines,1979,,,,0,0
VCT,St. Vincent and the Grenadines,1980,,,,0,0
VCT,St. Vincent and the Grenadines,1981,,,,0,0
VCT,St. Vincent and the Grenadines,1982,,,,0,0
VCT,St. Vincent and the Grenadines,1983,0.5,,,1,0
VCT,St. Vincent and the Grenadines,1984,0.36,,,1,0
VCT,St. Vincent and the Grenadines,1985,0.17,,,1,0
VCT,St. Vincent and the Grenadines,1986,0.13,,,1,0
VCT,St. Vincent and the Grenadines,1987,0.21,0.0,,1,0
VCT,St. Vincent and the Grenadines,1988,0.09,0.0,,1,0
VCT,St. Vincent and the Grenadines,1989,0.18,,,1,0
VCT,St. Vincent and the Grenadines,1990,1.04,,,1,0
VCT,St. Vincent and the Grenadines,1991,0.23,,,1,0
VCT,St. Vincent and the Grenadines,1992,0.08,,,1,0
VCT,St. Vincent and the Grenadines,1993,0.06,,,1,0
VCT,St. Vincent and the Grenadines,1994,0.1,,,1,0
VCT,St. Vincent and the Grenadines,1995,0.62,0.24,,1,1
VCT,St. Vincent and the Grenadines,1996,1.74,1.38,,1,1
VCT,St. Vincent and the Grenadines,1997,1.8,0.12,,1,1
VCT,St. Vincent and the Grenadines,1998,0.19,,,1,0
VCT,St. Vincent and the Grenadines,1999,0.45,,,1,0
VCT,St. Vincent and the Grenadines,2000,1.71,,,1,0
VCT,St. Vincent and the Grenadines,2001,64.03,0.95,,1,1
VCT,St. Vincent and the Grenadines,2002,68.35,2.02,,1,1
VCT,St. Vincent and the Grenadines,2003,67.53,4.17,,1,1
VCT,St. Vincent and the Grenadines,2004,68.39,5.09,,1,1
VCT,St. Vincent and the Grenadines,2005,69.18,6.22,,1,1
VCT,St. Vincent and the Grenadines,2006,62.64,,,1,0
VCT,St. Vincent and the Grenadines,2007,61.86,0.01,,1,1
VCT,St. Vincent and the Grenadines,2008,0.45,0.1,,1,1
VCT,St. Vincent and the Grenadines,2009,1.33,0.57,,1,1
VCT,St. Vincent and the Grenadines,2010,0.18,,,1,0
VCT,St. Vincent and the Grenadines,2011,0.18,,,1,0
VCT,St. Vincent and the Grenadines,2012,0.18,,,1,0
VCT,St. Vincent and the Grenadines,2013,0.03,,,1,0
VCT,St. Vincent and the Grenadines,2014,0.02,,,1,0
VCT,St. Vincent and the Grenadines,2015,0.02,,,1,0
VCT,St. Vincent and the Grenadines,2016,4.61,,,1,0
VCT,St. Vincent and the Grenadines,2017,4.3,,,1,0
VCT,St. Vincent and the Grenadines,2018,3.75,,,1,0
VCT,St. Vincent and the Grenadines,2019,3.75,,,1,0
VCT,St. Vincent and the Grenadines,2020,3.75,,,1,0
VCT,St. Vincent and the Grenadines,2021,5.12,,,1,0
VCT,St. Vincent and the Grenadines,2022,73.75,,,1,0
VCT,St. Vincent and the Grenadines,2023,4.0,,,1,0
SDN,Sudan,1960,,,,0,0
SDN,Sudan,1961,,,,0,0
SDN,Sudan,1962,,,,0,0
SDN,Sudan,1963,,,,0,0
SDN,Sudan,1964,,,,0,0
SDN,Sudan,1965,,,,0,0
SDN,Sudan,1966,,,,0,0
SDN,Sudan,1967,,,,0,0
SDN,Sudan,1968,,,,0,0
SDN,Sudan,1969,,,,0,0
SDN,Sudan,1970,,,,0,0
SDN,Sudan,1971,,,,0,0
SDN,Sudan,1972,,,,0,0
SDN,Sudan,1973,,,,0,0
SDN,Sudan,1974,,,,0,0
SDN,Sudan,1975,0.17,,,1,0
SDN,Sudan,1976,23.05,13.3,,1,1
SDN,Sudan,1977,176.36,123.4,,1,1
SDN,Sudan,1978,248.97,130.4,,1,1
SDN,Sudan,1979,955.98,,,1,0
SDN,Sudan,1980,613.67,473.3,,1,1
SDN,Sudan,1981,899.52,,,1,0
SDN,Sudan,1982,951.77,,15.52,1,0
SDN,Sudan,1983,2062.86,,33.28,1,0
SDN,Sudan,1984,2987.74,,44.31,1,0
SDN,Sudan,1985,3627.68,,53.22,1,0
SDN,Sudan,1986,4705.84,,59.16,1,0
SDN,Sudan,1987,6436.74,,71.95,1,0
SDN,Sudan,1988,6933.39,,77.32,1,0
SDN,Sudan,1989,9294.44,,78.71,1,0
SDN,Sudan,1990,10612.83,,85.1,1,0
SDN,Sudan,1991,13054.32,,93.03,1,0
SDN,Sudan,1992,12059.84,,96.88,1,0
SDN,Sudan,1993,12815.17,,101.96,1,0
SDN,Sudan,1994,14321.95,,93.7,1,0
SDN,Sudan,1995,15363.85,,97.95,1,0
SDN,Sudan,1996,15074.31,,101.04,1,0
SDN,Sudan,1997,13665.48,,103.21,1,0
SDN,Sudan,1998,13890.92,,104.76,1,0
SDN,Sudan,1999,13577.79,,107.28,1,0
SDN,Sudan,2000,13590.59,,24.46,1,0
SDN,Sudan,2001,13621.28,,31.18,1,0
SDN,Sudan,2002,12975.55,,38.42,1,0
SDN,Sudan,2003,14195.42,,36.56,1,0
SDN,Sudan,2004,15523.86,,46.46,1,0
SDN,Sudan,2005,15542.09,,77.85,1,0
SDN,Sudan,2006,16677.43,,97.7,1,0
SDN,Sudan,2007,18350.04,,100.21,1,0
SDN,Sudan,2008,19695.69,,193.32,1,0
SDN,Sudan,2009,20643.02,,244.81,1,0
SDN,Sudan,2010,21902.23,,21.69,1,0
SDN,Sudan,2011,22913.32,,189.94,1,0
SDN,Sudan,2012,23924.94,,312.64,1,0
SDN,Sudan,2013,24879.58,,492.8,1,0
SDN,Sudan,2014,25250.1,,638.02,1,0
SDN,Sudan,2015,25998.2,,275.82,1,0
SDN,Sudan,2016,26691.55,,275.4,1,0
SDN,Sudan,2017,27965.08,,311.19,1,0
SDN,Sudan,2018,27283.29,,331.02,1,0
SDN,Sudan,2019,27714.21,,352.85,1,0
SDN,Sudan,2020,32492.18,,381.39,1,0
SDN,Sudan,2021,30692.22,,402.96,1,0
SDN,Sudan,2022,28518.89,,432.48,1,0
SDN,Sudan,2023,29377.33,,450.0,1,0
SUR,Suriname,1960,,,,0,0
SUR,Suriname,1961,,,,0,0
SUR,Suriname,1962,,,,0,0
SUR,Suriname,1963,,,,0,0
SUR,Suriname,1964,,,,0,0
SUR,Suriname,1965,,,,0,0
SUR,Suriname,1966,,,,0,0
SUR,Suriname,1967,,,,0,0
SUR,Suriname,1968,,,,0,0
SUR,Suriname,1969,,,,0,0
SUR,Suriname,1970,,,,0,0
SUR,Suriname,1971,,,,0,0
SUR,Suriname,1972,,,,0,0
SUR,Suriname,1973,,,,0,0
SUR,Suriname,1974,,,,0,0
SUR,Suriname,1975,,,,0,0
SUR,Suriname,1976,,,,0,0
SUR,Suriname,1977,,,,0,0
SUR,Suriname,1978,,,,0,0
SUR,Suriname,1979,,,,0,0
SUR,Suriname,1980,,,,0,0
SUR,Suriname,1981,,,,0,0
SUR,Suriname,1982,,,,0,0
SUR,Suriname,1983,,,,0,0
SUR,Suriname,1984,,,,0,0
SUR,Suriname,1985,,,,0,0
SUR,Suriname,1986,,,,0,0
SUR,Suriname,1987,,,,0,0
SUR,Suriname,1988,,,,0,0
SUR,Suriname,1989,,,,0,0
SUR,Suriname,1990,2.0,2.0,,1,1
SUR,Suriname,1991,21.0,5.0,,1,1
SUR,Suriname,1992,37.8,13.0,,1,1
SUR,Suriname,1993,54.0,20.0,,1,1
SUR,Suriname,1994,58.0,32.0,,1,1
SUR,Suriname,1995,20.0,18.0,,1,1
SUR,Suriname,1996,20.0,18.0,,1,1
SUR,Suriname,1997,19.0,19.0,,1,1
SUR,Suriname,1998,36.0,18.0,,1,1
SUR,Suriname,1999,53.0,19.0,,1,1
SUR,Suriname,2000,57.0,18.0,,1,1
SUR,Suriname,2001,148.0,,,1,0
SUR,Suriname,2002,136.0,18.0,,1,1
SUR,Suriname,2003,107.0,,,1,0
SUR,Suriname,2004,123.0,,,1,0
SUR,Suriname,2005,141.0,,,1,0
SUR,Suriname,2006,148.0,,,1,0
SUR,Suriname,2007,140.0,,,1,0
SUR,Suriname,2008,150.0,,,1,0
SUR,Suriname,2009,117.0,,,1,0
SUR,Suriname,2010,48.0,,,1,0
SUR,Suriname,2011,14.0,,,1,0
SUR,Suriname,2012,27.0,,,1,0
SUR,Suriname,2013,17.0,,,1,0
SUR,Suriname,2014,17.0,,,1,0
SUR,Suriname,2015,17.21,,1.68,1,0
SUR,Suriname,2016,16.99,,16.0,1,0
SUR,Suriname,2017,0.8,,,1,0
SUR,Suriname,2018,,,,0,0
SUR,Suriname,2019,0.03,,,1,0
SUR,Suriname,2020,710.77,,13.24,1,0
SUR,Suriname,2021,1304.94,21.0,378.0,1,1
SUR,Suriname,2022,1443.76,39.0,390.0,1,1
SUR,Suriname,2023,1421.84,43.0,402.0,1,1
SYR,Syria,1960,,,,0,0
SYR,Syria,1961,,,,0,0
SYR,Syria,1962,,,,0,0
SYR,Syria,1963,,,,0,0
SYR,Syria,1964,,,,0,0
SYR,Syria,1965,3.6,,,1,0
SYR,Syria,1966,,,,0,0
SYR,Syria,1967,,,,0,0
SYR,Syria,1968,,,,0,0
SYR,Syria,1969,,,,0,0
SYR,Syria,1970,,,,0,0
SYR,Syria,1971,,,,0,0
SYR,Syria,1972,,,,0,0
SYR,Syria,1973,,,,0,0
SYR,Syria,1974,,,,0,0
SYR,Syria,1975,,,,0,0
SYR,Syria,1976,,,,0,0
SYR,Syria,1977,,,,0,0
SYR,Syria,1978,,,,0,0
SYR,Syria,1979,,,,0,0
SYR,Syria,1980,,,,0,0
SYR,Syria,1981,,,,0,0
SYR,Syria,1982,,,,0,0
SYR,Syria,1983,,,,0,0
SYR,Syria,1984,,,,0,0
SYR,Syria,1985,,,,0,0
SYR,Syria,1986,,,,0,0
SYR,Syria,1987,65.0,,,1,0
SYR,Syria,1988,92.0,,,1,0
SYR,Syria,1989,268.0,,,1,0
SYR,Syria,1990,313.0,,,1,0
SYR,Syria,1991,390.0,,,1,0
SYR,Syria,1992,399.0,,,1,0
SYR,Syria,1993,432.0,,,1,0
SYR,Syria,1994,1408.0,,,1,0
SYR,Syria,1995,7790.95,994.21,,1,1
SYR,Syria,1996,7875.81,1079.08,,1,1
SYR,Syria,1997,7875.08,1078.35,,1,1
SYR,Syria,1998,7926.13,1129.39,,1,1
SYR,Syria,1999,7862.72,1065.98,,1,1
SYR,Syria,2000,11665.73,1059.98,,1,1
SYR,Syria,2001,12099.24,976.23,,1,1
SYR,Syria,2002,70.0,,,1,0
SYR,Syria,2003,,,,0,0
SYR,Syria,2004,2600.0,,,1,0
SYR,Syria,2005,13450.0,,,1,0
SYR,Syria,2006,,,,0,0
SYR,Syria,2007,,,,0,0
SYR,Syria,2008,420.23,11.12,14.05,1,1
SYR,Syria,2009,470.61,11.12,14.79,1,1
SYR,Syria,2010,459.38,11.12,15.44,1,1
SYR,Syria,2011,471.65,11.12,16.03,1,1
SYR,Syria,2012,1060.04,12.63,19.43,1,1
SYR,Syria,2013,1666.66,14.25,30.67,1,1
SYR,Syria,2014,2090.13,15.22,37.01,1,1
SYR,Syria,2015,2383.21,15.98,45.56,1,1
SYR,Syria,2016,2672.37,16.89,52.52,1,1
SYR,Syria,2017,2985.86,18.58,59.79,1,1
SYR,Syria,2018,3187.6,18.3,60.83,1,1
SYR,Syria,2019,3358.97,18.45,62.21,1,1
SYR,Syria,2020,3597.94,20.03,69.24,1,1
SYR,Syria,2021,3609.33,20.11,73.82,1,1
SYR,Syria,2022,3481.58,19.58,67.32,1,1
SYR,Syria,2023,4122.0,22.0,60.0,1,1
TJK,Tajikistan,1960,,,,0,0
TJK,Tajikistan,1961,,,,0,0
TJK,Tajikistan,1962,,,,0,0
TJK,Tajikistan,1963,,,,0,0
TJK,Tajikistan,1964,,,,0,0
TJK,Tajikistan,1965,,,,0,0
TJK,Tajikistan,1966,,,,0,0
TJK,Tajikistan,1967,,,,0,0
TJK,Tajikistan,1968,,,,0,0
TJK,Tajikistan,1969,,,,0,0
TJK,Tajikistan,1970,,,,0,0
TJK,Tajikistan,1971,,,,0,0
TJK,Tajikistan,1972,,,,0,0
TJK,Tajikistan,1973,,,,0,0
TJK,Tajikistan,1974,,,,0,0
TJK,Tajikistan,1975,,,,0,0
TJK,Tajikistan,1976,,,,0,0
TJK,Tajikistan,1977,,,,0,0
TJK,Tajikistan,1978,,,,0,0
TJK,Tajikistan,1979,,,,0,0
TJK,Tajikistan,1980,,,,0,0
TJK,Tajikistan,1981,,,,0,0
TJK,Tajikistan,1982,,,,0,0
TJK,Tajikistan,1983,,,,0,0
TJK,Tajikistan,1984,,,,0,0
TJK,Tajikistan,1985,,,,0,0
TJK,Tajikistan,1986,,,,0,0
TJK,Tajikistan,1987,,,,0,0
TJK,Tajikistan,1988,,,,0,0
TJK,Tajikistan,1989,,,,0,0
TJK,Tajikistan,1990,,,,0,0
TJK,Tajikistan,1991,,,,0,0
TJK,Tajikistan,1992,,,,0,0
TJK,Tajikistan,1993,0.31,,,1,0
TJK,Tajikistan,1994,78.56,2.34,,1,1
TJK,Tajikistan,1995,185.08,27.91,,1,1
TJK,Tajikistan,1996,601.03,76.44,5.66,1,1
TJK,Tajikistan,1997,154.53,89.95,6.1,1,1
TJK,Tajikistan,1998,306.86,79.62,6.37,1,1
TJK,Tajikistan,1999,136.89,75.15,6.37,1,1
TJK,Tajikistan,2000,166.33,72.63,10.89,1,1
TJK,Tajikistan,2001,189.24,53.74,4.49,1,1
TJK,Tajikistan,2002,96.24,35.87,0.73,1,1
TJK,Tajikistan,2003,108.63,5.89,1.74,1,1
TJK,Tajikistan,2004,106.98,4.24,1.74,1,1
TJK,Tajikistan,2005,106.17,3.44,4.49,1,1
TJK,Tajikistan,2006,102.91,0.18,0.75,1,1
TJK,Tajikistan,2007,,,,0,0
TJK,Tajikistan,2008,,,,0,0
TJK,Tajikistan,2009,,,,0,0
TJK,Tajikistan,2010,363.79,363.79,,1,1
TJK,Tajikistan,2011,299.32,299.32,,1,1
TJK,Tajikistan,2012,18.39,18.39,,1,1
TJK,Tajikistan,2013,0.79,,,1,0
TJK,Tajikistan,2014,0.59,,,1,0
TJK,Tajikistan,2015,0.12,,,1,0
TJK,Tajikistan,2016,0.12,,,1,0
TJK,Tajikistan,2017,0.75,,,1,0
TJK,Tajikistan,2018,0.1,,,1,0
TJK,Tajikistan,2019,,,,0,0
TJK,Tajikistan,2020,42.27,,39.27,1,0
TJK,Tajikistan,2021,40.0,,,1,0
TJK,Tajikistan,2022,,,,0,0
TJK,Tajikistan,2023,,,,0,0
TZA,Tanzania,1960,,,,0,0
TZA,Tanzania,1961,,,,0,0
TZA,Tanzania,1962,,,,0,0
TZA,Tanzania,1963,,,,0,0
TZA,Tanzania,1964,,,,0,0
TZA,Tanzania,1965,,,,0,0
TZA,Tanzania,1966,,,,0,0
TZA,Tanzania,1967,,,,0,0
TZA,Tanzania,1968,,,,0,0
TZA,Tanzania,1969,,,,0,0
TZA,Tanzania,1970,,,,0,0
TZA,Tanzania,1971,2.26,,2.18,1,0
TZA,Tanzania,1972,72.71,,4.01,1,0
TZA,Tanzania,1973,151.96,0.99,5.95,1,1
TZA,Tanzania,1974,219.88,1.84,8.01,1,1
TZA,Tanzania,1975,305.0,3.03,8.63,1,1
TZA,Tanzania,1976,495.2,3.59,7.26,1,1
TZA,Tanzania,1977,842.79,5.39,8.28,1,1
TZA,Tanzania,1978,1359.96,2.07,9.0,1,1
TZA,Tanzania,1979,1413.08,3.96,10.01,1,1
TZA,Tanzania,1980,2060.84,10.24,10.93,1,1
TZA,Tanzania,1981,2322.98,21.47,9.67,1,1
TZA,Tanzania,1982,2622.61,36.55,9.37,1,1
TZA,Tanzania,1983,3172.8,54.61,21.44,1,1
TZA,Tanzania,1984,3538.06,92.2,30.08,1,1
TZA,Tanzania,1985,5334.93,156.77,40.98,1,1
TZA,Tanzania,1986,1412.64,114.38,46.91,1,1
TZA,Tanzania,1987,769.97,166.16,59.41,1,1
TZA,Tanzania,1988,1189.88,207.44,69.11,1,1
TZA,Tanzania,1989,1174.28,280.35,64.58,1,1
TZA,Tanzania,1990,1696.15,349.26,72.11,1,1
TZA,Tanzania,1991,1670.07,384.33,83.48,1,1
TZA,Tanzania,1992,2647.43,304.59,85.32,1,1
TZA,Tanzania,1993,2089.78,379.38,91.3,1,1
TZA,Tanzania,1994,2179.76,409.5,49.53,1,1
TZA,Tanzania,1995,2538.0,441.35,53.41,1,1
TZA,Tanzania,1996,2372.65,140.41,47.35,1,1
TZA,Tanzania,1997,4263.43,163.46,46.97,1,1
TZA,Tanzania,1998,1946.26,181.32,36.48,1,1
TZA,Tanzania,1999,2030.75,196.93,51.27,1,1
TZA,Tanzania,2000,1996.36,187.65,55.77,1,1
TZA,Tanzania,2001,1418.05,204.12,66.58,1,1
TZA,Tanzania,2002,1966.63,231.06,34.63,1,1
TZA,Tanzania,2003,1653.83,266.07,40.47,1,1
TZA,Tanzania,2004,1737.89,66.71,48.49,1,1
TZA,Tanzania,2005,1260.15,,62.39,1,0
TZA,Tanzania,2006,5950.41,,67.71,1,0
TZA,Tanzania,2007,907.56,,87.27,1,0
TZA,Tanzania,2008,1102.78,,95.67,1,0
TZA,Tanzania,2009,1165.5,,108.25,1,0
TZA,Tanzania,2010,1224.09,,123.14,1,0
TZA,Tanzania,2011,1246.49,,90.19,1,0
TZA,Tanzania,2012,1259.69,,55.6,1,0
TZA,Tanzania,2013,1080.14,,66.21,1,0
TZA,Tanzania,2014,993.78,15.0,71.32,1,1
TZA,Tanzania,2015,1075.07,,80.25,1,0
TZA,Tanzania,2016,1145.78,,88.21,1,0
TZA,Tanzania,2017,1420.98,,102.48,1,0
TZA,Tanzania,2018,1250.0,,103.05,1,0
TZA,Tanzania,2019,1328.52,,110.31,1,0
TZA,Tanzania,2020,1486.85,,124.14,1,0
TZA,Tanzania,2021,1688.38,,135.79,1,0
TZA,Tanzania,2022,1492.41,,130.19,1,0
TZA,Tanzania,2023,1574.0,,135.0,1,0
THA,Thailand,1960,,,,0,0
THA,Thailand,1961,,,,0,0
THA,Thailand,1962,,,,0,0
THA,Thailand,1963,,,,0,0
THA,Thailand,1964,,,,0,0
THA,Thailand,1965,,,,0,0
THA,Thailand,1966,,,,0,0
THA,Thailand,1967,,,,0,0
THA,Thailand,1968,,,,0,0
THA,Thailand,1969,,,,0,0
THA,Thailand,1970,,,,0,0
THA,Thailand,1971,,,,0,0
THA,Thailand,1972,,,,0,0
THA,Thailand,1973,,,,0,0
THA,Thailand,1974,,,,0,0
THA,Thailand,1975,,,,0,0
THA,Thailand,1976,,,,0,0
THA,Thailand,1977,,,,0,0
THA,Thailand,1978,,,,0,0
THA,Thailand,1979,,,,0,0
THA,Thailand,1980,,,,0,0
THA,Thailand,1981,,,,0,0
THA,Thailand,1982,,,,0,0
THA,Thailand,1983,,,,0,0
THA,Thailand,1984,,,,0,0
THA,Thailand,1985,,,,0,0
THA,Thailand,1986,,,,0,0
THA,Thailand,1987,,,,0,0
THA,Thailand,1988,,,,0,0
THA,Thailand,1989,,,,0,0
THA,Thailand,1990,,,,0,0
THA,Thailand,1991,6.81,,,1,0
THA,Thailand,1992,,,,0,0
THA,Thailand,1993,,,,0,0
THA,Thailand,1994,,,,0,0
THA,Thailand,1995,,,,0,0
THA,Thailand,1996,,,,0,0
THA,Thailand,1997,,,,0,0
THA,Thailand,1998,5.69,,,1,0
THA,Thailand,1999,,,,0,0
THA,Thailand,2000,,,,0,0
THA,Thailand,2001,,,,0,0
THA,Thailand,2002,,,,0,0
THA,Thailand,2003,,,,0,0
THA,Thailand,2004,,,,0,0
THA,Thailand,2005,,,,0,0
THA,Thailand,2006,0.01,0.01,,1,1
THA,Thailand,2007,,,,0,0
THA,Thailand,2008,4.39,1.62,,1,1
THA,Thailand,2009,8.3,4.51,,1,1
THA,Thailand,2010,2.16,0.72,,1,1
THA,Thailand,2011,4.65,0.73,,1,1
THA,Thailand,2012,1.91,0.65,,1,1
THA,Thailand,2013,,,,0,0
THA,Thailand,2014,,,,0,0
THA,Thailand,2015,,,,0,0
THA,Thailand,2016,,,,0,0
THA,Thailand,2017,,,,0,0
THA,Thailand,2018,,,,0,0
THA,Thailand,2019,,,,0,0
THA,Thailand,2020,,,,0,0
THA,Thailand,2021,,,,0,0
THA,Thailand,2022,,,,0,0
THA,Thailand,2023,,,,0,0
TGO,Togo,1960,,,,0,0
TGO,Togo,1961,,,,0,0
TGO,Togo,1962,,,,0,0
TGO,Togo,1963,,,,0,0
TGO,Togo,1964,,,,0,0
TGO,Togo,1965,,,,0,0
TGO,Togo,1966,,,,0,0
TGO,Togo,1967,,,,0,0
TGO,Togo,1968,,,,0,0
TGO,Togo,1969,,,,0,0
TGO,Togo,1970,0.15,0.15,,1,1
TGO,Togo,1971,2.24,2.22,,1,1
TGO,Togo,1972,1.88,1.87,,1,1
TGO,Togo,1973,2.29,2.27,,1,1
TGO,Togo,1974,0.79,0.78,,1,1
TGO,Togo,1975,0.64,0.61,,1,1
TGO,Togo,1976,5.11,5.09,,1,1
TGO,Togo,1977,9.47,7.99,,1,1
TGO,Togo,1978,44.64,39.74,,1,1
TGO,Togo,1979,333.34,28.34,,1,1
TGO,Togo,1980,117.74,27.8,,1,1
TGO,Togo,1981,343.04,50.89,,1,1
TGO,Togo,1982,196.68,101.24,,1,1
TGO,Togo,1983,338.23,54.13,,1,1
TGO,Togo,1984,70.0,,,1,0
TGO,Togo,1985,30.27,0.27,,1,1
TGO,Togo,1986,10.78,1.77,,1,1
TGO,Togo,1987,118.49,21.42,,1,1
TGO,Togo,1988,208.68,3.56,,1,1
TGO,Togo,1989,298.96,1.65,,1,1
TGO,Togo,1990,191.91,1.41,,1,1
TGO,Togo,1991,49.73,6.02,,1,1
TGO,Togo,1992,145.49,17.66,,1,1
TGO,Togo,1993,119.43,31.09,,1,1
TGO,Togo,1994,197.0,45.67,,1,1
TGO,Togo,1995,561.95,60.85,,1,1
TGO,Togo,1996,120.83,74.4,,1,1
TGO,Togo,1997,147.97,,,1,0
TGO,Togo,1998,52.53,,,1,0
TGO,Togo,1999,69.53,,,1,0
TGO,Togo,2000,126.8,,,1,0
TGO,Togo,2001,157.81,,1.98,1,0
TGO,Togo,2002,260.85,,2.92,1,0
TGO,Togo,2003,379.01,,2.46,1,0
TGO,Togo,2004,527.51,,0.54,1,0
TGO,Togo,2005,540.36,,,1,0
TGO,Togo,2006,658.67,,,1,0
TGO,Togo,2007,775.41,,0.41,1,0
TGO,Togo,2008,775.6,,1.6,1,0
TGO,Togo,2009,136.29,,2.77,1,0
TGO,Togo,2010,615.06,,4.06,1,0
TGO,Togo,2011,742.81,,4.27,1,0
TGO,Togo,2012,41.03,,12.63,1,0
TGO,Togo,2013,9.37,,,1,0
TGO,Togo,2014,6.28,,,1,0
TGO,Togo,2015,5.32,,,1,0
TGO,Togo,2016,1.02,,,1,0
TGO,Togo,2017,0.03,,,1,0
TGO,Togo,2018,0.0,,,0,0
TGO,Togo,2019,,,,0,0
TGO,Togo,2020,21.68,,19.58,1,0
TGO,Togo,2021,20.09,,19.99,1,0
TGO,Togo,2022,1.86,,,1,0
TGO,Togo,2023,2.0,,,1,0
TON,Tonga,1960,,,,0,0
TON,Tonga,1961,,,,0,0
TON,Tonga,1962,,,,0,0
TON,Tonga,1963,,,,0,0
TON,Tonga,1964,,,,0,0
TON,Tonga,1965,,,,0,0
TON,Tonga,1966,,,,0,0
TON,Tonga,1967,,,,0,0
TON,Tonga,1968,,,,0,0
TON,Tonga,1969,,,,0,0
TON,Tonga,1970,,,,0,0
TON,Tonga,1971,,,,0,0
TON,Tonga,1972,,,,0,0
TON,Tonga,1973,,,,0,0
TON,Tonga,1974,,,,0,0
TON,Tonga,1975,,,,0,0
TON,Tonga,1976,,,,0,0
TON,Tonga,1977,,,,0,0
TON,Tonga,1978,,,,0,0
TON,Tonga,1979,,,,0,0
TON,Tonga,1980,,,,0,0
TON,Tonga,1981,,,,0,0
TON,Tonga,1982,,,,0,0
TON,Tonga,1983,,,,0,0
TON,Tonga,1984,,,,0,0
TON,Tonga,1985,,,,0,0
TON,Tonga,1986,,,,0,0
TON,Tonga,1987,,,,0,0
TON,Tonga,1988,,,,0,0
TON,Tonga,1989,,,,0,0
TON,Tonga,1990,,,,0,0
TON,Tonga,1991,,,,0,0
TON,Tonga,1992,,,,0,0
TON,Tonga,1993,,,,0,0
TON,Tonga,1994,,,,0,0
TON,Tonga,1995,,,,0,0
TON,Tonga,1996,,,,0,0
TON,Tonga,1997,0.03,,,1,0
TON,Tonga,1998,0.06,,,1,0
TON,Tonga,1999,0.31,,,1,0
TON,Tonga,2000,0.67,,,1,0
TON,Tonga,2001,1.8,,,1,0
TON,Tonga,2002,2.02,,0.0,1,0
TON,Tonga,2003,2.7,,0.0,1,0
TON,Tonga,2004,2.9,,0.12,1,0
TON,Tonga,2005,0.68,,,1,0
TON,Tonga,2006,1.43,,0.74,1,0
TON,Tonga,2007,0.65,,0.65,1,0
TON,Tonga,2008,2.41,,0.37,1,0
TON,Tonga,2009,0.73,,0.73,1,0
TON,Tonga,2010,0.02,0.02,,1,1
TON,Tonga,2011,0.08,0.08,0.0,1,1
TON,Tonga,2012,0.1,0.1,,1,1
TON,Tonga,2013,2.35,0.0,2.33,1,0
TON,Tonga,2014,0.82,0.0,0.82,1,0
TON,Tonga,2015,1.54,,1.54,1,0
TON,Tonga,2016,3.76,,3.76,1,0
TON,Tonga,2017,,,,0,0
TON,Tonga,2018,,,,0,0
TON,Tonga,2019,,,,0,0
TON,Tonga,2020,3.04,,3.04,1,0
TON,Tonga,2021,6.42,,6.42,1,0
TON,Tonga,2022,,,,0,0
TON,Tonga,2023,,,,0,0
TTO,Trinidad & Tobago,1960,,,,0,0
TTO,Trinidad & Tobago,1961,,,,0,0
TTO,Trinidad & Tobago,1962,,,,0,0
TTO,Trinidad & Tobago,1963,,,,0,0
TTO,Trinidad & Tobago,1964,,,,0,0
TTO,Trinidad & Tobago,1965,,,,0,0
TTO,Trinidad & Tobago,1966,,,,0,0
TTO,Trinidad & Tobago,1967,,,,0,0
TTO,Trinidad & Tobago,1968,,,,0,0
TTO,Trinidad & Tobago,1969,,,,0,0
TTO,Trinidad & Tobago,1970,,,,0,0
TTO,Trinidad & Tobago,1971,,,,0,0
TTO,Trinidad & Tobago,1972,,,,0,0
TTO,Trinidad & Tobago,1973,,,,0,0
TTO,Trinidad & Tobago,1974,,,,0,0
TTO,Trinidad & Tobago,1975,,,,0,0
TTO,Trinidad & Tobago,1976,,,,0,0
TTO,Trinidad & Tobago,1977,,,,0,0
TTO,Trinidad & Tobago,1978,,,,0,0
TTO,Trinidad & Tobago,1979,,,,0,0
TTO,Trinidad & Tobago,1980,,,,0,0
TTO,Trinidad & Tobago,1981,,,,0,0
TTO,Trinidad & Tobago,1982,,,,0,0
TTO,Trinidad & Tobago,1983,,,,0,0
TTO,Trinidad & Tobago,1984,,,,0,0
TTO,Trinidad & Tobago,1985,,,,0,0
TTO,Trinidad & Tobago,1986,,,,0,0
TTO,Trinidad & Tobago,1987,,,,0,0
TTO,Trinidad & Tobago,1988,401.51,,,1,0
TTO,Trinidad & Tobago,1989,655.0,,,1,0
TTO,Trinidad & Tobago,1990,110.0,,,1,0
TTO,Trinidad & Tobago,1991,,,,0,0
TTO,Trinidad & Tobago,1992,,,,0,0
TTO,Trinidad & Tobago,1993,,,,0,0
TTO,Trinidad & Tobago,1994,,,,0,0
TTO,Trinidad & Tobago,1995,,,,0,0
TTO,Trinidad & Tobago,1996,,,,0,0
TTO,Trinidad & Tobago,1997,,,,0,0
TTO,Trinidad & Tobago,1998,,,,0,0
TTO,Trinidad & Tobago,1999,,,,0,0
TTO,Trinidad & Tobago,2000,,,,0,0
TTO,Trinidad & Tobago,2001,,,,0,0
TTO,Trinidad & Tobago,2002,,,,0,0
TTO,Trinidad & Tobago,2003,,,,0,0
TTO,Trinidad & Tobago,2004,,,,0,0
TTO,Trinidad & Tobago,2005,,,,0,0
TTO,Trinidad & Tobago,2006,,,,0,0
TTO,Trinidad & Tobago,2007,,,,0,0
TTO,Trinidad & Tobago,2008,,,,0,0
TTO,Trinidad & Tobago,2009,,,,0,0
TTO,Trinidad & Tobago,2010,,,,0,0
TTO,Trinidad & Tobago,2011,,,,0,0
TTO,Trinidad & Tobago,2012,,,,0,0
TTO,Trinidad & Tobago,2013,,,,0,0
TTO,Trinidad & Tobago,2014,,,,0,0
TTO,Trinidad & Tobago,2015,,,,0,0
TTO,Trinidad & Tobago,2016,,,,0,0
TTO,Trinidad & Tobago,2017,,,,0,0
TTO,Trinidad & Tobago,2018,,,,0,0
TTO,Trinidad & Tobago,2019,,,,0,0
TTO,Trinidad & Tobago,2020,,,,0,0
TTO,Trinidad & Tobago,2021,,,,0,0
TTO,Trinidad & Tobago,2022,,,,0,0
TTO,Trinidad & Tobago,2023,,,,0,0
TUN,Tunisia,1960,,,,0,0
TUN,Tunisia,1961,,,,0,0
TUN,Tunisia,1962,,,,0,0
TUN,Tunisia,1963,,,,0,0
TUN,Tunisia,1964,,,,0,0
TUN,Tunisia,1965,,,,0,0
TUN,Tunisia,1966,,,,0,0
TUN,Tunisia,1967,,,,0,0
TUN,Tunisia,1968,,,,0,0
TUN,Tunisia,1969,,,,0,0
TUN,Tunisia,1970,2.83,,,1,0
TUN,Tunisia,1971,4.53,,,1,0
TUN,Tunisia,1972,4.75,,,1,0
TUN,Tunisia,1973,5.34,,,1,0
TUN,Tunisia,1974,5.73,0.06,,1,1
TUN,Tunisia,1975,5.78,0.06,,1,1
TUN,Tunisia,1976,5.22,0.04,,1,1
TUN,Tunisia,1977,5.71,0.14,,1,1
TUN,Tunisia,1978,6.87,0.36,,1,1
TUN,Tunisia,1979,6.71,0.19,,1,1
TUN,Tunisia,1980,6.13,0.21,,1,1
TUN,Tunisia,1981,4.6,0.11,,1,1
TUN,Tunisia,1982,4.06,0.19,,1,1
TUN,Tunisia,1983,6.61,0.23,,1,1
TUN,Tunisia,1984,3.19,0.37,,1,1
TUN,Tunisia,1985,16.92,4.06,,1,1
TUN,Tunisia,1986,21.35,5.75,,1,1
TUN,Tunisia,1987,5.29,4.69,,1,1
TUN,Tunisia,1988,,,,0,0
TUN,Tunisia,1989,6.31,0.74,,1,1
TUN,Tunisia,1990,22.09,7.33,,1,1
TUN,Tunisia,1991,82.26,31.2,,1,1
TUN,Tunisia,1992,13.63,2.03,,1,1
TUN,Tunisia,1993,3.2,,,1,0
TUN,Tunisia,1994,16.45,0.25,,1,1
TUN,Tunisia,1995,0.74,0.25,,1,1
TUN,Tunisia,1996,0.19,,,1,0
TUN,Tunisia,1997,,,,0,0
TUN,Tunisia,1998,,,,0,0
TUN,Tunisia,1999,,,,0,0
TUN,Tunisia,2000,,,,0,0
TUN,Tunisia,2001,,,,0,0
TUN,Tunisia,2002,,,,0,0
TUN,Tunisia,2003,,,,0,0
TUN,Tunisia,2004,,,,0,0
TUN,Tunisia,2005,,,,0,0
TUN,Tunisia,2006,,,,0,0
TUN,Tunisia,2007,,,,0,0
TUN,Tunisia,2008,,,,0,0
TUN,Tunisia,2009,,,,0,0
TUN,Tunisia,2010,,,,0,0
TUN,Tunisia,2011,,,,0,0
TUN,Tunisia,2012,,,,0,0
TUN,Tunisia,2013,5.5,,,1,0
TUN,Tunisia,2014,2.42,,,1,0
TUN,Tunisia,2015,0.27,,,1,0
TUN,Tunisia,2016,,,,0,0
TUN,Tunisia,2017,,,,0,0
TUN,Tunisia,2018,,,,0,0
TUN,Tunisia,2019,,,,0,0
TUN,Tunisia,2020,,,,0,0
TUN,Tunisia,2021,,,,0,0
TUN,Tunisia,2022,,,,0,0
TUN,Tunisia,2023,,,,0,0
TUR,Turkey,1960,,,,0,0
TUR,Turkey,1961,,,,0,0
TUR,Turkey,1962,,,,0,0
TUR,Turkey,1963,,,,0,0
TUR,Turkey,1964,,,,0,0
TUR,Turkey,1965,220.0,,,1,0
TUR,Turkey,1966,,,,0,0
TUR,Turkey,1967,,,,0,0
TUR,Turkey,1968,,,,0,0
TUR,Turkey,1969,,,,0,0
TUR,Turkey,1970,75.0,,,1,0
TUR,Turkey,1971,0.52,,,1,0
TUR,Turkey,1972,,,,0,0
TUR,Turkey,1973,,,,0,0
TUR,Turkey,1974,,,,0,0
TUR,Turkey,1975,,,,0,0
TUR,Turkey,1976,,,,0,0
TUR,Turkey,1977,0.21,,,1,0
TUR,Turkey,1978,3300.37,0.1,,1,1
TUR,Turkey,1979,4064.45,,,1,0
TUR,Turkey,1980,3033.95,1.4,,1,1
TUR,Turkey,1981,130.34,3.4,,1,1
TUR,Turkey,1982,2925.41,,,1,0
TUR,Turkey,1983,23.54,0.2,,1,1
TUR,Turkey,1984,21.53,0.4,,1,1
TUR,Turkey,1985,,,,0,0
TUR,Turkey,1986,,,,0,0
TUR,Turkey,1987,,,,0,0
TUR,Turkey,1988,,,,0,0
TUR,Turkey,1989,,,,0,0
TUR,Turkey,1990,,,,0,0
TUR,Turkey,1991,,,,0,0
TUR,Turkey,1992,,,,0,0
TUR,Turkey,1993,,,,0,0
TUR,Turkey,1994,,,,0,0
TUR,Turkey,1995,,,,0,0
TUR,Turkey,1996,,,,0,0
TUR,Turkey,1997,,,,0,0
TUR,Turkey,1998,,,,0,0
TUR,Turkey,1999,48280.0,,,1,0
TUR,Turkey,2000,,,,0,0
TUR,Turkey,2001,,,,0,0
TUR,Turkey,2002,,,,0,0
TUR,Turkey,2003,,,,0,0
TUR,Turkey,2004,,,,0,0
TUR,Turkey,2005,,,,0,0
TUR,Turkey,2006,,,,0,0
TUR,Turkey,2007,,,,0,0
TUR,Turkey,2008,,,,0,0
TUR,Turkey,2009,,,,0,0
TUR,Turkey,2010,,,,0,0
TUR,Turkey,2011,13.61,,,1,0
TUR,Turkey,2012,,,,0,0
TUR,Turkey,2013,,,,0,0
TUR,Turkey,2014,,,,0,0
TUR,Turkey,2015,,,,0,0
TUR,Turkey,2016,,,,0,0
TUR,Turkey,2017,563.0,,,1,0
TUR,Turkey,2018,,,,0,0
TUR,Turkey,2019,,,,0,0
TUR,Turkey,2020,0.14,,,1,0
TUR,Turkey,2021,,,,0,0
TUR,Turkey,2022,,,,0,0
TUR,Turkey,2023,,,,0,0
TKM,Turkmenistan,1960,,,,0,0
TKM,Turkmenistan,1961,,,,0,0
TKM,Turkmenistan,1962,,,,0,0
TKM,Turkmenistan,1963,,,,0,0
TKM,Turkmenistan,1964,,,,0,0
TKM,Turkmenistan,1965,,,,0,0
TKM,Turkmenistan,1966,,,,0,0
TKM,Turkmenistan,1967,,,,0,0
TKM,Turkmenistan,1968,,,,0,0
TKM,Turkmenistan,1969,,,,0,0
TKM,Turkmenistan,1970,,,,0,0
TKM,Turkmenistan,1971,,,,0,0
TKM,Turkmenistan,1972,,,,0,0
TKM,Turkmenistan,1973,,,,0,0
TKM,Turkmenistan,1974,,,,0,0
TKM,Turkmenistan,1975,,,,0,0
TKM,Turkmenistan,1976,,,,0,0
TKM,Turkmenistan,1977,,,,0,0
TKM,Turkmenistan,1978,,,,0,0
TKM,Turkmenistan,1979,,,,0,0
TKM,Turkmenistan,1980,,,,0,0
TKM,Turkmenistan,1981,,,,0,0
TKM,Turkmenistan,1982,,,,0,0
TKM,Turkmenistan,1983,,,,0,0
TKM,Turkmenistan,1984,,,,0,0
TKM,Turkmenistan,1985,,,,0,0
TKM,Turkmenistan,1986,,,,0,0
TKM,Turkmenistan,1987,,,,0,0
TKM,Turkmenistan,1988,,,,0,0
TKM,Turkmenistan,1989,,,,0,0
TKM,Turkmenistan,1990,,,,0,0
TKM,Turkmenistan,1991,,,,0,0
TKM,Turkmenistan,1992,,,,0,0
TKM,Turkmenistan,1993,,,,0,0
TKM,Turkmenistan,1994,38.4,18.51,,1,1
TKM,Turkmenistan,1995,139.64,20.03,,1,1
TKM,Turkmenistan,1996,64.61,28.79,1.7,1,1
TKM,Turkmenistan,1997,68.38,29.19,0.63,1,1
TKM,Turkmenistan,1998,89.49,34.22,,1,1
TKM,Turkmenistan,1999,90.29,42.33,4.7,1,1
TKM,Turkmenistan,2000,200.83,138.89,6.53,1,1
TKM,Turkmenistan,2001,123.8,103.61,6.03,1,1
TKM,Turkmenistan,2002,56.31,38.32,6.03,1,1
TKM,Turkmenistan,2003,25.95,0.33,6.03,1,1
TKM,Turkmenistan,2004,29.09,1.16,4.85,1,1
TKM,Turkmenistan,2005,22.38,,0.37,1,0
TKM,Turkmenistan,2006,5.06,0.31,,1,1
TKM,Turkmenistan,2007,5.14,,,1,0
TKM,Turkmenistan,2008,1.42,,,1,0
TKM,Turkmenistan,2009,1.42,,,1,0
TKM,Turkmenistan,2010,0.94,,,1,0
TKM,Turkmenistan,2011,,,,0,0
TKM,Turkmenistan,2012,0.01,,0.0,1,0
TKM,Turkmenistan,2013,,,,0,0
TKM,Turkmenistan,2014,,,,0,0
TKM,Turkmenistan,2015,,,,0,0
TKM,Turkmenistan,2016,,,,0,0
TKM,Turkmenistan,2017,,,,0,0
TKM,Turkmenistan,2018,,,,0,0
TKM,Turkmenistan,2019,,,,0,0
TKM,Turkmenistan,2020,,,,0,0
TKM,Turkmenistan,2021,,,,0,0
TKM,Turkmenistan,2022,,,,0,0
TKM,Turkmenistan,2023,,,,0,0
TUV,Tuvalu,1960,,,,0,0
TUV,Tuvalu,1961,,,,0,0
TUV,Tuvalu,1962,,,,0,0
TUV,Tuvalu,1963,,,,0,0
TUV,Tuvalu,1964,,,,0,0
TUV,Tuvalu,1965,,,,0,0
TUV,Tuvalu,1966,,,,0,0
TUV,Tuvalu,1967,,,,0,0
TUV,Tuvalu,1968,,,,0,0
TUV,Tuvalu,1969,,,,0,0
TUV,Tuvalu,1970,,,,0,0
TUV,Tuvalu,1971,,,,0,0
TUV,Tuvalu,1972,,,,0,0
TUV,Tuvalu,1973,,,,0,0
TUV,Tuvalu,1974,,,,0,0
TUV,Tuvalu,1975,,,,0,0
TUV,Tuvalu,1976,,,,0,0
TUV,Tuvalu,1977,,,,0,0
TUV,Tuvalu,1978,,,,0,0
TUV,Tuvalu,1979,,,,0,0
TUV,Tuvalu,1980,,,,0,0
TUV,Tuvalu,1981,,,,0,0
TUV,Tuvalu,1982,,,,0,0
TUV,Tuvalu,1983,,,,0,0
TUV,Tuvalu,1984,,,,0,0
TUV,Tuvalu,1985,,,,0,0
TUV,Tuvalu,1986,,,,0,0
TUV,Tuvalu,1987,,,,0,0
TUV,Tuvalu,1988,,,,0,0
TUV,Tuvalu,1989,,,,0,0
TUV,Tuvalu,1990,,,,0,0
TUV,Tuvalu,1991,,,,0,0
TUV,Tuvalu,1992,,,,0,0
TUV,Tuvalu,1993,,,,0,0
TUV,Tuvalu,1994,,,,0,0
TUV,Tuvalu,1995,,,,0,0
TUV,Tuvalu,1996,,,,0,0
TUV,Tuvalu,1997,,,,0,0
TUV,Tuvalu,1998,,,,0,0
TUV,Tuvalu,1999,,,,0,0
TUV,Tuvalu,2000,,,,0,0
TUV,Tuvalu,2001,,,,0,0
TUV,Tuvalu,2002,,,,0,0
TUV,Tuvalu,2003,,,,0,0
TUV,Tuvalu,2004,,,,0,0
TUV,Tuvalu,2005,,,,0,0
TUV,Tuvalu,2006,,,,0,0
TUV,Tuvalu,2007,,,,0,0
TUV,Tuvalu,2008,,,,0,0
TUV,Tuvalu,2009,,,,0,0
TUV,Tuvalu,2010,,,,0,0
TUV,Tuvalu,2011,,,,0,0
TUV,Tuvalu,2012,,,,0,0
TUV,Tuvalu,2013,,,,0,0
TUV,Tuvalu,2014,,,,0,0
TUV,Tuvalu,2015,,,,0,0
TUV,Tuvalu,2016,,,,0,0
TUV,Tuvalu,2017,,,,0,0
TUV,Tuvalu,2018,,,,0,0
TUV,Tuvalu,2019,,,,0,0
TUV,Tuvalu,2020,,,,0,0
TUV,Tuvalu,2021,,,,0,0
TUV,Tuvalu,2022,,,,0,0
TUV,Tuvalu,2023,,,,0,0
UGA,Uganda,1960,,,,0,0
UGA,Uganda,1961,,,,0,0
UGA,Uganda,1962,,,,0,0
UGA,Uganda,1963,,,,0,0
UGA,Uganda,1964,,,,0,0
UGA,Uganda,1965,,,,0,0
UGA,Uganda,1966,,,,0,0
UGA,Uganda,1967,,,,0,0
UGA,Uganda,1968,,,,0,0
UGA,Uganda,1969,,,,0,0
UGA,Uganda,1970,0.06,,,1,0
UGA,Uganda,1971,0.07,,,1,0
UGA,Uganda,1972,0.43,,,1,0
UGA,Uganda,1973,0.57,0.01,,1,1
UGA,Uganda,1974,1.0,0.01,,1,1
UGA,Uganda,1975,4.32,0.16,,1,1
UGA,Uganda,1976,12.81,2.63,,1,1
UGA,Uganda,1977,15.74,5.43,,1,1
UGA,Uganda,1978,40.1,20.66,,1,1
UGA,Uganda,1979,66.78,36.83,,1,1
UGA,Uganda,1980,100.61,60.28,,1,1
UGA,Uganda,1981,74.47,20.28,,1,1
UGA,Uganda,1982,56.22,24.44,,1,1
UGA,Uganda,1983,39.04,25.23,,1,1
UGA,Uganda,1984,47.96,29.64,,1,1
UGA,Uganda,1985,68.18,42.33,,1,1
UGA,Uganda,1986,107.24,63.97,,1,1
UGA,Uganda,1987,368.2,52.72,,1,1
UGA,Uganda,1988,185.91,83.59,,1,1
UGA,Uganda,1989,232.33,126.33,1.91,1,1
UGA,Uganda,1990,399.99,173.06,,1,1
UGA,Uganda,1991,464.26,203.09,,1,1
UGA,Uganda,1992,419.15,214.15,,1,1
UGA,Uganda,1993,425.12,,18.36,1,0
UGA,Uganda,1994,465.28,74.83,0.83,1,1
UGA,Uganda,1995,511.97,75.97,6.3,1,1
UGA,Uganda,1996,282.4,73.87,1.34,1,1
UGA,Uganda,1997,340.64,74.96,1.34,1,1
UGA,Uganda,1998,397.11,64.24,1.53,1,1
UGA,Uganda,1999,260.4,18.38,1.19,1,1
UGA,Uganda,2000,309.38,18.02,15.0,1,1
UGA,Uganda,2001,323.43,24.21,0.6,1,1
UGA,Uganda,2002,352.21,22.46,1.93,1,1
UGA,Uganda,2003,345.96,6.55,3.26,1,1
UGA,Uganda,2004,305.28,,5.2,1,0
UGA,Uganda,2005,113.43,,7.31,1,0
UGA,Uganda,2006,3652.33,,9.6,1,0
UGA,Uganda,2007,99.27,,,1,0
UGA,Uganda,2008,83.76,,,1,0
UGA,Uganda,2009,77.02,,,1,0
UGA,Uganda,2010,103.65,,,1,0
UGA,Uganda,2011,76.95,,,1,0
UGA,Uganda,2012,76.96,,,1,0
UGA,Uganda,2013,77.28,,,1,0
UGA,Uganda,2014,85.06,,,1,0
UGA,Uganda,2015,70.12,,,1,0
UGA,Uganda,2016,70.01,,,1,0
UGA,Uganda,2017,70.12,,,1,0
UGA,Uganda,2018,70.49,,,1,0
UGA,Uganda,2019,70.48,,,1,0
UGA,Uganda,2020,70.53,,,1,0
UGA,Uganda,2021,70.67,,,1,0
UGA,Uganda,2022,70.46,,,1,0
UGA,Uganda,2023,71.0,,,1,0
UKR,Ukraine,1960,,,,0,0
UKR,Ukraine,1961,,,,0,0
UKR,Ukraine,1962,,,,0,0
UKR,Ukraine,1963,,,,0,0
UKR,Ukraine,1964,,,,0,0
UKR,Ukraine,1965,,,,0,0
UKR,Ukraine,1966,,,,0,0
UKR,Ukraine,1967,,,,0,0
UKR,Ukraine,1968,,,,0,0
UKR,Ukraine,1969,,,,0,0
UKR,Ukraine,1970,,,,0,0
UKR,Ukraine,1971,,,,0,0
UKR,Ukraine,1972,,,,0,0
UKR,Ukraine,1973,,,,0,0
UKR,Ukraine,1974,,,,0,0
UKR,Ukraine,1975,,,,0,0
UKR,Ukraine,1976,,,,0,0
UKR,Ukraine,1977,,,,0,0
UKR,Ukraine,1978,,,,0,0
UKR,Ukraine,1979,,,,0,0
UKR,Ukraine,1980,,,,0,0
UKR,Ukraine,1981,,,,0,0
UKR,Ukraine,1982,,,,0,0
UKR,Ukraine,1983,,,,0,0
UKR,Ukraine,1984,,,,0,0
UKR,Ukraine,1985,,,,0,0
UKR,Ukraine,1986,,,,0,0
UKR,Ukraine,1987,,,,0,0
UKR,Ukraine,1988,,,,0,0
UKR,Ukraine,1989,,,,0,0
UKR,Ukraine,1990,,,,0,0
UKR,Ukraine,1991,,,,0,0
UKR,Ukraine,1992,1.99,1.99,,1,1
UKR,Ukraine,1993,31.52,2.11,,1,1
UKR,Ukraine,1994,807.14,75.66,,1,1
UKR,Ukraine,1995,1257.24,100.7,,1,1
UKR,Ukraine,1996,106.47,105.84,,1,1
UKR,Ukraine,1997,278.4,128.56,,1,1
UKR,Ukraine,1998,958.19,291.1,,1,1
UKR,Ukraine,1999,4884.95,,,1,0
UKR,Ukraine,2000,4634.26,,,1,0
UKR,Ukraine,2001,580.0,,,1,0
UKR,Ukraine,2002,309.11,,,1,0
UKR,Ukraine,2003,281.71,,,1,0
UKR,Ukraine,2004,,,,0,0
UKR,Ukraine,2005,,,,0,0
UKR,Ukraine,2006,,,,0,0
UKR,Ukraine,2007,,,,0,0
UKR,Ukraine,2008,,,,0,0
UKR,Ukraine,2009,,,,0,0
UKR,Ukraine,2010,,,,0,0
UKR,Ukraine,2011,,,,0,0
UKR,Ukraine,2012,,,,0,0
UKR,Ukraine,2013,,,,0,0
UKR,Ukraine,2014,1552.0,,1552.0,1,0
UKR,Ukraine,2015,19186.55,,,1,0
UKR,Ukraine,2016,22573.1,,,1,0
UKR,Ukraine,2017,3259.65,,3000.0,1,0
UKR,Ukraine,2018,,,,0,0
UKR,Ukraine,2019,,,,0,0
UKR,Ukraine,2020,,,,0,0
UKR,Ukraine,2021,,,,0,0
UKR,Ukraine,2022,36527.45,,95.45,1,0
UKR,Ukraine,2023,39200.45,,95.45,1,0
URY,Uruguay,1960,,,,0,0
URY,Uruguay,1961,,,,0,0
URY,Uruguay,1962,,,,0,0
URY,Uruguay,1963,,,,0,0
URY,Uruguay,1964,,,,0,0
URY,Uruguay,1965,161.9,20.0,,1,1
URY,Uruguay,1966,,,,0,0
URY,Uruguay,1967,,,,0,0
URY,Uruguay,1968,,,,0,0
URY,Uruguay,1969,,,,0,0
URY,Uruguay,1970,,,,0,0
URY,Uruguay,1971,,,,0,0
URY,Uruguay,1972,,,,0,0
URY,Uruguay,1973,,,,0,0
URY,Uruguay,1974,,,,0,0
URY,Uruguay,1975,,,,0,0
URY,Uruguay,1976,,,,0,0
URY,Uruguay,1977,,,,0,0
URY,Uruguay,1978,,,,0,0
URY,Uruguay,1979,,,,0,0
URY,Uruguay,1980,,,,0,0
URY,Uruguay,1981,,,,0,0
URY,Uruguay,1982,,,,0,0
URY,Uruguay,1983,575.0,,,1,0
URY,Uruguay,1984,111.0,,,1,0
URY,Uruguay,1985,234.0,,,1,0
URY,Uruguay,1986,1958.0,,,1,0
URY,Uruguay,1987,,,,0,0
URY,Uruguay,1988,1770.0,,,1,0
URY,Uruguay,1989,,,,0,0
URY,Uruguay,1990,1608.0,,,1,0
URY,Uruguay,1991,1610.0,,,1,0
URY,Uruguay,1992,,,,0,0
URY,Uruguay,1993,,,,0,0
URY,Uruguay,1994,,,,0,0
URY,Uruguay,1995,,,,0,0
URY,Uruguay,1996,,,,0,0
URY,Uruguay,1997,,,,0,0
URY,Uruguay,1998,,,,0,0
URY,Uruguay,1999,,,,0,0
URY,Uruguay,2000,,,,0,0
URY,Uruguay,2001,,,,0,0
URY,Uruguay,2002,,,,0,0
URY,Uruguay,2003,4900.0,,,1,0
URY,Uruguay,2004,,,,0,0
URY,Uruguay,2005,,,,0,0
URY,Uruguay,2006,,,,0,0
URY,Uruguay,2007,,,,0,0
URY,Uruguay,2008,,,,0,0
URY,Uruguay,2009,,,,0,0
URY,Uruguay,2010,,,,0,0
URY,Uruguay,2011,,,,0,0
URY,Uruguay,2012,,,,0,0
URY,Uruguay,2013,,,,0,0
URY,Uruguay,2014,,,,0,0
URY,Uruguay,2015,,,,0,0
URY,Uruguay,2016,,,,0,0
URY,Uruguay,2017,,,,0,0
URY,Uruguay,2018,,,,0,0
URY,Uruguay,2019,,,,0,0
URY,Uruguay,2020,,,,0,0
URY,Uruguay,2021,,,,0,0
URY,Uruguay,2022,,,,0,0
URY,Uruguay,2023,,,,0,0
RUS,USSR/Russia,1960,10938.0,,,1,0
RUS,USSR/Russia,1961,11402.72,,,1,0
RUS,USSR/Russia,1962,11887.15,,,1,0
RUS,USSR/Russia,1963,12394.11,,,1,0
RUS,USSR/Russia,1964,12920.16,,,1,0
RUS,USSR/Russia,1965,13468.84,,,1,0
RUS,USSR/Russia,1966,14042.76,,,1,0
RUS,USSR/Russia,1967,12588.15,,,1,0
RUS,USSR/Russia,1968,13124.2,,,1,0
RUS,USSR/Russia,1969,13668.92,,,1,0
RUS,USSR/Russia,1970,14231.92,,,1,0
RUS,USSR/Russia,1971,15749.72,,,1,0
RUS,USSR/Russia,1972,15630.22,,,1,0
RUS,USSR/Russia,1973,15750.11,,,1,0
RUS,USSR/Russia,1974,16323.68,,,1,0
RUS,USSR/Russia,1975,14903.81,,,1,0
RUS,USSR/Russia,1976,14001.23,,,1,0
RUS,USSR/Russia,1977,16345.16,,,1,0
RUS,USSR/Russia,1978,18627.82,,,1,0
RUS,USSR/Russia,1979,19444.49,,,1,0
RUS,USSR/Russia,1980,21638.3,,,1,0
RUS,USSR/Russia,1981,17844.47,,,1,0
RUS,USSR/Russia,1982,15658.29,,,1,0
RUS,USSR/Russia,1983,14650.44,,,1,0
RUS,USSR/Russia,1984,12516.69,,,1,0
RUS,USSR/Russia,1985,15974.06,,,1,0
RUS,USSR/Russia,1986,17301.87,,,1,0
RUS,USSR/Russia,1987,615.0,,,1,0
RUS,USSR/Russia,1988,564.0,,,1,0
RUS,USSR/Russia,1989,617.0,,,1,0
RUS,USSR/Russia,1990,730.0,,,1,0
RUS,USSR/Russia,1991,31011.93,,,1,0
RUS,USSR/Russia,1992,24733.1,,,1,0
RUS,USSR/Russia,1993,45105.03,,,1,0
RUS,USSR/Russia,1994,33542.36,,,1,0
RUS,USSR/Russia,1995,36458.0,,,1,0
RUS,USSR/Russia,1996,70182.0,,,1,0
RUS,USSR/Russia,1997,41733.43,,,1,0
RUS,USSR/Russia,1998,77719.59,,,1,0
RUS,USSR/Russia,1999,96152.21,,,1,0
RUS,USSR/Russia,2000,49315.45,,,1,0
RUS,USSR/Russia,2001,12680.82,,,1,0
RUS,USSR/Russia,2002,10977.12,,,1,0
RUS,USSR/Russia,2003,9951.61,,,1,0
RUS,USSR/Russia,2004,6601.9,,,1,0
RUS,USSR/Russia,2005,4895.99,,,1,0
RUS,USSR/Russia,2006,1802.8,320.27,,1,1
RUS,USSR/Russia,2007,644.85,,,1,0
RUS,USSR/Russia,2008,769.75,13.45,,1,1
RUS,USSR/Russia,2009,427.08,,,1,0
RUS,USSR/Russia,2010,6.6,,,1,0
RUS,USSR/Russia,2011,1.84,,,1,0
RUS,USSR/Russia,2012,1.84,,,1,0
RUS,USSR/Russia,2013,,,,0,0
RUS,USSR/Russia,2014,,,,0,0
RUS,USSR/Russia,2015,,,,0,0
RUS,USSR/Russia,2016,,,,0,0
RUS,USSR/Russia,2017,,,,0,0
RUS,USSR/Russia,2018,,,,0,0
RUS,USSR/Russia,2019,,,,0,0
RUS,USSR/Russia,2020,,,,0,0
RUS,USSR/Russia,2021,,,,0,0
RUS,USSR/Russia,2022,44443.0,,,1,0
RUS,USSR/Russia,2023,47067.0,,,1,0
UZB,Uzbekistan,1960,,,,0,0
UZB,Uzbekistan,1961,,,,0,0
UZB,Uzbekistan,1962,,,,0,0
UZB,Uzbekistan,1963,,,,0,0
UZB,Uzbekistan,1964,,,,0,0
UZB,Uzbekistan,1965,,,,0,0
UZB,Uzbekistan,1966,,,,0,0
UZB,Uzbekistan,1967,,,,0,0
UZB,Uzbekistan,1968,,,,0,0
UZB,Uzbekistan,1969,,,,0,0
UZB,Uzbekistan,1970,,,,0,0
UZB,Uzbekistan,1971,,,,0,0
UZB,Uzbekistan,1972,,,,0,0
UZB,Uzbekistan,1973,,,,0,0
UZB,Uzbekistan,1974,,,,0,0
UZB,Uzbekistan,1975,,,,0,0
UZB,Uzbekistan,1976,,,,0,0
UZB,Uzbekistan,1977,,,,0,0
UZB,Uzbekistan,1978,,,,0,0
UZB,Uzbekistan,1979,,,,0,0
UZB,Uzbekistan,1980,,,,0,0
UZB,Uzbekistan,1981,,,,0,0
UZB,Uzbekistan,1982,,,,0,0
UZB,Uzbekistan,1983,,,,0,0
UZB,Uzbekistan,1984,,,,0,0
UZB,Uzbekistan,1985,,,,0,0
UZB,Uzbekistan,1986,,,,0,0
UZB,Uzbekistan,1987,,,,0,0
UZB,Uzbekistan,1988,,,,0,0
UZB,Uzbekistan,1989,,,,0,0
UZB,Uzbekistan,1990,,,,0,0
UZB,Uzbekistan,1991,,,,0,0
UZB,Uzbekistan,1992,,,,0,0
UZB,Uzbekistan,1993,,,,0,0
UZB,Uzbekistan,1994,,,,0,0
UZB,Uzbekistan,1995,,,,0,0
UZB,Uzbekistan,1996,,,,0,0
UZB,Uzbekistan,1997,500.61,,,1,0
UZB,Uzbekistan,1998,6.7,6.7,,1,1
UZB,Uzbekistan,1999,22.8,22.8,,1,1
UZB,Uzbekistan,2000,20.4,20.4,,1,1
UZB,Uzbekistan,2001,19.49,19.49,,1,1
UZB,Uzbekistan,2002,132.33,132.33,,1,1
UZB,Uzbekistan,2003,40.84,40.84,,1,1
UZB,Uzbekistan,2004,47.38,47.38,,1,1
UZB,Uzbekistan,2005,43.16,43.16,,1,1
UZB,Uzbekistan,2006,,,,0,0
UZB,Uzbekistan,2007,88.16,88.16,,1,1
UZB,Uzbekistan,2008,113.21,113.21,,1,1
UZB,Uzbekistan,2009,80.88,80.88,,1,1
UZB,Uzbekistan,2010,192.13,192.13,,1,1
UZB,Uzbekistan,2011,161.46,161.46,,1,1
UZB,Uzbekistan,2012,1.34,1.34,,1,1
UZB,Uzbekistan,2013,,,,0,0
UZB,Uzbekistan,2014,,,,0,0
UZB,Uzbekistan,2015,0.16,,,1,0
UZB,Uzbekistan,2016,19.46,,0.87,1,0
UZB,Uzbekistan,2017,1.88,,1.84,1,0
UZB,Uzbekistan,2018,2.63,,2.63,1,0
UZB,Uzbekistan,2019,3.43,,3.43,1,0
UZB,Uzbekistan,2020,4.83,,4.59,1,0
UZB,Uzbekistan,2021,6.6,,5.65,1,0
UZB,Uzbekistan,2022,23.72,,6.01,1,0
UZB,Uzbekistan,2023,20.0,,6.0,1,0
VUT,Vanuatu,1960,,,,0,0
VUT,Vanuatu,1961,,,,0,0
VUT,Vanuatu,1962,,,,0,0
VUT,Vanuatu,1963,,,,0,0
VUT,Vanuatu,1964,,,,0,0
VUT,Vanuatu,1965,,,,0,0
VUT,Vanuatu,1966,,,,0,0
VUT,Vanuatu,1967,,,,0,0
VUT,Vanuatu,1968,,,,0,0
VUT,Vanuatu,1969,,,,0,0
VUT,Vanuatu,1970,,,,0,0
VUT,Vanuatu,1971,,,,0,0
VUT,Vanuatu,1972,,,,0,0
VUT,Vanuatu,1973,,,,0,0
VUT,Vanuatu,1974,,,,0,0
VUT,Vanuatu,1975,,,,0,0
VUT,Vanuatu,1976,,,,0,0
VUT,Vanuatu,1977,,,,0,0
VUT,Vanuatu,1978,,,,0,0
VUT,Vanuatu,1979,,,,0,0
VUT,Vanuatu,1980,,,,0,0
VUT,Vanuatu,1981,,,,0,0
VUT,Vanuatu,1982,,,,0,0
VUT,Vanuatu,1983,,,,0,0
VUT,Vanuatu,1984,,,,0,0
VUT,Vanuatu,1985,,,,0,0
VUT,Vanuatu,1986,,,,0,0
VUT,Vanuatu,1987,,,,0,0
VUT,Vanuatu,1988,,,,0,0
VUT,Vanuatu,1989,,,,0,0
VUT,Vanuatu,1990,,,,0,0
VUT,Vanuatu,1991,5.58,,,1,0
VUT,Vanuatu,1992,,,,0,0
VUT,Vanuatu,1993,,,,0,0
VUT,Vanuatu,1994,,,,0,0
VUT,Vanuatu,1995,,,,0,0
VUT,Vanuatu,1996,,,,0,0
VUT,Vanuatu,1997,,,,0,0
VUT,Vanuatu,1998,,,,0,0
VUT,Vanuatu,1999,,,,0,0
VUT,Vanuatu,2000,,,,0,0
VUT,Vanuatu,2001,,,,0,0
VUT,Vanuatu,2002,,,,0,0
VUT,Vanuatu,2003,10.0,,10.0,1,0
VUT,Vanuatu,2004,0.52,,,1,0
VUT,Vanuatu,2005,4.85,,3.73,1,0
VUT,Vanuatu,2006,0.63,,,1,0
VUT,Vanuatu,2007,0.7,,,1,0
VUT,Vanuatu,2008,0.66,,,1,0
VUT,Vanuatu,2009,,,,0,0
VUT,Vanuatu,2010,,,,0,0
VUT,Vanuatu,2011,,,,0,0
VUT,Vanuatu,2012,,,,0,0
VUT,Vanuatu,2013,10.0,,10.0,1,0
VUT,Vanuatu,2014,,,,0,0
VUT,Vanuatu,2015,3.0,,3.0,1,0
VUT,Vanuatu,2016,3.0,,3.0,1,0
VUT,Vanuatu,2017,3.0,,3.0,1,0
VUT,Vanuatu,2018,2.8,,2.8,1,0
VUT,Vanuatu,2019,,,,0,0
VUT,Vanuatu,2020,,,,0,0
VUT,Vanuatu,2021,,,,0,0
VUT,Vanuatu,2022,,,,0,0
VUT,Vanuatu,2023,,,,0,0
VEN,Venezuela,1960,,,,0,0
VEN,Venezuela,1961,,,,0,0
VEN,Venezuela,1962,,,,0,0
VEN,Venezuela,1963,,,,0,0
VEN,Venezuela,1964,,,,0,0
VEN,Venezuela,1965,,,,0,0
VEN,Venezuela,1966,,,,0,0
VEN,Venezuela,1967,,,,0,0
VEN,Venezuela,1968,,,,0,0
VEN,Venezuela,1969,,,,0,0
VEN,Venezuela,1970,,,,0,0
VEN,Venezuela,1971,,,,0,0
VEN,Venezuela,1972,,,,0,0
VEN,Venezuela,1973,,,,0,0
VEN,Venezuela,1974,,,,0,0
VEN,Venezuela,1975,,,,0,0
VEN,Venezuela,1976,,,,0,0
VEN,Venezuela,1977,,,,0,0
VEN,Venezuela,1978,52.9,52.0,,1,1
VEN,Venezuela,1979,160.2,156.8,,1,1
VEN,Venezuela,1980,51.4,51.4,,1,1
VEN,Venezuela,1981,5.8,5.8,,1,1
VEN,Venezuela,1982,5.4,5.4,,1,1
VEN,Venezuela,1983,14977.96,,,1,0
VEN,Venezuela,1984,16988.81,,,1,0
VEN,Venezuela,1985,18737.85,,,1,0
VEN,Venezuela,1986,20329.6,,,1,0
VEN,Venezuela,1987,20360.6,,,1,0
VEN,Venezuela,1988,20338.8,,,1,0
VEN,Venezuela,1989,20288.8,,,1,0
VEN,Venezuela,1990,19585.0,,,1,0
VEN,Venezuela,1991,,,,0,0
VEN,Venezuela,1992,618.5,587.8,,1,1
VEN,Venezuela,1993,2013.3,973.8,,1,1
VEN,Venezuela,1994,1540.1,1411.4,,1,1
VEN,Venezuela,1995,1420.1,,,1,0
VEN,Venezuela,1996,546.5,,,1,0
VEN,Venezuela,1997,698.7,,,1,0
VEN,Venezuela,1998,484.7,,,1,0
VEN,Venezuela,1999,183.9,99.2,,1,1
VEN,Venezuela,2000,137.9,62.6,,1,1
VEN,Venezuela,2001,54.5,51.5,,1,1
VEN,Venezuela,2002,5186.2,54.6,,1,1
VEN,Venezuela,2003,1104.7,10.2,,1,1
VEN,Venezuela,2004,16.05,15.2,,1,1
VEN,Venezuela,2005,942.94,1.79,,1,1
VEN,Venezuela,2006,0.41,0.11,,1,1
VEN,Venezuela,2007,178.15,0.39,,1,1
VEN,Venezuela,2008,6.08,0.19,,1,1
VEN,Venezuela,2009,1.47,0.11,,1,1
VEN,Venezuela,2010,1490.18,0.1,,1,1
VEN,Venezuela,2011,0.11,0.06,,1,1
VEN,Venezuela,2012,0.06,0.02,,1,1
VEN,Venezuela,2013,0.17,0.02,,1,1
VEN,Venezuela,2014,0.56,,,1,0
VEN,Venezuela,2015,2.67,0.81,,1,1
VEN,Venezuela,2016,14517.79,7395.33,6000.0,1,1
VEN,Venezuela,2017,30669.37,8473.64,,1,1
VEN,Venezuela,2018,75624.77,10142.62,19000.0,1,1
VEN,Venezuela,2019,78264.24,13448.51,13500.0,1,1
VEN,Venezuela,2020,87248.59,13986.45,18533.0,1,1
VEN,Venezuela,2021,86701.91,14545.91,13500.0,1,1
VEN,Venezuela,2022,90467.0,15146.0,13500.0,1,1
VEN,Venezuela,2023,92254.0,15770.0,12000.0,1,1
VNM,Vietnam,1960,,,,0,0
VNM,Vietnam,1961,,,,0,0
VNM,Vietnam,1962,,,,0,0
VNM,Vietnam,1963,,,,0,0
VNM,Vietnam,1964,,,,0,0
VNM,Vietnam,1965,,,,0,0
VNM,Vietnam,1966,,,,0,0
VNM,Vietnam,1967,,,,0,0
VNM,Vietnam,1968,,,,0,0
VNM,Vietnam,1969,,,,0,0
VNM,Vietnam,1970,,,,0,0
VNM,Vietnam,1971,,,,0,0
VNM,Vietnam,1972,,,,0,0
VNM,Vietnam,1973,,,,0,0
VNM,Vietnam,1974,,,,0,0
VNM,Vietnam,1975,516.0,,,1,0
VNM,Vietnam,1976,,,,0,0
VNM,Vietnam,1977,,,,0,0
VNM,Vietnam,1978,467.0,,,1,0
VNM,Vietnam,1979,,,,0,0
VNM,Vietnam,1980,33.0,,,1,0
VNM,Vietnam,1981,1389.0,335.0,,1,1
VNM,Vietnam,1982,1406.8,351.0,,1,1
VNM,Vietnam,1983,1604.0,350.0,,1,1
VNM,Vietnam,1984,1593.11,354.0,,1,1
VNM,Vietnam,1985,2720.33,587.0,,1,1
VNM,Vietnam,1986,1976.36,,,1,0
VNM,Vietnam,1987,603.9,,,1,0
VNM,Vietnam,1988,1169.46,,,1,0
VNM,Vietnam,1989,1527.19,,314.37,1,0
VNM,Vietnam,1990,2730.07,,348.88,1,0
VNM,Vietnam,1991,4832.19,,351.56,1,0
VNM,Vietnam,1992,7017.66,,353.72,1,0
VNM,Vietnam,1993,7492.46,,356.48,1,0
VNM,Vietnam,1994,9276.48,,353.18,1,0
VNM,Vietnam,1995,11295.46,,355.39,1,0
VNM,Vietnam,1996,13255.6,,355.43,1,0
VNM,Vietnam,1997,9791.97,,355.46,1,0
VNM,Vietnam,1998,10379.45,6.06,355.46,1,1
VNM,Vietnam,1999,10285.08,10.95,355.46,1,1
VNM,Vietnam,2000,10219.65,8.07,355.47,1,1
VNM,Vietnam,2001,1457.11,9.8,355.47,1,1
VNM,Vietnam,2002,1439.5,8.52,355.47,1,1
VNM,Vietnam,2003,1445.09,9.35,355.47,1,1
VNM,Vietnam,2004,1406.36,9.73,355.47,1,1
VNM,Vietnam,2005,1423.14,9.03,355.87,1,1
VNM,Vietnam,2006,14.33,,,1,0
VNM,Vietnam,2007,16.09,,,1,0
VNM,Vietnam,2008,13.79,,,1,0
VNM,Vietnam,2009,13.6,,,1,0
VNM,Vietnam,2010,18.37,,,1,0
VNM,Vietnam,2011,17.27,,,1,0
VNM,Vietnam,2012,12.98,0.02,0.54,1,1
VNM,Vietnam,2013,11.17,0.04,0.75,1,1
VNM,Vietnam,2014,33.47,0.03,4.28,1,1
VNM,Vietnam,2015,36.46,0.03,7.75,1,1
VNM,Vietnam,2016,50.04,0.03,21.56,1,1
VNM,Vietnam,2017,54.75,0.03,25.68,1,1
VNM,Vietnam,2018,56.66,0.03,28.42,1,1
VNM,Vietnam,2019,59.65,0.03,31.54,1,1
VNM,Vietnam,2020,63.58,0.03,35.68,1,1
VNM,Vietnam,2021,63.74,0.03,36.0,1,1
VNM,Vietnam,2022,61.74,0.03,34.89,1,1
VNM,Vietnam,2023,62.03,0.03,35.0,1,1
PSE,West Bank & Gaza,1960,,,,0,0
PSE,West Bank & Gaza,1961,,,,0,0
PSE,West Bank & Gaza,1962,,,,0,0
PSE,West Bank & Gaza,1963,,,,0,0
PSE,West Bank & Gaza,1964,,,,0,0
PSE,West Bank & Gaza,1965,,,,0,0
PSE,West Bank & Gaza,1966,,,,0,0
PSE,West Bank & Gaza,1967,,,,0,0
PSE,West Bank & Gaza,1968,,,,0,0
PSE,West Bank & Gaza,1969,,,,0,0
PSE,West Bank & Gaza,1970,,,,0,0
PSE,West Bank & Gaza,1971,,,,0,0
PSE,West Bank & Gaza,1972,,,,0,0
PSE,West Bank & Gaza,1973,,,,0,0
PSE,West Bank & Gaza,1974,,,,0,0
PSE,West Bank & Gaza,1975,,,,0,0
PSE,West Bank & Gaza,1976,,,,0,0
PSE,West Bank & Gaza,1977,,,,0,0
PSE,West Bank & Gaza,1978,,,,0,0
PSE,West Bank & Gaza,1979,,,,0,0
PSE,West Bank & Gaza,1980,,,,0,0
PSE,West Bank & Gaza,1981,,,,0,0
PSE,West Bank & Gaza,1982,,,,0,0
PSE,West Bank & Gaza,1983,,,,0,0
PSE,West Bank & Gaza,1984,,,,0,0
PSE,West Bank & Gaza,1985,,,,0,0
PSE,West Bank & Gaza,1986,,,,0,0
PSE,West Bank & Gaza,1987,,,,0,0
PSE,West Bank & Gaza,1988,,,,0,0
PSE,West Bank & Gaza,1989,,,,0,0
PSE,West Bank & Gaza,1990,,,,0,0
PSE,West Bank & Gaza,1991,,,,0,0
PSE,West Bank & Gaza,1992,,,,0,0
PSE,West Bank & Gaza,1993,,,,0,0
PSE,West Bank & Gaza,1994,,,,0,0
PSE,West Bank & Gaza,1995,,,,0,0
PSE,West Bank & Gaza,1996,,,,0,0
PSE,West Bank & Gaza,1997,,,,0,0
PSE,West Bank & Gaza,1998,,,,0,0
PSE,West Bank & Gaza,1999,,,,0,0
PSE,West Bank & Gaza,2000,,,,0,0
PSE,West Bank & Gaza,2001,,,,0,0
PSE,West Bank & Gaza,2002,,,,0,0
PSE,West Bank & Gaza,2003,,,,0,0
PSE,West Bank & Gaza,2004,,,,0,0
PSE,West Bank & Gaza,2005,,,,0,0
PSE,West Bank & Gaza,2006,,,,0,0
PSE,West Bank & Gaza,2007,,,,0,0
PSE,West Bank & Gaza,2008,,,,0,0
PSE,West Bank & Gaza,2009,,,,0,0
PSE,West Bank & Gaza,2010,,,,0,0
PSE,West Bank & Gaza,2011,,,,0,0
PSE,West Bank & Gaza,2012,,,,0,0
PSE,West Bank & Gaza,2013,,,,0,0
PSE,West Bank & Gaza,2014,,,,0,0
PSE,West Bank & Gaza,2015,,,,0,0
PSE,West Bank & Gaza,2016,,,,0,0
PSE,West Bank & Gaza,2017,,,,0,0
PSE,West Bank & Gaza,2018,,,,0,0
PSE,West Bank & Gaza,2019,,,,0,0
PSE,West Bank & Gaza,2020,,,,0,0
PSE,West Bank & Gaza,2021,,,,0,0
PSE,West Bank & Gaza,2022,,,,0,0
PSE,West Bank & Gaza,2023,,,,0,0
YEM,Yemen,1960,,,,0,0
YEM,Yemen,1961,,,,0,0
YEM,Yemen,1962,,,,0,0
YEM,Yemen,1963,,,,0,0
YEM,Yemen,1964,,,,0,0
YEM,Yemen,1965,,,,0,0
YEM,Yemen,1966,,,,0,0
YEM,Yemen,1967,,,,0,0
YEM,Yemen,1968,,,,0,0
YEM,Yemen,1969,,,,0,0
YEM,Yemen,1970,,,,0,0
YEM,Yemen,1971,,,,0,0
YEM,Yemen,1972,,,,0,0
YEM,Yemen,1973,14.92,,14.92,1,0
YEM,Yemen,1974,22.59,,21.78,1,0
YEM,Yemen,1975,32.8,,23.75,1,0
YEM,Yemen,1976,46.1,,28.21,1,0
YEM,Yemen,1977,104.13,,38.05,1,0
YEM,Yemen,1978,48.8,,47.81,1,0
YEM,Yemen,1979,49.44,,48.34,1,0
YEM,Yemen,1980,7.65,4.01,,1,1
YEM,Yemen,1981,22.36,9.48,,1,1
YEM,Yemen,1982,40.99,15.08,,1,1
YEM,Yemen,1983,81.03,35.61,2.29,1,1
YEM,Yemen,1984,131.77,53.74,7.89,1,1
YEM,Yemen,1985,194.87,84.21,12.84,1,1
YEM,Yemen,1986,278.41,120.38,16.29,1,1
YEM,Yemen,1987,383.65,187.36,22.1,1,1
YEM,Yemen,1988,497.51,263.12,26.82,1,1
YEM,Yemen,1989,605.77,339.93,27.95,1,1
YEM,Yemen,1990,1183.17,523.63,34.41,1,1
YEM,Yemen,1991,972.89,652.18,37.96,1,1
YEM,Yemen,1992,1134.27,843.25,39.69,1,1
YEM,Yemen,1993,1299.27,991.5,42.84,1,1
YEM,Yemen,1994,1300.96,1121.2,30.81,1,1
YEM,Yemen,1995,1368.17,1235.15,34.66,1,1
YEM,Yemen,1996,1709.67,1337.82,39.58,1,1
YEM,Yemen,1997,2124.15,508.94,43.26,1,1
YEM,Yemen,1998,104.32,4.43,14.56,1,1
YEM,Yemen,1999,225.09,5.04,19.02,1,1
YEM,Yemen,2000,148.69,5.68,31.25,1,1
YEM,Yemen,2001,1211.99,4.4,39.96,1,1
YEM,Yemen,2002,220.77,9.15,60.36,1,1
YEM,Yemen,2003,189.46,16.34,66.88,1,1
YEM,Yemen,2004,359.51,24.03,92.1,1,1
YEM,Yemen,2005,365.07,65.3,60.51,1,1
YEM,Yemen,2006,365.44,,64.21,1,0
YEM,Yemen,2007,273.24,,68.21,1,0
YEM,Yemen,2008,292.48,,77.95,1,0
YEM,Yemen,2009,282.58,,83.93,1,0
YEM,Yemen,2010,390.01,,91.37,1,0
YEM,Yemen,2011,226.87,,100.33,1,0
YEM,Yemen,2012,334.95,,115.36,1,0
YEM,Yemen,2013,355.93,,129.06,1,0
YEM,Yemen,2014,371.98,,140.55,1,0
YEM,Yemen,2015,397.96,,151.37,1,0
YEM,Yemen,2016,629.73,,161.99,1,0
YEM,Yemen,2017,1718.59,,199.59,1,0
YEM,Yemen,2018,1717.32,,105.32,1,0
YEM,Yemen,2019,1745.76,,107.76,1,0
YEM,Yemen,2020,2152.81,,111.75,1,0
YEM,Yemen,2021,2493.92,,115.27,1,0
YEM,Yemen,2022,2803.38,,116.1,1,0
YEM,Yemen,2023,2925.0,,120.0,1,0
ZMB,Zambia,1960,,,,0,0
ZMB,Zambia,1961,,,,0,0
ZMB,Zambia,1962,,,,0,0
ZMB,Zambia,1963,,,,0,0
ZMB,Zambia,1964,,,,0,0
ZMB,Zambia,1965,,,,0,0
ZMB,Zambia,1966,,,,0,0
ZMB,Zambia,1967,,,,0,0
ZMB,Zambia,1968,,,,0,0
ZMB,Zambia,1969,,,,0,0
ZMB,Zambia,1970,,,,0,0
ZMB,Zambia,1971,,,,0,0
ZMB,Zambia,1972,,,,0,0
ZMB,Zambia,1973,,,,0,0
ZMB,Zambia,1974,,,,0,0
ZMB,Zambia,1975,1.85,1.66,,1,1
ZMB,Zambia,1976,2.0,1.5,,1,1
ZMB,Zambia,1977,3.36,2.53,,1,1
ZMB,Zambia,1978,15.32,14.24,,1,1
ZMB,Zambia,1979,38.38,33.55,,1,1
ZMB,Zambia,1980,39.28,15.6,,1,1
ZMB,Zambia,1981,75.45,50.19,,1,1
ZMB,Zambia,1982,233.23,112.75,,1,1
ZMB,Zambia,1983,503.96,123.96,,1,1
ZMB,Zambia,1984,382.02,101.02,,1,1
ZMB,Zambia,1985,1484.57,233.21,,1,1
ZMB,Zambia,1986,1771.43,182.63,,1,1
ZMB,Zambia,1987,2410.12,196.29,,1,1
ZMB,Zambia,1988,3077.37,234.4,0.01,1,1
ZMB,Zambia,1989,3803.38,265.85,0.03,1,1
ZMB,Zambia,1990,3784.6,317.25,0.53,1,1
ZMB,Zambia,1991,4025.53,220.87,4.82,1,1
ZMB,Zambia,1992,3306.93,192.58,4.82,1,1
ZMB,Zambia,1993,4245.61,203.37,8.11,1,1
ZMB,Zambia,1994,4257.21,105.66,9.84,1,1
ZMB,Zambia,1995,3048.5,126.39,17.06,1,1
ZMB,Zambia,1996,736.27,138.55,31.72,1,1
ZMB,Zambia,1997,1012.03,116.3,70.3,1,1
ZMB,Zambia,1998,968.45,77.64,94.97,1,1
ZMB,Zambia,1999,1174.72,38.59,74.13,1,1
ZMB,Zambia,2000,377.26,38.0,73.94,1,1
ZMB,Zambia,2001,591.46,71.48,111.3,1,1
ZMB,Zambia,2002,832.44,175.08,131.38,1,1
ZMB,Zambia,2003,807.82,173.03,143.18,1,1
ZMB,Zambia,2004,855.66,335.48,121.45,1,1
ZMB,Zambia,2005,2184.37,291.7,129.66,1,1
ZMB,Zambia,2006,4014.01,333.82,123.74,1,1
ZMB,Zambia,2007,476.75,365.47,99.67,1,1
ZMB,Zambia,2008,442.05,365.47,62.27,1,1
ZMB,Zambia,2009,429.36,365.47,58.76,1,1
ZMB,Zambia,2010,428.16,365.47,57.94,1,1
ZMB,Zambia,2011,427.27,365.47,57.72,1,1
ZMB,Zambia,2012,423.28,365.47,53.3,1,1
ZMB,Zambia,2013,420.92,365.47,50.12,1,1
ZMB,Zambia,2014,415.77,365.47,45.76,1,1
ZMB,Zambia,2015,476.4,365.47,110.94,1,1
ZMB,Zambia,2016,426.89,365.47,61.43,1,1
ZMB,Zambia,2017,2654.54,2591.63,62.91,1,1
ZMB,Zambia,2018,3064.6,3001.42,63.18,1,1
ZMB,Zambia,2019,1910.19,1819.31,90.89,1,1
ZMB,Zambia,2020,5578.39,2198.0,296.35,1,1
ZMB,Zambia,2021,13256.93,2676.0,5935.0,1,1
ZMB,Zambia,2022,14335.0,4927.0,4137.0,1,1
ZMB,Zambia,2023,15841.0,5378.0,4779.0,1,1
ZWE,Zimbabwe,1960,,,,0,0
ZWE,Zimbabwe,1961,,,,0,0
ZWE,Zimbabwe,1962,,,,0,0
ZWE,Zimbabwe,1963,,,,0,0
ZWE,Zimbabwe,1964,,,,0,0
ZWE,Zimbabwe,1965,184.27,,,1,0
ZWE,Zimbabwe,1966,191.35,,,1,0
ZWE,Zimbabwe,1967,170.09,,,1,0
ZWE,Zimbabwe,1968,176.17,,,1,0
ZWE,Zimbabwe,1969,182.24,,,1,0
ZWE,Zimbabwe,1970,257.35,62.52,,1,1
ZWE,Zimbabwe,1971,215.69,,,1,0
ZWE,Zimbabwe,1972,206.75,,,1,0
ZWE,Zimbabwe,1973,199.65,,,1,0
ZWE,Zimbabwe,1974,206.41,,,1,0
ZWE,Zimbabwe,1975,184.06,,,1,0
ZWE,Zimbabwe,1976,157.33,,,1,0
ZWE,Zimbabwe,1977,177.93,,,1,0
ZWE,Zimbabwe,1978,247.43,46.75,,1,1
ZWE,Zimbabwe,1979,222.73,,,1,0
ZWE,Zimbabwe,1980,243.87,,,1,0
ZWE,Zimbabwe,1981,63.0,,,1,0
ZWE,Zimbabwe,1982,,,,0,0
ZWE,Zimbabwe,1983,,,,0,0
ZWE,Zimbabwe,1984,,,,0,0
ZWE,Zimbabwe,1985,0.12,0.12,,1,1
ZWE,Zimbabwe,1986,0.39,0.39,,1,1
ZWE,Zimbabwe,1987,11.59,7.22,,1,1
ZWE,Zimbabwe,1988,0.57,,,1,0
ZWE,Zimbabwe,1989,1.87,,,1,0
ZWE,Zimbabwe,1990,23.77,,,1,0
ZWE,Zimbabwe,1991,0.01,,,1,0
ZWE,Zimbabwe,1992,4.15,3.16,,1,1
ZWE,Zimbabwe,1993,5.13,2.53,,1,1
ZWE,Zimbabwe,1994,17.16,2.26,,1,1
ZWE,Zimbabwe,1995,89.43,15.23,,1,1
ZWE,Zimbabwe,1996,1.38,0.14,,1,1
ZWE,Zimbabwe,1997,6.48,5.98,,1,1
ZWE,Zimbabwe,1998,14.53,13.01,,1,1
ZWE,Zimbabwe,1999,21.83,14.74,,1,1
ZWE,Zimbabwe,2000,244.7,81.51,9.17,1,1
ZWE,Zimbabwe,2001,2651.85,180.61,11.55,1,1
ZWE,Zimbabwe,2002,1523.37,272.46,30.88,1,1
ZWE,Zimbabwe,2003,2100.81,352.31,25.15,1,1
ZWE,Zimbabwe,2004,2463.96,432.95,35.19,1,1
ZWE,Zimbabwe,2005,2254.7,436.12,56.45,1,1
ZWE,Zimbabwe,2006,2944.71,509.84,68.8,1,1
ZWE,Zimbabwe,2007,3137.97,649.85,97.04,1,1
ZWE,Zimbabwe,2008,3568.74,564.2,128.02,1,1
ZWE,Zimbabwe,2009,3711.64,608.36,125.18,1,1
ZWE,Zimbabwe,2010,3658.66,511.0,143.06,1,1
ZWE,Zimbabwe,2011,3935.34,530.02,153.93,1,1
ZWE,Zimbabwe,2012,4119.74,495.2,187.48,1,1
ZWE,Zimbabwe,2013,4359.2,503.04,249.0,1,1
ZWE,Zimbabwe,2014,4163.54,464.99,136.58,1,1
ZWE,Zimbabwe,2015,4762.62,433.0,158.43,1,1
ZWE,Zimbabwe,2016,5034.29,403.0,230.76,1,1
ZWE,Zimbabwe,2017,7802.0,678.0,519.79,1,1
ZWE,Zimbabwe,2018,5545.15,421.0,348.15,1,1
ZWE,Zimbabwe,2019,5619.27,410.0,407.27,1,1
ZWE,Zimbabwe,2020,9824.16,4084.0,511.16,1,1
ZWE,Zimbabwe,2021,11817.59,4125.0,521.59,1,1
ZWE,Zimbabwe,2022,11611.78,4076.0,544.78,1,1
ZWE,Zimbabwe,2023,12820.0,4017.0,990.0,1,1
