country,year,def_total,def_private,def_china,iso3,gdp,def_total_pctgdp,in_default_1pct,in_default_5pct
Afghanistan,1960,,,,AFG,,,0,0
Afghanistan,1961,,,,AFG,,,0,0
Afghanistan,1962,,,,AFG,,,0,0
Afghanistan,1963,,,,AFG,,,0,0
Afghanistan,1964,267.0,,,AFG,,,0,0
Afghanistan,1965,267.0,,,AFG,,,0,0
Afghanistan,1966,267.0,,,AFG,,,0,0
Afghanistan,1967,2.7,,,AFG,,,0,0
Afghanistan,1968,,,,AFG,,,0,0
Afghanistan,1969,,,,AFG,,,0,0
Afghanistan,1970,,,,AFG,,,0,0
Afghanistan,1971,,,,AFG,,,0,0
Afghanistan,1972,37.0,,,AFG,,,0,0
Afghanistan,1973,,,,AFG,,,0,0
Afghanistan,1974,,,,AFG,,,0,0
Afghanistan,1975,,,,AFG,,,0,0
Afghanistan,1976,437.0,,,AFG,,,0,0
Afghanistan,1977,,,,AFG,,,0,0
Afghanistan,1978,,,,AFG,,,0,0
Afghanistan,1979,,,,AFG,,,0,0
Afghanistan,1980,15.0,,,AFG,,,0,0
Afghanistan,1981,,,,AFG,,,0,0
Afghanistan,1982,3.0,,,AFG,,,0,0
Afghanistan,1983,,,,AFG,,,0,0
Afghanistan,1984,,,,AFG,,,0,0
Afghanistan,1985,10.0,,,AFG,,,0,0
Afghanistan,1986,10.0,,,AFG,,,0,0
Afghanistan,1987,,,,AFG,,,0,0
Afghanistan,1988,,,,AFG,,,0,0
Afghanistan,1989,0.37,,,AFG,,,0,0
Afghanistan,1990,,,,AFG,,,0,0
Afghanistan,1991,,,,AFG,,,0,0
Afghanistan,1992,5.02,4.02,,AFG,,,0,0
Afghanistan,1993,115.79,5.79,,AFG,,,0,0
Afghanistan,1994,30.35,27.35,,AFG,,,0,0
Afghanistan,1995,249.56,244.26,,AFG,,,0,0
Afghanistan,1996,27.48,19.18,,AFG,,,0,0
Afghanistan,1997,32.6,18.63,,AFG,,,0,0
Afghanistan,1998,112.65,18.66,,AFG,,,0,0
Afghanistan,1999,42.15,18.76,,AFG,,,0,0
Afghanistan,2000,396.32,278.36,,AFG,6206547590.07403,6.385514559395698,1,1
Afghanistan,2001,288.79,255.5,,AFG,5621147630.73068,5.137562984846581,1,1
Afghanistan,2002,113.35,75.3,,AFG,7228795918.92525,1.5680343071139358,1,0
Afghanistan,2003,0.21,0.21,,AFG,7867263256.28817,0.002669289092775058,0,0
Afghanistan,2004,3.85,3.85,,AFG,7978515641.58304,0.04825458986298497,0,0
Afghanistan,2005,,,,AFG,8874480195.58321,0.0,0,0
Afghanistan,2006,2533.54,0.42,,AFG,9349921885.77888,27.096910872094927,1,1
Afghanistan,2007,164.39,0.43,,AFG,10642671963.1135,1.5446309025568041,1,0
Afghanistan,2008,170.87,0.43,,AFG,11060395115.6809,1.544881518362293,1,0
Afghanistan,2009,91.31,0.43,,AFG,13426272073.2398,0.6800845350213928,0,0
Afghanistan,2010,1092.0,,,AFG,15354612541.5059,7.111869459735012,1,1
Afghanistan,2011,144.11,,,AFG,15420077665.5323,0.9345607922722827,0,0
Afghanistan,2012,172.65,,,AFG,17386490239.3536,0.9930123769845962,0,0
Afghanistan,2013,201.36,,,AFG,18360263162.7578,1.096716306378665,1,0
Afghanistan,2014,320.23,,,AFG,18860496494.0404,1.6978874341997692,1,0
Afghanistan,2015,367.93,,,AFG,19134221644.7325,1.9228898192537047,1,0
Afghanistan,2016,445.66,,,AFG,19566715174.1633,2.277643416552963,1,0
Afghanistan,2017,529.6,,,AFG,20084646751.4954,2.636840002976745,1,0
Afghanistan,2018,605.33,,,AFG,20323499020.3639,2.978473339622605,1,0
Afghanistan,2019,679.09,,,AFG,21118473702.3471,3.215620643666716,1,0
Afghanistan,2020,751.57,,,AFG,20621957125.2077,3.6445134447559395,1,0
Afghanistan,2021,825.79,,,AFG,16345202562.5485,5.052185782586258,1,1
Afghanistan,2022,2199.7,,,AFG,15325233810.1388,14.353451485645408,1,1
Afghanistan,2023,2226.0,,,AFG,15672648238.1005,14.203087864809932,1,1
Albania,1960,,,,ALB,,,0,0
Albania,1961,,,,ALB,,,0,0
Albania,1962,,,,ALB,,,0,0
Albania,1963,,,,ALB,,,0,0
Albania,1964,,,,ALB,,,0,0
Albania,1965,,,,ALB,,,0,0
Albania,1966,,,,ALB,,,0,0
Albania,1967,,,,ALB,,,0,0
Albania,1968,,,,ALB,,,0,0
Albania,1969,,,,ALB,,,0,0
Albania,1970,,,,ALB,,,0,0
Albania,1971,,,,ALB,,,0,0
Albania,1972,,,,ALB,,,0,0
Albania,1973,,,,ALB,,,0,0
Albania,1974,,,,ALB,,,0,0
Albania,1975,,,,ALB,,,0,0
Albania,1976,,,,ALB,,,0,0
Albania,1977,,,,ALB,,,0,0
Albania,1978,,,,ALB,,,0,0
Albania,1979,,,,ALB,,,0,0
Albania,1980,,,,ALB,4872357833.48621,0.0,0,0
Albania,1981,,,,ALB,5152305744.73323,0.0,0,0
Albania,1982,,,,ALB,5304226467.10994,0.0,0,0
Albania,1983,,,,ALB,5362834894.84554,0.0,0,0
Albania,1984,,,,ALB,5295713833.27528,0.0,0,0
Albania,1985,,,,ALB,5390011641.7466,0.0,0,0
Albania,1986,,,,ALB,5693859705.34246,0.0,0,0
Albania,1987,,,,ALB,5649001049.87206,0.0,0,0
Albania,1988,,,,ALB,5568782994.815,0.0,0,0
Albania,1989,,,,ALB,6116559061.23727,0.0,0,0
Albania,1990,0.76,0.32,,ALB,5530859374.75169,0.01374108341046224,0,0
Albania,1991,1266.74,6.74,,ALB,3982100297.96084,31.81085118947592,1,1
Albania,1992,1483.26,22.24,,ALB,3695902333.01319,40.13255401126171,1,1
Albania,1993,982.68,49.86,,ALB,4049208851.98817,24.268444427545447,1,1
Albania,1994,627.3,8.31,4.27,ALB,4385409261.20229,14.304252183478571,1,1
Albania,1995,3374.66,9.36,4.27,ALB,4969648100.72759,67.90541164284704,1,1
Albania,1996,34.96,15.77,4.27,ALB,5334237832.94103,0.6553888501953956,0,0
Albania,1997,37.22,18.59,4.27,ALB,4709514660.14116,0.7903149833041266,0,0
Albania,1998,97.86,18.59,4.27,ALB,5100876515.377,1.9184938060153625,1,0
Albania,1999,37.35,18.59,4.27,ALB,5725771032.93267,0.6523138942366996,0,0
Albania,2000,107.77,18.77,4.27,ALB,6153077235.62289,1.7514813462127816,1,0
Albania,2001,274.09,18.59,40.0,ALB,6698469429.12028,4.091830274068991,1,0
Albania,2002,272.44,17.0,,ALB,7008501111.79519,3.887279115094782,1,0
Albania,2003,44.21,17.0,,ALB,7382282996.75923,0.5988662317525335,0,0
Albania,2004,17.0,17.0,,ALB,7771053341.65332,0.21876056246942693,0,0
Albania,2005,17.0,17.0,,ALB,8169772250.74253,0.2080841359862255,0,0
Albania,2006,18.88,17.0,,ALB,8661509309.89701,0.21797586684374864,0,0
Albania,2007,18.06,17.0,,ALB,9224515436.60112,0.19578264163710282,0,0
Albania,2008,8.7,,,ALB,9861658465.33864,0.08822045531771769,0,0
Albania,2009,0.31,,,ALB,10127011190.7491,0.00306112034598304,0,0
Albania,2010,,,,ALB,10428102872.2706,0.0,0,0
Albania,2011,,,,ALB,10685000942.5337,0.0,0,0
Albania,2012,,,,ALB,10790155229.5092,0.0,0,0
Albania,2013,1.23,,,ALB,10974367815.094,0.011207934896334296,0,0
Albania,2014,,,,ALB,11220218560.8998,0.0,0,0
Albania,2015,,,,ALB,11470171826.9575,0.0,0,0
Albania,2016,,,,ALB,11918533446.9749,0.0,0,0
Albania,2017,0.6,,,ALB,12309839868.7084,0.004874149512904708,0,0
Albania,2018,,,,ALB,12761785703.1071,0.0,0,0
Albania,2019,0.05,,,ALB,13025007474.8895,0.0003838769390067025,0,0
Albania,2020,,,,ALB,12593390460.142,0.0,0,0
Albania,2021,,,,ALB,13722964212.462,0.0,0,0
Albania,2022,,,,ALB,14385344334.623,0.0,0,0
Albania,2023,,,,ALB,14962975920.9066,0.0,0,0
Algeria,1960,,,,DZA,27287513101.983,0.0,0,0
Algeria,1961,,,,DZA,23574926517.9503,0.0,0,0
Algeria,1962,,,,DZA,18934192372.524,0.0,0,0
Algeria,1963,,,,DZA,25431219789.9774,0.0,0,0
Algeria,1964,,,,DZA,26916253746.4174,0.0,0,0
Algeria,1965,,,,DZA,28586918218.6911,0.0,0,0
Algeria,1966,,,,DZA,27213325104.703,0.0,0,0
Algeria,1967,,,,DZA,29785790538.944,0.0,0,0
Algeria,1968,,,,DZA,33001535545.8172,0.0,0,0
Algeria,1969,,,,DZA,35784647535.9227,0.0,0,0
Algeria,1970,,,,DZA,38956118145.081,0.0,0,0
Algeria,1971,,,,DZA,34541720238.014,0.0,0,0
Algeria,1972,,,,DZA,44014431054.1008,0.0,0,0
Algeria,1973,,,,DZA,45692778905.9266,0.0,0,0
Algeria,1974,,,,DZA,49117415081.8386,0.0,0,0
Algeria,1975,,,,DZA,51595556464.0315,0.0,0,0
Algeria,1976,6.42,,,DZA,55922750141.4526,0.011480122103725352,0,0
Algeria,1977,13.01,,,DZA,58863496043.6358,0.022101983188962514,0,0
Algeria,1978,0.96,,,DZA,64287670491.7336,0.0014932878927747758,0,0
Algeria,1979,3.49,3.49,,DZA,69094990985.068,0.005051017375129578,0,0
Algeria,1980,1.7,1.7,,DZA,69641260800.9969,0.0024410815950874696,0,0
Algeria,1981,1.7,1.7,,DZA,71730495900.9514,0.0023699822211565836,0,0
Algeria,1982,1.7,1.7,,DZA,76321250590.2067,0.002227426813441313,0,0
Algeria,1983,1.7,1.7,,DZA,80442600430.4278,0.002113308111502779,0,0
Algeria,1984,,,,DZA,84947383262.6758,0.0,0,0
Algeria,1985,,,,DZA,88090434111.4929,0.0,0,0
Algeria,1986,0.02,0.02,,DZA,88442796731.3094,2.2613486614133555e-05,0,0
Algeria,1987,0.02,0.02,,DZA,87823699342.0674,2.2772896325058393e-05,0,0
Algeria,1988,,,,DZA,86945457526.5473,0.0,0,0
Algeria,1989,0.32,0.32,,DZA,90771059536.2581,0.00035253527020049535,0,0
Algeria,1990,0.76,0.32,,DZA,91497228539.1792,0.0008306262518919546,0,0
Algeria,1991,6.62,6.58,,DZA,90399261260.1306,0.007323068692951436,0,0
Algeria,1992,8.46,7.45,,DZA,92026450044.2876,0.009193009179348587,0,0
Algeria,1993,3580.76,3577.53,,DZA,90093893896.7426,3.974475788674358,1,0
Algeria,1994,9549.88,4191.13,14.75,DZA,89283051957.2347,10.696184539675297,1,1
Algeria,1995,10454.97,3130.61,4.36,DZA,92675803280.5324,11.281229436288237,1,1
Algeria,1996,2371.17,1964.28,4.25,DZA,96475509798.6511,2.45779473458989,1,0
Algeria,1997,710.13,461.45,4.91,DZA,97536740345.5047,0.7280641094673702,0,0
Algeria,1998,93.67,,4.88,DZA,102511117625.248,0.09137545484815739,0,0
Algeria,1999,12.59,,,DZA,105791474981.454,0.011900769889262927,0,0
Algeria,2000,14.89,,,DZA,109811551032.426,0.0135595935582434,0,0
Algeria,2001,17.33,,,DZA,113105897561.895,0.0153219242971097,0,0
Algeria,2002,15.81,,,DZA,119213616030.237,0.013261907931716454,0,0
Algeria,2003,19.01,,,DZA,126962501072.943,0.014972924949767884,0,0
Algeria,2004,0.01,,,DZA,132675813620.929,7.537168777853679e-06,0,0
Algeria,2005,85.01,,,DZA,139840307556.055,0.060790770190435786,0,0
Algeria,2006,105.0,,,DZA,143895676473.864,0.07296953082469529,0,0
Algeria,2007,55.0,,,DZA,148356442446.405,0.037072876036286194,0,0
Algeria,2008,51.0,,,DZA,152065353506.518,0.03353821158072932,0,0
Algeria,2009,36.0,,,DZA,153890137748.132,0.02339331196058858,0,0
Algeria,2010,46.0,,,DZA,161276864361.482,0.02852237993472934,0,0
Algeria,2011,46.0,,,DZA,166115170291.39,0.0276916310047477,0,0
Algeria,2012,78.7,,,DZA,170101934378.955,0.04626637568075579,0,0
Algeria,2013,1.9,,,DZA,174524584673.849,0.0010886718358623882,0,0
Algeria,2014,2.0,,,DZA,181680092643.147,0.001100836074499569,0,0
Algeria,2015,2.0,,,DZA,187493855609.345,0.0010667016225679006,0,0
Algeria,2016,2.0,,,DZA,194806115978.439,0.0010266618119019215,0,0
Algeria,2017,2.0,,,DZA,197728207716.082,0.0010114894698645125,0,0
Algeria,2018,2.17,,,DZA,200496402625.853,0.0010823136832282445,0,0
Algeria,2019,2.0,,,DZA,202300870247.92,0.0009886264935731603,0,0
Algeria,2020,,,,DZA,192185826737.373,0.0,0,0
Algeria,2021,,,,DZA,199488888151.485,0.0,0,0
Algeria,2022,,,,DZA,206670488126.832,0.0,0,0
Algeria,2023,,,,DZA,215143978140.155,0.0,0,0
Angola,1960,,,,AGO,,,0,0
Angola,1961,,,,AGO,,,0,0
Angola,1962,,,,AGO,,,0,0
Angola,1963,,,,AGO,,,0,0
Angola,1964,,,,AGO,,,0,0
Angola,1965,,,,AGO,,,0,0
Angola,1966,,,,AGO,,,0,0
Angola,1967,,,,AGO,,,0,0
Angola,1968,,,,AGO,,,0,0
Angola,1969,,,,AGO,,,0,0
Angola,1970,,,,AGO,,,0,0
Angola,1971,,,,AGO,,,0,0
Angola,1972,,,,AGO,,,0,0
Angola,1973,,,,AGO,,,0,0
Angola,1974,,,,AGO,,,0,0
Angola,1975,,,,AGO,,,0,0
Angola,1976,,,,AGO,,,0,0
Angola,1977,,,,AGO,,,0,0
Angola,1978,,,,AGO,,,0,0
Angola,1979,,,,AGO,,,0,0
Angola,1980,,,,AGO,25920531977.0214,0.0,0,0
Angola,1981,,,,AGO,24780028254.1518,0.0,0,0
Angola,1982,,,,AGO,24780028254.1518,0.0,0,0
Angola,1983,,,,AGO,25820789794.8182,0.0,0,0
Angola,1984,,,,AGO,27370037741.5508,0.0,0,0
Angola,1985,,,,AGO,28327988922.9414,0.0,0,0
Angola,1986,,,,AGO,29149501095.313,0.0,0,0
Angola,1987,227.0,,,AGO,30339601953.4225,0.748197027596115,0,0
Angola,1988,225.0,,,AGO,32199082928.503,0.6987776654993717,0,0
Angola,1989,969.47,212.07,,AGO,32212484657.516,3.009609504847053,1,0
Angola,1990,1321.35,245.86,0.74,AGO,31101122147.9405,4.248560530114181,1,0
Angola,1991,793.89,366.61,5.97,AGO,31409446015.0835,2.5275517422967497,1,0
Angola,1992,1164.05,68.31,12.92,AGO,29575674380.5177,3.9358358664064523,1,0
Angola,1993,1135.17,99.99,19.71,AGO,22482416932.2805,5.049145754298821,1,1
Angola,1994,4697.67,124.74,25.94,AGO,22783538204.3008,20.61870266977774,1,1
Angola,1995,2642.38,472.56,30.44,AGO,26201068941.4005,10.085008386145484,1,1
Angola,1996,5884.17,258.39,30.67,AGO,29749838598.7982,19.778829994182566,1,1
Angola,1997,1267.84,568.56,30.67,AGO,31913924370.8939,3.972685982662458,1,0
Angola,1998,1624.56,798.15,30.67,AGO,33411053301.7686,4.862342965745425,1,0
Angola,1999,1803.52,873.61,32.23,AGO,34139911993.9942,5.282731836910623,1,1
Angola,2000,1890.47,917.07,38.29,AGO,35182758019.4097,5.373285400073131,1,1
Angola,2001,2186.11,1078.94,44.56,AGO,36662544314.0008,5.962788565018282,1,1
Angola,2002,1539.19,340.89,30.67,AGO,41672733511.8362,3.6935182079256403,1,0
Angola,2003,1872.24,400.62,37.66,AGO,43125991915.4198,4.341326232384179,1,0
Angola,2004,3191.58,631.0,30.67,AGO,48050921277.9409,6.64207868469149,1,1
Angola,2005,1862.2,461.0,6.63,AGO,54852422288.0609,3.3949275571104978,1,0
Angola,2006,1218.78,493.0,6.63,AGO,61347946235.8253,1.9866679730645493,1,0
Angola,2007,501.12,382.48,6.63,AGO,69324828859.5048,0.7228578970105799,0,0
Angola,2008,352.21,291.47,6.39,AGO,76802645840.6279,0.4585909718929033,0,0
Angola,2009,390.79,361.31,0.58,AGO,78335311067.9143,0.4988682557999892,0,0
Angola,2010,2126.25,293.65,3.74,AGO,82482120582.995,2.5778313954240897,1,0
Angola,2011,322.4,310.46,,AGO,85446420442.044,0.3773124705893036,0,0
Angola,2012,310.95,299.53,,AGO,92712034533.4741,0.3353933516449044,0,0
Angola,2013,323.15,311.8,,AGO,97239220009.3318,0.33232475534973244,0,0
Angola,2014,312.39,300.7,,AGO,101766409287.935,0.30696769413975544,0,0
Angola,2015,221.38,209.31,,AGO,102543067840.819,0.2158897765216616,0,0
Angola,2016,214.16,202.43,,AGO,102304063580.932,0.2093367482226936,0,0
Angola,2017,95.05,84.17,,AGO,102135580392.604,0.09306257391854299,0,0
Angola,2018,75.21,65.61,,AGO,101618061915.596,0.07401243300868054,0,0
Angola,2019,65.43,56.82,,AGO,100545753428.833,0.06507485176518353,0,0
Angola,2020,14386.67,61.23,13695.0,AGO,95243481886.3369,15.105149155686034,1,1
Angola,2021,5006.61,57.21,3918.0,AGO,96282191774.5762,5.1999335575179755,1,1
Angola,2022,67.8,54.41,,AGO,99707423108.6562,0.06799894921175019,0,0
Angola,2023,700.0,60.0,,AGO,101023726479.201,0.6929065323521971,0,0
Anguila,1960,,,,AIA,,,0,0
Anguila,1961,,,,AIA,,,0,0
Anguila,1962,,,,AIA,,,0,0
Anguila,1963,,,,AIA,,,0,0
Anguila,1964,,,,AIA,,,0,0
Anguila,1965,,,,AIA,,,0,0
Anguila,1966,,,,AIA,,,0,0
Anguila,1967,,,,AIA,,,0,0
Anguila,1968,,,,AIA,,,0,0
Anguila,1969,,,,AIA,,,0,0
Anguila,1970,,,,AIA,,,0,0
Anguila,1971,,,,AIA,,,0,0
Anguila,1972,,,,AIA,,,0,0
Anguila,1973,,,,AIA,,,0,0
Anguila,1974,,,,AIA,,,0,0
Anguila,1975,,,,AIA,,,0,0
Anguila,1976,,,,AIA,,,0,0
Anguila,1977,,,,AIA,,,0,0
Anguila,1978,,,,AIA,,,0,0
Anguila,1979,,,,AIA,,,0,0
Anguila,1980,,,,AIA,,,0,0
Anguila,1981,,,,AIA,,,0,0
Anguila,1982,,,,AIA,,,0,0
Anguila,1983,,,,AIA,,,0,0
Anguila,1984,,,,AIA,,,0,0
Anguila,1985,,,,AIA,,,0,0
Anguila,1986,,,,AIA,,,0,0
Anguila,1987,,,,AIA,,,0,0
Anguila,1988,,,,AIA,,,0,0
Anguila,1989,,,,AIA,,,0,0
Anguila,1990,,,,AIA,,,0,0
Anguila,1991,,,,AIA,,,0,0
Anguila,1992,,,,AIA,,,0,0
Anguila,1993,,,,AIA,,,0,0
Anguila,1994,,,,AIA,,,0,0
Anguila,1995,,,,AIA,,,0,0
Anguila,1996,,,,AIA,,,0,0
Anguila,1997,,,,AIA,,,0,0
Anguila,1998,,,,AIA,,,0,0
Anguila,1999,,,,AIA,,,0,0
Anguila,2000,,,,AIA,,,0,0
Anguila,2001,,,,AIA,,,0,0
Anguila,2002,,,,AIA,,,0,0
Anguila,2003,,,,AIA,,,0,0
Anguila,2004,,,,AIA,,,0,0
Anguila,2005,,,,AIA,,,0,0
Anguila,2006,,,,AIA,,,0,0
Anguila,2007,,,,AIA,,,0,0
Anguila,2008,,,,AIA,,,0,0
Anguila,2009,,,,AIA,,,0,0
Anguila,2010,,,,AIA,,,0,0
Anguila,2011,,,,AIA,,,0,0
Anguila,2012,,,,AIA,,,0,0
Anguila,2013,,,,AIA,,,0,0
Anguila,2014,,,,AIA,,,0,0
Anguila,2015,,,,AIA,,,0,0
Anguila,2016,,,,AIA,,,0,0
Anguila,2017,,,,AIA,,,0,0
Anguila,2018,,,,AIA,,,0,0
Anguila,2019,,,,AIA,,,0,0
Anguila,2020,,,,AIA,,,0,0
Anguila,2021,,,,AIA,,,0,0
Anguila,2022,,,,AIA,,,0,0
Anguila,2023,,,,AIA,,,0,0
Antigua and Barbuda,1960,,,,ATG,,,0,0
Antigua and Barbuda,1961,,,,ATG,,,0,0
Antigua and Barbuda,1962,,,,ATG,,,0,0
Antigua and Barbuda,1963,,,,ATG,,,0,0
Antigua and Barbuda,1964,,,,ATG,,,0,0
Antigua and Barbuda,1965,,,,ATG,,,0,0
Antigua and Barbuda,1966,,,,ATG,,,0,0
Antigua and Barbuda,1967,,,,ATG,,,0,0
Antigua and Barbuda,1968,,,,ATG,,,0,0
Antigua and Barbuda,1969,,,,ATG,,,0,0
Antigua and Barbuda,1970,,,,ATG,,,0,0
Antigua and Barbuda,1971,,,,ATG,,,0,0
Antigua and Barbuda,1972,,,,ATG,,,0,0
Antigua and Barbuda,1973,,,,ATG,,,0,0
Antigua and Barbuda,1974,,,,ATG,,,0,0
Antigua and Barbuda,1975,,,,ATG,,,0,0
Antigua and Barbuda,1976,,,,ATG,,,0,0
Antigua and Barbuda,1977,,,,ATG,387163203.126708,0.0,0,0
Antigua and Barbuda,1978,,,,ATG,404134550.442489,0.0,0,0
Antigua and Barbuda,1979,,,,ATG,436786384.138376,0.0,0,0
Antigua and Barbuda,1980,,,,ATG,472436818.308071,0.0,0,0
Antigua and Barbuda,1981,,,,ATG,490457675.789685,0.0,0,0
Antigua and Barbuda,1982,,,,ATG,490048110.846921,0.0,0,0
Antigua and Barbuda,1983,,,,ATG,516333403.780737,0.0,0,0
Antigua and Barbuda,1984,,,,ATG,568819882.561907,0.0,0,0
Antigua and Barbuda,1985,24.0,,,ATG,612299589.432117,3.919649860007097,1,0
Antigua and Barbuda,1986,32.0,,,ATG,682675279.820441,4.687440858912706,1,0
Antigua and Barbuda,1987,,,,ATG,727910265.016782,0.0,0,0
Antigua and Barbuda,1988,,,,ATG,765857188.329832,0.0,0,0
Antigua and Barbuda,1989,,,,ATG,806082316.637007,0.0,0,0
Antigua and Barbuda,1990,,,,ATG,830360009.985309,0.0,0,0
Antigua and Barbuda,1991,,,,ATG,848435719.914615,0.0,0,0
Antigua and Barbuda,1992,,,,ATG,858265278.54095,0.0,0,0
Antigua and Barbuda,1993,,,,ATG,903580713.993905,0.0,0,0
Antigua and Barbuda,1994,,,,ATG,963907435.965129,0.0,0,0
Antigua and Barbuda,1995,,,,ATG,921883147.37367,0.0,0,0
Antigua and Barbuda,1996,161.0,,,ATG,982773021.141193,16.382216090247095,1,1
Antigua and Barbuda,1997,175.0,,,ATG,1036543047.19835,16.88304219231452,1,1
Antigua and Barbuda,1998,403.59,,,ATG,1085584792.26449,37.177197292726085,1,1
Antigua and Barbuda,1999,714.71,,,ATG,1125835518.38058,63.48263030713851,1,1
Antigua and Barbuda,2000,754.79,,,ATG,1195677311.61138,63.126563720004945,1,1
Antigua and Barbuda,2001,616.39,,1.06,ATG,1141296594.96992,54.00787163622841,1,1
Antigua and Barbuda,2002,664.78,,,ATG,1153020391.45654,57.65552846469819,1,1
Antigua and Barbuda,2003,813.0,,,ATG,1223085251.30795,66.4712454941787,1,1
Antigua and Barbuda,2004,838.0,,,ATG,1293621842.2095,64.7793638493843,1,1
Antigua and Barbuda,2005,764.0,,,ATG,1377366902.51519,55.46815438971785,1,1
Antigua and Barbuda,2006,762.0,,,ATG,1552404719.92894,49.08513805825583,1,1
Antigua and Barbuda,2007,612.0,,,ATG,1697014056.19323,36.0633430092411,1,1
Antigua and Barbuda,2008,631.0,,,ATG,1696776362.25323,37.18816539629684,1,1
Antigua and Barbuda,2009,707.0,,,ATG,1493793051.15554,47.329179865517006,1,1
Antigua and Barbuda,2010,684.0,,,ATG,1376672104.84443,49.68503375589898,1,1
Antigua and Barbuda,2011,515.0,,5.5,ATG,1349706641.55924,38.1564396397316,1,1
Antigua and Barbuda,2012,0.4,,,ATG,1395234173.14327,0.028669022569799533,0,0
Antigua and Barbuda,2013,2.9,,,ATG,1386849062.30615,0.2091071104145736,0,0
Antigua and Barbuda,2014,12.0,,,ATG,1417336052.73314,0.8466587706464977,0,0
Antigua and Barbuda,2015,20.0,,,ATG,1437485185.18519,1.3913186866982157,1,0
Antigua and Barbuda,2016,8.0,,,ATG,1496714858.20258,0.5345039475058918,0,0
Antigua and Barbuda,2017,14.0,,,ATG,1537316639.9839,0.9106777117918022,0,0
Antigua and Barbuda,2018,153.0,,,ATG,1640501407.75149,9.32641686724947,1,1
Antigua and Barbuda,2019,148.0,,,ATG,1692541753.29144,8.74424513972482,1,1
Antigua and Barbuda,2020,171.9,,,ATG,1373179832.3414,12.518389503790953,1,1
Antigua and Barbuda,2021,219.0,,,ATG,1485407940.31841,14.743424621323587,1,1
Antigua and Barbuda,2022,216.0,,,ATG,1611634392.94633,13.402543464285149,1,1
Antigua and Barbuda,2023,200.0,,,ATG,1673932146.2046,11.947915598220106,1,1
Argentina,1960,100.0,,,ARG,150797810295.884,0.06631396026493197,0,0
Argentina,1961,462.0,,,ARG,158982878499.524,0.2905973299517176,0,0
Argentina,1962,362.0,,,ARG,157628310158.567,0.22965417800637736,0,0
Argentina,1963,15.0,,,ARG,149261089202.812,0.010049504582951554,0,0
Argentina,1964,,,,ARG,164381681831.918,0.0,0,0
Argentina,1965,472.0,,,ARG,181755894112.433,0.2596889648640631,0,0
Argentina,1966,,,,ARG,180556802912.311,0.0,0,0
Argentina,1967,,,,ARG,186320169964.576,0.0,0,0
Argentina,1968,,,,ARG,195305461613.156,0.0,0,0
Argentina,1969,,,,ARG,214210104570.482,0.0,0,0
Argentina,1970,,,,ARG,220734180309.322,0.0,0,0
Argentina,1971,,,,ARG,233223609573.669,0.0,0,0
Argentina,1972,,,,ARG,237021461356.448,0.0,0,0
Argentina,1973,,,,ARG,243685921868.226,0.0,0,0
Argentina,1974,,,,ARG,257171024124.452,0.0,0,0
Argentina,1975,,,,ARG,257097956426.363,0.0,0,0
Argentina,1976,970.0,,,ARG,251909073021.038,0.3850595726335713,0,0
Argentina,1977,,,,ARG,269376820356.431,0.0,0,0
Argentina,1978,,,,ARG,257238364643.474,0.0,0,0
Argentina,1979,,,,ARG,283535234199.299,0.0,0,0
Argentina,1980,,,,ARG,287841521828.634,0.0,0,0
Argentina,1981,,,,ARG,272903153784.458,0.0,0,0
Argentina,1982,3870.0,,,ARG,270895516738.16,1.4285950711176343,1,0
Argentina,1983,3507.11,,,ARG,282677015450.457,1.2406774545893948,1,0
Argentina,1984,5535.49,1375.96,,ARG,287117132733.287,1.9279553077531277,1,0
Argentina,1985,11649.65,,,ARG,272218554792.861,4.279520919822882,1,0
Argentina,1986,4521.01,1141.52,,ARG,288969188904.054,1.564530120718546,1,0
Argentina,1987,31736.4,,,ARG,296785426416.393,10.693382213274012,1,1
Argentina,1988,24529.24,,,ARG,293550663101.649,8.356049937283283,1,1
Argentina,1989,35044.0,,,ARG,272541389928.67,12.858230454160294,1,1
Argentina,1990,32776.01,,,ARG,265817211205.311,12.33028134310106,1,1
Argentina,1991,33826.0,,,ARG,290094591011.844,11.660334610864547,1,1
Argentina,1992,31176.0,,,ARG,313120244489.89,9.956558398448303,1,1
Argentina,1993,47553.79,,,ARG,338817957426.035,14.035203553336201,1,1
Argentina,1994,839.56,10.55,,ARG,358592053441.545,0.2341267721753513,0,0
Argentina,1995,248.45,69.23,,ARG,348389357874.283,0.07131388901082726,0,0
Argentina,1996,0.2,0.17,,ARG,367643757074.802,5.440048855754331e-05,0,0
Argentina,1997,0.01,,,ARG,397463514160.866,2.5159542055356267e-06,0,0
Argentina,1998,0.0,,,ARG,412766570325.764,0.0,0,0
Argentina,1999,,,,ARG,398792535409.293,0.0,0,0
Argentina,2000,826.41,10.32,,ARG,395646066535.875,0.20887608140167513,0,0
Argentina,2001,84830.0,,,ARG,378202665751.853,22.4297731565062,1,1
Argentina,2002,104158.0,258.0,,ARG,336999433710.193,30.90747033408134,1,1
Argentina,2003,115104.0,494.0,,ARG,366780211148.674,31.382281950141174,1,1
Argentina,2004,112963.0,409.0,,ARG,399898899166.738,28.247889712969688,1,1
Argentina,2005,106041.0,260.0,,ARG,435296589745.339,24.360631922716657,1,1
Argentina,2006,32587.71,373.0,,ARG,470325565798.353,6.928755817193154,1,1
Argentina,2007,35844.65,345.0,,ARG,512690850741.56,6.9914744817766925,1,1
Argentina,2008,35585.64,301.0,,ARG,533491913656.279,6.670324158451502,1,1
Argentina,2009,36224.11,260.0,,ARG,501917060966.235,7.217150564729831,1,1
Argentina,2010,15547.0,169.0,,ARG,552738161802.463,2.812724192826073,1,0
Argentina,2011,17425.57,187.0,,ARG,585924294024.785,2.9740309759647694,1,0
Argentina,2012,17490.79,82.0,,ARG,579910247223.428,3.0161201813116336,1,0
Argentina,2013,17640.08,13.0,,ARG,593858966307.156,2.9704157048756574,1,0
Argentina,2014,55914.0,11.0,,ARG,578937574935.696,9.658036102806161,1,1
Argentina,2015,44787.0,10.0,,ARG,594749285413.212,7.530399968262842,1,1
Argentina,2016,47535.0,,,ARG,582376550428.09,8.162244850871527,1,1
Argentina,2017,22105.19,17993.19,,ARG,598790850843.677,3.69163790142326,1,0
Argentina,2018,22695.37,21209.37,,ARG,583118120294.002,3.892070784656329,1,0
Argentina,2019,28660.43,15082.43,,ARG,571450737224.442,5.01538070266648,1,1
Argentina,2020,70956.56,,,ARG,514874343768.066,13.781335360528976,1,1
Argentina,2021,14978.57,10573.08,,ARG,568636554720.066,2.6341201380157133,1,0
Argentina,2022,15378.57,12121.57,,ARG,602872713790.916,2.550881744721571,1,0
Argentina,2023,22991.0,,,ARG,591684674129.454,3.8856845555154313,1,0
Armenia,1960,,,,ARM,,,0,0
Armenia,1961,,,,ARM,,,0,0
Armenia,1962,,,,ARM,,,0,0
Armenia,1963,,,,ARM,,,0,0
Armenia,1964,,,,ARM,,,0,0
Armenia,1965,,,,ARM,,,0,0
Armenia,1966,,,,ARM,,,0,0
Armenia,1967,,,,ARM,,,0,0
Armenia,1968,,,,ARM,,,0,0
Armenia,1969,,,,ARM,,,0,0
Armenia,1970,,,,ARM,,,0,0
Armenia,1971,,,,ARM,,,0,0
Armenia,1972,,,,ARM,,,0,0
Armenia,1973,,,,ARM,,,0,0
Armenia,1974,,,,ARM,,,0,0
Armenia,1975,,,,ARM,,,0,0
Armenia,1976,,,,ARM,,,0,0
Armenia,1977,,,,ARM,,,0,0
Armenia,1978,,,,ARM,,,0,0
Armenia,1979,,,,ARM,,,0,0
Armenia,1980,,,,ARM,,,0,0
Armenia,1981,,,,ARM,,,0,0
Armenia,1982,,,,ARM,,,0,0
Armenia,1983,,,,ARM,,,0,0
Armenia,1984,,,,ARM,,,0,0
Armenia,1985,,,,ARM,,,0,0
Armenia,1986,,,,ARM,,,0,0
Armenia,1987,,,,ARM,,,0,0
Armenia,1988,,,,ARM,,,0,0
Armenia,1989,,,,ARM,,,0,0
Armenia,1990,,,,ARM,5839777093.95123,0.0,0,0
Armenia,1991,,,,ARM,5156523262.60518,0.0,0,0
Armenia,1992,,,,ARM,3001096397.25066,0.0,0,0
Armenia,1993,30.8,30.8,,ARM,2736999950.50702,1.125319713443707,1,0
Armenia,1994,32.23,,,ARM,2884798023.90046,1.1172359289272757,1,0
Armenia,1995,76.58,,,ARM,3083849041.96219,2.4832603333681247,1,0
Armenia,1996,64.03,,2.14,ARM,3264729146.7809,1.961265303222324,1,0
Armenia,1997,126.89,,,ARM,3373153403.74995,3.7617619127234416,1,0
Armenia,1998,31.31,,,ARM,3619393601.80914,0.8650620364789785,0,0
Armenia,1999,,,,ARM,3738833590.68989,0.0,0,0
Armenia,2000,24.92,,,ARM,3959424772.65728,0.6293843533053287,0,0
Armenia,2001,17.55,,,ARM,4339529550.80371,0.4044217188646549,0,0
Armenia,2002,14.14,,,ARM,4912347451.42022,0.2878460886538462,0,0
Armenia,2003,46.06,,,ARM,5600076094.6952,0.8224888237435092,0,0
Armenia,2004,,,,ARM,6188084084.57212,0.0,0,0
Armenia,2005,,,,ARM,7048227772.27278,0.0,0,0
Armenia,2006,,,,ARM,7978593838.17516,0.0,0,0
Armenia,2007,,,,ARM,9071661194.12856,0.0,0,0
Armenia,2008,,,,ARM,9697605816.5624,0.0,0,0
Armenia,2009,,,,ARM,8330243396.35924,0.0,0,0
Armenia,2010,,,,ARM,8513508751.09706,0.0,0,0
Armenia,2011,,,,ARM,8913643662.28574,0.0,0,0
Armenia,2012,,,,ARM,9555426006.05632,0.0,0,0
Armenia,2013,,,,ARM,9870755064.25618,0.0,0,0
Armenia,2014,,,,ARM,10226102246.6276,0.0,0,0
Armenia,2015,,,,ARM,10553337518.414,0.0,0,0
Armenia,2016,,,,ARM,10574444193.4325,0.0,0,0
Armenia,2017,,,,ARM,11367527508.1135,0.0,0,0
Armenia,2018,,,,ARM,11958638938.496,0.0,0,0
Armenia,2019,,,,ARM,12867495497.6469,0.0,0,0
Armenia,2020,,,,ARM,11941035821.9185,0.0,0,0
Armenia,2021,,,,ARM,12633615899.6682,0.0,0,0
Armenia,2022,,,,ARM,14225451502.9981,0.0,0,0
Armenia,2023,,,,ARM,15406163977.6894,0.0,0,0
Aruba,1960,,,,ABW,,,0,0
Aruba,1961,,,,ABW,,,0,0
Aruba,1962,,,,ABW,,,0,0
Aruba,1963,,,,ABW,,,0,0
Aruba,1964,,,,ABW,,,0,0
Aruba,1965,,,,ABW,,,0,0
Aruba,1966,,,,ABW,,,0,0
Aruba,1967,,,,ABW,,,0,0
Aruba,1968,,,,ABW,,,0,0
Aruba,1969,,,,ABW,,,0,0
Aruba,1970,,,,ABW,,,0,0
Aruba,1971,,,,ABW,,,0,0
Aruba,1972,,,,ABW,,,0,0
Aruba,1973,,,,ABW,,,0,0
Aruba,1974,,,,ABW,,,0,0
Aruba,1975,,,,ABW,,,0,0
Aruba,1976,,,,ABW,,,0,0
Aruba,1977,,,,ABW,,,0,0
Aruba,1978,,,,ABW,,,0,0
Aruba,1979,,,,ABW,,,0,0
Aruba,1980,,,,ABW,,,0,0
Aruba,1981,,,,ABW,,,0,0
Aruba,1982,,,,ABW,,,0,0
Aruba,1983,,,,ABW,,,0,0
Aruba,1984,,,,ABW,,,0,0
Aruba,1985,,,,ABW,,,0,0
Aruba,1986,,,,ABW,967924669.426005,0.0,0,0
Aruba,1987,,,,ABW,1123551773.16707,0.0,0,0
Aruba,1988,,,,ABW,1333078995.9507,0.0,0,0
Aruba,1989,,,,ABW,1494779352.50098,0.0,0,0
Aruba,1990,,,,ABW,1553993567.53506,0.0,0,0
Aruba,1991,,,,ABW,1677736082.04648,0.0,0,0
Aruba,1992,,,,ABW,1776426456.79667,0.0,0,0
Aruba,1993,,,,ABW,1906242252.98798,0.0,0,0
Aruba,1994,,,,ABW,2062628485.83087,0.0,0,0
Aruba,1995,,,,ABW,2115166597.09495,0.0,0,0
Aruba,1996,,,,ABW,2140247999.59914,0.0,0,0
Aruba,1997,,,,ABW,2291068600.65849,0.0,0,0
Aruba,1998,,,,ABW,2336706330.90095,0.0,0,0
Aruba,1999,,,,ABW,2365635733.00384,0.0,0,0
Aruba,2000,,,,ABW,2545966267.78226,0.0,0,0
Aruba,2001,,,,ABW,2652438618.61234,0.0,0,0
Aruba,2002,,,,ABW,2627374307.5502,0.0,0,0
Aruba,2003,,,,ABW,2656551420.08012,0.0,0,0
Aruba,2004,,,,ABW,2850313056.72604,0.0,0,0
Aruba,2005,,,,ABW,2839392433.63397,0.0,0,0
Aruba,2006,,,,ABW,2871404069.44201,0.0,0,0
Aruba,2007,,,,ABW,2960117372.63583,0.0,0,0
Aruba,2008,,,,ABW,3014457880.39871,0.0,0,0
Aruba,2009,,,,ABW,2662437285.4367,0.0,0,0
Aruba,2010,,,,ABW,2589660712.61171,0.0,0,0
Aruba,2011,,,,ABW,2676912524.28603,0.0,0,0
Aruba,2012,,,,ABW,2649051221.82866,0.0,0,0
Aruba,2013,,,,ABW,2819423912.92302,0.0,0,0
Aruba,2014,,,,ABW,2859631703.57391,0.0,0,0
Aruba,2015,,,,ABW,2962906703.91061,0.0,0,0
Aruba,2016,,,,ABW,2999478909.44476,0.0,0,0
Aruba,2017,,,,ABW,3104263601.09893,0.0,0,0
Aruba,2018,,,,ABW,3203987172.7481,0.0,0,0
Aruba,2019,,,,ABW,3243368791.69297,0.0,0,0
Aruba,2020,,,,ABW,2466904380.69,0.0,0,0
Aruba,2021,,,,ABW,2832837377.86958,0.0,0,0
Aruba,2022,,,,ABW,3133343655.36878,0.0,0,0
Aruba,2023,,,,ABW,3431523924.65298,0.0,0,0
Azerbaijan,1960,,,,AZE,,,0,0
Azerbaijan,1961,,,,AZE,,,0,0
Azerbaijan,1962,,,,AZE,,,0,0
Azerbaijan,1963,,,,AZE,,,0,0
Azerbaijan,1964,,,,AZE,,,0,0
Azerbaijan,1965,,,,AZE,,,0,0
Azerbaijan,1966,,,,AZE,,,0,0
Azerbaijan,1967,,,,AZE,,,0,0
Azerbaijan,1968,,,,AZE,,,0,0
Azerbaijan,1969,,,,AZE,,,0,0
Azerbaijan,1970,,,,AZE,,,0,0
Azerbaijan,1971,,,,AZE,,,0,0
Azerbaijan,1972,,,,AZE,,,0,0
Azerbaijan,1973,,,,AZE,,,0,0
Azerbaijan,1974,,,,AZE,,,0,0
Azerbaijan,1975,,,,AZE,,,0,0
Azerbaijan,1976,,,,AZE,,,0,0
Azerbaijan,1977,,,,AZE,,,0,0
Azerbaijan,1978,,,,AZE,,,0,0
Azerbaijan,1979,,,,AZE,,,0,0
Azerbaijan,1980,,,,AZE,,,0,0
Azerbaijan,1981,,,,AZE,,,0,0
Azerbaijan,1982,,,,AZE,,,0,0
Azerbaijan,1983,,,,AZE,,,0,0
Azerbaijan,1984,,,,AZE,,,0,0
Azerbaijan,1985,,,,AZE,,,0,0
Azerbaijan,1986,,,,AZE,,,0,0
Azerbaijan,1987,,,,AZE,,,0,0
Azerbaijan,1988,,,,AZE,,,0,0
Azerbaijan,1989,,,,AZE,,,0,0
Azerbaijan,1990,,,,AZE,20567069388.6795,0.0,0,0
Azerbaijan,1991,,,,AZE,20423099866.8225,0.0,0,0
Azerbaijan,1992,,,,AZE,15807479230.2505,0.0,0,0
Azerbaijan,1993,,,,AZE,12155951730.5819,0.0,0,0
Azerbaijan,1994,23.9,,,AZE,9761229088.93276,0.2448462153920526,0,0
Azerbaijan,1995,41.53,,,AZE,8609404143.53992,0.4823794923271444,0,0
Azerbaijan,1996,37.98,,,AZE,8721326346.14884,0.4354842198603335,0,0
Azerbaijan,1997,37.98,,,AZE,9227163287.12935,0.4116107932432168,0,0
Azerbaijan,1998,,,,AZE,10149879579.9982,0.0,0,0
Azerbaijan,1999,,,,AZE,10900970800.8244,0.0,0,0
Azerbaijan,2000,,,,AZE,12110978466.342,0.0,0,0
Azerbaijan,2001,,,,AZE,13309965318.2008,0.0,0,0
Azerbaijan,2002,,,,AZE,14566281800.0274,0.0,0,0
Azerbaijan,2003,,,,AZE,16053251457.6915,0.0,0,0
Azerbaijan,2004,74.82,,,AZE,17538787529.6067,0.42659733390177973,0,0
Azerbaijan,2005,,,,AZE,22442902288.4162,0.0,0,0
Azerbaijan,2006,,,,AZE,30178120036.5547,0.0,0,0
Azerbaijan,2007,,,,AZE,37862439845.1581,0.0,0,0
Azerbaijan,2008,,,,AZE,41872616483.1256,0.0,0,0
Azerbaijan,2009,,,,AZE,45795872374.3607,0.0,0,0
Azerbaijan,2010,,,,AZE,47988959988.6111,0.0,0,0
Azerbaijan,2011,,,,AZE,47234094919.1645,0.0,0,0
Azerbaijan,2012,,,,AZE,48274633178.2711,0.0,0,0
Azerbaijan,2013,,,,AZE,51095520771.413,0.0,0,0
Azerbaijan,2014,,,,AZE,52524961505.7785,0.0,0,0
Azerbaijan,2015,,,,AZE,53076235354.746,0.0,0,0
Azerbaijan,2016,,,,AZE,51450192645.6866,0.0,0,0
Azerbaijan,2017,,,,AZE,51529227685.0867,0.0,0,0
Azerbaijan,2018,,,,AZE,52302373078.674,0.0,0,0
Azerbaijan,2019,,,,AZE,53599371924.6281,0.0,0,0
Azerbaijan,2020,0.36,,,AZE,51348755387.0791,0.0007010880736762451,0,0
Azerbaijan,2021,,,,AZE,54232727563.5559,0.0,0,0
Azerbaijan,2022,,,,AZE,56789627303.7604,0.0,0,0
Azerbaijan,2023,,,,AZE,57558830022.9022,0.0,0,0
Bahamas,1960,,,,BHS,2184276201.18651,0.0,0,0
Bahamas,1961,,,,BHS,2417275071.18938,0.0,0,0
Bahamas,1962,,,,BHS,2669927982.16983,0.0,0,0
Bahamas,1963,,,,BHS,2950912677.3124,0.0,0,0
Bahamas,1964,,,,BHS,3260804755.13467,0.0,0,0
Bahamas,1965,,,,BHS,3600763100.29082,0.0,0,0
Bahamas,1966,,,,BHS,3927421762.14234,0.0,0,0
Bahamas,1967,,,,BHS,4304380175.11547,0.0,0,0
Bahamas,1968,,,,BHS,4666884896.26568,0.0,0,0
Bahamas,1969,,,,BHS,5086048750.16656,0.0,0,0
Bahamas,1970,,,,BHS,4798704822.18132,0.0,0,0
Bahamas,1971,,,,BHS,4876756175.55366,0.0,0,0
Bahamas,1972,,,,BHS,4706199629.16581,0.0,0,0
Bahamas,1973,,,,BHS,5062344525.22621,0.0,0,0
Bahamas,1974,,,,BHS,4214187726.48604,0.0,0,0
Bahamas,1975,,,,BHS,3590356194.49727,0.0,0,0
Bahamas,1976,,,,BHS,3776522804.41801,0.0,0,0
Bahamas,1977,,,,BHS,4122260793.71872,0.0,0,0
Bahamas,1978,,,,BHS,4706777593.7735,0.0,0,0
Bahamas,1979,,,,BHS,5937096110.08025,0.0,0,0
Bahamas,1980,,,,BHS,6322727240.34951,0.0,0,0
Bahamas,1981,,,,BHS,5739366812.97085,0.0,0,0
Bahamas,1982,,,,BHS,6123841127.10326,0.0,0,0
Bahamas,1983,,,,BHS,6344118868.72404,0.0,0,0
Bahamas,1984,,,,BHS,7243153383.1935,0.0,0,0
Bahamas,1985,,,,BHS,7592938305.37769,0.0,0,0
Bahamas,1986,,,,BHS,7729383424.42499,0.0,0,0
Bahamas,1987,,,,BHS,7960068367.47981,0.0,0,0
Bahamas,1988,,,,BHS,8143922676.47521,0.0,0,0
Bahamas,1989,,,,BHS,8691791214.13895,0.0,0,0
Bahamas,1990,,,,BHS,8553048576.19105,0.0,0,0
Bahamas,1991,,,,BHS,8195378471.78349,0.0,0,0
Bahamas,1992,,,,BHS,7881857523.78963,0.0,0,0
Bahamas,1993,,,,BHS,7906118401.13611,0.0,0,0
Bahamas,1994,,,,BHS,8155075426.23486,0.0,0,0
Bahamas,1995,,,,BHS,8512165957.40263,0.0,0,0
Bahamas,1996,,,,BHS,8871679871.09791,0.0,0,0
Bahamas,1997,,,,BHS,8985925213.01949,0.0,0,0
Bahamas,1998,,,,BHS,9409773203.61725,0.0,0,0
Bahamas,1999,,,,BHS,10082017178.6752,0.0,0,0
Bahamas,2000,,,,BHS,10500261525.9051,0.0,0,0
Bahamas,2001,,,,BHS,10775999425.4187,0.0,0,0
Bahamas,2002,,,,BHS,11067485495.0867,0.0,0,0
Bahamas,2003,,,,BHS,10927491025.4318,0.0,0,0
Bahamas,2004,,,,BHS,11023912337.1748,0.0,0,0
Bahamas,2005,,,,BHS,11398293682.8703,0.0,0,0
Bahamas,2006,,,,BHS,11685142254.5787,0.0,0,0
Bahamas,2007,,,,BHS,11854121086.481,0.0,0,0
Bahamas,2008,,,,BHS,11578673030.5899,0.0,0,0
Bahamas,2009,,,,BHS,11095213868.3034,0.0,0,0
Bahamas,2010,,,,BHS,11265931761.9405,0.0,0,0
Bahamas,2011,,,,BHS,11335011158.6301,0.0,0,0
Bahamas,2012,,,,BHS,11847358068.6233,0.0,0,0
Bahamas,2013,,,,BHS,11508144415.7879,0.0,0,0
Bahamas,2014,,,,BHS,11720696405.6022,0.0,0,0
Bahamas,2015,,,,BHS,11837600000.0,0.0,0,0
Bahamas,2016,,,,BHS,11700697195.6515,0.0,0,0
Bahamas,2017,,,,BHS,12095174365.8385,0.0,0,0
Bahamas,2018,,,,BHS,12385211217.3941,0.0,0,0
Bahamas,2019,,,,BHS,12281350586.0076,0.0,0,0
Bahamas,2020,,,,BHS,9814105056.96843,0.0,0,0
Bahamas,2021,,,,BHS,11540027214.2601,0.0,0,0
Bahamas,2022,,,,BHS,12795339943.1948,0.0,0,0
Bahamas,2023,,,,BHS,13185372844.5039,0.0,0,0
Bangladesh,1960,,,,BGD,22255159273.9147,0.0,0,0
Bangladesh,1961,,,,BGD,23603412614.6943,0.0,0,0
Bangladesh,1962,,,,BGD,24890514014.5217,0.0,0,0
Bangladesh,1963,,,,BGD,24777039582.3854,0.0,0,0
Bangladesh,1964,,,,BGD,27490816335.8173,0.0,0,0
Bangladesh,1965,,,,BGD,27932389835.4113,0.0,0,0
Bangladesh,1966,,,,BGD,28649361769.9512,0.0,0,0
Bangladesh,1967,,,,BGD,28111938729.2916,0.0,0,0
Bangladesh,1968,,,,BGD,30779608227.8708,0.0,0,0
Bangladesh,1969,,,,BGD,31155383509.3056,0.0,0,0
Bangladesh,1970,,,,BGD,32906270043.7907,0.0,0,0
Bangladesh,1971,,,,BGD,31103176561.8473,0.0,0,0
Bangladesh,1972,,,,BGD,26756903051.3733,0.0,0,0
Bangladesh,1973,0.53,,,BGD,27646752077.9687,0.0019170425462828574,0,0
Bangladesh,1974,1.03,,,BGD,30298616455.7662,0.0033994951601295917,0,0
Bangladesh,1975,2.03,0.0,,BGD,29059944148.1974,0.006985560569722986,0,0
Bangladesh,1976,3.23,0.01,,BGD,30705132551.2905,0.01051941395987964,0,0
Bangladesh,1977,4.05,,,BGD,31525897954.6263,0.01284658094696928,0,0
Bangladesh,1978,5.46,0.16,,BGD,33755988819.6807,0.01617490759689038,0,0
Bangladesh,1979,1.28,,,BGD,35376828058.6038,0.003618187582786124,0,0
Bangladesh,1980,0.24,,,BGD,35666614469.1264,0.0006728981810363523,0,0
Bangladesh,1981,0.26,,,BGD,38246717277.6993,0.0006797969041688173,0,0
Bangladesh,1982,0.27,,,BGD,39063027610.8276,0.0006911906642002338,0,0
Bangladesh,1983,0.29,,,BGD,40579081837.574,0.0007146539223356108,0,0
Bangladesh,1984,0.27,,,BGD,42528220939.5754,0.0006348725482394836,0,0
Bangladesh,1985,2.0,,0.8,BGD,43949520315.5326,0.004550675378573271,0,0
Bangladesh,1986,4.67,,2.1,BGD,45783701931.1458,0.010200136299644844,0,0
Bangladesh,1987,10.99,0.05,2.8,BGD,47510847150.9471,0.023131559757466714,0,0
Bangladesh,1988,12.3,0.08,3.4,BGD,48658831252.413,0.02527804240959865,0,0
Bangladesh,1989,13.91,0.01,3.5,BGD,50039078963.9421,0.027798273445487423,0,0
Bangladesh,1990,16.22,0.48,3.7,BGD,52852405164.9835,0.0306892372246217,0,0
Bangladesh,1991,314.32,1.75,5.1,BGD,54694431891.2081,0.5746837276328408,0,0
Bangladesh,1992,18.38,0.3,4.3,BGD,57671277832.2235,0.031870283945278355,0,0
Bangladesh,1993,22.1,0.01,4.6,BGD,60388495684.6196,0.036596374440949465,0,0
Bangladesh,1994,31.36,3.94,3.7,BGD,62737684522.6707,0.049985905980747265,0,0
Bangladesh,1995,28.23,0.0,,BGD,65950655693.3725,0.04280472984415966,0,0
Bangladesh,1996,3.39,,,BGD,68933550573.3629,0.004917779472844902,0,0
Bangladesh,1997,3.21,,,BGD,72028595646.2459,0.0044565633568163345,0,0
Bangladesh,1998,3.53,,,BGD,75757535399.2044,0.0046596024823123685,0,0
Bangladesh,1999,4.4,,,BGD,79295530763.5123,0.005548862536934619,0,0
Bangladesh,2000,4.4,,,BGD,83492876905.7611,0.005269910635569914,0,0
Bangladesh,2001,78.25,,,BGD,87732050538.1162,0.08919203360692383,0,0
Bangladesh,2002,103.41,,1.33,BGD,91094928770.2862,0.11351894270730337,0,0
Bangladesh,2003,117.81,,,BGD,95412434316.9993,0.12347447252900685,0,0
Bangladesh,2004,161.54,,,BGD,100411600213.555,0.1608778265224709,0,0
Bangladesh,2005,17.25,,,BGD,106974447115.636,0.016125346253347113,0,0
Bangladesh,2006,86.39,,,BGD,114111680586.242,0.07570653552395029,0,0
Bangladesh,2007,259.55,48.21,,BGD,122166366935.51,0.21245618291735974,0,0
Bangladesh,2008,535.84,,9.0,BGD,129513195397.247,0.4137339043766579,0,0
Bangladesh,2009,7.32,,7.32,BGD,136047297736.462,0.005380481730831298,0,0
Bangladesh,2010,256.31,,103.0,BGD,143627564998.204,0.17845460236216149,0,0
Bangladesh,2011,16.46,,,BGD,152912195327.661,0.010764347450986124,0,0
Bangladesh,2012,63.37,,4.6,BGD,162884301114.117,0.03890491567729592,0,0
Bangladesh,2013,26.68,,,BGD,172679520662.469,0.015450587248357333,0,0
Bangladesh,2014,8.87,,,BGD,183145728910.398,0.0048431377858336785,0,0
Bangladesh,2015,,,,BGD,195146608978.131,0.0,0,0
Bangladesh,2016,,,,BGD,209028320490.615,0.0,0,0
Bangladesh,2017,,,,BGD,222803809377.443,0.0,0,0
Bangladesh,2018,,,,BGD,239111739541.452,0.0,0,0
Bangladesh,2019,,,,BGD,257958323968.613,0.0,0,0
Bangladesh,2020,,,,BGD,266852772253.895,0.0,0,0
Bangladesh,2021,,,,BGD,285368829855.224,0.0,0,0
Bangladesh,2022,,,,BGD,305629528154.311,0.0,0,0
Bangladesh,2023,,,,BGD,323279976841.364,0.0,0,0
Barbados,1960,,,,BRB,1952658978.13138,0.0,0,0
Barbados,1961,,,,BRB,2102945958.28804,0.0,0,0
Barbados,1962,,,,BRB,2293488815.25593,0.0,0,0
Barbados,1963,,,,BRB,2177015795.79499,0.0,0,0
Barbados,1964,,,,BRB,2285972731.54075,0.0,0,0
Barbados,1965,,,,BRB,2547370135.67407,0.0,0,0
Barbados,1966,,,,BRB,2649350819.12371,0.0,0,0
Barbados,1967,,,,BRB,2931139379.25577,0.0,0,0
Barbados,1968,,,,BRB,3134027609.98628,0.0,0,0
Barbados,1969,,,,BRB,3369656492.07877,0.0,0,0
Barbados,1970,,,,BRB,3690090707.33554,0.0,0,0
Barbados,1971,,,,BRB,3834473714.47323,0.0,0,0
Barbados,1972,,,,BRB,3883317266.42714,0.0,0,0
Barbados,1973,,,,BRB,3935380917.48569,0.0,0,0
Barbados,1974,,,,BRB,3752352598.80454,0.0,0,0
Barbados,1975,,,,BRB,3681057899.32418,0.0,0,0
Barbados,1976,,,,BRB,3841559791.14055,0.0,0,0
Barbados,1977,,,,BRB,3981477303.04947,0.0,0,0
Barbados,1978,,,,BRB,4175651534.80747,0.0,0,0
Barbados,1979,,,,BRB,4505236050.49308,0.0,0,0
Barbados,1980,,,,BRB,4702252942.92575,0.0,0,0
Barbados,1981,,,,BRB,4612921818.77254,0.0,0,0
Barbados,1982,,,,BRB,4386845358.41557,0.0,0,0
Barbados,1983,,,,BRB,4408834558.20714,0.0,0,0
Barbados,1984,,,,BRB,4567569094.20243,0.0,0,0
Barbados,1985,,,,BRB,4617731956.22693,0.0,0,0
Barbados,1986,,,,BRB,4853428691.49267,0.0,0,0
Barbados,1987,,,,BRB,4979179427.80065,0.0,0,0
Barbados,1988,,,,BRB,5153718701.14615,0.0,0,0
Barbados,1989,,,,BRB,5339252574.38739,0.0,0,0
Barbados,1990,,,,BRB,5162651813.56145,0.0,0,0
Barbados,1991,,,,BRB,4961313182.99568,0.0,0,0
Barbados,1992,,,,BRB,4678889397.92359,0.0,0,0
Barbados,1993,,,,BRB,4715996211.92084,0.0,0,0
Barbados,1994,,,,BRB,4810824618.76933,0.0,0,0
Barbados,1995,,,,BRB,4907714545.91523,0.0,0,0
Barbados,1996,,,,BRB,5102868633.97329,0.0,0,0
Barbados,1997,,,,BRB,5344749893.39647,0.0,0,0
Barbados,1998,,,,BRB,5544026979.63733,0.0,0,0
Barbados,1999,,,,BRB,5562580407.84196,0.0,0,0
Barbados,2000,,,,BRB,5809958899.21421,0.0,0,0
Barbados,2001,,,,BRB,5672526404.0074,0.0,0,0
Barbados,2002,,,,BRB,5717191970.25111,0.0,0,0
Barbados,2003,,,,BRB,5841568396.43838,0.0,0,0
Barbados,2004,,,,BRB,5924027851.15045,0.0,0,0
Barbados,2005,,,,BRB,6158350231.09115,0.0,0,0
Barbados,2006,,,,BRB,6532195763.58308,0.0,0,0
Barbados,2007,,,,BRB,6668012106.95058,0.0,0,0
Barbados,2008,,,,BRB,6710251324.83512,0.0,0,0
Barbados,2009,,,,BRB,6373579532.48337,0.0,0,0
Barbados,2010,,,,BRB,5858548339.28011,0.0,0,0
Barbados,2011,,,,BRB,5854200642.29805,0.0,0,0
Barbados,2012,,,,BRB,5686889314.11823,0.0,0,0
Barbados,2013,,,,BRB,5697997060.48008,0.0,0,0
Barbados,2014,,,,BRB,5743998435.21408,0.0,0,0
Barbados,2015,,,,BRB,5699619150.0,0.0,0,0
Barbados,2016,,,,BRB,5780344250.61654,0.0,0,0
Barbados,2017,,,,BRB,5818185598.11782,0.0,0,0
Barbados,2018,6960.4,,,BRB,5803518805.99554,119.93413362957146,1,1
Barbados,2019,1101.4,,,BRB,5817511077.59999,18.93249510500944,1,1
Barbados,2020,25.0,,,BRB,4804919086.45399,0.5203001247300898,0,0
Barbados,2021,,,,BRB,5190267687.6007,0.0,0,0
Barbados,2022,150.5,,,BRB,6017872511.55711,2.5008838208348565,1,0
Barbados,2023,,,,BRB,6127048645.01886,0.0,0,0
Belarus,1960,,,,BLR,,,0,0
Belarus,1961,,,,BLR,,,0,0
Belarus,1962,,,,BLR,,,0,0
Belarus,1963,,,,BLR,,,0,0
Belarus,1964,,,,BLR,,,0,0
Belarus,1965,,,,BLR,,,0,0
Belarus,1966,,,,BLR,,,0,0
Belarus,1967,,,,BLR,,,0,0
Belarus,1968,,,,BLR,,,0,0
Belarus,1969,,,,BLR,,,0,0
Belarus,1970,,,,BLR,,,0,0
Belarus,1971,,,,BLR,,,0,0
Belarus,1972,,,,BLR,,,0,0
Belarus,1973,,,,BLR,,,0,0
Belarus,1974,,,,BLR,,,0,0
Belarus,1975,,,,BLR,,,0,0
Belarus,1976,,,,BLR,,,0,0
Belarus,1977,,,,BLR,,,0,0
Belarus,1978,,,,BLR,,,0,0
Belarus,1979,,,,BLR,,,0,0
Belarus,1980,,,,BLR,,,0,0
Belarus,1981,,,,BLR,,,0,0
Belarus,1982,,,,BLR,,,0,0
Belarus,1983,,,,BLR,,,0,0
Belarus,1984,,,,BLR,,,0,0
Belarus,1985,,,,BLR,,,0,0
Belarus,1986,,,,BLR,,,0,0
Belarus,1987,,,,BLR,,,0,0
Belarus,1988,,,,BLR,,,0,0
Belarus,1989,,,,BLR,,,0,0
Belarus,1990,,,,BLR,29435120615.7016,0.0,0,0
Belarus,1991,,,,BLR,29081900420.7261,0.0,0,0
Belarus,1992,,,,BLR,26290037664.1334,0.0,0,0
Belarus,1993,6.93,6.7,,BLR,24291994270.7127,0.02852791715151628,0,0
Belarus,1994,149.76,149.76,,BLR,21449830003.0732,0.698187351501356,0,0
Belarus,1995,644.5,158.5,,BLR,19219047601.6334,3.353444007002849,1,0
Belarus,1996,315.75,18.75,,BLR,19757181812.0191,1.5981530311570875,1,0
Belarus,1997,158.1,2.1,,BLR,22009501605.6264,0.7183261249295354,0,0
Belarus,1998,453.07,6.07,,BLR,23858297841.0347,1.8990038728611622,1,0
Belarus,1999,400.96,14.96,,BLR,24669479777.7189,1.6253281528949832,1,0
Belarus,2000,464.41,2.41,,BLR,26100310412.7168,1.7793274970926265,1,0
Belarus,2001,242.95,3.95,,BLR,27333629960.0077,0.8888318176380681,0,0
Belarus,2002,210.91,1.91,,BLR,28712684731.6691,0.7345533932860466,0,0
Belarus,2003,193.53,0.53,,BLR,30734974379.4373,0.6296735361181165,0,0
Belarus,2004,167.51,0.51,,BLR,34254050021.1784,0.48902246565423024,0,0
Belarus,2005,137.64,37.64,,BLR,37473931242.4089,0.36729533154566424,0,0
Belarus,2006,26.32,26.32,,BLR,41221322391.8597,0.06385045038049923,0,0
Belarus,2007,11.9,11.9,,BLR,44766358837.3896,0.0265824612701378,0,0
Belarus,2008,5.48,5.48,,BLR,49332527208.7462,0.01110828962159564,0,0
Belarus,2009,37.06,21.76,15.3,BLR,49431189910.8575,0.07497290691733847,0,0
Belarus,2010,10.64,10.64,,BLR,53262115569.3291,0.019976675515546036,0,0
Belarus,2011,16.1,16.1,,BLR,56218149516.8364,0.028638438188326207,0,0
Belarus,2012,12.23,12.23,,BLR,57178272607.7523,0.02138924357491318,0,0
Belarus,2013,12.46,12.46,,BLR,57749323051.4988,0.021576010490873827,0,0
Belarus,2014,15.22,15.22,,BLR,58702836389.8022,0.02592719693974447,0,0
Belarus,2015,14.52,14.52,,BLR,56454769844.7632,0.025719704535022366,0,0
Belarus,2016,11.49,11.49,,BLR,55028470318.3987,0.02088010067064927,0,0
Belarus,2017,11.61,11.61,,BLR,56421892161.1976,0.020577119191306413,0,0
Belarus,2018,12.16,12.16,,BLR,58198729025.2815,0.020893927073076975,0,0
Belarus,2019,14.63,14.63,,BLR,59040547731.7471,0.02477958041052048,0,0
Belarus,2020,218.5,,218.5,BLR,58643356627.7874,0.3725912235666036,0,0
Belarus,2021,,,,BLR,60073587228.1282,0.0,0,0
Belarus,2022,13493.5,25.0,48.0,BLR,57275121695.7263,23.55909442093223,1,1
Belarus,2023,14436.0,30.0,48.0,BLR,59638602543.5231,24.205798567236524,1,1
Belize,1960,,,,BLZ,142139035.313058,0.0,0,0
Belize,1961,,,,BLZ,149092870.660029,0.0,0,0
Belize,1962,,,,BLZ,156387466.372865,0.0,0,0
Belize,1963,,,,BLZ,164138708.20421,0.0,0,0
Belize,1964,,,,BLZ,172345446.339353,0.0,0,0
Belize,1965,,,,BLZ,180843009.245751,0.0,0,0
Belize,1966,,,,BLZ,189470749.243306,0.0,0,0
Belize,1967,,,,BLZ,198779680.598585,0.0,0,0
Belize,1968,,,,BLZ,213424227.817475,0.0,0,0
Belize,1969,,,,BLZ,224322468.601289,0.0,0,0
Belize,1970,,,,BLZ,235107205.106333,0.0,0,0
Belize,1971,,,,BLZ,244416136.461612,0.0,0,0
Belize,1972,,,,BLZ,269391319.728864,0.0,0,0
Belize,1973,,,,BLZ,283808857.891163,0.0,0,0
Belize,1974,,,,BLZ,322293297.061951,0.0,0,0
Belize,1975,,,,BLZ,333872729.203488,0.0,0,0
Belize,1976,,,,BLZ,333759142.581217,0.0,0,0
Belize,1977,,,,BLZ,355442120.369127,0.0,0,0
Belize,1978,,,,BLZ,383596005.336003,0.0,0,0
Belize,1979,,,,BLZ,412430999.3171,0.0,0,0
Belize,1980,,,,BLZ,462371237.600911,0.0,0,0
Belize,1981,0.2,,,BLZ,467611278.60988,0.042770568022773583,0,0
Belize,1982,0.47,,,BLZ,467112227.085216,0.10061821822408797,0,0
Belize,1983,3.23,0.03,,BLZ,457081291.439476,0.7066576691047303,0,0
Belize,1984,6.14,1.37,,BLZ,466114124.035889,1.3172739643322293,1,0
Belize,1985,3.09,0.02,,BLZ,470805208.367727,0.6563223908913356,0,0
Belize,1986,2.7,0.79,,BLZ,492214518.7758,0.5485413162365147,0,0
Belize,1987,2.46,1.29,,BLZ,545014170.085219,0.4513644112437208,0,0
Belize,1988,3.56,1.66,,BLZ,598362778.071767,0.5949567938487339,0,0
Belize,1989,2.64,1.29,,BLZ,676214815.919303,0.39040848231208347,0,0
Belize,1990,12.01,1.68,,BLZ,752917474.31819,1.595128338716769,1,0
Belize,1991,1.76,0.0,,BLZ,841601389.485595,0.20912513001858876,0,0
Belize,1992,3.05,0.07,,BLZ,948789622.253809,0.32146220073053244,0,0
Belize,1993,4.72,1.41,,BLZ,1007025242.20078,0.46870721827039663,0,0
Belize,1994,8.27,3.16,,BLZ,1006823974.72088,0.8213948224954295,0,0
Belize,1995,1.55,0.3,,BLZ,1014189476.17339,0.15283140245630056,0,0
Belize,1996,1.18,,,BLZ,1025399371.141,0.11507711367981141,0,0
Belize,1997,0.01,,,BLZ,1068821095.7247,0.0009356102756579324,0,0
Belize,1998,,,,BLZ,1110430514.69659,0.0,0,0
Belize,1999,0.0,0.0,,BLZ,1215068544.26862,0.0,0,0
Belize,2000,,,,BLZ,1363800371.11261,0.0,0,0
Belize,2001,0.01,,,BLZ,1431902589.03825,0.0006983715286608001,0,0
Belize,2002,1.9,1.06,,BLZ,1509212058.06817,0.12589350779717784,0,0
Belize,2003,0.98,0.1,,BLZ,1655080826.31517,0.05921160975454275,0,0
Belize,2004,1.31,0.06,,BLZ,1734204696.97331,0.07553894890760761,0,0
Belize,2005,8.72,2.98,,BLZ,1772690003.49565,0.49190777760379006,0,0
Belize,2006,555.13,1.48,,BLZ,1852664108.23636,29.963877290657663,1,1
Belize,2007,558.27,1.31,,BLZ,1914531924.99014,29.159607772164737,1,1
Belize,2008,14.77,1.19,,BLZ,1883373343.61685,0.7842311270921748,0,0
Belize,2009,10.76,1.09,,BLZ,1874960133.39346,0.5738788685882963,0,0
Belize,2010,7.81,1.08,,BLZ,1901536024.42607,0.4107205911261791,0,0
Belize,2011,8.27,0.86,,BLZ,1899062675.16468,0.43547799175626756,0,0
Belize,2012,550.2,0.89,,BLZ,1973959679.21923,27.872909755564173,1,1
Belize,2013,1105.05,4.38,,BLZ,2054230070.85013,53.79387711633888,1,1
Belize,2014,6.03,,,BLZ,2134186060.0205,0.2825433130203314,0,0
Belize,2015,7.28,,,BLZ,2193095150.0,0.3319509415722341,0,0
Belize,2016,530.1,,,BLZ,2192684131.16429,24.175848790337305,1,1
Belize,2017,532.93,0.16,,BLZ,2152487028.0072,24.758801937747027,1,1
Belize,2018,13.52,0.57,,BLZ,2170181947.82235,0.6229892389237928,0,0
Belize,2019,22.73,,,BLZ,2262557632.66642,1.004615293410791,1,0
Belize,2020,55.6,19.69,,BLZ,1956594233.22066,2.841672486608498,1,0
Belize,2021,606.55,6.74,,BLZ,2308584056.87279,26.273680535662763,1,1
Belize,2022,219.11,,,BLZ,2522139931.98722,8.68746405467523,1,1
Belize,2023,20.0,,,BLZ,2534753858.51431,0.7890312478594098,0,0
Benin,1960,0.8,,,BEN,1651120631.15842,0.048451941360500295,0,0
Benin,1961,0.8,,,BEN,1702986960.85679,0.04697628451585512,0,0
Benin,1962,0.8,,,BEN,1644635648.37988,0.048642992798318276,0,0
Benin,1963,0.8,,,BEN,1722427374.56795,0.04644608021285486,0,0
Benin,1964,0.8,,,BEN,1836981870.40947,0.04354969490372145,0,0
Benin,1965,4.3,,,BEN,1934229170.81725,0.22231078224216652,0,0
Benin,1966,4.3,,,BEN,2003394550.8974,0.21463570408903526,0,0
Benin,1967,14.0,,,BEN,2024999131.02193,0.6913583213704789,0,0
Benin,1968,14.0,,,BEN,2102806394.23342,0.6657769368779056,0,0
Benin,1969,14.0,,,BEN,2163314605.62541,0.6471550630497697,0,0
Benin,1970,4.34,2.78,,BEN,2208695701.75521,0.19649605858113825,0,0
Benin,1971,6.0,3.91,,BEN,2175635020.67241,0.27578155081111067,0,0
Benin,1972,9.32,6.6,,BEN,2315449323.53487,0.40251366787728543,0,0
Benin,1973,12.62,9.71,,BEN,2401263703.34438,0.5255566051501711,0,0
Benin,1974,14.76,12.63,,BEN,2481449394.1221,0.5948136615222761,0,0
Benin,1975,16.72,15.44,,BEN,2359973874.1976,0.7084824193524117,0,0
Benin,1976,15.44,14.52,,BEN,2380844452.60757,0.6485093968692353,0,0
Benin,1977,16.83,16.04,,BEN,2499497734.05871,0.6733352773507529,0,0
Benin,1978,19.1,18.3,,BEN,2530868380.92301,0.7546816793781356,0,0
Benin,1979,20.0,19.33,,BEN,2696279545.70683,0.7417628499183305,0,0
Benin,1980,18.91,18.11,,BEN,2879134857.71386,0.6567945210810737,0,0
Benin,1981,15.5,14.76,,BEN,3165730597.06271,0.4896184158684101,0,0
Benin,1982,5.0,3.41,,BEN,3236486776.18013,0.15448850391724017,0,0
Benin,1983,44.91,36.37,,BEN,3095770068.30471,1.4506891341769899,1,0
Benin,1984,87.57,68.73,,BEN,3341259668.03857,2.6208678372910326,1,0
Benin,1985,166.75,137.47,,BEN,3592867374.72505,4.6411398643057575,1,0
Benin,1986,265.93,222.88,,BEN,3670873612.85602,7.2443245953406885,1,1
Benin,1987,394.35,331.35,,BEN,3615810400.28745,10.906268757030233,1,1
Benin,1988,440.12,362.47,,BEN,3738937613.84945,11.77125818761312,1,1
Benin,1989,360.26,167.26,,BEN,3632222333.49652,9.918445704098723,1,1
Benin,1990,221.92,19.71,,BEN,3958255490.40473,5.606510255286952,1,1
Benin,1991,211.77,12.77,,BEN,4125523427.98874,5.1331668258939285,1,1
Benin,1992,93.55,8.99,,BEN,4247544481.09719,2.202448977669916,1,0
Benin,1993,114.63,7.81,,BEN,4495438486.40154,2.5499181080277173,1,0
Benin,1994,90.97,7.7,,BEN,4586264345.70312,1.983531544256274,1,0
Benin,1995,219.62,8.04,,BEN,4863513136.03406,4.5156658131099165,1,0
Benin,1996,216.68,7.68,,BEN,5073825257.93663,4.270545180109674,1,0
Benin,1997,80.57,7.07,,BEN,5364793325.18214,1.5018285908947773,1,0
Benin,1998,81.3,7.34,,BEN,5577293439.98873,1.457696297940606,1,0
Benin,1999,81.34,6.71,,BEN,5875201745.41607,1.3844630963262294,1,0
Benin,2000,56.51,,1.67,BEN,6219354272.65514,0.9086152279258245,0,0
Benin,2001,20.87,,2.23,BEN,6551040876.0552,0.31857532863643434,0,0
Benin,2002,20.36,,2.79,BEN,6855207726.28555,0.2970004821579919,0,0
Benin,2003,238.43,,3.35,BEN,7091272067.48876,3.3623022460684613,1,0
Benin,2004,22.84,,3.9,BEN,7405393050.93385,0.3084238722091839,0,0
Benin,2005,22.2,,4.57,BEN,7532259620.47862,0.29473227316332673,0,0
Benin,2006,1085.24,,5.32,BEN,7829312267.7691,13.86124301706043,1,1
Benin,2007,14.12,,6.32,BEN,8298002249.61043,0.17016143856387722,0,0
Benin,2008,22.89,,7.43,BEN,8704320326.21926,0.26297285878887594,0,0
Benin,2009,61.28,,31.87,BEN,8906198943.30981,0.6880600847798546,0,0
Benin,2010,60.85,,22.44,BEN,9094481753.64081,0.6690870535381503,0,0
Benin,2011,62.91,,27.66,BEN,9364019722.08608,0.6718268635383133,0,0
Benin,2012,75.91,,23.16,BEN,9814543622.24071,0.7734440124957065,0,0
Benin,2013,83.23,,17.98,BEN,10520350021.8969,0.7911333731935375,0,0
Benin,2014,54.27,,9.87,BEN,11189200116.267,0.48502126547099284,0,0
Benin,2015,82.48,,19.99,BEN,11388160996.7738,0.7242609234569665,0,0
Benin,2016,74.34,,13.22,BEN,11768488383.3269,0.6316869047117537,0,0
Benin,2017,80.7,,14.62,BEN,12435945492.7429,0.6489253273672931,0,0
Benin,2018,84.51,0.26,13.79,BEN,13268812302.6618,0.6369070424113754,0,0
Benin,2019,,,,BEN,14179807374.6843,0.0,0,0
Benin,2020,,,,BEN,14725558723.2985,0.0,0,0
Benin,2021,,,,BEN,15779238957.3117,0.0,0,0
Benin,2022,,,,BEN,16765906414.7949,0.0,0,0
Benin,2023,,,,BEN,17831007125.9788,0.0,0,0
Bhutan,1960,,,,BTN,,,0,0
Bhutan,1961,,,,BTN,,,0,0
Bhutan,1962,,,,BTN,,,0,0
Bhutan,1963,,,,BTN,,,0,0
Bhutan,1964,,,,BTN,,,0,0
Bhutan,1965,,,,BTN,,,0,0
Bhutan,1966,,,,BTN,,,0,0
Bhutan,1967,,,,BTN,,,0,0
Bhutan,1968,,,,BTN,,,0,0
Bhutan,1969,,,,BTN,,,0,0
Bhutan,1970,,,,BTN,126311212.051553,0.0,0,0
Bhutan,1971,,,,BTN,129692690.12441,0.0,0,0
Bhutan,1972,,,,BTN,131201349.548041,0.0,0,0
Bhutan,1973,,,,BTN,133126190.949982,0.0,0,0
Bhutan,1974,,,,BTN,139993192.572191,0.0,0,0
Bhutan,1975,,,,BTN,135363168.738005,0.0,0,0
Bhutan,1976,,,,BTN,147484467.111233,0.0,0,0
Bhutan,1977,,,,BTN,159137560.782369,0.0,0,0
Bhutan,1978,,,,BTN,170478518.081892,0.0,0,0
Bhutan,1979,,,,BTN,178646088.218144,0.0,0,0
Bhutan,1980,,,,BTN,187593999.442569,0.0,0,0
Bhutan,1981,,,,BTN,215962517.145629,0.0,0,0
Bhutan,1982,,,,BTN,223391139.340414,0.0,0,0
Bhutan,1983,,,,BTN,246693104.693754,0.0,0,0
Bhutan,1984,,,,BTN,257934068.232727,0.0,0,0
Bhutan,1985,,,,BTN,268325027.287451,0.0,0,0
Bhutan,1986,,,,BTN,298893144.602371,0.0,0,0
Bhutan,1987,,,,BTN,385734526.793258,0.0,0,0
Bhutan,1988,,,,BTN,404123930.550951,0.0,0,0
Bhutan,1989,,,,BTN,433849538.315426,0.0,0,0
Bhutan,1990,1.72,,,BTN,478896647.442211,0.35915891438925857,0,0
Bhutan,1991,3.54,,,BTN,476943344.281171,0.7422265228033194,0,0
Bhutan,1992,3.49,,,BTN,498886988.870284,0.6995572299656502,0,0
Bhutan,1993,2.84,,,BTN,508796713.190136,0.5581797064279972,0,0
Bhutan,1994,2.03,,,BTN,533989801.395013,0.38015707316820646,0,0
Bhutan,1995,0.81,,,BTN,571764867.157183,0.14166662670746505,0,0
Bhutan,1996,0.28,,,BTN,603584570.491821,0.04638952247766151,0,0
Bhutan,1997,,,,BTN,636020230.797729,0.0,0,0
Bhutan,1998,,,,BTN,673634664.004838,0.0,0,0
Bhutan,1999,,,,BTN,727417465.574037,0.0,0,0
Bhutan,2000,,,,BTN,751822818.964787,0.0,0,0
Bhutan,2001,,,,BTN,806919209.637853,0.0,0,0
Bhutan,2002,,,,BTN,891192074.385711,0.0,0,0
Bhutan,2003,,,,BTN,960585283.615957,0.0,0,0
Bhutan,2004,,,,BTN,1010125138.87137,0.0,0,0
Bhutan,2005,8.62,,,BTN,1080178039.16497,0.7980165942517846,0,0
Bhutan,2006,,,,BTN,1141108777.66963,0.0,0,0
Bhutan,2007,,,,BTN,1324881877.57243,0.0,0,0
Bhutan,2008,,,,BTN,1384891723.57233,0.0,0,0
Bhutan,2009,,,,BTN,1491078191.02509,0.0,0,0
Bhutan,2010,,,,BTN,1668991759.59852,0.0,0,0
Bhutan,2011,,,,BTN,1810676784.15218,0.0,0,0
Bhutan,2012,,,,BTN,1904194983.13207,0.0,0,0
Bhutan,2013,,,,BTN,1937258289.82484,0.0,0,0
Bhutan,2014,,,,BTN,2051190106.33281,0.0,0,0
Bhutan,2015,,,,BTN,2187815803.36833,0.0,0,0
Bhutan,2016,,,,BTN,2373253832.39027,0.0,0,0
Bhutan,2017,,,,BTN,2422779966.72395,0.0,0,0
Bhutan,2018,,,,BTN,2507622616.54362,0.0,0,0
Bhutan,2019,,,,BTN,2651940022.25787,0.0,0,0
Bhutan,2020,,,,BTN,2380954251.4208,0.0,0,0
Bhutan,2021,,,,BTN,2486224986.25084,0.0,0,0
Bhutan,2022,,,,BTN,2615853471.18587,0.0,0,0
Bhutan,2023,,,,BTN,2737023911.63804,0.0,0,0
Bolivia,1960,116.55,,,BOL,4727739746.61748,2.4652372221501224,1,0
Bolivia,1961,121.19,,,BOL,4826516221.30926,2.510920805879432,1,0
Bolivia,1962,97.83,,,BOL,5095783596.89719,1.9198224991259134,1,0
Bolivia,1963,102.78,,,BOL,5442175895.81511,1.888582838328234,1,0
Bolivia,1964,106.12,,,BOL,5657500838.51146,1.8757398899108448,1,0
Bolivia,1965,109.76,,,BOL,5935478858.33005,1.8492189530076266,1,0
Bolivia,1966,112.41,,,BOL,6361087691.79895,1.7671506108133819,1,0
Bolivia,1967,72.05,,,BOL,6762931564.98009,1.0653663918926868,1,0
Bolivia,1968,74.69,,,BOL,7339771963.91649,1.01760654645932,1,0
Bolivia,1969,77.33,,,BOL,7668160505.29912,1.0084556778194813,1,0
Bolivia,1970,3.0,,,BOL,8069284228.42698,0.03717801870742651,0,0
Bolivia,1971,5.3,0.23,,BOL,8477859237.10072,0.06251578201258867,0,0
Bolivia,1972,4.13,0.26,,BOL,9153331417.91667,0.045120184241509764,0,0
Bolivia,1973,6.38,0.26,,BOL,9678655892.97587,0.06591824392300363,0,0
Bolivia,1974,5.42,0.26,,BOL,9963166545.87984,0.054400375373042244,0,0
Bolivia,1975,5.23,0.26,,BOL,10691575418.658,0.04891701919693764,0,0
Bolivia,1976,5.23,0.26,,BOL,11184945381.6671,0.046759280636026454,0,0
Bolivia,1977,5.23,0.26,,BOL,11740973137.7078,0.04454485960114425,0,0
Bolivia,1978,6.66,1.57,,BOL,11981979455.3401,0.055583470367509165,0,0
Bolivia,1979,26.69,11.47,,BOL,11997956711.7528,0.2224545448964269,0,0
Bolivia,1980,196.2,7.25,,BOL,11833371991.7641,1.6580227524035678,1,0
Bolivia,1981,558.16,50.18,,BOL,11865986702.4249,4.703865038766105,1,0
Bolivia,1982,438.08,96.82,,BOL,11398616584.0015,3.8432734075367194,1,0
Bolivia,1983,735.15,147.81,,BOL,10937870663.4467,6.721143654192217,1,1
Bolivia,1984,586.73,419.75,,BOL,10915922109.0496,5.3749925488528785,1,1
Bolivia,1985,891.36,648.93,,BOL,10732928706.1236,8.304909353319758,1,1
Bolivia,1986,2268.41,662.72,,BOL,10456675549.8987,21.693414787283665,1,1
Bolivia,1987,2157.83,951.0,,BOL,10714274143.8023,20.139768415839935,1,1
Bolivia,1988,958.55,57.28,,BOL,11026005731.4817,8.69353801679176,1,1
Bolivia,1989,1255.88,46.71,,BOL,11443905788.5866,10.974225261907804,1,1
Bolivia,1990,560.51,42.05,,BOL,11974420934.4213,4.680894408754041,1,0
Bolivia,1991,800.74,34.65,,BOL,12605057002.3211,6.352529781123175,1,1
Bolivia,1992,424.43,28.94,,BOL,12812599041.2997,3.3125987836808646,1,0
Bolivia,1993,555.67,31.9,,BOL,13359606839.1564,4.159328988420201,1,0
Bolivia,1994,168.56,32.96,,BOL,13983135103.2068,1.2054521304120387,1,0
Bolivia,1995,1402.92,24.38,,BOL,14637304840.3199,9.58455135904199,1,1
Bolivia,1996,709.13,24.38,,BOL,15275687759.8007,4.642213242052101,1,0
Bolivia,1997,442.04,9.39,,BOL,16032477216.9508,2.757153458060994,1,0
Bolivia,1998,570.39,9.39,,BOL,16838807372.3412,3.3873539104491535,1,0
Bolivia,1999,76.2,0.06,,BOL,16910689778.8934,0.45060255374743424,0,0
Bolivia,2000,67.1,0.06,,BOL,17334777886.0337,0.3870831252707379,0,0
Bolivia,2001,685.0,,,BOL,17626660727.9135,3.8861586466870444,1,0
Bolivia,2002,65.33,,,BOL,18064782972.6588,0.36164287220542596,0,0
Bolivia,2003,55.66,,,BOL,18554580624.3609,0.2999798331573294,0,0
Bolivia,2004,85.82,,17.0,BOL,19328918119.4062,0.443997948927296,0,0
Bolivia,2005,65.09,,4.5,BOL,20183533309.8717,0.32249061153313874,0,0
Bolivia,2006,1775.37,,,BOL,21151739181.0517,8.39349419356695,1,1
Bolivia,2007,1174.78,,,BOL,22117185833.1355,5.311616083814648,1,1
Bolivia,2008,19.3,,5.0,BOL,23477060534.7097,0.08220790661363198,0,0
Bolivia,2009,85.31,,,BOL,24265185359.0687,0.3515736588763244,0,0
Bolivia,2010,,,,BOL,25266542244.7777,0.0,0,0
Bolivia,2011,,,,BOL,26581436462.8276,0.0,0,0
Bolivia,2012,,,,BOL,27943010897.2274,0.0,0,0
Bolivia,2013,,,,BOL,29842021106.8507,0.0,0,0
Bolivia,2014,0.44,,,BOL,31471565407.0189,0.0013980874300643133,0,0
Bolivia,2015,3.1,,3.1,BOL,33000198248.9146,0.009393882959784829,0,0
Bolivia,2016,,,,BOL,34407300589.1656,0.0,0,0
Bolivia,2017,1.73,,0.87,BOL,35850757842.7191,0.004825560473755352,0,0
Bolivia,2018,,,,BOL,36878987709.5463,0.0,0,0
Bolivia,2019,,,,BOL,37434651171.7885,0.0,0,0
Bolivia,2020,2.08,,2.0,BOL,32673162317.2639,0.006366081066175116,0,0
Bolivia,2021,0.16,,,BOL,35949969737.6152,0.0004450629615762617,0,0
Bolivia,2022,0.24,,,BOL,37297165307.1202,0.0006434805380616496,0,0
Bolivia,2023,,,,BOL,38235698457.1529,0.0,0,0
Bosnia & Herzegovina,1960,,,,BIH,,,0,0
Bosnia & Herzegovina,1961,,,,BIH,,,0,0
Bosnia & Herzegovina,1962,,,,BIH,,,0,0
Bosnia & Herzegovina,1963,,,,BIH,,,0,0
Bosnia & Herzegovina,1964,,,,BIH,,,0,0
Bosnia & Herzegovina,1965,,,,BIH,,,0,0
Bosnia & Herzegovina,1966,,,,BIH,,,0,0
Bosnia & Herzegovina,1967,,,,BIH,,,0,0
Bosnia & Herzegovina,1968,,,,BIH,,,0,0
Bosnia & Herzegovina,1969,,,,BIH,,,0,0
Bosnia & Herzegovina,1970,,,,BIH,,,0,0
Bosnia & Herzegovina,1971,,,,BIH,,,0,0
Bosnia & Herzegovina,1972,,,,BIH,,,0,0
Bosnia & Herzegovina,1973,,,,BIH,,,0,0
Bosnia & Herzegovina,1974,,,,BIH,,,0,0
Bosnia & Herzegovina,1975,,,,BIH,,,0,0
Bosnia & Herzegovina,1976,,,,BIH,,,0,0
Bosnia & Herzegovina,1977,,,,BIH,,,0,0
Bosnia & Herzegovina,1978,,,,BIH,,,0,0
Bosnia & Herzegovina,1979,,,,BIH,,,0,0
Bosnia & Herzegovina,1980,,,,BIH,,,0,0
Bosnia & Herzegovina,1981,,,,BIH,,,0,0
Bosnia & Herzegovina,1982,,,,BIH,,,0,0
Bosnia & Herzegovina,1983,,,,BIH,,,0,0
Bosnia & Herzegovina,1984,,,,BIH,,,0,0
Bosnia & Herzegovina,1985,,,,BIH,,,0,0
Bosnia & Herzegovina,1986,,,,BIH,,,0,0
Bosnia & Herzegovina,1987,,,,BIH,,,0,0
Bosnia & Herzegovina,1988,,,,BIH,,,0,0
Bosnia & Herzegovina,1989,,,,BIH,,,0,0
Bosnia & Herzegovina,1990,,,,BIH,3520858801.76097,0.0,0,0
Bosnia & Herzegovina,1991,,,,BIH,3191728026.41704,0.0,0,0
Bosnia & Herzegovina,1992,975.78,,,BIH,2986279441.80637,32.675441766754446,1,1
Bosnia & Herzegovina,1993,1110.13,,,BIH,2921138314.38103,38.00333570426052,1,1
Bosnia & Herzegovina,1994,1181.36,,,BIH,3246318380.95743,36.3907621301021,1,1
Bosnia & Herzegovina,1995,2326.06,,,BIH,3764700269.186,61.78606087286037,1,1
Bosnia & Herzegovina,1996,2493.0,,,BIH,5805141478.60787,42.94468979243286,1,1
Bosnia & Herzegovina,1997,2552.0,,,BIH,7932210829.32782,32.17261939842134,1,1
Bosnia & Herzegovina,1998,1192.0,,,BIH,9250256733.83292,12.886128831865243,1,1
Bosnia & Herzegovina,1999,1349.12,591.5,,BIH,10131026399.8326,13.316715866245223,1,1
Bosnia & Herzegovina,2000,584.24,3.3,,BIH,10679552181.9622,5.470641371899314,1,1
Bosnia & Herzegovina,2001,,,,BIH,10938351172.2094,0.0,0,0
Bosnia & Herzegovina,2002,1.69,,,BIH,11488270722.7089,0.014710656118673907,0,0
Bosnia & Herzegovina,2003,,,,BIH,11932537720.474,0.0,0,0
Bosnia & Herzegovina,2004,,,,BIH,12687302704.3598,0.0,0,0
Bosnia & Herzegovina,2005,,,,BIH,13181750134.5787,0.0,0,0
Bosnia & Herzegovina,2006,,,,BIH,13895410481.7996,0.0,0,0
Bosnia & Herzegovina,2007,,,,BIH,14709558824.8469,0.0,0,0
Bosnia & Herzegovina,2008,,,,BIH,15510030554.8428,0.0,0,0
Bosnia & Herzegovina,2009,27.56,,,BIH,15044038582.7515,0.1831954886874491,0,0
Bosnia & Herzegovina,2010,,,,BIH,15174269895.7758,0.0,0,0
Bosnia & Herzegovina,2011,,,,BIH,15319868792.2914,0.0,0,0
Bosnia & Herzegovina,2012,,,,BIH,15193964403.4513,0.0,0,0
Bosnia & Herzegovina,2013,,,,BIH,15551001102.6808,0.0,0,0
Bosnia & Herzegovina,2014,,,,BIH,15730436007.5757,0.0,0,0
Bosnia & Herzegovina,2015,,,,BIH,16404348361.0926,0.0,0,0
Bosnia & Herzegovina,2016,0.6,,,BIH,16936219694.6475,0.0035427032172334373,0,0
Bosnia & Herzegovina,2017,14.48,,,BIH,17485647420.4505,0.08281077418423057,0,0
Bosnia & Herzegovina,2018,,,,BIH,18155173558.4672,0.0,0,0
Bosnia & Herzegovina,2019,,,,BIH,18679105074.1119,0.0,0,0
Bosnia & Herzegovina,2020,45.66,,,BIH,18115912618.3228,0.25204360918488067,0,0
Bosnia & Herzegovina,2021,,,,BIH,19454976126.4078,0.0,0,0
Bosnia & Herzegovina,2022,,,,BIH,20277301651.4265,0.0,0,0
Bosnia & Herzegovina,2023,,,,BIH,20681710969.038,0.0,0,0
Botswana,1960,,,,BWA,203297646.310888,0.0,0,0
Botswana,1961,,,,BWA,216193392.770107,0.0,0,0
Botswana,1962,,,,BWA,230606288.144643,0.0,0,0
Botswana,1963,,,,BWA,244260590.446339,0.0,0,0
Botswana,1964,,,,BWA,260949209.017402,0.0,0,0
Botswana,1965,,,,BWA,276120678.761373,0.0,0,0
Botswana,1966,,,,BWA,293637827.376465,0.0,0,0
Botswana,1967,,,,BWA,311034576.440118,0.0,0,0
Botswana,1968,,,,BWA,343901775.878978,0.0,0,0
Botswana,1969,,,,BWA,395911433.315038,0.0,0,0
Botswana,1970,,,,BWA,463692530.432643,0.0,0,0
Botswana,1971,,,,BWA,583423075.814774,0.0,0,0
Botswana,1972,,,,BWA,737224722.544914,0.0,0,0
Botswana,1973,,,,BWA,894277062.41177,0.0,0,0
Botswana,1974,,,,BWA,972953726.998367,0.0,0,0
Botswana,1975,,,,BWA,1055131834.82994,0.0,0,0
Botswana,1976,,,,BWA,1167475696.06134,0.0,0,0
Botswana,1977,,,,BWA,1307713344.76305,0.0,0,0
Botswana,1978,,,,BWA,1495145303.78854,0.0,0,0
Botswana,1979,0.27,,,BWA,1676784360.54518,0.016102249421757114,0,0
Botswana,1980,,,,BWA,1877778848.23491,0.0,0,0
Botswana,1981,,,,BWA,2047996824.33982,0.0,0,0
Botswana,1982,,,,BWA,2297146530.42091,0.0,0,0
Botswana,1983,,,,BWA,2599146160.6333,0.0,0,0
Botswana,1984,,,,BWA,2821253171.4171,0.0,0,0
Botswana,1985,,,,BWA,3022275113.05842,0.0,0,0
Botswana,1986,0.11,,,BWA,3269283371.12699,0.003364651745134002,0,0
Botswana,1987,1.81,,,BWA,3657737271.88202,0.049484144580693154,0,0
Botswana,1988,0.98,0.28,,BWA,4369166056.00913,0.02242990967697732,0,0
Botswana,1989,2.65,0.24,,BWA,4939753185.09045,0.053646405006599056,0,0
Botswana,1990,7.27,3.1,,BWA,5274313873.08845,0.1378378339805353,0,0
Botswana,1991,9.12,2.88,,BWA,5667709608.2008,0.16091156093819564,0,0
Botswana,1992,12.7,3.23,,BWA,5833040675.49628,0.21772520896949643,0,0
Botswana,1993,13.59,4.19,,BWA,5944807979.21822,0.22860284213565418,0,0
Botswana,1994,22.06,11.43,,BWA,6160480628.0856,0.3580889435708729,0,0
Botswana,1995,16.86,12.0,,BWA,6593587689.50958,0.25570297680008586,0,0
Botswana,1996,1.63,,,BWA,6977980665.54234,0.023359193413203784,0,0
Botswana,1997,2.06,,,BWA,7558959721.65963,0.02725242726320164,0,0
Botswana,1998,4.19,,,BWA,7592496073.43073,0.055186067394391365,0,0
Botswana,1999,4.2,,,BWA,8326480944.19697,0.050441477355774575,0,0
Botswana,2000,4.86,,,BWA,8491986059.02571,0.057230428385295656,0,0
Botswana,2001,3.83,,,BWA,8513264763.90086,0.04498861607406484,0,0
Botswana,2002,1.44,,,BWA,9029979997.34259,0.015946879178290248,0,0
Botswana,2003,2.84,,,BWA,9447697367.92895,0.030060234673060474,0,0
Botswana,2004,1.01,,,BWA,9703335214.03812,0.010408792211350189,0,0
Botswana,2005,5.49,,,BWA,10145481816.2871,0.05411275777150969,0,0
Botswana,2006,27.58,,,BWA,10994036837.1472,0.2508632671377935,0,0
Botswana,2007,,,,BWA,11630872553.1126,0.0,0,0
Botswana,2008,0.02,,,BWA,12009117014.1882,0.00016654013760021618,0,0
Botswana,2009,0.43,,0.22,BWA,10310519328.3503,0.004170497976931689,0,0
Botswana,2010,,,,BWA,11353915357.5123,0.0,0,0
Botswana,2011,,,,BWA,12130342700.3127,0.0,0,0
Botswana,2012,,,,BWA,12109617148.6354,0.0,0,0
Botswana,2013,,,,BWA,13454136663.42,0.0,0,0
Botswana,2014,,,,BWA,14220638232.789,0.0,0,0
Botswana,2015,,,,BWA,13530748844.505,0.0,0,0
Botswana,2016,,,,BWA,14505561464.3559,0.0,0,0
Botswana,2017,0.0,,,BWA,15102375175.8986,0.0,0,0
Botswana,2018,8.03,,8.0,BWA,15734967212.8207,0.051032835921369014,0,0
Botswana,2019,0.22,,0.22,BWA,16212015762.4196,0.0013570181723482706,0,0
Botswana,2020,2.39,0.0,2.39,BWA,14796887965.3696,0.016152044981306325,0,0
Botswana,2021,,,,BWA,16560125447.6096,0.0,0,0
Botswana,2022,,,,BWA,17468616755.5627,0.0,0,0
Botswana,2023,,,,BWA,18029021881.095,0.0,0,0
Brazil,1960,48.0,,,BRA,188463862170.398,0.02546907372438394,0,0
Brazil,1961,811.6,70.0,,BRA,204671754317.052,0.39653737405444345,0,0
Brazil,1962,43.5,,,BRA,218180090101.977,0.01993765791354664,0,0
Brazil,1963,112.0,93.0,,BRA,219489170642.589,0.05102757446852728,0,0
Brazil,1964,416.0,,,BRA,226951802444.437,0.1832988306412972,0,0
Brazil,1965,43.0,37.0,,BRA,232398645703.104,0.018502689578894425,0,0
Brazil,1966,,,,BRA,247969354965.212,0.0,0,0
Brazil,1967,,,,BRA,258384067873.751,0.0,0,0
Brazil,1968,,,,BRA,283705706525.378,0.0,0,0
Brazil,1969,,,,BRA,310657748645.289,0.0,0,0
Brazil,1970,,,,BRA,342966154504.399,0.0,0,0
Brazil,1971,20.8,20.8,,BRA,381868537872.879,0.005446900683638974,0,0
Brazil,1972,35.0,35.0,,BRA,427464970641.338,0.008187805411865326,0,0
Brazil,1973,40.8,40.8,,BRA,487176363095.81,0.008374790546226914,0,0
Brazil,1974,39.8,39.8,,BRA,526900425028.37,0.007553609393626327,0,0
Brazil,1975,47.37,46.6,,BRA,554123521012.024,0.008548635494390448,0,0
Brazil,1976,62.83,61.8,,BRA,610960688344.948,0.01028380404804805,0,0
Brazil,1977,137.89,136.6,,BRA,641107493085.333,0.02150809364844633,0,0
Brazil,1978,286.38,284.5,,BRA,672969879569.773,0.0425546534390338,0,0
Brazil,1979,352.69,350.0,,BRA,718459683182.517,0.04908974132517926,0,0
Brazil,1980,411.44,408.3,,BRA,784557974035.307,0.052442268591547596,0,0
Brazil,1981,439.48,430.4,,BRA,751214260138.81,0.058502616805862086,0,0
Brazil,1982,441.3,420.5,,BRA,757449338497.958,0.058261322252272284,0,0
Brazil,1983,28266.53,434.7,,BRA,735256072879.968,3.8444469950831084,1,0
Brazil,1984,26641.56,568.5,,BRA,774959900815.486,3.437798519893124,1,0
Brazil,1985,17329.88,584.0,,BRA,835794253029.505,2.0734624504995516,1,0
Brazil,1986,54301.69,750.4,,BRA,898395242581.413,6.044298480919344,1,1
Brazil,1987,98751.7,3948.7,,BRA,930108594644.536,10.617222609123443,1,1
Brazil,1988,68315.1,615.1,,BRA,929550529487.75,7.349261587495044,1,1
Brazil,1989,85564.52,3905.9,,BRA,958924326219.565,8.922968962246172,1,1
Brazil,1990,148584.7,11271.7,,BRA,917211118029.012,16.199618286277705,1,1
Brazil,1991,91440.6,12792.6,,BRA,926678475666.292,9.867564899924238,1,1
Brazil,1992,31888.5,7109.5,,BRA,921636677088.89,3.4599860002017278,1,0
Brazil,1993,63096.48,10135.5,,BRA,967024426395.984,6.524807262124195,1,1
Brazil,1994,92622.26,2881.0,,BRA,1023623112443.65,9.048472907072897,1,1
Brazil,1995,5450.46,3386.0,,BRA,1066858840298.13,0.510888581893073,0,0
Brazil,1996,4901.75,3177.9,,BRA,1090424301689.88,0.44952684862246156,0,0
Brazil,1997,10851.41,2638.1,,BRA,1127442527329.51,0.9624801031501743,0,0
Brazil,1998,3561.11,2930.6,,BRA,1131254386851.73,0.3147930334140436,0,0
Brazil,1999,10647.55,1938.7,,BRA,1136547951100.23,0.9368324486171207,0,0
Brazil,2000,14955.63,1291.7,,BRA,1186419100640.61,1.2605688826085713,1,0
Brazil,2001,,,,BRA,1202909097020.67,0.0,0,0
Brazil,2002,,,,BRA,1239639467497.76,0.0,0,0
Brazil,2003,0.2,0.2,,BRA,1253781634016.71,1.595174108263692e-05,0,0
Brazil,2004,0.02,,,BRA,1325999012757.63,1.5082967489098473e-06,0,0
Brazil,2005,4274.21,,,BRA,1368459252277.73,0.3123373964468286,0,0
Brazil,2006,104.84,,,BRA,1422677453370.7,0.007369203732835314,0,0
Brazil,2007,24.1,0.1,,BRA,1509032133942.18,0.0015970501527387232,0,0
Brazil,2008,56.43,0.2,,BRA,1585905180197.0,0.003558220296183805,0,0
Brazil,2009,47.9,0.1,,BRA,1583909921137.42,0.003024161876933164,0,0
Brazil,2010,83.76,0.4,,BRA,1703150236756.78,0.004917945474939415,0,0
Brazil,2011,1.9,0.53,,BRA,1770840632844.1,0.00010729367537430291,0,0
Brazil,2012,1.47,0.41,,BRA,1804861597828.48,8.144668830943222e-05,0,0
Brazil,2013,102.53,35.45,,BRA,1859094488272.12,0.00551505050694295,0,0
Brazil,2014,649.41,16.38,,BRA,1868463501662.3,0.03475636529277906,0,0
Brazil,2015,40.64,,,BRA,1802212206814.5,0.0022550063664163737,0,0
Brazil,2016,5.99,,,BRA,1743173232416.64,0.0003436262035584261,0,0
Brazil,2017,21.42,1.2,,BRA,1766233131666.66,0.0012127504357132954,0,0
Brazil,2018,38175.3,,,BRA,1797736844969.16,2.1235199193269523,1,0
Brazil,2019,13.51,,,BRA,1819683217699.38,0.0007424369180631699,0,0
Brazil,2020,8.77,,,BRA,1760056587795.46,0.000498279433787113,0,0
Brazil,2021,8.56,,,BRA,1843881119920.2,0.00046423817173042384,0,0
Brazil,2022,12564.3,,,BRA,1899505377558.02,0.6614511413572571,0,0
Brazil,2023,,,,BRA,1961080794855.6,0.0,0,0
Bulgaria,1960,131.69,,,BGR,,,0,0
Bulgaria,1961,133.78,,,BGR,,,0,0
Bulgaria,1962,135.86,,,BGR,,,0,0
Bulgaria,1963,137.95,,,BGR,,,0,0
Bulgaria,1964,140.04,,,BGR,,,0,0
Bulgaria,1965,142.12,,,BGR,,,0,0
Bulgaria,1966,144.21,,,BGR,,,0,0
Bulgaria,1967,128.22,,,BGR,,,0,0
Bulgaria,1968,130.07,,,BGR,,,0,0
Bulgaria,1969,131.93,,,BGR,,,0,0
Bulgaria,1970,133.32,,,BGR,,,0,0
Bulgaria,1971,141.82,,,BGR,,,0,0
Bulgaria,1972,134.61,,,BGR,,,0,0
Bulgaria,1973,135.46,,,BGR,,,0,0
Bulgaria,1974,137.77,,,BGR,,,0,0
Bulgaria,1975,124.14,,,BGR,,,0,0
Bulgaria,1976,108.65,,,BGR,,,0,0
Bulgaria,1977,118.75,,,BGR,,,0,0
Bulgaria,1978,127.51,,,BGR,,,0,0
Bulgaria,1979,140.07,,,BGR,,,0,0
Bulgaria,1980,123.81,,,BGR,30370599960.313,0.40766399136595793,0,0
Bulgaria,1981,101.2,,,BGR,31858809078.4739,0.3176515473341343,0,0
Bulgaria,1982,87.22,,,BGR,32602573517.4569,0.2675248932520571,0,0
Bulgaria,1983,77.81,,,BGR,33720942030.588,0.2307468158197335,0,0
Bulgaria,1984,65.44,,,BGR,34866254670.1276,0.18768864226781173,0,0
Bulgaria,1985,80.02,,,BGR,35801869191.0099,0.22350788327022203,0,0
Bulgaria,1986,80.85,,,BGR,37308269594.595,0.21670798693840537,0,0
Bulgaria,1987,103.8,,,BGR,39567104147.6112,0.26233913812028814,0,0
Bulgaria,1988,,,,BGR,43897601722.5727,0.0,0,0
Bulgaria,1989,3.06,3.06,,BGR,42453422290.7239,0.007207899469317017,0,0
Bulgaria,1990,6484.85,,,BGR,38582784071.2185,16.807625877981902,1,1
Bulgaria,1991,7651.0,,,BGR,35324330741.4984,21.65929216321073,1,1
Bulgaria,1992,8235.3,,,BGR,32755408561.5247,25.141802107372836,1,1
Bulgaria,1993,8222.06,,,BGR,32270558200.3249,25.47851806268792,1,1
Bulgaria,1994,14448.0,,,BGR,32857240786.8744,43.972042855684926,1,1
Bulgaria,1995,348.03,275.02,,BGR,33810861560.6968,1.029343778700289,1,0
Bulgaria,1996,231.7,175.53,,BGR,35570878928.5363,0.6513755267771062,0,0
Bulgaria,1997,514.56,474.1,,BGR,30549915208.7641,1.6843254604267575,1,0
Bulgaria,1998,267.3,236.01,,BGR,31707486473.8409,0.8430185729812613,0,0
Bulgaria,1999,337.15,185.16,,BGR,29045298089.2644,1.160773075779229,1,0
Bulgaria,2000,18.1,6.53,,BGR,30377671419.1597,0.059583237142344064,0,0
Bulgaria,2001,226.59,24.63,,BGR,31539223117.3354,0.7184387489730392,0,0
Bulgaria,2002,22.74,15.79,,BGR,33391184646.0874,0.06810180663256149,0,0
Bulgaria,2003,4.51,,,BGR,35139932016.0581,0.01283440160879947,0,0
Bulgaria,2004,38.6,38.6,,BGR,37427690632.4498,0.10313219797358752,0,0
Bulgaria,2005,72.17,,,BGR,40068719166.9668,0.18011556521002534,0,0
Bulgaria,2006,14.25,,,BGR,42794430901.6819,0.033298725324186866,0,0
Bulgaria,2007,19.61,,,BGR,45642137145.3704,0.04296468401017697,0,0
Bulgaria,2008,86.32,,,BGR,48439798806.2002,0.1782005749969201,0,0
Bulgaria,2009,122.89,,,BGR,46818449430.0631,0.26248199480329176,0,0
Bulgaria,2010,,,,BGR,47546646111.8377,0.0,0,0
Bulgaria,2011,,,,BGR,48540454689.7673,0.0,0,0
Bulgaria,2012,,,,BGR,48903932680.2008,0.0,0,0
Bulgaria,2013,0.95,,,BGR,48638504922.6532,0.0019531850362397574,0,0
Bulgaria,2014,0.03,,,BGR,49100303096.7466,6.10994191642532e-05,0,0
Bulgaria,2015,,,,BGR,50768512172.9373,0.0,0,0
Bulgaria,2016,,,,BGR,52305086279.5727,0.0,0,0
Bulgaria,2017,,,,BGR,53741345963.5537,0.0,0,0
Bulgaria,2018,,,,BGR,54993600227.8576,0.0,0,0
Bulgaria,2019,,,,BGR,57079683269.2842,0.0,0,0
Bulgaria,2020,,,,BGR,55291242409.0405,0.0,0,0
Bulgaria,2021,,,,BGR,59619536577.8514,0.0,0,0
Bulgaria,2022,0.01,,,BGR,62054317357.9063,1.611491420060865e-05,0,0
Bulgaria,2023,,,,BGR,63097767380.2873,0.0,0,0
Burkina Faso,1960,,,,BFA,1166782785.98608,0.0,0,0
Burkina Faso,1961,,,,BFA,1213966641.5058,0.0,0,0
Burkina Faso,1962,,,,BFA,1288368214.22299,0.0,0,0
Burkina Faso,1963,,,,BFA,1272031494.32608,0.0,0,0
Burkina Faso,1964,,,,BFA,1301069673.81082,0.0,0,0
Burkina Faso,1965,,,,BFA,1350049032.11506,0.0,0,0
Burkina Faso,1966,,,,BFA,1357307072.34754,0.0,0,0
Burkina Faso,1967,,,,BFA,1477066550.51673,0.0,0,0
Burkina Faso,1968,,,,BFA,1522423925.19439,0.0,0,0
Burkina Faso,1969,,,,BFA,1553269467.6992,0.0,0,0
Burkina Faso,1970,,,,BFA,1555087097.58311,0.0,0,0
Burkina Faso,1971,,,,BFA,1577065763.72581,0.0,0,0
Burkina Faso,1972,,,,BFA,1613519619.00794,0.0,0,0
Burkina Faso,1973,,,,BFA,1620769604.83282,0.0,0,0
Burkina Faso,1974,,,,BFA,1755073486.55337,0.0,0,0
Burkina Faso,1975,,,,BFA,1807697309.80526,0.0,0,0
Burkina Faso,1976,,,,BFA,1961982376.4042,0.0,0,0
Burkina Faso,1977,,,,BFA,1969248648.05364,0.0,0,0
Burkina Faso,1978,0.01,,,BFA,2059988179.56406,0.00048543967869350715,0,0
Burkina Faso,1979,0.05,,,BFA,2135478949.53865,0.0023413951240681638,0,0
Burkina Faso,1980,0.25,,,BFA,2152496130.24403,0.01161442273866747,0,0
Burkina Faso,1981,0.24,,,BFA,2244091371.14198,0.010694751697114188,0,0
Burkina Faso,1982,1.13,1.0,,BFA,2458675800.42369,0.04595969911141898,0,0
Burkina Faso,1983,0.99,0.3,,BFA,2467182443.50436,0.04012674468426479,0,0
Burkina Faso,1984,7.27,3.0,,BFA,2423298751.1015,0.3000042812177183,0,0
Burkina Faso,1985,12.33,10.2,,BFA,2629699950.55815,0.46887478540595384,0,0
Burkina Faso,1986,30.97,17.5,2.07,BFA,2838902120.30277,1.0909146806617283,1,0
Burkina Faso,1987,51.93,26.0,4.13,BFA,2832192750.18472,1.8335616457111914,1,0
Burkina Faso,1988,61.02,26.9,6.2,BFA,2996335113.95777,2.036487831943487,1,0
Burkina Faso,1989,255.91,30.5,6.52,BFA,3060764327.26471,8.36098348769953,1,1
Burkina Faso,1990,90.52,36.9,7.36,BFA,3042310107.50399,2.9753705835814857,1,0
Burkina Faso,1991,129.3,6.8,2.38,BFA,3318247161.44233,3.896635594311717,1,0
Burkina Faso,1992,52.44,2.9,2.16,BFA,3325969079.69165,1.5766833287837332,1,0
Burkina Faso,1993,55.59,2.1,4.66,BFA,3441093672.50713,1.6154747673433123,1,0
Burkina Faso,1994,171.26,3.1,4.93,BFA,3486344304.54047,4.912308855351954,1,0
Burkina Faso,1995,63.94,4.1,6.76,BFA,3685636779.12882,1.734842683415852,1,0
Burkina Faso,1996,77.63,5.1,8.53,BFA,4091600230.31209,1.8973016822339632,1,0
Burkina Faso,1997,40.84,5.0,10.32,BFA,4350059854.87114,0.9388376565501255,0,0
Burkina Faso,1998,47.26,5.9,12.08,BFA,4667950033.01846,1.0124358586897733,1,0
Burkina Faso,1999,44.01,5.0,12.63,BFA,5013156038.3976,0.8778900888564265,0,0
Burkina Faso,2000,184.7,4.7,15.29,BFA,5107828181.20084,3.6160182654495125,1,0
Burkina Faso,2001,68.4,1.4,15.84,BFA,5445629583.60137,1.256053114702761,1,0
Burkina Faso,2002,101.7,1.7,17.1,BFA,5682675869.68484,1.7896498468711757,1,0
Burkina Faso,2003,81.08,,16.58,BFA,6126066307.13183,1.323524688356841,1,0
Burkina Faso,2004,181.39,,18.05,BFA,6400419254.55947,2.8340330966722704,1,0
Burkina Faso,2005,94.11,,21.32,BFA,6954815456.4763,1.3531631513294158,1,0
Burkina Faso,2006,1327.72,,22.04,BFA,7389711520.7284,17.967142509903113,1,1
Burkina Faso,2007,38.11,,23.56,BFA,7693530569.65392,0.495351252002815,0,0
Burkina Faso,2008,40.63,,25.18,BFA,8139754707.2893,0.4991550907991747,0,0
Burkina Faso,2009,36.38,,25.2,BFA,8380850241.73524,0.43408483567494927,0,0
Burkina Faso,2010,40.27,,25.98,BFA,9088720451.70527,0.4430766708469325,0,0
Burkina Faso,2011,34.24,,27.31,BFA,9690626654.34607,0.3533311231698724,0,0
Burkina Faso,2012,34.34,,27.36,BFA,10315931043.8746,0.33288318673272277,0,0
Burkina Faso,2013,35.18,,28.2,BFA,10913490102.1529,0.3223533413299202,0,0
Burkina Faso,2014,35.1,,28.12,BFA,11385699970.03,0.3082814415661044,0,0
Burkina Faso,2015,34.63,,26.51,BFA,11832159315.6298,0.29267692461049927,0,0
Burkina Faso,2016,79.81,,24.76,BFA,12537116611.6541,0.636589755620612,0,0
Burkina Faso,2017,87.34,,26.43,BFA,13314855313.1302,0.6559590618598106,0,0
Burkina Faso,2018,83.52,,25.11,BFA,14194244128.6065,0.5884075209871669,0,0
Burkina Faso,2019,82.61,,24.63,BFA,15030172259.3791,0.5496277658990226,0,0
Burkina Faso,2020,99.82,,26.33,BFA,15332394848.5201,0.6510398472397464,0,0
Burkina Faso,2021,100.82,,27.01,BFA,16396850182.5889,0.6148741915508649,0,0
Burkina Faso,2022,80.02,,25.59,BFA,16663583086.9504,0.4802088457353769,0,0
Burkina Faso,2023,61.0,,,BFA,17163536264.1285,0.355404615117043,0,0
Burundi,1960,,,,BDI,697959754.339106,0.0,0,0
Burundi,1961,,,,BDI,602017263.885198,0.0,0,0
Burundi,1962,,,,BDI,656579039.30025,0.0,0,0
Burundi,1963,,,,BDI,683731257.621822,0.0,0,0
Burundi,1964,,,,BDI,726621978.552538,0.0,0,0
Burundi,1965,,,,BDI,755448711.768332,0.0,0,0
Burundi,1966,,,,BDI,790297507.171932,0.0,0,0
Burundi,1967,,,,BDI,899528624.137534,0.0,0,0
Burundi,1968,,,,BDI,896849075.228019,0.0,0,0
Burundi,1969,,,,BDI,883759193.989328,0.0,0,0
Burundi,1970,,,,BDI,1072226769.77092,0.0,0,0
Burundi,1971,0.05,,,BDI,1101679002.54222,0.004538527092249254,0,0
Burundi,1972,0.16,,,BDI,1031127865.64347,0.015516989243633022,0,0
Burundi,1973,0.31,,,BDI,1102162787.28502,0.02812651666126646,0,0
Burundi,1974,,,,BDI,1094151832.10116,0.0,0,0
Burundi,1975,,,,BDI,1101788139.15232,0.0,0,0
Burundi,1976,,,,BDI,1189299435.72052,0.0,0,0
Burundi,1977,,,,BDI,1325705576.052,0.0,0,0
Burundi,1978,,,,BDI,1313236307.72665,0.0,0,0
Burundi,1979,,,,BDI,1335101100.64043,0.0,0,0
Burundi,1980,,,,BDI,1348332696.53429,0.0,0,0
Burundi,1981,,,,BDI,1512334118.01185,0.0,0,0
Burundi,1982,2.6,,2.6,BDI,1496400168.4635,0.17375031457458825,0,0
Burundi,1983,5.05,,5.05,BDI,1551996327.82165,0.3253873678353399,0,0
Burundi,1984,5.39,0.03,5.37,BDI,1554410365.06677,0.34675527911630155,0,0
Burundi,1985,7.32,0.76,6.25,BDI,1737569339.09844,0.4212781519152539,0,0
Burundi,1986,9.83,2.63,6.72,BDI,1794043478.2316,0.5479242905355612,0,0
Burundi,1987,10.97,0.93,8.06,BDI,1892771415.26471,0.5795734187197565,0,0
Burundi,1988,1.73,0.23,,BDI,1987997206.38758,0.08702225508372868,0,0
Burundi,1989,14.62,0.04,13.3,BDI,2014825273.1497,0.7256212335050328,0,0
Burundi,1990,0.73,0.04,,BDI,2085340574.06338,0.03500627231251546,0,0
Burundi,1991,0.07,0.04,,BDI,2189541631.93147,0.00319701616900751,0,0
Burundi,1992,6.17,0.04,0.67,BDI,2211655966.74626,0.2789764815491249,0,0
Burundi,1993,13.27,0.04,,BDI,2073648634.39054,0.6399348365929962,0,0
Burundi,1994,12.71,0.04,,BDI,1994227891.77222,0.6373393959857288,0,0
Burundi,1995,5.88,0.04,0.67,BDI,1836285042.66912,0.3202117243983627,0,0
Burundi,1996,19.9,0.04,2.35,BDI,1689382239.2934,1.1779453777330677,1,0
Burundi,1997,35.53,0.04,3.2,BDI,1662521061.74171,2.1371157826281997,1,0
Burundi,1998,56.15,0.25,6.84,BDI,1741490812.09292,3.2242489946024486,1,0
Burundi,1999,78.44,0.61,12.12,BDI,1723901754.95176,4.550143288310243,1,0
Burundi,2000,101.81,0.87,13.8,BDI,1709130260.41104,5.9568309308100975,1,1
Burundi,2001,106.59,,16.8,BDI,1744266681.79557,6.110877488657579,1,1
Burundi,2002,131.97,,,BDI,1821825838.40298,7.243831831679665,1,1
Burundi,2003,161.46,,,BDI,1799531646.23167,8.972334570392645,1,1
Burundi,2004,140.65,0.65,,BDI,1886514847.43907,7.4555469410130195,1,1
Burundi,2005,110.57,0.57,,BDI,1903493481.08303,5.80879320569509,1,1
Burundi,2006,140.39,0.63,,BDI,2006544947.16489,6.996603798901262,1,1
Burundi,2007,106.72,,15.0,BDI,2075660260.38688,5.141496517359184,1,1
Burundi,2008,117.74,,,BDI,2177549065.459,5.406996419397874,1,1
Burundi,2009,895.65,,,BDI,2260014499.81439,39.63027671165639,1,1
Burundi,2010,48.05,,,BDI,2375133693.99181,2.023044013124328,1,0
Burundi,2011,47.85,,,BDI,2470719237.95292,1.9366830218898303,1,0
Burundi,2012,4.89,,,BDI,2579999920.33893,0.1895348895730822,0,0
Burundi,2013,6.52,,,BDI,2707037177.57679,0.2408537294576941,0,0
Burundi,2014,5.58,,,BDI,2821948416.12645,0.19773571933888826,0,0
Burundi,2015,5.98,,,BDI,2810532912.49975,0.21277103617624088,0,0
Burundi,2016,5.9,,,BDI,2900474875.81569,0.20341496660407254,0,0
Burundi,2017,5.56,,,BDI,3011616941.92851,0.18461843279575968,0,0
Burundi,2018,5.55,,,BDI,3172504889.35261,0.17494062873241303,0,0
Burundi,2019,5.58,,,BDI,3313977733.08389,0.1683777155257895,0,0
Burundi,2020,8.0,,1.9,BDI,3324133212.76644,0.24066424201279732,0,0
Burundi,2021,14.22,,8.0,BDI,3431737891.10688,0.4143673104187293,0,0
Burundi,2022,6.47,,,BDI,3511275322.19666,0.18426353408118268,0,0
Burundi,2023,6.0,,,BDI,3625559221.94932,0.16549171128348134,0,0
Cabo Verde,1960,,,,CPV,,,0,0
Cabo Verde,1961,,,,CPV,,,0,0
Cabo Verde,1962,,,,CPV,,,0,0
Cabo Verde,1963,,,,CPV,,,0,0
Cabo Verde,1964,,,,CPV,,,0,0
Cabo Verde,1965,,,,CPV,,,0,0
Cabo Verde,1966,,,,CPV,,,0,0
Cabo Verde,1967,,,,CPV,,,0,0
Cabo Verde,1968,,,,CPV,,,0,0
Cabo Verde,1969,,,,CPV,,,0,0
Cabo Verde,1970,,,,CPV,,,0,0
Cabo Verde,1971,,,,CPV,,,0,0
Cabo Verde,1972,,,,CPV,,,0,0
Cabo Verde,1973,,,,CPV,,,0,0
Cabo Verde,1974,,,,CPV,,,0,0
Cabo Verde,1975,,,,CPV,,,0,0
Cabo Verde,1976,,,,CPV,,,0,0
Cabo Verde,1977,,,,CPV,,,0,0
Cabo Verde,1978,,,,CPV,,,0,0
Cabo Verde,1979,,,,CPV,,,0,0
Cabo Verde,1980,,,,CPV,188081994.537363,0.0,0,0
Cabo Verde,1981,0.01,,,CPV,203977861.68299,0.00490249280852909,0,0
Cabo Verde,1982,0.02,,,CPV,209740297.642838,0.009535601991972733,0,0
Cabo Verde,1983,0.02,,,CPV,229709146.509557,0.008706662448535938,0,0
Cabo Verde,1984,0.09,,,CPV,238399665.307967,0.03775173085236388,0,0
Cabo Verde,1985,37.56,,,CPV,259002370.874424,14.501797753122025,1,1
Cabo Verde,1986,43.31,0.3,,CPV,266439508.497068,16.255096792627736,1,1
Cabo Verde,1987,48.82,0.6,,CPV,277920556.725196,17.566170914184134,1,1
Cabo Verde,1988,54.55,0.8,,CPV,294587049.289005,18.51744675526576,1,1
Cabo Verde,1989,63.03,1.0,,CPV,311372470.196767,20.242637366164445,1,1
Cabo Verde,1990,80.4,1.1,,CPV,313527702.860333,25.643666976316837,1,1
Cabo Verde,1991,69.02,0.9,,CPV,317930092.634861,21.709174940941708,1,1
Cabo Verde,1992,66.54,1.2,,CPV,352704163.840723,18.86566897181534,1,1
Cabo Verde,1993,68.77,1.5,,CPV,383418741.333134,17.936003795977484,1,1
Cabo Verde,1994,68.78,1.8,,CPV,456968584.432283,15.0513629039618,1,1
Cabo Verde,1995,70.72,2.3,,CPV,521911297.414696,13.550195282285275,1,1
Cabo Verde,1996,27.92,2.6,,CPV,581130092.023103,4.8044319823124955,1,0
Cabo Verde,1997,24.3,2.7,,CPV,645742611.607662,3.7631092579599055,1,0
Cabo Verde,1998,84.74,,,CPV,726572059.757413,11.662986329021912,1,1
Cabo Verde,1999,205.94,1.9,,CPV,808112687.727471,25.484069626370164,1,1
Cabo Verde,2000,207.08,1.2,,CPV,923550525.289887,22.42216254871395,1,1
Cabo Verde,2001,106.58,0.9,6.0,CPV,944160982.565559,11.288329211655332,1,1
Cabo Verde,2002,31.48,0.3,,CPV,993737848.225922,3.1678374790896724,1,0
Cabo Verde,2003,24.63,,,CPV,1035238917.7863,2.3791609431248477,1,0
Cabo Verde,2004,12.61,,,CPV,1140802982.16763,1.105361766853015,1,0
Cabo Verde,2005,4.05,0.6,,CPV,1219660508.68448,0.3320596158654272,0,0
Cabo Verde,2006,3.16,,,CPV,1317035160.01005,0.23993285038615722,0,0
Cabo Verde,2007,6.12,,2.4,CPV,1516838454.63714,0.4034707836744576,0,0
Cabo Verde,2008,3.88,,,CPV,1623608884.79583,0.23897380929200276,0,0
Cabo Verde,2009,3.9,,,CPV,1599196517.15668,0.24387246708954033,0,0
Cabo Verde,2010,8.44,,4.55,CPV,1628564468.24228,0.518247828967394,0,0
Cabo Verde,2011,,,,CPV,1692481034.54407,0.0,0,0
Cabo Verde,2012,,,,CPV,1710821579.61286,0.0,0,0
Cabo Verde,2013,,,,CPV,1721636311.15762,0.0,0,0
Cabo Verde,2014,,,,CPV,1733630380.4449,0.0,0,0
Cabo Verde,2015,,,,CPV,1749857620.35329,0.0,0,0
Cabo Verde,2016,1.54,,1.54,CPV,1824764034.95256,0.08439447350462696,0,0
Cabo Verde,2017,,,,CPV,1907814790.72833,0.0,0,0
Cabo Verde,2018,118.51,,,CPV,1978536809.33193,5.9897798939619395,1,1
Cabo Verde,2019,115.06,,,CPV,2116002110.92756,5.437612722870247,1,1
Cabo Verde,2020,169.77,1.56,1.2,CPV,1675762033.71886,10.130913374570584,1,1
Cabo Verde,2021,155.24,3.24,2.91,CPV,1793627260.88123,8.65508700641229,1,1
Cabo Verde,2022,,,,CPV,2077803747.08658,0.0,0,0
Cabo Verde,2023,13.0,,,CPV,2177429478.93487,0.5970342610755501,0,0
Cambodia,1960,,,,KHM,,,0,0
Cambodia,1961,,,,KHM,,,0,0
Cambodia,1962,,,,KHM,,,0,0
Cambodia,1963,,,,KHM,,,0,0
Cambodia,1964,,,,KHM,,,0,0
Cambodia,1965,,,,KHM,,,0,0
Cambodia,1966,,,,KHM,,,0,0
Cambodia,1967,,,,KHM,,,0,0
Cambodia,1968,,,,KHM,,,0,0
Cambodia,1969,,,,KHM,,,0,0
Cambodia,1970,,,,KHM,,,0,0
Cambodia,1971,10.0,,,KHM,,,0,0
Cambodia,1972,17.0,,,KHM,,,0,0
Cambodia,1973,11.0,,,KHM,,,0,0
Cambodia,1974,16.0,,,KHM,,,0,0
Cambodia,1975,380.0,,,KHM,5104596991.6618,7.444270343392791,1,1
Cambodia,1976,294.0,,,KHM,5104596991.6618,5.759514423572318,1,1
Cambodia,1977,298.0,,,KHM,4355425545.40488,6.842040964617109,1,1
Cambodia,1978,304.49,,,KHM,4355425545.40488,6.9910505144841055,1,1
Cambodia,1979,310.03,,,KHM,3796687001.66256,8.165803498266742,1,1
Cambodia,1980,314.96,,,KHM,3581475361.62849,8.794141190372123,1,1
Cambodia,1981,319.94,,,KHM,3582947065.65765,8.929520702848425,1,1
Cambodia,1982,325.81,,,KHM,3582947065.65765,9.093352316668891,1,1
Cambodia,1983,331.66,,,KHM,3741793666.97819,8.863663513222072,1,1
Cambodia,1984,337.29,,,KHM,3926341896.40254,8.590438858853265,1,1
Cambodia,1985,347.72,,,KHM,4109709289.00662,8.460939096839361,1,1
Cambodia,1986,1033.58,,,KHM,4265911859.7333,24.228817518621167,1,1
Cambodia,1987,1134.32,,,KHM,5184427493.70972,21.879368577847284,1,1
Cambodia,1988,1227.3,,,KHM,5805361650.77597,21.140801793734134,1,1
Cambodia,1989,1322.29,0.5,,KHM,6007352427.85881,22.011194047280185,1,1
Cambodia,1990,1362.8,0.6,,KHM,6077176596.90232,22.424887252653665,1,1
Cambodia,1991,2006.8,0.6,,KHM,6538513178.62442,30.691992891604038,1,1
Cambodia,1992,752.09,0.4,,KHM,6997355850.26551,10.748202836811029,1,1
Cambodia,1993,849.77,0.4,,KHM,7284133439.52237,11.666041088557,1,1
Cambodia,1994,927.32,0.4,,KHM,4748625742.75315,19.528176155284036,1,1
Cambodia,1995,1225.72,0.42,,KHM,5218904416.41975,23.48615537283327,1,1
Cambodia,1996,883.89,,,KHM,5526689596.99919,15.993118203705942,1,1
Cambodia,1997,1010.87,,1.0,KHM,5748123107.34897,17.58608820864681,1,1
Cambodia,1998,940.0,,1.59,KHM,6017229084.13523,15.621808424717681,1,1
Cambodia,1999,1265.6,,1.5,KHM,6781740973.22419,18.66187465721366,1,1
Cambodia,2000,1408.3,,1.5,KHM,7459479704.67578,18.87933281884585,1,1
Cambodia,2001,1463.7,,1.5,KHM,8010713670.8994,18.271780269930225,1,1
Cambodia,2002,1551.4,,200.0,KHM,8512590714.58905,18.224769074603568,1,1
Cambodia,2003,1609.39,,0.9,KHM,9387998414.66106,17.143057858708687,1,1
Cambodia,2004,1672.0,,0.4,KHM,10275886653.5849,16.271102011588432,1,1
Cambodia,2005,1729.2,,0.4,KHM,11642922159.7044,14.85194160263889,1,1
Cambodia,2006,1787.11,,,KHM,12917049054.0975,13.835280740325897,1,1
Cambodia,2007,1774.06,,,KHM,14260222987.8994,12.440618926544062,1,1
Cambodia,2008,1949.31,,,KHM,15326369460.3469,12.718667686064505,1,1
Cambodia,2009,1956.09,,,KHM,15950885068.8658,12.263206659410086,1,1
Cambodia,2010,1767.34,,4.36,KHM,16760698493.0409,10.544548610153722,1,1
Cambodia,2011,1969.97,,,KHM,17981993293.903,10.955237096367625,1,1
Cambodia,2012,1982.67,,5.61,KHM,19357661918.8519,10.242300998495752,1,1
Cambodia,2013,1990.87,,6.6,KHM,20878690156.7817,9.535416182960772,1,1
Cambodia,2014,1998.18,,6.6,KHM,22549052336.9265,8.861481050925432,1,1
Cambodia,2015,1999.0,,,KHM,24174170369.0738,8.269156581097551,1,1
Cambodia,2016,2006.54,,94.49,KHM,26085259688.3373,7.692237010379937,1,1
Cambodia,2017,2014.19,,,KHM,28191654621.9478,7.144632079991184,1,1
Cambodia,2018,2025.0,,,KHM,30665817313.8491,6.60344376044229,1,1
Cambodia,2019,633.0,,,KHM,33099747942.811,1.9124012699241189,1,0
Cambodia,2020,633.0,,,KHM,31922812945.0881,1.9829079633077835,1,0
Cambodia,2021,629.0,,,KHM,32909177695.673,1.9113209263891842,1,0
Cambodia,2022,631.0,,,KHM,34597385966.8314,1.823837213033786,1,0
Cambodia,2023,633.0,,,KHM,36329791405.1421,1.7423716886808371,1,0
Cameroon,1960,,,,CMR,4827329401.77259,0.0,0,0
Cameroon,1961,,,,CMR,4884469573.58571,0.0,0,0
Cameroon,1962,,,,CMR,5033033599.98434,0.0,0,0
Cameroon,1963,,,,CMR,5221397415.12354,0.0,0,0
Cameroon,1964,,,,CMR,5406608719.74354,0.0,0,0
Cameroon,1965,,,,CMR,5516149516.56753,0.0,0,0
Cameroon,1966,,,,CMR,5770717368.63748,0.0,0,0
Cameroon,1967,,,,CMR,5141012904.4288,0.0,0,0
Cameroon,1968,,,,CMR,5467278232.7078,0.0,0,0
Cameroon,1969,,,,CMR,5735255755.81943,0.0,0,0
Cameroon,1970,,,,CMR,5912593777.17627,0.0,0,0
Cameroon,1971,,,,CMR,6118334765.00775,0.0,0,0
Cameroon,1972,0.01,,,CMR,6281929448.77639,0.00015918676071645192,0,0
Cameroon,1973,0.05,,,CMR,6618369536.82128,0.0007554730771956016,0,0
Cameroon,1974,2.96,,,CMR,7328802680.10935,0.040388589094280745,0,0
Cameroon,1975,1.61,,,CMR,8152930849.0535,0.01974749976184221,0,0
Cameroon,1976,,,,CMR,7704916015.45028,0.0,0,0
Cameroon,1977,1.32,,,CMR,8763561576.93245,0.015062369202431574,0,0
Cameroon,1978,0.87,,,CMR,10691808462.1321,0.008137070572123862,0,0
Cameroon,1979,19.14,18.11,,CMR,11337071801.8535,0.16882666295604476,0,0
Cameroon,1980,16.13,11.13,,CMR,11114265274.3313,0.14512880160646044,0,0
Cameroon,1981,22.18,18.93,,CMR,13012879895.4302,0.17044651282602757,0,0
Cameroon,1982,28.8,23.32,,CMR,13990954313.1341,0.20584728786487289,0,0
Cameroon,1983,32.8,28.48,,CMR,14951689440.3101,0.21937320281392708,0,0
Cameroon,1984,36.69,31.92,,CMR,16069264314.0233,0.22832408057400255,0,0
Cameroon,1985,405.9,,,CMR,17364955075.045,2.337466456122969,1,0
Cameroon,1986,444.03,,,CMR,18540851327.4109,2.3948738499593247,1,0
Cameroon,1987,515.84,,5.76,CMR,18142844102.4615,2.8432146420197393,1,0
Cameroon,1988,645.49,,13.21,CMR,16723414750.1032,3.8597978322340936,1,0
Cameroon,1989,1110.09,,5.85,CMR,16419195682.0992,6.760928010683618,1,1
Cameroon,1990,837.49,,3.63,CMR,15416689237.8441,5.432359614178201,1,1
Cameroon,1991,1107.06,,13.85,CMR,14829529308.2261,7.465240312016523,1,1
Cameroon,1992,1762.33,135.0,22.88,CMR,14369813423.5217,12.264111913347966,1,1
Cameroon,1993,1289.04,,32.4,CMR,13229990256.1401,9.743317833524106,1,1
Cameroon,1994,3419.3,,22.99,CMR,13478291933.8403,25.368941530455164,1,1
Cameroon,1995,2040.49,,23.81,CMR,13868353888.0552,14.713281882411957,1,1
Cameroon,1996,1921.25,,24.58,CMR,14452915010.389,13.293166109528585,1,1
Cameroon,1997,2264.6,,25.36,CMR,15107243821.2788,14.990159864966726,1,1
Cameroon,1998,1041.54,,,CMR,15821141892.6295,6.583216351060071,1,1
Cameroon,1999,1064.11,,,CMR,16534881734.7065,6.435546483325895,1,1
Cameroon,2000,984.33,,55.0,CMR,17168567484.5749,5.733326329551789,1,1
Cameroon,2001,2016.25,,23.0,CMR,17910981185.5697,11.257060565863515,1,1
Cameroon,2002,1076.52,,70.0,CMR,18712860619.4251,5.752835025567957,1,1
Cameroon,2003,1280.77,,,CMR,19733301668.5758,6.4903989282217065,1,1
Cameroon,2004,2189.45,221.49,,CMR,21124275032.771,10.36461604766749,1,1
Cameroon,2005,5536.5,330.5,,CMR,21594980960.2444,25.637901742967507,1,1
Cameroon,2006,6278.89,481.73,,CMR,22417659743.2882,28.00867740835386,1,1
Cameroon,2007,364.5,38.65,32.0,CMR,23387803922.5771,1.5585046001182474,1,0
Cameroon,2008,92.55,58.92,,CMR,24053813243.6522,0.38476227890571135,0,0
Cameroon,2009,79.47,45.87,,CMR,24674221649.2686,0.3220770289317543,0,0
Cameroon,2010,145.59,46.03,4.0,CMR,25389533434.6495,0.5734252674423351,0,0
Cameroon,2011,0.0,,,CMR,26247499413.6974,0.0,0,0
Cameroon,2012,64.02,0.36,,CMR,27461703151.6573,0.2331246523438457,0,0
Cameroon,2013,178.78,1.83,,CMR,28833560540.7901,0.620041356831684,0,0
Cameroon,2014,26.99,,,CMR,30482787768.4783,0.08854177053947104,0,0
Cameroon,2015,2.85,,,CMR,32210233020.4569,0.008848119782896164,0,0
Cameroon,2016,452.41,,,CMR,33671222913.4548,1.343610242974632,1,0
Cameroon,2017,29.94,7.01,,CMR,34863580363.1151,0.08587758253215973,0,0
Cameroon,2018,95.95,17.55,78.4,CMR,36242614248.5756,0.2647435953209998,0,0
Cameroon,2019,584.52,98.45,480.4,CMR,37502066832.7403,1.5586340950405924,1,0
Cameroon,2020,516.12,0.14,55.0,CMR,37599547048.5841,1.372676110520953,1,0
Cameroon,2021,1079.26,2.27,461.0,CMR,38854942334.5769,2.7776646551333823,1,0
Cameroon,2022,102.18,1.96,,CMR,40306867605.1364,0.2535051867612232,0,0
Cameroon,2023,109.0,16.0,24.0,CMR,41656165354.262,0.26166594806078997,0,0
Central African Republic,1960,,,,CAF,980371513.739357,0.0,0,0
Central African Republic,1961,,,,CAF,1028934744.09243,0.0,0,0
Central African Republic,1962,,,,CAF,990722163.67209,0.0,0,0
Central African Republic,1963,,,,CAF,983717651.45014,0.0,0,0
Central African Republic,1964,,,,CAF,1004182171.74198,0.0,0,0
Central African Republic,1965,,,,CAF,1013697588.23369,0.0,0,0
Central African Republic,1966,,,,CAF,1020233745.25506,0.0,0,0
Central African Republic,1967,,,,CAF,1067946130.32709,0.0,0,0
Central African Republic,1968,,,,CAF,1082941302.66553,0.0,0,0
Central African Republic,1969,,,,CAF,1159738545.69334,0.0,0,0
Central African Republic,1970,0.39,0.15,,CAF,1186793864.44662,0.03286164612772495,0,0
Central African Republic,1971,1.43,0.45,,CAF,1200207036.99646,0.1191461102893215,0,0
Central African Republic,1972,2.86,1.58,,CAF,1200196629.10311,0.2382942870067247,0,0
Central African Republic,1973,5.04,3.56,,CAF,1222867622.78433,0.4121460006050774,0,0
Central African Republic,1974,7.88,6.23,,CAF,1300385612.42636,0.6059740991210205,0,0
Central African Republic,1975,13.45,10.86,,CAF,1305652006.45951,1.0301366622544306,1,0
Central African Republic,1976,21.88,16.65,,CAF,1376581799.61343,1.5894442310761563,1,0
Central African Republic,1977,29.24,22.14,,CAF,1428977736.69122,2.0462180235015315,1,0
Central African Republic,1978,30.72,26.0,,CAF,1446257441.61914,2.124103158674696,1,0
Central African Republic,1979,38.33,31.01,,CAF,1410605202.96195,2.717273402899388,1,0
Central African Republic,1980,54.13,35.52,,CAF,1347429290.3509,4.017279451146811,1,0
Central African Republic,1981,37.6,9.6,,CAF,1326618707.6053,2.8342733133827385,1,0
Central African Republic,1982,33.72,13.2,,CAF,1428977736.69122,2.3597288561036813,1,0
Central African Republic,1983,18.62,7.62,,CAF,1312851666.6817,1.4182866558765932,1,0
Central African Republic,1984,7.58,4.44,,CAF,1437332673.07483,0.5273657339037872,0,0
Central African Republic,1985,31.57,3.12,,CAF,1493779882.6376,2.1134305239307523,1,0
Central African Republic,1986,3.8,3.1,,CAF,1547227016.94335,0.2456006751683507,0,0
Central African Republic,1987,14.43,1.71,,CAF,1470809662.02268,0.9810922767637821,0,0
Central African Republic,1988,60.37,3.37,,CAF,1495962938.26696,4.03552778319076,1,0
Central African Republic,1989,57.7,3.91,,CAF,1525542171.15668,3.782261879804432,1,0
Central African Republic,1990,203.52,5.52,,CAF,1492780724.87637,13.633616552548617,1,1
Central African Republic,1991,58.81,7.59,,CAF,1484532469.39956,3.961516586012196,1,0
Central African Republic,1992,78.94,10.59,,CAF,1389164942.66891,5.682550543518457,1,1
Central African Republic,1993,112.02,14.46,,CAF,1393822474.94131,8.03689149902084,1,1
Central African Republic,1994,179.08,18.29,0.79,CAF,1462119071.07866,12.247976484424484,1,1
Central African Republic,1995,118.72,17.63,1.6,CAF,1567392310.30149,7.574364070802672,1,1
Central African Republic,1996,135.1,15.44,2.41,CAF,1504695160.78436,8.978562802685945,1,1
Central African Republic,1997,142.72,14.84,0.81,CAF,1584443041.5758,9.007581607860041,1,1
Central African Republic,1998,210.45,11.45,1.61,CAF,1658914120.44075,12.68600932422508,1,1
Central African Republic,1999,187.89,13.95,2.42,CAF,1718634612.46088,10.932515767907402,1,1
Central African Republic,2000,175.44,13.89,4.3,CAF,1675850364.88825,10.46871508791889,1,1
Central African Republic,2001,172.97,13.85,4.86,CAF,1750672710.15363,9.880201993028214,1,1
Central African Republic,2002,235.79,28.54,6.29,CAF,1813986527.35151,12.998442736190686,1,1
Central African Republic,2003,335.8,37.02,3.9,CAF,1716076872.67107,19.56788797446632,1,1
Central African Republic,2004,395.38,41.49,5.43,CAF,1818953694.45096,21.73667208825473,1,1
Central African Republic,2005,434.54,41.07,7.04,CAF,1835473623.16461,23.674543426605773,1,1
Central African Republic,2006,434.87,41.38,15.06,CAF,1923045637.77901,22.613607886199,1,1
Central African Republic,2007,357.55,41.74,10.0,CAF,2011650635.80801,17.77396102660662,1,1
Central African Republic,2008,319.6,41.55,9.43,CAF,2052972574.3655,15.567670215895449,1,1
Central African Republic,2009,873.24,41.45,9.44,CAF,2229266675.80904,39.17162578510648,1,1
Central African Republic,2010,307.57,41.21,9.73,CAF,2332499967.93604,13.186280995843253,1,1
Central African Republic,2011,241.81,44.72,,CAF,2430339369.3364,9.949639258241774,1,1
Central African Republic,2012,247.18,45.69,,CAF,2553162918.71416,9.681325002342051,1,1
Central African Republic,2013,262.2,44.85,5.4,CAF,1624016454.05115,16.14515661746748,1,1
Central African Republic,2014,260.23,42.04,6.28,CAF,1625333052.55944,16.010872331071553,1,1
Central African Republic,2015,274.08,41.77,16.63,CAF,1695825714.19282,16.16203821572883,1,1
Central African Republic,2016,282.54,41.65,21.07,CAF,1776382808.69192,15.9053554570287,1,1
Central African Republic,2017,280.75,46.45,30.48,CAF,1856804600.57752,15.120061632369861,1,1
Central African Republic,2018,252.07,46.32,43.17,CAF,1927167163.54408,13.07982020285364,1,1
Central African Republic,2019,256.95,46.63,17.92,CAF,1986909345.61394,12.932145121125513,1,1
Central African Republic,2020,238.1,7.01,35.5,CAF,2004791529.66202,11.876546587372122,1,1
Central African Republic,2021,220.79,2.65,21.66,CAF,2024497026.49048,10.905918710226283,1,1
Central African Republic,2022,216.63,2.59,25.74,CAF,2033686256.48235,10.65208555692868,1,1
Central African Republic,2023,207.0,57.0,,CAF,2047921417.64834,10.10780971457886,1,1
Chad,1960,,,,TCD,2446244184.49017,0.0,0,0
Chad,1961,,,,TCD,2480436407.7506,0.0,0,0
Chad,1962,,,,TCD,2613390679.21443,0.0,0,0
Chad,1963,,,,TCD,2571590697.06268,0.0,0,0
Chad,1964,,,,TCD,2507019607.81102,0.0,0,0
Chad,1965,,,,TCD,2522217857.28222,0.0,0,0
Chad,1966,,,,TCD,2476639050.27365,0.0,0,0
Chad,1967,,,,TCD,2495639859.30168,0.0,0,0
Chad,1968,,,,TCD,2484229323.02411,0.0,0,0
Chad,1969,,,,TCD,2655176849.41179,0.0,0,0
Chad,1970,1.84,1.74,,TCD,2704554017.70899,0.06803339803723542,0,0
Chad,1971,2.14,2.14,,TCD,2643765748.34981,0.08094514430167456,0,0
Chad,1972,3.26,2.89,,TCD,2674158904.90251,0.12190749001577553,0,0
Chad,1973,5.64,4.82,,TCD,2450040775.6344,0.2302002503831639,0,0
Chad,1974,7.53,5.41,,TCD,2571608187.13347,0.292812880192047,0,0
Chad,1975,9.33,6.16,,TCD,2803316958.84443,0.33282001774947234,0,0
Chad,1976,12.04,8.44,,TCD,2886877257.14841,0.41705964360579817,0,0
Chad,1977,15.68,10.52,,TCD,2951388133.70077,0.5312754300580154,0,0
Chad,1978,22.53,13.47,,TCD,2937527406.00338,0.766971567787105,0,0
Chad,1979,32.28,18.57,,TCD,2307689578.99639,1.3988016539918906,1,0
Chad,1980,37.69,21.73,,TCD,2168128111.38822,1.738365911222269,1,0
Chad,1981,35.87,22.17,,TCD,2190739911.9494,1.6373463506255095,1,0
Chad,1982,29.91,21.3,,TCD,2307870209.23448,1.2960000904869404,1,0
Chad,1983,30.45,21.68,,TCD,2669714666.03982,1.1405713272410747,1,0
Chad,1984,42.77,20.96,,TCD,2724414420.75421,1.5698786379261573,1,0
Chad,1985,59.65,28.32,,TCD,3318139885.49851,1.7976939507792427,1,0
Chad,1986,74.89,39.53,,TCD,3182704447.61443,2.3530302996287698,1,0
Chad,1987,93.92,52.3,,TCD,3106675733.32509,3.023167142696189,1,0
Chad,1988,86.27,46.63,0.29,TCD,3587662425.49946,2.404629805380584,1,0
Chad,1989,113.43,32.43,0.46,TCD,3762910231.35739,3.0144221633233736,1,0
Chad,1990,39.26,5.21,0.45,TCD,3605678066.92775,1.0888381955145494,1,0
Chad,1991,30.53,4.84,0.55,TCD,3913427635.7172,0.7801345225182598,0,0
Chad,1992,39.4,5.15,0.35,TCD,4226558330.99315,0.9322005498204456,0,0
Chad,1993,43.52,4.39,,TCD,3562572904.59318,1.2215890359433828,1,0
Chad,1994,52.05,5.1,0.79,TCD,3923706916.75521,1.3265516794267553,1,0
Chad,1995,115.14,2.14,1.6,TCD,3972225487.78462,2.8986269876692123,1,0
Chad,1996,60.28,0.28,2.41,TCD,4060189350.10006,1.4846598225404057,1,0
Chad,1997,49.12,0.26,0.81,TCD,4289727783.36345,1.1450610034160826,1,0
Chad,1998,54.52,2.07,1.61,TCD,4587931638.30455,1.1883350559283317,1,0
Chad,1999,55.11,2.23,2.42,TCD,4556602936.95288,1.20945363821526,1,0
Chad,2000,62.43,3.05,4.3,TCD,4516519365.57037,1.3822591014644308,1,0
Chad,2001,78.35,3.35,4.86,TCD,5043061274.9312,1.5536198298734512,1,0
Chad,2002,75.28,3.64,6.29,TCD,5471278189.12254,1.3759124906071185,1,0
Chad,2003,73.09,3.59,3.9,TCD,6276741545.44499,1.1644576962554904,1,0
Chad,2004,46.56,5.68,5.43,TCD,8387570299.81684,0.5551071208430496,0,0
Chad,2005,49.78,5.73,7.04,TCD,9841348751.59756,0.5058249763978655,0,0
Chad,2006,53.78,0.5,15.06,TCD,9787927000.40809,0.5494524019003997,0,0
Chad,2007,31.94,2.5,,TCD,10199036983.3823,0.3131668220444844,0,0
Chad,2008,35.27,4.0,,TCD,10513288725.5389,0.3354801805673048,0,0
Chad,2009,37.21,4.88,,TCD,10365231906.9564,0.3589885912251256,0,0
Chad,2010,51.11,4.88,,TCD,11782555814.3112,0.4337768545761636,0,0
Chad,2011,48.91,2.5,,TCD,12312232324.3414,0.39724721489623344,0,0
Chad,2012,39.66,3.0,,TCD,13427942676.0601,0.29535425460750225,0,0
Chad,2013,39.62,2.5,,TCD,13809056592.4911,0.28691315539646656,0,0
Chad,2014,1519.98,,,TCD,14093914057.2841,10.784654949803919,1,1
Chad,2015,2544.74,,,TCD,14559599499.5011,17.478090658243712,1,1
Chad,2016,96.72,,2.56,TCD,13959379525.828,0.6928674718030712,0,0
Chad,2017,141.91,,29.39,TCD,13733590857.5498,1.033305866411387,1,0
Chad,2018,1600.02,,39.62,TCD,14522052213.2211,11.017864255737333,1,1
Chad,2019,181.5,,37.27,TCD,15303748438.7807,1.1859839484819752,1,0
Chad,2020,177.34,,31.39,TCD,15243505756.0754,1.1633806739589414,1,0
Chad,2021,1305.2,,32.49,TCD,15288236703.0191,8.537282783842894,1,1
Chad,2022,1467.65,,31.31,TCD,15919594857.6967,9.219141649766485,1,1
Chad,2023,2320.0,200.0,305.0,TCD,16556157862.2862,14.012913015795785,1,1
Chile,1960,,,,CHL,26275664125.0674,0.0,0,0
Chile,1961,17.8,,,CHL,27725978494.5169,0.06419971797756438,0,0
Chile,1962,,,,CHL,28815827040.3647,0.0,0,0
Chile,1963,15.0,,,CHL,30454488579.4691,0.04925382332675996,0,0
Chile,1964,109.0,,,CHL,31204014436.8887,0.3493140288742547,0,0
Chile,1965,90.0,,,CHL,31413343021.734,0.2865024583271241,0,0
Chile,1966,66.0,,,CHL,35014387052.3099,0.18849394650661458,0,0
Chile,1967,,,,CHL,36270742031.799,0.0,0,0
Chile,1968,,,,CHL,37566955711.0659,0.0,0,0
Chile,1969,,,,CHL,39108395437.0641,0.0,0,0
Chile,1970,,,,CHL,39771076474.1111,0.0,0,0
Chile,1971,53.5,32.5,,CHL,43577595609.5563,0.1227695086239861,0,0
Chile,1972,562.6,16.6,,CHL,43267163670.3658,1.3002932299565813,1,0
Chile,1973,399.0,107.0,,CHL,41087469485.9866,0.9710989870916337,0,0
Chile,1974,560.3,45.3,,CHL,41600890292.2375,1.3468461758005907,1,0
Chile,1975,281.0,42.0,,CHL,36494895964.0875,0.7699706837814134,0,0
Chile,1976,,,,CHL,37810425597.6727,0.0,0,0
Chile,1977,,,,CHL,42025983481.558,0.0,0,0
Chile,1978,,,,CHL,45399335593.8651,0.0,0,0
Chile,1979,,,,CHL,49229142623.601,0.0,0,0
Chile,1980,,,,CHL,53252287646.3653,0.0,0,0
Chile,1981,,,,CHL,56830116589.3263,0.0,0,0
Chile,1982,,,,CHL,50293481314.1023,0.0,0,0
Chile,1983,2850.0,,,CHL,47811382482.5795,5.960923637877284,1,1
Chile,1984,4317.0,,,CHL,49716049397.1484,8.683312637161418,1,1
Chile,1985,8764.0,,,CHL,51482161643.7612,17.023372213163572,1,1
Chile,1986,7602.0,,,CHL,54265063038.9036,14.009013487278157,1,1
Chile,1987,7767.2,,,CHL,57921900186.3915,13.409781058641562,1,1
Chile,1988,7303.0,,,CHL,62179629420.7548,11.745004060063357,1,1
Chile,1989,7020.0,,,CHL,68620417335.9924,10.23019135198105,1,1
Chile,1990,6494.0,,,CHL,71089876109.5537,9.13491534292782,1,1
Chile,1991,,,,CHL,76603750426.1864,0.0,0,0
Chile,1992,,,,CHL,85414661278.3917,0.0,0,0
Chile,1993,,,,CHL,91125130548.8196,0.0,0,0
Chile,1994,,,,CHL,95751374590.6832,0.0,0,0
Chile,1995,,,,CHL,104613573720.419,0.0,0,0
Chile,1996,,,,CHL,112056685779.901,0.0,0,0
Chile,1997,,,,CHL,120339623825.598,0.0,0,0
Chile,1998,,,,CHL,125370887065.113,0.0,0,0
Chile,1999,,,,CHL,125027832953.909,0.0,0,0
Chile,2000,,,,CHL,131243743563.397,0.0,0,0
Chile,2001,,,,CHL,135383217071.739,0.0,0,0
Chile,2002,,,,CHL,139719269577.32,0.0,0,0
Chile,2003,,,,CHL,146318553366.968,0.0,0,0
Chile,2004,,,,CHL,156084225513.955,0.0,0,0
Chile,2005,,,,CHL,165194933117.629,0.0,0,0
Chile,2006,,,,CHL,175189211415.667,0.0,0,0
Chile,2007,,,,CHL,184243394522.927,0.0,0,0
Chile,2008,,,,CHL,191225100461.158,0.0,0,0
Chile,2009,,,,CHL,189087132632.604,0.0,0,0
Chile,2010,,,,CHL,200151851762.225,0.0,0,0
Chile,2011,,,,CHL,212609096429.355,0.0,0,0
Chile,2012,,,,CHL,225695909224.96,0.0,0,0
Chile,2013,,,,CHL,233163076995.037,0.0,0,0
Chile,2014,,,,CHL,237342873662.271,0.0,0,0
Chile,2015,,,,CHL,242450355830.884,0.0,0,0
Chile,2016,,,,CHL,246700604515.86,0.0,0,0
Chile,2017,,,,CHL,250050047209.619,0.0,0,0
Chile,2018,,,,CHL,260027117802.785,0.0,0,0
Chile,2019,,,,CHL,261702273348.86,0.0,0,0
Chile,2020,,,,CHL,245634546877.039,0.0,0,0
Chile,2021,,,,CHL,273483125955.671,0.0,0,0
Chile,2022,,,,CHL,279127595176.477,0.0,0,0
Chile,2023,,,,CHL,281017358307.658,0.0,0,0
China,1960,476.0,,,CHN,161019131971.415,0.29561704511269016,0,0
China,1961,500.0,,,CHN,117109214676.55,0.4269518853669849,0,0
China,1962,525.0,,,CHN,110574520509.079,0.47479292479219354,0,0
China,1963,551.0,,,CHN,121963696117.532,0.4517737798541472,0,0
China,1964,578.0,,,CHN,144136696064.162,0.4010082205177682,0,0
China,1965,607.0,,,CHN,168567866052.615,0.3600923558055468,0,0
China,1966,638.0,,,CHN,186520343784.551,0.34205384091343494,0,0
China,1967,574.0,,,CHN,175758119940.626,0.3265851957189271,0,0
China,1968,603.0,,,CHN,168552037046.827,0.3577530183349104,0,0
China,1969,633.0,,,CHN,197104752115.92,0.3211490302515507,0,0
China,1970,664.0,,,CHN,235145969267.792,0.2823777937030317,0,0
China,1971,741.0,,,CHN,251747274694.657,0.2943428090328903,0,0
China,1972,739.0,,,CHN,261338845861.077,0.2827746474371587,0,0
China,1973,747.0,,,CHN,281618740302.101,0.2652522339950354,0,0
China,1974,781.0,,,CHN,288124133211.379,0.27106372218637725,0,0
China,1975,714.0,,,CHN,313248557620.151,0.2279340104307216,0,0
China,1976,675.0,,,CHN,308330555260.336,0.21892089138881166,0,0
China,1977,795.0,,,CHN,331671178297.81,0.2396952319101311,0,0
China,1978,911.0,,,CHN,369239420801.258,0.24672338560793677,0,0
China,1979,957.0,,,CHN,397282422830.885,0.2408865696047608,0,0
China,1980,1078.0,,,CHN,428434994544.795,0.2516134334790642,0,0
China,1981,895.0,,,CHN,450348857948.493,0.19873482172843934,0,0
China,1982,790.0,,,CHN,490989885719.788,0.1608994447700007,0,0
China,1983,746.0,,,CHN,543878522308.357,0.13716298206330868,0,0
China,1984,641.0,,,CHN,626505281173.79,0.10231358286382732,0,0
China,1985,823.0,,,CHN,710635430095.605,0.11581184460353718,0,0
China,1986,894.0,,,CHN,774192860723.962,0.11547510256862924,0,0
China,1987,1197.0,,,CHN,864427096743.192,0.13847321590331987,0,0
China,1988,,,,CHN,961423696945.326,0.0,0,0
China,1989,,,,CHN,1001879030667.2,0.0,0,0
China,1990,,,,CHN,1041177931705.26,0.0,0,0
China,1991,,,,CHN,1138794946993.44,0.0,0,0
China,1992,,,,CHN,1301615550876.41,0.0,0,0
China,1993,,,,CHN,1482879870958.35,0.0,0,0
China,1994,,,,CHN,1676880778212.51,0.0,0,0
China,1995,0.02,,,CHN,1861596132617.78,1.0743468816663237e-06,0,0
China,1996,,,,CHN,2047258472826.1,0.0,0,0
China,1997,,,,CHN,2237604266165.63,0.0,0,0
China,1998,,,,CHN,2414901854973.07,0.0,0,0
China,1999,,,,CHN,2601845161729.03,0.0,0,0
China,2000,,,,CHN,2824916263542.96,0.0,0,0
China,2001,,,,CHN,3060063619716.51,0.0,0,0
China,2002,,,,CHN,3342692586001.97,0.0,0,0
China,2003,,,,CHN,3680766226629.83,0.0,0,0
China,2004,,,,CHN,4054011719388.36,0.0,0,0
China,2005,,,,CHN,4518338478814.27,0.0,0,0
China,2006,,,,CHN,5091050723394.27,0.0,0,0
China,2007,,,,CHN,5811473655332.24,0.0,0,0
China,2008,,,,CHN,6373372030110.07,0.0,0,0
China,2009,0.0,,,CHN,6972857785771.39,0.0,0,0
China,2010,2339.07,,,CHN,7711401293675.62,0.03033261933753013,0,0
China,2011,0.0,,,CHN,8441058131256.55,0.0,0,0
China,2012,0.0,,,CHN,9104341297809.09,0.0,0,0
China,2013,0.0,,,CHN,9812516071429.73,0.0,0,0
China,2014,0.43,0.43,,CHN,10544628617502.6,4.077905591537482e-06,0,0
China,2015,0.42,0.42,,CHN,11280814787468.9,3.7231353223399236e-06,0,0
China,2016,0.41,0.41,,CHN,12044942062503.5,3.4039184071823e-06,0,0
China,2017,0.43,0.43,,CHN,12874987827480.3,3.339808982826457e-06,0,0
China,2018,0.42,0.42,,CHN,13745054545709.3,3.0556444763699285e-06,0,0
China,2019,0.42,0.42,,CHN,14579018970009.3,2.8808522772621925e-06,0,0
China,2020,0.43,0.43,,CHN,14920095680400.9,2.8820190514250507e-06,0,0
China,2021,0.42,0.42,,CHN,16198805195731.6,2.59278381908482e-06,0,0
China,2022,0.41,0.41,,CHN,16706452162504.0,2.4541416454668034e-06,0,0
China,2023,0.41,0.41,,CHN,17611274170444.3,2.328054154582822e-06,0,0
Colombia,1960,,,,COL,30607351920.8487,0.0,0,0
Colombia,1961,,,,COL,32165026473.2768,0.0,0,0
Colombia,1962,,,,COL,33905762200.138,0.0,0,0
Colombia,1963,,,,COL,35020145447.6353,0.0,0,0
Colombia,1964,,,,COL,37179817268.7979,0.0,0,0
Colombia,1965,,,,COL,38518294925.1955,0.0,0,0
Colombia,1966,,,,COL,40535396289.0875,0.0,0,0
Colombia,1967,,,,COL,42211479864.7095,0.0,0,0
Colombia,1968,,,,COL,44715936774.1152,0.0,0,0
Colombia,1969,,,,COL,47444734555.5178,0.0,0,0
Colombia,1970,,,,COL,50390007345.5412,0.0,0,0
Colombia,1971,,,,COL,53393618595.5248,0.0,0,0
Colombia,1972,,,,COL,57488453984.9103,0.0,0,0
Colombia,1973,,,,COL,61353376858.8001,0.0,0,0
Colombia,1974,,,,COL,64878592920.4333,0.0,0,0
Colombia,1975,,,,COL,66385888256.7983,0.0,0,0
Colombia,1976,,,,COL,69524857841.2791,0.0,0,0
Colombia,1977,,,,COL,72416052846.1219,0.0,0,0
Colombia,1978,,,,COL,78549620712.7422,0.0,0,0
Colombia,1979,,,,COL,82774898275.6621,0.0,0,0
Colombia,1980,0.18,0.18,,COL,86158201122.7301,0.0002089180108851097,0,0
Colombia,1981,0.18,0.18,,COL,88119913721.7807,0.00020426710875853842,0,0
Colombia,1982,1.31,1.31,,COL,88955661300.656,0.001472643765271339,0,0
Colombia,1983,4.67,3.82,,COL,90355784303.2292,0.005168457156353962,0,0
Colombia,1984,8.78,8.1,,COL,93383320875.4912,0.009402107268927018,0,0
Colombia,1985,15.83,15.83,,COL,96284839824.1916,0.016440802133445214,0,0
Colombia,1986,2.63,2.63,,COL,101892542204.383,0.002581150634876267,0,0
Colombia,1987,8.77,5.22,,COL,107363083659.426,0.008168543321482768,0,0
Colombia,1988,437.54,432.08,,COL,111726505380.416,0.3916170102253053,0,0
Colombia,1989,338.0,336.82,,COL,115540955654.074,0.2925369606704322,0,0
Colombia,1990,439.7,379.38,,COL,120488417446.261,0.3649313430447457,0,0
Colombia,1991,273.2,206.94,,COL,122900122761.671,0.2222943263692192,0,0
Colombia,1992,180.76,56.05,,COL,127871346008.238,0.14136083308949815,0,0
Colombia,1993,550.36,75.68,,COL,134757742185.312,0.40840696131816523,0,0
Colombia,1994,189.39,94.06,,COL,142593449287.222,0.13281816306898997,0,0
Colombia,1995,179.06,93.87,,COL,150011784497.792,0.11936395570485035,0,0
Colombia,1996,10.01,9.95,,COL,153095808839.253,0.006538389310520098,0,0
Colombia,1997,8.79,8.78,,COL,158347444690.971,0.005551084210518495,0,0
Colombia,1998,9.35,9.33,,COL,159249683235.263,0.00587128326414756,0,0
Colombia,1999,8.0,7.99,,COL,152554802278.5,0.005244017153517994,0,0
Colombia,2000,7.53,7.52,,COL,157016818928.93,0.004795664599095133,0,0
Colombia,2001,6.6,6.59,,COL,159651401476.819,0.004134006929440143,0,0
Colombia,2002,0.19,0.18,,COL,163649041384.447,0.00011610211608490202,0,0
Colombia,2003,0.22,0.21,,COL,170061255792.911,0.00012936515079478244,0,0
Colombia,2004,,,,COL,179130660092.783,0.0,0,0
Colombia,2005,,,,COL,187780451739.376,0.0,0,0
Colombia,2006,,,,COL,200393418124.055,0.0,0,0
Colombia,2007,,,,COL,213896316785.023,0.0,0,0
Colombia,2008,,,,COL,220919487240.849,0.0,0,0
Colombia,2009,,,,COL,223437193184.792,0.0,0,0
Colombia,2010,,,,COL,233479933032.173,0.0,0,0
Colombia,2011,,,,COL,249701866578.277,0.0,0,0
Colombia,2012,,,,COL,259471791121.288,0.0,0,0
Colombia,2013,,,,COL,272793056063.57,0.0,0,0
Colombia,2014,,,,COL,285066097496.814,0.0,0,0
Colombia,2015,,,,COL,293492370193.166,0.0,0,0
Colombia,2016,,,,COL,299618678572.191,0.0,0,0
Colombia,2017,2796.31,,,COL,303691577641.583,0.9207729834708183,0,0
Colombia,2018,,,,COL,311479214511.795,0.0,0,0
Colombia,2019,,,,COL,321405606655.842,0.0,0,0
Colombia,2020,,,,COL,298309675728.093,0.0,0,0
Colombia,2021,,,,COL,330530695024.886,0.0,0,0
Colombia,2022,,,,COL,354752900899.02,0.0,0,0
Colombia,2023,,,,COL,357739280193.385,0.0,0,0
Comoros,1960,,,,COM,,,0,0
Comoros,1961,,,,COM,,,0,0
Comoros,1962,,,,COM,,,0,0
Comoros,1963,,,,COM,,,0,0
Comoros,1964,,,,COM,,,0,0
Comoros,1965,,,,COM,,,0,0
Comoros,1966,,,,COM,,,0,0
Comoros,1967,,,,COM,,,0,0
Comoros,1968,,,,COM,,,0,0
Comoros,1969,,,,COM,,,0,0
Comoros,1970,,,,COM,,,0,0
Comoros,1971,,,,COM,,,0,0
Comoros,1972,,,,COM,,,0,0
Comoros,1973,,,,COM,,,0,0
Comoros,1974,,,,COM,,,0,0
Comoros,1975,,,,COM,,,0,0
Comoros,1976,0.04,,,COM,,,0,0
Comoros,1977,0.39,,,COM,,,0,0
Comoros,1978,1.48,,,COM,,,0,0
Comoros,1979,2.55,,,COM,,,0,0
Comoros,1980,0.0,,,COM,395630863.284826,0.0,0,0
Comoros,1981,0.05,,,COM,417240160.059937,0.011983506092226943,0,0
Comoros,1982,0.29,0.19,,COM,434171371.496824,0.06679390191025558,0,0
Comoros,1983,0.41,0.17,,COM,447600567.201792,0.09159952646243173,0,0
Comoros,1984,1.87,0.18,,COM,466250045.145888,0.40107234722409163,0,0
Comoros,1985,2.29,0.22,,COM,479207765.284854,0.4778720559001715,0,0
Comoros,1986,7.12,0.26,0.54,COM,489132325.949205,1.4556388163842993,1,0
Comoros,1987,14.51,0.32,1.07,COM,499295243.705257,2.9060961791507705,1,0
Comoros,1988,22.33,0.28,1.61,COM,524113193.637884,4.260530028829623,1,0
Comoros,1989,55.14,,1.69,COM,519306762.17336,10.61800153905807,1,1
Comoros,1990,37.75,,1.91,COM,557417703.758555,6.772300152194552,1,1
Comoros,1991,34.07,,2.21,COM,523041896.379579,6.513818536493472,1,1
Comoros,1992,30.0,,2.43,COM,561527399.108876,5.342571003233134,1,1
Comoros,1993,26.0,,2.76,COM,575831443.919649,4.5152101842545465,1,0
Comoros,1994,28.0,,0.95,COM,552875822.472732,5.064428369243976,1,1
Comoros,1995,36.0,,1.2,COM,584042976.694191,6.163929956621986,1,1
Comoros,1996,43.0,,1.21,COM,581062203.393576,7.400240412965638,1,1
Comoros,1997,45.0,,1.21,COM,606689519.714507,7.417303008823341,1,1
Comoros,1998,51.0,,1.21,COM,606841439.619108,8.404172271427415,1,1
Comoros,1999,57.0,,1.21,COM,623212118.994192,9.146163603492315,1,1
Comoros,2000,56.0,,1.21,COM,616936255.34896,9.077112832074443,1,1
Comoros,2001,81.0,,5.0,COM,650371730.904631,12.454415859578258,1,1
Comoros,2002,89.15,,1.21,COM,680273759.023984,13.105018210302141,1,1
Comoros,2003,92.3,,1.21,COM,693433165.932851,13.310583418061942,1,1
Comoros,2004,107.31,,1.21,COM,714932451.742561,15.009809631447688,1,1
Comoros,2005,103.08,,3.0,COM,755434822.170869,13.645121587562285,1,1
Comoros,2006,108.77,,1.28,COM,742181120.148801,14.655452294204485,1,1
Comoros,2007,111.18,,1.37,COM,748145286.058732,14.860749920072609,1,1
Comoros,2008,28.17,,,COM,777806337.777683,3.6217241531466806,1,0
Comoros,2009,38.91,,,COM,803013024.650108,4.845500484497623,1,0
Comoros,2010,64.51,,,COM,833348983.587867,7.741054620629795,1,1
Comoros,2011,23.33,,,COM,867878854.454375,2.688163201610355,1,0
Comoros,2012,51.43,,,COM,895376813.862954,5.74395039091015,1,1
Comoros,2013,156.84,,,COM,935366556.625267,16.767757932875753,1,1
Comoros,2014,5.26,,,COM,955071527.308299,0.5507440908456757,0,0
Comoros,2015,6.18,,,COM,966029600.862227,0.6397319496715275,0,0
Comoros,2016,7.34,,,COM,998106097.463253,0.7353927622178698,0,0
Comoros,2017,8.16,,1.43,COM,1036191459.38232,0.787499252779426,0,0
Comoros,2018,9.42,,,COM,1073934227.0832,0.8771486895975625,0,0
Comoros,2019,10.89,,,COM,1092843848.69752,0.9964827100394066,0,0
Comoros,2020,14.45,,,COM,1090706717.7799,1.3248291006598483,1,0
Comoros,2021,15.4,,2.5,COM,1112983883.13101,1.3836678350343423,1,0
Comoros,2022,11.56,,,COM,1140294412.38083,1.013773274207648,1,0
Comoros,2023,13.0,,,COM,1176631184.41719,1.1048491806240177,1,0
Cook Islands,1960,,,,COK,,,0,0
Cook Islands,1961,,,,COK,,,0,0
Cook Islands,1962,,,,COK,,,0,0
Cook Islands,1963,,,,COK,,,0,0
Cook Islands,1964,,,,COK,,,0,0
Cook Islands,1965,,,,COK,,,0,0
Cook Islands,1966,,,,COK,,,0,0
Cook Islands,1967,,,,COK,,,0,0
Cook Islands,1968,,,,COK,,,0,0
Cook Islands,1969,,,,COK,,,0,0
Cook Islands,1970,,,,COK,,,0,0
Cook Islands,1971,,,,COK,,,0,0
Cook Islands,1972,,,,COK,,,0,0
Cook Islands,1973,,,,COK,,,0,0
Cook Islands,1974,,,,COK,,,0,0
Cook Islands,1975,,,,COK,,,0,0
Cook Islands,1976,,,,COK,,,0,0
Cook Islands,1977,,,,COK,,,0,0
Cook Islands,1978,,,,COK,,,0,0
Cook Islands,1979,,,,COK,,,0,0
Cook Islands,1980,,,,COK,,,0,0
Cook Islands,1981,,,,COK,,,0,0
Cook Islands,1982,,,,COK,,,0,0
Cook Islands,1983,,,,COK,,,0,0
Cook Islands,1984,,,,COK,,,0,0
Cook Islands,1985,,,,COK,,,0,0
Cook Islands,1986,,,,COK,,,0,0
Cook Islands,1987,,,,COK,,,0,0
Cook Islands,1988,,,,COK,,,0,0
Cook Islands,1989,,,,COK,,,0,0
Cook Islands,1990,,,,COK,,,0,0
Cook Islands,1991,,,,COK,,,0,0
Cook Islands,1992,,,,COK,,,0,0
Cook Islands,1993,,,,COK,,,0,0
Cook Islands,1994,,,,COK,,,0,0
Cook Islands,1995,46.36,,,COK,,,0,0
Cook Islands,1996,49.2,,,COK,,,0,0
Cook Islands,1997,52.0,,,COK,,,0,0
Cook Islands,1998,54.96,,,COK,,,0,0
Cook Islands,1999,,,,COK,,,0,0
Cook Islands,2000,,,,COK,,,0,0
Cook Islands,2001,,,,COK,,,0,0
Cook Islands,2002,,,,COK,,,0,0
Cook Islands,2003,,,,COK,,,0,0
Cook Islands,2004,,,,COK,,,0,0
Cook Islands,2005,,,,COK,,,0,0
Cook Islands,2006,,,,COK,,,0,0
Cook Islands,2007,,,,COK,,,0,0
Cook Islands,2008,,,,COK,,,0,0
Cook Islands,2009,,,,COK,,,0,0
Cook Islands,2010,,,,COK,,,0,0
Cook Islands,2011,,,,COK,,,0,0
Cook Islands,2012,,,,COK,,,0,0
Cook Islands,2013,,,,COK,,,0,0
Cook Islands,2014,,,,COK,,,0,0
Cook Islands,2015,,,,COK,,,0,0
Cook Islands,2016,,,,COK,,,0,0
Cook Islands,2017,,,,COK,,,0,0
Cook Islands,2018,,,,COK,,,0,0
Cook Islands,2019,,,,COK,,,0,0
Cook Islands,2020,,,,COK,,,0,0
Cook Islands,2021,,,,COK,,,0,0
Cook Islands,2022,,,,COK,,,0,0
Cook Islands,2023,,,,COK,,,0,0
Costa Rica,1960,,,,CRI,4800628937.88594,0.0,0,0
Costa Rica,1961,,,,CRI,4890846032.07366,0.0,0,0
Costa Rica,1962,3.0,,,CRI,5157025014.70159,0.058173074426585744,0,0
Costa Rica,1963,,,,CRI,5512804222.35111,0.0,0,0
Costa Rica,1964,,,,CRI,5714520392.31089,0.0,0,0
Costa Rica,1965,3.0,,,CRI,6182569761.92205,0.048523512318077805,0,0
Costa Rica,1966,,,,CRI,6613452772.94252,0.0,0,0
Costa Rica,1967,,,,CRI,6987121182.2989,0.0,0,0
Costa Rica,1968,,,,CRI,7579161225.16842,0.0,0,0
Costa Rica,1969,,,,CRI,7995393596.97863,0.0,0,0
Costa Rica,1970,,,,CRI,8595298719.83958,0.0,0,0
Costa Rica,1971,0.01,0.0,,CRI,9177931509.98109,0.00010895701268989535,0,0
Costa Rica,1972,,,,CRI,9928506891.19044,0.0,0,0
Costa Rica,1973,0.21,0.21,,CRI,10693887128.8122,0.0019637386992256882,0,0
Costa Rica,1974,,,,CRI,11286852475.2522,0.0,0,0
Costa Rica,1975,,,,CRI,11523884396.4831,0.0,0,0
Costa Rica,1976,,,,CRI,12159722139.7812,0.0,0,0
Costa Rica,1977,0.62,,,CRI,13242481488.6657,0.004681901957202362,0,0
Costa Rica,1978,0.91,0.01,,CRI,14072478756.1578,0.006466522463939087,0,0
Costa Rica,1979,0.02,0.01,,CRI,14767535925.4632,0.00013543220819605136,0,0
Costa Rica,1980,2.42,1.66,,CRI,14878572349.2713,0.016265001393890612,0,0
Costa Rica,1981,285.89,,,CRI,14542070298.3269,1.9659511619393857,1,0
Costa Rica,1982,923.16,,,CRI,13482597755.0123,6.847048445517892,1,1
Costa Rica,1983,713.0,,,CRI,13868603544.8315,5.1411088196094425,1,1
Costa Rica,1984,308.85,,,CRI,14981435258.5049,2.0615514780178827,1,0
Costa Rica,1985,645.0,,,CRI,15089541554.3995,4.27448373878492,1,0
Costa Rica,1986,1786.78,,,CRI,15924936425.9334,11.220013394152515,1,1
Costa Rica,1987,2236.14,,,CRI,16683685321.7173,13.403153780952682,1,1
Costa Rica,1988,2527.82,,,CRI,17256293990.3221,14.648684134714468,1,1
Costa Rica,1989,1752.0,,,CRI,18234031388.4278,9.60840728349247,1,1
Costa Rica,1990,1882.52,,,CRI,18881898077.7844,9.969972257264164,1,1
Costa Rica,1991,260.23,34.51,10.0,CRI,19309696738.6852,1.3476648728441871,1,0
Costa Rica,1992,60.13,23.04,10.0,CRI,21086401937.1339,0.28516007699781604,0,0
Costa Rica,1993,93.63,11.95,10.0,CRI,22582944135.6992,0.41460493121439096,0,0
Costa Rica,1994,109.89,6.26,10.0,CRI,23603473799.3807,0.4655670641280067,0,0
Costa Rica,1995,61.41,5.77,10.0,CRI,24583951077.2047,0.24979711278770808,0,0
Costa Rica,1996,6.6,4.48,,CRI,24915947383.1164,0.026489058989072622,0,0
Costa Rica,1997,5.0,3.45,,CRI,26280386016.0398,0.019025595731159858,0,0
Costa Rica,1998,3.44,3.44,,CRI,28143280979.3168,0.012223166170739446,0,0
Costa Rica,1999,3.12,3.12,,CRI,29310608116.4489,0.010644610263985206,0,0
Costa Rica,2000,3.12,3.12,,CRI,30425018571.9334,0.01025471847329668,0,0
Costa Rica,2001,3.1,3.1,,CRI,31487207733.9328,0.009845268040897843,0,0
Costa Rica,2002,0.22,0.17,,CRI,32563086628.1028,0.000675611628936104,0,0
Costa Rica,2003,0.33,0.17,,CRI,33968893691.7087,0.0009714770312950994,0,0
Costa Rica,2004,0.17,0.17,,CRI,35471881289.5277,0.0004792528442808833,0,0
Costa Rica,2005,,,,CRI,36882479643.8292,0.0,0,0
Costa Rica,2006,2.02,,,CRI,39584746486.398,0.0051029757148858,0,0
Costa Rica,2007,0.1,,,CRI,42836685698.5686,0.00023344476438647894,0,0
Costa Rica,2008,0.31,,,CRI,44866362879.2074,0.0006909407852707057,0,0
Costa Rica,2009,0.31,,,CRI,44474474900.3019,0.0006970290277623843,0,0
Costa Rica,2010,0.34,,,CRI,46858459514.6492,0.000725589367473139,0,0
Costa Rica,2011,0.34,,,CRI,48921712094.3507,0.0006949879418452772,0,0
Costa Rica,2012,0.34,,,CRI,51310359954.2877,0.0006626342132522659,0,0
Costa Rica,2013,0.34,,,CRI,52590433349.5778,0.0006465054161846521,0,0
Costa Rica,2014,0.32,,,CRI,54453244336.2209,0.0005876601181449609,0,0
Costa Rica,2015,,,,CRI,56441920888.425,0.0,0,0
Costa Rica,2016,,,,CRI,58814921667.238,0.0,0,0
Costa Rica,2017,,,,CRI,61260269163.5698,0.0,0,0
Costa Rica,2018,,,,CRI,63007938631.9211,0.0,0,0
Costa Rica,2019,,,,CRI,64714281272.693,0.0,0,0
Costa Rica,2020,,,,CRI,62034078866.9288,0.0,0,0
Costa Rica,2021,,,,CRI,67132150844.0064,0.0,0,0
Costa Rica,2022,,,,CRI,70798368208.7751,0.0,0,0
Costa Rica,2023,,,,CRI,74190939160.446,0.0,0,0
C“te d?Ivoire,1960,,,,CIV,5492745889.81492,0.0,0,0
C“te d?Ivoire,1961,,,,CIV,6038315904.9062,0.0,0,0
C“te d?Ivoire,1962,,,,CIV,6112405708.35254,0.0,0,0
C“te d?Ivoire,1963,,,,CIV,6998115047.44617,0.0,0,0
C“te d?Ivoire,1964,,,,CIV,8230699197.19349,0.0,0,0
C“te d?Ivoire,1965,,,,CIV,7974752907.88309,0.0,0,0
C“te d?Ivoire,1966,,,,CIV,8898018736.25985,0.0,0,0
C“te d?Ivoire,1967,,,,CIV,9307163143.6156,0.0,0,0
C“te d?Ivoire,1968,,,,CIV,10475049116.1628,0.0,0,0
C“te d?Ivoire,1969,,,,CIV,11474286967.6777,0.0,0,0
C“te d?Ivoire,1970,,,,CIV,12664747894.4167,0.0,0,0
C“te d?Ivoire,1971,,,,CIV,13862407213.5663,0.0,0,0
C“te d?Ivoire,1972,,,,CIV,14449705424.8071,0.0,0,0
C“te d?Ivoire,1973,,,,CIV,15307901973.3808,0.0,0,0
C“te d?Ivoire,1974,0.12,,,CIV,15970333193.0689,0.0007513932148396241,0,0
C“te d?Ivoire,1975,0.18,,,CIV,17288346643.98,0.0010411637602296578,0,0
C“te d?Ivoire,1976,0.16,,,CIV,19521378206.8974,0.0008196142623960225,0,0
C“te d?Ivoire,1977,,,,CIV,20949261442.0495,0.0,0,0
C“te d?Ivoire,1978,0.04,,,CIV,23234711409.5838,0.00017215621616673444,0,0
C“te d?Ivoire,1979,0.09,,,CIV,23791045073.3334,0.00037829359627786186,0,0
C“te d?Ivoire,1980,0.51,,,CIV,21184094378.322,0.002407466615716604,0,0
C“te d?Ivoire,1981,8.18,7.34,,CIV,21925643370.8117,0.03730791321220497,0,0
C“te d?Ivoire,1982,4.11,2.59,,CIV,21969674962.3516,0.018707604946559812,0,0
C“te d?Ivoire,1983,162.07,139.68,,CIV,21112804814.63,0.7676384138581838,0,0
C“te d?Ivoire,1984,906.58,181.58,,CIV,20542492760.3513,4.413193717900556,1,0
C“te d?Ivoire,1985,436.0,221.0,,CIV,21467156206.3713,2.0310095841693196,1,0
C“te d?Ivoire,1986,1071.0,,,CIV,22166845697.292,4.831539925100115,1,0
C“te d?Ivoire,1987,4448.64,,,CIV,22089489409.9338,20.1391707949547,1,1
C“te d?Ivoire,1988,4282.26,,,CIV,22340532915.1657,19.16811929357791,1,1
C“te d?Ivoire,1989,5511.6,,,CIV,22999132929.8765,23.964381686929954,1,1
C“te d?Ivoire,1990,5861.46,,,CIV,22747083497.3228,25.767962739882062,1,1
C“te d?Ivoire,1991,6233.65,,,CIV,22756392780.3066,27.392961881878776,1,1
C“te d?Ivoire,1992,6662.45,,,CIV,22700739607.1517,29.349043754949044,1,1
C“te d?Ivoire,1993,7779.66,,,CIV,22657044066.1342,34.33660621081797,1,1
C“te d?Ivoire,1994,8965.75,,,CIV,22840839521.0746,39.25315438483579,1,1
C“te d?Ivoire,1995,7457.53,,,CIV,24468419439.1566,30.47818441458372,1,1
C“te d?Ivoire,1996,7469.43,,,CIV,26359663691.9048,28.33659066103299,1,1
C“te d?Ivoire,1997,9098.92,,0.64,CIV,28903065478.586,31.480813018748137,1,1
C“te d?Ivoire,1998,7619.94,,1.27,CIV,30135465005.6332,25.285622765653727,1,1
C“te d?Ivoire,1999,188.29,51.67,1.27,CIV,30487103687.1804,0.617605404344049,0,0
C“te d?Ivoire,2000,3125.52,52.75,1.53,CIV,30406072178.2268,10.279262581761957,1,1
C“te d?Ivoire,2001,3859.15,250.74,1.82,CIV,29751121585.5543,12.971443745078224,1,1
C“te d?Ivoire,2002,4747.2,319.65,2.55,CIV,28938759334.2241,16.404296898747063,1,1
C“te d?Ivoire,2003,3717.89,397.14,3.26,CIV,27571152176.3563,13.484710309597741,1,1
C“te d?Ivoire,2004,4620.29,388.31,,CIV,28449303912.4541,16.24043250484382,1,1
C“te d?Ivoire,2005,5193.49,441.49,,CIV,28732677632.1669,18.075203663531056,1,1
C“te d?Ivoire,2006,6126.61,557.41,0.23,CIV,29541668752.6369,20.738875827565213,1,1
C“te d?Ivoire,2007,7274.57,668.76,26.39,CIV,29867049486.2231,24.35650700399975,1,1
C“te d?Ivoire,2008,6895.13,789.96,1.77,CIV,31295490700.8623,22.03234346413368,1,1
C“te d?Ivoire,2009,8296.47,293.47,,CIV,32423167866.6818,25.588091928936684,1,1
C“te d?Ivoire,2010,3991.73,,,CIV,34643522418.9356,11.522298315191481,1,1
C“te d?Ivoire,2011,4682.54,2.84,25.7,CIV,32783010325.3471,14.283435088874565,1,1
C“te d?Ivoire,2012,8924.73,0.38,6.68,CIV,35281210700.9425,25.295985661176836,1,1
C“te d?Ivoire,2013,927.07,,17.53,CIV,39077544167.6054,2.3723855215254925,1,0
C“te d?Ivoire,2014,490.26,,24.51,CIV,42739891584.4862,1.1470782489723381,1,0
C“te d?Ivoire,2015,684.76,,30.04,CIV,45815005169.2651,1.4946194974116687,1,0
C“te d?Ivoire,2016,223.97,,17.99,CIV,49101205368.91,0.45613951494114185,0,0
C“te d?Ivoire,2017,24.73,,24.73,CIV,52739979047.0655,0.04689042439309805,0,0
C“te d?Ivoire,2018,46.99,,23.49,CIV,55294253263.7438,0.08498170646389964,0,0
C“te d?Ivoire,2019,36.66,,36.3,CIV,59010785540.9857,0.06212423655085551,0,0
C“te d?Ivoire,2020,133.61,,1.22,CIV,59423700880.6615,0.22484294653462294,0,0
C“te d?Ivoire,2021,13.11,,1.57,CIV,63620521822.0335,0.020606558425711706,0,0
C“te d?Ivoire,2022,5.83,,1.43,CIV,67692161181.7305,0.00861251864059773,0,0
C“te d?Ivoire,2023,10.0,,,CIV,72159844125.7554,0.013858123061591792,0,0
Croatia,1960,,,,HRV,,,0,0
Croatia,1961,,,,HRV,,,0,0
Croatia,1962,,,,HRV,,,0,0
Croatia,1963,,,,HRV,,,0,0
Croatia,1964,,,,HRV,,,0,0
Croatia,1965,,,,HRV,,,0,0
Croatia,1966,,,,HRV,,,0,0
Croatia,1967,,,,HRV,,,0,0
Croatia,1968,,,,HRV,,,0,0
Croatia,1969,,,,HRV,,,0,0
Croatia,1970,,,,HRV,,,0,0
Croatia,1971,,,,HRV,,,0,0
Croatia,1972,,,,HRV,,,0,0
Croatia,1973,,,,HRV,,,0,0
Croatia,1974,,,,HRV,,,0,0
Croatia,1975,,,,HRV,,,0,0
Croatia,1976,,,,HRV,,,0,0
Croatia,1977,,,,HRV,,,0,0
Croatia,1978,,,,HRV,,,0,0
Croatia,1979,,,,HRV,,,0,0
Croatia,1980,,,,HRV,,,0,0
Croatia,1981,,,,HRV,,,0,0
Croatia,1982,,,,HRV,,,0,0
Croatia,1983,,,,HRV,,,0,0
Croatia,1984,,,,HRV,,,0,0
Croatia,1985,,,,HRV,,,0,0
Croatia,1986,,,,HRV,,,0,0
Croatia,1987,,,,HRV,,,0,0
Croatia,1988,,,,HRV,,,0,0
Croatia,1989,,,,HRV,,,0,0
Croatia,1990,,,,HRV,46602093838.7601,0.0,0,0
Croatia,1991,,,,HRV,36774331748.9042,0.0,0,0
Croatia,1992,1105.7,,,HRV,32466847437.9486,3.4056278550396364,1,0
Croatia,1993,1268.0,,,HRV,29861194011.6617,4.246313792759953,1,0
Croatia,1994,2135.0,,,HRV,31614187835.8976,6.753297004124612,1,1
Croatia,1995,2620.0,,,HRV,33748057522.7818,7.763409785085722,1,1
Croatia,1996,2110.0,,,HRV,35810546859.12,5.892118900894803,1,1
Croatia,1997,,,,HRV,38018382838.5152,0.0,0,0
Croatia,1998,,,,HRV,38875109178.2249,0.0,0,0
Croatia,1999,,,,HRV,38544496743.6655,0.0,0,0
Croatia,2000,,,,HRV,39680657122.492,0.0,0,0
Croatia,2001,,,,HRV,40915080020.5683,0.0,0,0
Croatia,2002,,,,HRV,43288734001.1977,0.0,0,0
Croatia,2003,,,,HRV,45699236426.5457,0.0,0,0
Croatia,2004,,,,HRV,47605119872.8294,0.0,0,0
Croatia,2005,,,,HRV,49665562073.3499,0.0,0,0
Croatia,2006,,,,HRV,52183539129.1275,0.0,0,0
Croatia,2007,,,,HRV,54818202926.5143,0.0,0,0
Croatia,2008,,,,HRV,55899090638.2627,0.0,0,0
Croatia,2009,,,,HRV,52091418017.3307,0.0,0,0
Croatia,2010,,,,HRV,51395391839.3109,0.0,0,0
Croatia,2011,,,,HRV,51338072036.4152,0.0,0,0
Croatia,2012,,,,HRV,50189628842.6824,0.0,0,0
Croatia,2013,,,,HRV,50123096928.607,0.0,0,0
Croatia,2014,,,,HRV,49842639321.5814,0.0,0,0
Croatia,2015,,,,HRV,50999271058.5849,0.0,0,0
Croatia,2016,,,,HRV,52766972837.1735,0.0,0,0
Croatia,2017,,,,HRV,54499873306.8611,0.0,0,0
Croatia,2018,,,,HRV,56086403565.5828,0.0,0,0
Croatia,2019,,,,HRV,57826469010.6323,0.0,0,0
Croatia,2020,,,,HRV,53020817678.569,0.0,0,0
Croatia,2021,,,,HRV,59718022506.1921,0.0,0,0
Croatia,2022,,,,HRV,64074327526.2691,0.0,0,0
Croatia,2023,,,,HRV,66484829951.6172,0.0,0,0
Cuba,1960,69.0,,,CUB,,,0,0
Cuba,1961,288.0,,,CUB,,,0,0
Cuba,1962,25.0,,,CUB,,,0,0
Cuba,1963,25.0,,,CUB,,,0,0
Cuba,1964,25.0,,,CUB,,,0,0
Cuba,1965,,,,CUB,,,0,0
Cuba,1966,,,,CUB,,,0,0
Cuba,1967,,,,CUB,,,0,0
Cuba,1968,,,,CUB,,,0,0
Cuba,1969,,,,CUB,,,0,0
Cuba,1970,,,,CUB,23120654813.2269,0.0,0,0
Cuba,1971,,,,CUB,25105299224.9614,0.0,0,0
Cuba,1972,,,,CUB,26317053148.5303,0.0,0,0
Cuba,1973,,,,CUB,27220909321.8834,0.0,0,0
Cuba,1974,,,,CUB,27488896946.333,0.0,0,0
Cuba,1975,,,,CUB,30093861942.6797,0.0,0,0
Cuba,1976,,,,CUB,31727344869.416,0.0,0,0
Cuba,1977,,,,CUB,34490638878.7051,0.0,0,0
Cuba,1978,,,,CUB,36765640923.6433,0.0,0,0
Cuba,1979,,,,CUB,37165718488.949,0.0,0,0
Cuba,1980,,,,CUB,35363388173.5407,0.0,0,0
Cuba,1981,,,,CUB,42325850268.8874,0.0,0,0
Cuba,1982,800.0,,,CUB,46100569046.7715,1.73533649701451,1,0
Cuba,1983,917.27,,,CUB,48595287844.2588,1.887569846154063,1,0
Cuba,1984,678.81,,,CUB,52448756410.0218,1.2942346901294584,1,0
Cuba,1985,807.59,,,CUB,53286192380.6288,1.5155708522600018,1,0
Cuba,1986,9420.37,,,CUB,53336975926.0497,17.66198746074598,1,1
Cuba,1987,9774.72,,,CUB,52055729737.8622,18.77741422360747,1,1
Cuba,1988,9895.55,,,CUB,53984675578.2487,18.330294465985595,1,1
Cuba,1989,10915.23,,,CUB,54351816305.329,20.082548738909026,1,1
Cuba,1990,10365.87,,,CUB,52749217702.7609,19.65122982185468,1,1
Cuba,1991,10543.57,,,CUB,47108903626.7075,22.38126805825836,1,1
Cuba,1992,10783.47,,,CUB,41653408481.7606,25.888565649367973,1,1
Cuba,1993,11063.37,,,CUB,35456139102.318,31.202974379341587,1,1
Cuba,1994,11531.28,,,CUB,35710334910.446,32.29115612866141,1,1
Cuba,1995,13225.63,,,CUB,36587809678.5467,36.1476407475544,1,1
Cuba,1996,11840.51,,,CUB,39455836484.9562,30.009527245771544,1,1
Cuba,1997,11748.24,,,CUB,40554060118.1077,28.969331223026725,1,1
Cuba,1998,11859.07,,,CUB,40618600303.8439,29.19615622224611,1,1
Cuba,1999,12134.34,,,CUB,43132386084.3646,28.13278165568186,1,1
Cuba,2000,12293.38,,,CUB,45683563278.5995,26.90985360539694,1,1
Cuba,2001,12182.65,,,CUB,47138598430.4616,25.84431952929556,1,1
Cuba,2002,12599.47,,,CUB,47810239203.2308,26.35307877553682,1,1
Cuba,2003,14220.45,,,CUB,49623557376.225,28.656651703114537,1,1
Cuba,2004,16723.49,,50.0,CUB,52487103646.4154,31.862093425195376,1,1
Cuba,2005,14550.76,,,CUB,58366528662.6983,24.929973279872826,1,1
Cuba,2006,14822.37,,,CUB,65408954114.9466,22.6610717149702,1,1
Cuba,2007,15233.99,,,CUB,70159041951.1157,21.71350915911095,1,1
Cuba,2008,16168.09,,7.2,CUB,73047369063.91,22.133706124110162,1,1
Cuba,2009,16370.87,,,CUB,74107509498.1477,22.09070323758375,1,1
Cuba,2010,23102.68,,2800.0,CUB,75878940053.321,30.446761622876494,1,1
Cuba,2011,23174.54,,6000.0,CUB,78005296225.1446,29.708931471924604,1,1
Cuba,2012,19177.79,,,CUB,80357078126.4622,23.865713446946007,1,1
Cuba,2013,14788.59,,,CUB,82564971264.2729,17.911457817462168,1,1
Cuba,2014,49247.21,,,CUB,83429902609.353,59.02824821765894,1,1
Cuba,2015,14003.66,,,CUB,87132800000.0,16.0716285945132,1,1
Cuba,2016,19551.09,,6000.0,CUB,87579654548.8907,22.323780677949294,1,1
Cuba,2017,8903.99,,,CUB,89164663941.1994,9.986007468016513,1,1
Cuba,2018,8483.55,,,CUB,91169039692.7712,9.305297092728576,1,1
Cuba,2019,8109.01,,,CUB,91020354637.1475,8.909007257032291,1,1
Cuba,2020,8209.7,,,CUB,81054139247.4509,10.128662245041594,1,1
Cuba,2021,10527.23,,,CUB,82070953176.2327,12.826986397239295,1,1
Cuba,2022,13404.39,,3000.0,CUB,83527427215.7299,16.047890431702033,1,1
Cuba,2023,12550.02,,2000.0,CUB,81915873064.4531,15.320620449379065,1,1
Cyprus,1960,,,,CYP,,,0,0
Cyprus,1961,,,,CYP,,,0,0
Cyprus,1962,,,,CYP,,,0,0
Cyprus,1963,,,,CYP,,,0,0
Cyprus,1964,,,,CYP,,,0,0
Cyprus,1965,,,,CYP,,,0,0
Cyprus,1966,,,,CYP,,,0,0
Cyprus,1967,,,,CYP,,,0,0
Cyprus,1968,,,,CYP,,,0,0
Cyprus,1969,,,,CYP,,,0,0
Cyprus,1970,,,,CYP,,,0,0
Cyprus,1971,,,,CYP,,,0,0
Cyprus,1972,,,,CYP,,,0,0
Cyprus,1973,,,,CYP,,,0,0
Cyprus,1974,,,,CYP,,,0,0
Cyprus,1975,,,,CYP,3097708001.60916,0.0,0,0
Cyprus,1976,,,,CYP,3725498555.88337,0.0,0,0
Cyprus,1977,,,,CYP,4335064665.05968,0.0,0,0
Cyprus,1978,,,,CYP,4672220129.67056,0.0,0,0
Cyprus,1979,,,,CYP,5135030135.97273,0.0,0,0
Cyprus,1980,,,,CYP,5430460985.10836,0.0,0,0
Cyprus,1981,,,,CYP,5567145604.34272,0.0,0,0
Cyprus,1982,,,,CYP,5902382911.50115,0.0,0,0
Cyprus,1983,,,,CYP,6231864649.89071,0.0,0,0
Cyprus,1984,,,,CYP,6777644774.22432,0.0,0,0
Cyprus,1985,,,,CYP,7108566043.08215,0.0,0,0
Cyprus,1986,,,,CYP,7371863795.68712,0.0,0,0
Cyprus,1987,,,,CYP,7892704462.69855,0.0,0,0
Cyprus,1988,,,,CYP,8575169083.9488,0.0,0,0
Cyprus,1989,,,,CYP,9256674260.63165,0.0,0,0
Cyprus,1990,,,,CYP,9942038377.66027,0.0,0,0
Cyprus,1991,,,,CYP,10015559894.0581,0.0,0,0
Cyprus,1992,,,,CYP,10957022354.5007,0.0,0,0
Cyprus,1993,,,,CYP,11033721594.8106,0.0,0,0
Cyprus,1994,,,,CYP,11684711090.0388,0.0,0,0
Cyprus,1995,,,,CYP,12661841415.9856,0.0,0,0
Cyprus,1996,,,,CYP,12819929757.5972,0.0,0,0
Cyprus,1997,,,,CYP,13158495213.6066,0.0,0,0
Cyprus,1998,,,,CYP,13962595454.0219,0.0,0,0
Cyprus,1999,,,,CYP,14660439649.0362,0.0,0,0
Cyprus,2000,,,,CYP,15534979508.5343,0.0,0,0
Cyprus,2001,,,,CYP,16149009295.7114,0.0,0,0
Cyprus,2002,,,,CYP,16750232860.2126,0.0,0,0
Cyprus,2003,,,,CYP,17189641655.7119,0.0,0,0
Cyprus,2004,,,,CYP,18053639846.9903,0.0,0,0
Cyprus,2005,,,,CYP,18929780754.0412,0.0,0,0
Cyprus,2006,,,,CYP,19822089652.0795,0.0,0,0
Cyprus,2007,,,,CYP,20832664609.9104,0.0,0,0
Cyprus,2008,,,,CYP,21592429642.6892,0.0,0,0
Cyprus,2009,,,,CYP,21157324471.6427,0.0,0,0
Cyprus,2010,,,,CYP,21640276581.9862,0.0,0,0
Cyprus,2011,,,,CYP,21730454182.8598,0.0,0,0
Cyprus,2012,,,,CYP,20981322522.5069,0.0,0,0
Cyprus,2013,1698.24,,,CYP,19599182619.7879,8.664851146830012,1,1
Cyprus,2014,,,,CYP,19251089636.192,0.0,0,0
Cyprus,2015,,,,CYP,19909269064.8473,0.0,0,0
Cyprus,2016,,,,CYP,21218022946.2823,0.0,0,0
Cyprus,2017,,,,CYP,22438235877.2059,0.0,0,0
Cyprus,2018,,,,CYP,23845486549.3253,0.0,0,0
Cyprus,2019,,,,CYP,25246550963.5826,0.0,0,0
Cyprus,2020,,,,CYP,24433452922.2307,0.0,0,0
Cyprus,2021,,,,CYP,27218270154.3629,0.0,0,0
Cyprus,2022,,,,CYP,29596751443.2394,0.0,0,0
Cyprus,2023,,,,CYP,30668288120.7253,0.0,0,0
Czechoslovakia,1960,3.75,,,CZE,,,0,0
Czechoslovakia,1961,3.92,,,CZE,,,0,0
Czechoslovakia,1962,4.09,,,CZE,,,0,0
Czechoslovakia,1963,4.26,,,CZE,,,0,0
Czechoslovakia,1964,4.43,,,CZE,,,0,0
Czechoslovakia,1965,4.6,,,CZE,,,0,0
Czechoslovakia,1966,4.77,,,CZE,,,0,0
Czechoslovakia,1967,4.94,,,CZE,,,0,0
Czechoslovakia,1968,5.11,,,CZE,,,0,0
Czechoslovakia,1969,5.29,,,CZE,,,0,0
Czechoslovakia,1970,5.46,,,CZE,,,0,0
Czechoslovakia,1971,5.63,,,CZE,,,0,0
Czechoslovakia,1972,5.8,,,CZE,,,0,0
Czechoslovakia,1973,5.97,,,CZE,,,0,0
Czechoslovakia,1974,6.14,,,CZE,,,0,0
Czechoslovakia,1975,6.31,,,CZE,,,0,0
Czechoslovakia,1976,6.48,,,CZE,,,0,0
Czechoslovakia,1977,6.65,,,CZE,,,0,0
Czechoslovakia,1978,6.82,,,CZE,,,0,0
Czechoslovakia,1979,6.99,,,CZE,,,0,0
Czechoslovakia,1980,7.16,,,CZE,,,0,0
Czechoslovakia,1981,7.33,,,CZE,,,0,0
Czechoslovakia,1982,7.5,,,CZE,,,0,0
Czechoslovakia,1983,7.67,,,CZE,,,0,0
Czechoslovakia,1984,7.84,,,CZE,,,0,0
Czechoslovakia,1985,8.01,,,CZE,,,0,0
Czechoslovakia,1986,8.18,,,CZE,,,0,0
Czechoslovakia,1987,,,,CZE,,,0,0
Czechoslovakia,1988,,,,CZE,,,0,0
Czechoslovakia,1989,,,,CZE,,,0,0
Czechoslovakia,1990,,,,CZE,122972963913.465,0.0,0,0
Czechoslovakia,1991,,,,CZE,108689725030.78,0.0,0,0
Czechoslovakia,1992,,,,CZE,108139165550.882,0.0,0,0
Czechoslovakia,1993,,,,CZE,108206108282.012,0.0,0,0
Czechoslovakia,1994,,,,CZE,111354158852.668,0.0,0,0
Czechoslovakia,1995,,,,CZE,118281953160.126,0.0,0,0
Czechoslovakia,1996,,,,CZE,123212636052.806,0.0,0,0
Czechoslovakia,1997,,,,CZE,122478487836.036,0.0,0,0
Czechoslovakia,1998,,,,CZE,121996963423.806,0.0,0,0
Czechoslovakia,1999,,,,CZE,123678521512.351,0.0,0,0
Czechoslovakia,2000,,,,CZE,128638858401.092,0.0,0,0
Czechoslovakia,2001,,,,CZE,132391536300.246,0.0,0,0
Czechoslovakia,2002,,,,CZE,134395228572.192,0.0,0,0
Czechoslovakia,2003,,,,CZE,138831395778.178,0.0,0,0
Czechoslovakia,2004,,,,CZE,145406922288.089,0.0,0,0
Czechoslovakia,2005,,,,CZE,154676655549.654,0.0,0,0
Czechoslovakia,2006,,,,CZE,164921158024.599,0.0,0,0
Czechoslovakia,2007,,,,CZE,173973393346.007,0.0,0,0
Czechoslovakia,2008,,,,CZE,178518044754.249,0.0,0,0
Czechoslovakia,2009,,,,CZE,169952170270.619,0.0,0,0
Czechoslovakia,2010,,,,CZE,174565802522.079,0.0,0,0
Czechoslovakia,2011,,,,CZE,177659773382.538,0.0,0,0
Czechoslovakia,2012,,,,CZE,176290606021.546,0.0,0,0
Czechoslovakia,2013,,,,CZE,176216894659.909,0.0,0,0
Czechoslovakia,2014,,,,CZE,180173337874.854,0.0,0,0
Czechoslovakia,2015,,,,CZE,189107698561.919,0.0,0,0
Czechoslovakia,2016,,,,CZE,193988322685.058,0.0,0,0
Czechoslovakia,2017,,,,CZE,204024435232.921,0.0,0,0
Czechoslovakia,2018,,,,CZE,209798950825.42,0.0,0,0
Czechoslovakia,2019,,,,CZE,217279912681.73,0.0,0,0
Czechoslovakia,2020,,,,CZE,205753475017.539,0.0,0,0
Czechoslovakia,2021,,,,CZE,214043320221.167,0.0,0,0
Czechoslovakia,2022,,,,CZE,220137498830.73,0.0,0,0
Czechoslovakia,2023,,,,CZE,220242240981.103,0.0,0,0
Democratic Republic of Congo (Kinshasa),1960,336.0,225.0,,COD,19887704764.2738,1.6894860617781755,1,0
Democratic Republic of Congo (Kinshasa),1961,368.81,236.81,,COD,17729615125.8997,2.080191799884232,1,0
Democratic Republic of Congo (Kinshasa),1962,388.6,248.81,,COD,21488417199.2822,1.8084161173722038,1,0
Democratic Republic of Congo (Kinshasa),1963,407.39,260.81,,COD,22608821152.0806,1.8019073053815966,1,0
Democratic Republic of Congo (Kinshasa),1964,428.17,272.81,,COD,22057115370.6738,1.941187652168137,1,0
Democratic Republic of Congo (Kinshasa),1965,449.96,284.81,,COD,22277101744.7101,2.0198318666244237,1,0
Democratic Republic of Congo (Kinshasa),1966,,,,COD,23786483499.0726,0.0,0,0
Democratic Republic of Congo (Kinshasa),1967,,,,COD,23552010935.0138,0.0,0,0
Democratic Republic of Congo (Kinshasa),1968,,,,COD,24572448551.0408,0.0,0,0
Democratic Republic of Congo (Kinshasa),1969,,,,COD,26864772331.0399,0.0,0,0
Democratic Republic of Congo (Kinshasa),1970,,,,COD,26798938440.0607,0.0,0,0
Democratic Republic of Congo (Kinshasa),1971,,,,COD,28408219535.2512,0.0,0,0
Democratic Republic of Congo (Kinshasa),1972,,,,COD,28451154443.8041,0.0,0,0
Democratic Republic of Congo (Kinshasa),1973,0.29,0.2,,COD,30766303374.0472,0.0009425896783057416,0,0
Democratic Republic of Congo (Kinshasa),1974,6.7,6.7,,COD,31729468923.0381,0.021116016836749733,0,0
Democratic Republic of Congo (Kinshasa),1975,94.32,88.4,,COD,30148823861.3657,0.31284802496347675,0,0
Democratic Republic of Congo (Kinshasa),1976,413.0,133.0,,COD,28548222175.1774,1.4466750239848643,1,0
Democratic Republic of Congo (Kinshasa),1977,554.6,344.6,,COD,28765415222.8426,1.9280097148036035,1,0
Democratic Republic of Congo (Kinshasa),1978,1702.6,555.6,,COD,27227819920.0679,6.253163143425675,1,1
Democratic Republic of Congo (Kinshasa),1979,2241.5,470.5,,COD,27344923577.5678,8.19713389814992,1,1
Democratic Republic of Congo (Kinshasa),1980,1039.0,,,COD,27945120839.1415,3.7180014571442412,1,0
Democratic Republic of Congo (Kinshasa),1981,657.1,52.1,,COD,28601977632.2145,2.2973935874276963,1,0
Democratic Republic of Congo (Kinshasa),1982,667.99,225.6,,COD,28471072784.8717,2.3462059369780444,1,0
Democratic Republic of Congo (Kinshasa),1983,1669.4,114.3,,COD,28872999969.4638,5.781872343592852,1,1
Democratic Republic of Congo (Kinshasa),1984,269.73,87.5,,COD,30472874270.1351,0.885147878105967,0,0
Democratic Republic of Congo (Kinshasa),1985,551.9,168.9,,COD,30615441902.1885,1.8026850690681953,1,0
Democratic Republic of Congo (Kinshasa),1986,683.9,268.9,,COD,32059636483.0322,2.1332119606595015,1,0
Democratic Republic of Congo (Kinshasa),1987,1341.5,397.5,,COD,32917437726.4949,4.075347574578203,1,0
Democratic Republic of Congo (Kinshasa),1988,2075.47,549.1,4.57,COD,33072275210.0962,6.275558566247074,1,1
Democratic Republic of Congo (Kinshasa),1989,2961.11,661.57,4.54,COD,32653563459.5882,9.068259896548954,1,1
Democratic Republic of Congo (Kinshasa),1990,1736.99,781.7,7.67,COD,30508775958.6902,5.693410979030875,1,1
Democratic Republic of Congo (Kinshasa),1991,2469.45,834.78,12.75,COD,27939616223.3552,8.838525125966994,1,1
Democratic Republic of Congo (Kinshasa),1992,4008.96,924.67,17.12,COD,25005954127.0512,16.03202173222875,1,1
Democratic Republic of Congo (Kinshasa),1993,5181.24,1017.12,19.5,COD,21637889528.29,23.945218840432183,1,1
Democratic Republic of Congo (Kinshasa),1994,6492.07,1099.17,13.39,COD,20794012528.3872,31.22086221279934,1,1
Democratic Republic of Congo (Kinshasa),1995,8132.36,1142.73,13.6,COD,20939570372.7472,38.83728202267343,1,1
Democratic Republic of Congo (Kinshasa),1996,8281.83,1144.58,13.63,COD,20725322417.2207,39.95995735689311,1,1
Democratic Republic of Congo (Kinshasa),1997,8655.7,1128.95,13.66,COD,19561171399.2726,44.249395004646146,1,1
Democratic Republic of Congo (Kinshasa),1998,9465.13,1188.39,13.66,COD,19243467842.8715,49.186196985312286,1,1
Democratic Republic of Congo (Kinshasa),1999,9038.83,673.23,19.2,COD,18421744665.2994,49.06609099314153,1,1
Democratic Republic of Congo (Kinshasa),2000,8898.76,667.08,20.81,COD,17148631280.9311,51.891954840123155,1,1
Democratic Republic of Congo (Kinshasa),2001,9394.36,659.2,25.45,COD,16788480352.7335,55.9571789859492,1,1
Democratic Republic of Congo (Kinshasa),2002,10919.69,395.07,29.79,COD,17283365331.2476,63.18034590322325,1,1
Democratic Republic of Congo (Kinshasa),2003,1917.99,202.63,48.65,COD,18247400739.0053,10.51103128293851,1,1
Democratic Republic of Congo (Kinshasa),2004,1953.16,204.95,49.28,COD,19476978833.8904,10.028043962349313,1,1
Democratic Republic of Congo (Kinshasa),2005,2054.34,206.54,51.43,COD,20671920925.7908,9.937828261702352,1,1
Democratic Republic of Congo (Kinshasa),2006,1649.91,203.02,52.51,COD,21728037858.2133,7.593460627998337,1,1
Democratic Republic of Congo (Kinshasa),2007,1963.82,269.0,55.83,COD,23593025525.7682,8.323731086778693,1,1
Democratic Republic of Congo (Kinshasa),2008,2264.92,325.22,57.29,COD,25346774324.7957,8.935732693151106,1,1
Democratic Republic of Congo (Kinshasa),2009,2728.52,366.32,56.01,COD,25484044900.5465,10.706777556892028,1,1
Democratic Republic of Congo (Kinshasa),2010,8816.66,109.1,13.82,COD,27680432461.6835,31.851597738598986,1,1
Democratic Republic of Congo (Kinshasa),2011,407.1,0.08,1.87,COD,27568834900.4621,1.4766674089414504,1,0
Democratic Republic of Congo (Kinshasa),2012,183.52,,,COD,29958665159.8562,0.6125773595744574,0,0
Democratic Republic of Congo (Kinshasa),2013,186.98,,,COD,35206198726.088,0.5310996550770667,0,0
Democratic Republic of Congo (Kinshasa),2014,161.11,,,COD,37777053057.3322,0.4264758284757999,0,0
Democratic Republic of Congo (Kinshasa),2015,154.56,,,COD,40179574490.3032,0.38467306326825584,0,0
Democratic Republic of Congo (Kinshasa),2016,216.57,,,COD,40337814832.805,0.5368907584549498,0,0
Democratic Republic of Congo (Kinshasa),2017,744.19,,498.79,COD,42048626459.9632,1.7698318890596438,1,0
Democratic Republic of Congo (Kinshasa),2018,838.75,,781.89,COD,44601688163.9569,1.8805342006713612,1,0
Democratic Republic of Congo (Kinshasa),2019,1461.91,,1064.99,COD,44849398935.1374,3.2595977531700258,1,0
Democratic Republic of Congo (Kinshasa),2020,1401.41,0.23,1361.53,COD,45197173728.8833,3.1006584801217945,1,0
Democratic Republic of Congo (Kinshasa),2021,1928.25,239.0,1633.12,COD,48103175756.1974,4.008571096787872,1,0
Democratic Republic of Congo (Kinshasa),2022,1934.53,235.0,1631.2,COD,52582143957.1902,3.6790626140596308,1,0
Democratic Republic of Congo (Kinshasa),2023,1940.0,250.0,,COD,57069235865.1432,3.3993796668038354,1,0
Djibouti,1960,,,,DJI,,,0,0
Djibouti,1961,,,,DJI,,,0,0
Djibouti,1962,,,,DJI,,,0,0
Djibouti,1963,,,,DJI,,,0,0
Djibouti,1964,,,,DJI,,,0,0
Djibouti,1965,,,,DJI,,,0,0
Djibouti,1966,,,,DJI,,,0,0
Djibouti,1967,,,,DJI,,,0,0
Djibouti,1968,,,,DJI,,,0,0
Djibouti,1969,,,,DJI,,,0,0
Djibouti,1970,,,,DJI,,,0,0
Djibouti,1971,,,,DJI,,,0,0
Djibouti,1972,,,,DJI,,,0,0
Djibouti,1973,,,,DJI,,,0,0
Djibouti,1974,,,,DJI,,,0,0
Djibouti,1975,,,,DJI,,,0,0
Djibouti,1976,,,,DJI,,,0,0
Djibouti,1977,,,,DJI,,,0,0
Djibouti,1978,,,,DJI,,,0,0
Djibouti,1979,,,,DJI,,,0,0
Djibouti,1980,,,,DJI,,,0,0
Djibouti,1981,,,,DJI,,,0,0
Djibouti,1982,,,,DJI,,,0,0
Djibouti,1983,,,,DJI,,,0,0
Djibouti,1984,0.75,0.67,,DJI,,,0,0
Djibouti,1985,,,,DJI,,,0,0
Djibouti,1986,0.06,0.05,,DJI,,,0,0
Djibouti,1987,,,,DJI,,,0,0
Djibouti,1988,0.05,,,DJI,,,0,0
Djibouti,1989,25.84,,,DJI,,,0,0
Djibouti,1990,1.31,,,DJI,,,0,0
Djibouti,1991,3.45,,,DJI,,,0,0
Djibouti,1992,6.11,,,DJI,,,0,0
Djibouti,1993,10.81,,,DJI,,,0,0
Djibouti,1994,13.42,,,DJI,,,0,0
Djibouti,1995,16.61,,,DJI,,,0,0
Djibouti,1996,18.87,,,DJI,,,0,0
Djibouti,1997,32.94,,,DJI,,,0,0
Djibouti,1998,26.79,,,DJI,,,0,0
Djibouti,1999,30.07,,2.48,DJI,,,0,0
Djibouti,2000,31.0,,2.9,DJI,,,0,0
Djibouti,2001,32.26,,3.32,DJI,,,0,0
Djibouti,2002,14.9,2.55,,DJI,,,0,0
Djibouti,2003,25.03,3.19,,DJI,,,0,0
Djibouti,2004,29.45,3.61,,DJI,,,0,0
Djibouti,2005,32.02,3.81,,DJI,,,0,0
Djibouti,2006,39.11,3.61,,DJI,,,0,0
Djibouti,2007,111.75,10.48,7.45,DJI,,,0,0
Djibouti,2008,130.53,10.48,,DJI,,,0,0
Djibouti,2009,13.94,3.69,,DJI,,,0,0
Djibouti,2010,11.53,1.53,,DJI,,,0,0
Djibouti,2011,2.51,,,DJI,,,0,0
Djibouti,2012,8.63,,,DJI,,,0,0
Djibouti,2013,14.2,,,DJI,2107658964.77279,0.6737332859507843,0,0
Djibouti,2014,21.55,,,DJI,2259262606.11241,0.9538510459871603,0,0
Djibouti,2015,20.67,,,DJI,2424391785.43897,0.8525849709665391,0,0
Djibouti,2016,22.53,,,DJI,2597091693.86547,0.8675088389531102,0,0
Djibouti,2017,32.62,,,DJI,2738843335.30256,1.1910137239155545,1,0
Djibouti,2018,62.43,,,DJI,2869605010.3792,2.1755607400389323,1,0
Djibouti,2019,560.17,,463.0,DJI,3028726927.17701,18.495229628447174,1,1
Djibouti,2020,644.8,,498.0,DJI,3065135713.11422,21.036588926265658,1,1
Djibouti,2021,260.2,,119.4,DJI,3200221046.31128,8.13068835666581,1,1
Djibouti,2022,230.91,,35.86,DJI,3365561651.66421,6.860964792780401,1,1
Djibouti,2023,1678.0,1.0,1400.0,DJI,3594666717.82039,46.68026639803335,1,1
Dominica,1960,,,,DMA,,,0,0
Dominica,1961,,,,DMA,,,0,0
Dominica,1962,,,,DMA,,,0,0
Dominica,1963,,,,DMA,,,0,0
Dominica,1964,,,,DMA,,,0,0
Dominica,1965,,,,DMA,,,0,0
Dominica,1966,,,,DMA,,,0,0
Dominica,1967,,,,DMA,,,0,0
Dominica,1968,,,,DMA,,,0,0
Dominica,1969,,,,DMA,,,0,0
Dominica,1970,,,,DMA,,,0,0
Dominica,1971,,,,DMA,,,0,0
Dominica,1972,,,,DMA,,,0,0
Dominica,1973,,,,DMA,,,0,0
Dominica,1974,,,,DMA,,,0,0
Dominica,1975,,,,DMA,,,0,0
Dominica,1976,,,,DMA,,,0,0
Dominica,1977,,,,DMA,233294626.823169,0.0,0,0
Dominica,1978,,,,DMA,257873955.507832,0.0,0,0
Dominica,1979,,,,DMA,210530140.027739,0.0,0,0
Dominica,1980,,,,DMA,238705772.141786,0.0,0,0
Dominica,1981,0.24,,,DMA,264556010.586857,0.09071802960273512,0,0
Dominica,1982,0.37,,,DMA,275476045.458265,0.1343129488389783,0,0
Dominica,1983,0.0,,,DMA,282518088.922677,0.0,0,0
Dominica,1984,0.0,,,DMA,294374375.456091,0.0,0,0
Dominica,1985,,,,DMA,298557238.5782,0.0,0,0
Dominica,1986,,,,DMA,319675256.719584,0.0,0,0
Dominica,1987,0.06,,,DMA,339838968.611364,0.017655420814502092,0,0
Dominica,1988,0.03,,,DMA,366402899.65313,0.00818770812905703,0,0
Dominica,1989,0.02,,,DMA,365702570.33004,0.005468925192937627,0,0
Dominica,1990,3.54,0.08,0.02,DMA,385516275.291539,0.9182491704981705,0,0
Dominica,1991,0.21,,0.05,DMA,390712144.756186,0.053748009325649486,0,0
Dominica,1992,0.95,,0.07,DMA,398641309.306198,0.23830947215515522,0,0
Dominica,1993,0.2,,,DMA,407257627.831801,0.04910896354840057,0,0
Dominica,1994,0.22,,,DMA,407398040.189879,0.05400124161065256,0,0
Dominica,1995,2.22,,,DMA,419745728.315355,0.528891624200667,0,0
Dominica,1996,3.77,,,DMA,432775457.268364,0.8711214872940967,0,0
Dominica,1997,0.47,,,DMA,442234316.346954,0.10627850047513329,0,0
Dominica,1998,0.5,,0.03,DMA,458925258.524187,0.10895020282995563,0,0
Dominica,1999,0.43,,0.03,DMA,460550210.337071,0.09336658421788328,0,0
Dominica,2000,0.41,,,DMA,471328095.603734,0.0869882368193694,0,0
Dominica,2001,0.31,,,DMA,471027183.520201,0.06581361136808041,0,0
Dominica,2002,96.65,3.24,,DMA,456484593.584498,21.17267512602471,1,1
Dominica,2003,150.03,4.83,,DMA,482983317.391998,31.063184710007892,1,1
Dominica,2004,150.53,4.99,,DMA,502775184.653807,29.939822925757483,1,1
Dominica,2005,47.99,,,DMA,507377017.907434,9.458449694454886,1,1
Dominica,2006,54.66,,,DMA,529705537.84296,10.318940636826959,1,1
Dominica,2007,44.12,,,DMA,558086829.799671,7.90557985678271,1,1
Dominica,2008,43.72,,,DMA,597829935.171901,7.313116561723976,1,1
Dominica,2009,43.3,,,DMA,591040072.975893,7.326068397018165,1,1
Dominica,2010,43.33,,,DMA,590415870.485502,7.3388948647958125,1,1
Dominica,2011,43.0,,,DMA,590668207.662469,7.279890713971166,1,1
Dominica,2012,79.09,,,DMA,589738544.378908,13.411027777283035,1,1
Dominica,2013,8.12,8.1,,DMA,589765106.18701,1.3768193327845355,1,0
Dominica,2014,8.22,8.1,,DMA,603537403.687762,1.3619702689135385,1,0
Dominica,2015,8.09,8.09,,DMA,583177777.777778,1.3872270700758291,1,0
Dominica,2016,7.27,6.86,,DMA,591617792.302106,1.2288339016497358,1,0
Dominica,2017,7.22,7.22,,DMA,546983994.013143,1.319965497898375,1,0
Dominica,2018,8.07,7.57,,DMA,563196657.633243,1.4328920263683866,1,0
Dominica,2019,9.05,7.92,,DMA,585432211.240413,1.5458664259052082,1,0
Dominica,2020,14.0,9.17,1.6,DMA,493481872.044211,2.836983644810714,1,0
Dominica,2021,22.53,10.38,3.3,DMA,520030399.241901,4.332439032957338,1,0
Dominica,2022,12.28,8.98,,DMA,574096959.632995,2.1390115021424743,1,0
Dominica,2023,7.92,7.92,,DMA,595064186.903307,1.330948858007302,1,0
Dominican Republic,1960,1.0,,,DOM,4496273447.01387,0.02224064020537128,0,0
Dominican Republic,1961,13.5,,,DOM,4392263457.70639,0.3073586120230048,0,0
Dominican Republic,1962,15.0,,,DOM,5141023191.76688,0.2917707125698603,0,0
Dominican Republic,1963,34.0,,,DOM,5475338924.3175,0.620966125932343,0,0
Dominican Republic,1964,61.0,,,DOM,5845738217.21372,1.043495239324533,1,0
Dominican Republic,1965,4.0,,,DOM,5116082881.76774,0.07818481624398343,0,0
Dominican Republic,1966,24.0,,,DOM,5804878762.06109,0.4134453273487234,0,0
Dominican Republic,1967,47.0,,,DOM,5998038557.59129,0.7835894942775158,0,0
Dominican Republic,1968,39.0,,,DOM,6012365501.5622,0.6486631591154361,0,0
Dominican Republic,1969,19.0,,,DOM,6667199033.31331,0.28497724314310474,0,0
Dominican Republic,1970,0.73,0.53,,DOM,7882408258.07043,0.00926112903696135,0,0
Dominican Republic,1971,3.02,0.53,,DOM,8739341597.20218,0.034556378949265755,0,0
Dominican Republic,1972,4.26,0.65,,DOM,9647723102.04395,0.04415549612008956,0,0
Dominican Republic,1973,1.73,0.84,,DOM,10891870678.1356,0.01588340562537904,0,0
Dominican Republic,1974,2.27,0.89,,DOM,11545590180.5936,0.019661186344683605,0,0
Dominican Republic,1975,4.16,1.58,,DOM,12145181930.2512,0.03425226582763885,0,0
Dominican Republic,1976,9.21,6.57,,DOM,12962324665.6091,0.0710520700382968,0,0
Dominican Republic,1977,17.37,13.65,,DOM,13608079675.4608,0.12764475527963728,0,0
Dominican Republic,1978,19.35,14.32,,DOM,13899385751.843,0.13921478506655785,0,0
Dominican Republic,1979,11.42,4.16,,DOM,14529222408.9409,0.07860021464722318,0,0
Dominican Republic,1980,26.07,12.72,,DOM,15687018149.8741,0.16618837149881943,0,0
Dominican Republic,1981,34.04,16.18,,DOM,16358401738.178,0.20808878853094714,0,0
Dominican Republic,1982,564.34,30.54,,DOM,16636283320.3946,3.3922240270347492,1,0
Dominican Republic,1983,572.87,10.22,,DOM,17406201586.8393,3.2911833012042258,1,0
Dominican Republic,1984,235.31,,,DOM,17624283185.8384,1.3351464993996356,1,0
Dominican Republic,1985,1082.0,,,DOM,17250201610.9079,6.272390458995064,1,1
Dominican Republic,1986,990.51,,,DOM,17857752538.4605,5.546666624855083,1,1
Dominican Republic,1987,1207.44,,,DOM,19664486965.3284,6.140205956702087,1,1
Dominican Republic,1988,1389.51,,,DOM,20088446093.5456,6.916961090616402,1,1
Dominican Republic,1989,1550.54,,,DOM,20972445961.2045,7.393224437761043,1,1
Dominican Republic,1990,1958.62,,,DOM,19828543241.5842,9.87778061220556,1,1
Dominican Republic,1991,2119.28,,,DOM,20015752229.4614,10.588060721897872,1,1
Dominican Republic,1992,1634.6,,,DOM,22265015206.6119,7.341562468435159,1,1
Dominican Republic,1993,1756.24,89.0,,DOM,23905211028.6478,7.3466826872824385,1,1
Dominican Republic,1994,1683.0,99.0,,DOM,24525260342.7332,6.862312474895585,1,1
Dominican Republic,1995,444.21,117.21,,DOM,25923197384.3629,1.7135617702311343,1,0
Dominican Republic,1996,1022.93,115.31,,DOM,27468529262.4571,3.7240071728124895,1,0
Dominican Republic,1997,1001.65,104.61,,DOM,29913105390.3086,3.348532313614352,1,0
Dominican Republic,1998,929.55,121.92,,DOM,31919035075.5019,2.9122120947617134,1,0
Dominican Republic,1999,942.12,134.22,,DOM,33820295671.4738,2.7856645877719046,1,0
Dominican Republic,2000,448.07,9.87,,DOM,35393522990.4108,1.2659660925005856,1,0
Dominican Republic,2001,435.97,10.98,,DOM,36267520113.1855,1.2020948734278023,1,0
Dominican Republic,2002,463.93,15.55,,DOM,37894663734.2472,1.2242620841116596,1,0
Dominican Republic,2003,650.69,37.08,,DOM,37383329266.8199,1.7405886868870426,1,0
Dominican Republic,2004,1412.45,36.45,,DOM,38349900170.1598,3.6830604349239815,1,0
Dominican Republic,2005,1570.93,63.93,,DOM,41966981958.5524,3.74325225852907,1,0
Dominican Republic,2006,51.58,28.58,,DOM,45815860539.7981,0.1125811005016371,0,0
Dominican Republic,2007,22.06,12.96,,DOM,49214666985.2049,0.04482403590505196,0,0
Dominican Republic,2008,17.54,0.07,,DOM,50823044977.7376,0.0345119030307672,0,0
Dominican Republic,2009,0.09,0.01,,DOM,51333030311.777,0.0001753257102753817,0,0
Dominican Republic,2010,0.11,,,DOM,55645592832.7047,0.00019767962636449706,0,0
Dominican Republic,2011,0.36,,,DOM,57421779163.4885,0.0006269398218662391,0,0
Dominican Republic,2012,0.38,,,DOM,59015618840.2876,0.0006438973401742748,0,0
Dominican Republic,2013,0.42,,,DOM,61927882062.5429,0.0006782082416056614,0,0
Dominican Republic,2014,2.54,0.06,,DOM,66331713896.7879,0.0038292392142199707,0,0
Dominican Republic,2015,2089.59,0.06,,DOM,70966782572.4386,2.944462076841476,1,0
Dominican Republic,2016,2.59,0.06,,DOM,75735566406.0476,0.003419793530181065,0,0
Dominican Republic,2017,14.06,,,DOM,78714898894.6559,0.017861929821972444,0,0
Dominican Republic,2018,6.89,,,DOM,84301701754.6018,0.008173025996623957,0,0
Dominican Republic,2019,6.89,,,DOM,88427452425.8944,0.007791697952368451,0,0
Dominican Republic,2020,23.07,,,DOM,81415993438.0734,0.028335955904717294,0,0
Dominican Republic,2021,31.14,,,DOM,92824351636.8768,0.033547231357799065,0,0
Dominican Republic,2022,33.07,,,DOM,97686450823.9666,0.03385321067667097,0,0
Dominican Republic,2023,33.0,,,DOM,99828029402.8707,0.03305684805899919,0,0
Ecuador,1960,,,,ECU,10979942382.0563,0.0,0,0
Ecuador,1961,,,,ECU,11542600183.1743,0.0,0,0
Ecuador,1962,,,,ECU,12110397647.342,0.0,0,0
Ecuador,1963,,,,ECU,12365487217.9945,0.0,0,0
Ecuador,1964,,,,ECU,13281429196.1171,0.0,0,0
Ecuador,1965,,,,ECU,13716406958.1242,0.0,0,0
Ecuador,1966,,,,ECU,13669836239.7136,0.0,0,0
Ecuador,1967,,,,ECU,14301529480.3009,0.0,0,0
Ecuador,1968,,,,ECU,14574608375.6098,0.0,0,0
Ecuador,1969,,,,ECU,15255131525.6245,0.0,0,0
Ecuador,1970,,,,ECU,16303453382.4831,0.0,0,0
Ecuador,1971,,,,ECU,17329365500.4189,0.0,0,0
Ecuador,1972,0.47,0.47,,ECU,18198890797.8275,0.0025825749778997874,0,0
Ecuador,1973,,,,ECU,20737760204.2233,0.0,0,0
Ecuador,1974,,,,ECU,23062154053.8238,0.0,0,0
Ecuador,1975,,,,ECU,25592569112.8408,0.0,0,0
Ecuador,1976,1.29,,,ECU,27485699466.5657,0.004693349723805242,0,0
Ecuador,1977,34.67,,,ECU,27926801545.6376,0.12414597476672277,0,0
Ecuador,1978,8.88,,,ECU,29520535222.701,0.030080755423334493,0,0
Ecuador,1979,234.26,,,ECU,30622846296.7579,0.7649844097764406,0,0
Ecuador,1980,24.32,0.53,,ECU,31758550581.5091,0.07657780205548777,0,0
Ecuador,1981,166.63,0.57,,ECU,33541114872.2049,0.496793265921176,0,0
Ecuador,1982,2643.44,0.61,,ECU,33747340858.0018,7.833031974645838,1,1
Ecuador,1983,2978.61,3.61,,ECU,33633656605.9448,8.856039754754248,1,1
Ecuador,1984,3503.42,79.04,,ECU,34516632001.893,10.149947421891747,1,1
Ecuador,1985,4766.97,28.97,,ECU,35874861958.723,13.287772383583786,1,1
Ecuador,1986,1113.32,14.48,,ECU,37117847903.4178,2.9994195862241404,1,0
Ecuador,1987,5726.49,,,ECU,37021676038.7371,15.46793828028793,1,1
Ecuador,1988,6114.82,,,ECU,39202425756.3364,15.598065379950738,1,1
Ecuador,1989,6278.47,,,ECU,39596715108.4606,15.856037509178341,1,1
Ecuador,1990,6583.22,,,ECU,41053840192.2984,16.035576621246253,1,1
Ecuador,1991,7136.18,,,ECU,42815601069.5925,16.667242364298122,1,1
Ecuador,1992,7485.28,,,ECU,43720855882.7784,17.12061634856614,1,1
Ecuador,1993,7103.41,,,ECU,44583563740.6155,15.932799902060799,1,1
Ecuador,1994,6907.89,,,ECU,46482043534.1577,14.861416312137141,1,1
Ecuador,1995,7199.74,,,ECU,47529074179.3251,15.148075413452613,1,1
Ecuador,1996,348.86,97.79,,ECU,48352157793.1227,0.7214983072577985,0,0
Ecuador,1997,602.07,129.77,,ECU,50444773789.827,1.1935230446437586,1,0
Ecuador,1998,189.05,87.89,,ECU,52092567129.0487,0.36291165979911727,0,0
Ecuador,1999,8397.59,87.18,,ECU,49623699371.7399,16.922539242977773,1,1
Ecuador,2000,8364.72,88.72,,ECU,50165491738.8835,16.674250984200892,1,1
Ecuador,2001,111.09,8.72,,ECU,52275588700.0666,0.21250836721779182,0,0
Ecuador,2002,12.83,6.27,,ECU,54851779632.3615,0.02339030763630966,0,0
Ecuador,2003,85.82,4.82,,ECU,56433979416.1321,0.1520715017581547,0,0
Ecuador,2004,37.53,4.79,,ECU,60289773139.5514,0.062249363442005566,0,0
Ecuador,2005,36.93,4.79,,ECU,63544590361.2542,0.05811667018396229,0,0
Ecuador,2006,1.59,0.62,0.36,ECU,66303144898.6572,0.0023980762940133196,0,0
Ecuador,2007,7.46,3.5,0.46,ECU,67564514887.9228,0.011041298842113762,0,0
Ecuador,2008,3194.27,1.89,0.49,ECU,72000071699.6601,4.436481693135703,1,0
Ecuador,2009,6238.49,,0.08,ECU,72785601820.191,8.571049553744873,1,1
Ecuador,2010,31.37,,0.09,ECU,75718234074.2169,0.04142991497827591,0,0
Ecuador,2011,57.65,,,ECU,82140258351.3877,0.07018482916547346,0,0
Ecuador,2012,58.55,,0.08,ECU,86890603905.3287,0.06738358046606846,0,0
Ecuador,2013,59.23,,,ECU,93156490881.1886,0.06358118413406286,0,0
Ecuador,2014,39.21,,,ECU,97093344927.4784,0.04038381830318751,0,0
Ecuador,2015,41.19,,,ECU,97209558000.0,0.042372376592844915,0,0
Ecuador,2016,43.18,,,ECU,96540800718.3398,0.044727203087924175,0,0
Ecuador,2017,1063.15,,1000.0,ECU,102304671535.156,1.0391998567090448,1,0
Ecuador,2018,49.14,0.07,,ECU,103373033702.498,0.0475365752943096,0,0
Ecuador,2019,52.11,0.05,,ECU,103544017315.435,0.050326422859616166,0,0
Ecuador,2020,23597.22,,4601.0,ECU,93971273313.9152,25.111099560365048,1,1
Ecuador,2021,299.43,249.32,,ECU,102825145845.295,0.29120308805640377,0,0
Ecuador,2022,4699.35,247.32,4400.0,ECU,108859360917.986,4.316900228305091,1,0
Ecuador,2023,1690.0,,,ECU,110854579493.525,1.5245197877447296,1,0
Egypt,1960,,,,EGY,20297834751.3745,0.0,0,0
Egypt,1961,,,,EGY,21345429171.5366,0.0,0,0
Egypt,1962,,,,EGY,22172696194.2534,0.0,0,0
Egypt,1963,,,,EGY,24504840915.7323,0.0,0,0
Egypt,1964,277.0,,,EGY,27324754468.9986,1.0137328052271113,1,0
Egypt,1965,560.0,,,EGY,28667504459.855,1.9534312823922466,1,0
Egypt,1966,211.5,,,EGY,30114182469.1932,0.7023268860656087,0,0
Egypt,1967,62.2,,,EGY,30356681177.7687,0.2048972337778193,0,0
Egypt,1968,152.8,,,EGY,29868912347.0229,0.5115686779107975,0,0
Egypt,1969,211.0,,,EGY,31445846805.4971,0.6709948099191106,0,0
Egypt,1970,86.32,12.48,,EGY,33206347267.8918,0.2599503019817701,0,0
Egypt,1971,70.14,21.63,,EGY,34553643778.9408,0.20298872225668943,0,0
Egypt,1972,90.78,36.44,,EGY,35609492777.1748,0.2549320221100952,0,0
Egypt,1973,25.61,3.6,,EGY,36858257210.5883,0.06948239536578793,0,0
Egypt,1974,39.66,27.1,,EGY,37432854799.1024,0.10594970704973057,0,0
Egypt,1975,22.07,8.92,,EGY,40779032775.3748,0.05412095014996871,0,0
Egypt,1976,124.98,4.36,,EGY,46194361685.834,0.2705524991339505,0,0
Egypt,1977,7105.5,,,EGY,50353260517.1524,14.111300692394238,1,1
Egypt,1978,95.51,,,EGY,54698126368.8247,0.17461292797487138,0,0
Egypt,1979,345.53,,,EGY,57185627388.6273,0.6042252499073163,0,0
Egypt,1980,484.27,,,EGY,62910668708.9421,0.769774046180447,0,0
Egypt,1981,641.92,1.52,,EGY,67533693105.5594,0.9505181346985404,0,0
Egypt,1982,977.57,6.04,,EGY,74224371654.6229,1.3170471884205088,1,0
Egypt,1983,1484.13,10.9,,EGY,78005663121.4996,1.9025926331635148,1,0
Egypt,1984,2721.97,19.09,,EGY,85607909951.0189,3.1795776833675675,1,0
Egypt,1985,4578.44,46.6,,EGY,90565897013.7488,5.055368688398181,1,1
Egypt,1986,13706.77,889.2,,EGY,94862819134.7814,14.449043497774799,1,1
Egypt,1987,10882.29,784.29,,EGY,98498676314.1167,11.048158622249794,1,1
Egypt,1988,8345.56,915.79,,EGY,103878004711.469,8.034001060359778,1,1
Egypt,1989,11196.25,1777.64,,EGY,108989704831.676,10.272759264089686,1,1
Egypt,1990,18005.13,2302.9,,EGY,115166183182.787,15.634042478791715,1,1
Egypt,1991,23529.02,2365.02,,EGY,116462268700.452,20.203126954806336,1,1
Egypt,1992,877.65,506.31,92.0,EGY,121671461982.01,0.7213277342962863,0,0
Egypt,1993,724.42,401.56,97.0,EGY,125200896556.916,0.5786060802453444,0,0
Egypt,1994,543.1,318.32,103.0,EGY,130175343748.458,0.4172065034446536,0,0
Egypt,1995,516.03,271.88,,EGY,136218680413.819,0.37882469455169543,0,0
Egypt,1996,366.75,143.64,,EGY,143014263359.029,0.2564429528817664,0,0
Egypt,1997,180.87,109.2,,EGY,150869114035.837,0.1198853729312924,0,0
Egypt,1998,103.1,53.68,4.42,EGY,159280817658.317,0.0647284472265619,0,0
Egypt,1999,113.56,92.87,7.59,EGY,168922784450.994,0.06722598160400604,0,0
Egypt,2000,52.63,13.07,11.54,EGY,179683172290.126,0.029290444580431164,0,0
Egypt,2001,4.29,1.14,,EGY,186035425185.306,0.0023060124144241995,0,0
Egypt,2002,2.37,1.01,,EGY,190482051409.279,0.0012442117157315273,0,0
Egypt,2003,3.98,1.08,,EGY,196565009504.224,0.002024775421647195,0,0
Egypt,2004,7.75,1.01,,EGY,204608590453.732,0.0037877197544902213,0,0
Egypt,2005,10.96,0.94,,EGY,213758163784.665,0.0051272895528055,0,0
Egypt,2006,3.16,3.07,,EGY,228387426639.909,0.001383613820817846,0,0
Egypt,2007,2.97,2.94,,EGY,244575133304.554,0.0012143507640662906,0,0
Egypt,2008,2.2,2.17,,EGY,262077623378.478,0.000839445951790734,0,0
Egypt,2009,2.62,2.59,,EGY,274326082660.557,0.000955067769929085,0,0
Egypt,2010,0.0,,,EGY,288446290410.386,0.0,0,0
Egypt,2011,0.0,,,EGY,293536132736.188,0.0,0,0
Egypt,2012,6300.0,6300.0,,EGY,300070833530.761,2.099504282329449,1,0
Egypt,2013,5400.0,5400.0,,EGY,306628779734.432,1.7610871375729582,1,0
Egypt,2014,5900.0,5900.0,,EGY,315569804751.828,1.869633884851533,1,0
Egypt,2015,3500.0,3500.0,,EGY,329366576819.407,1.0626457711035642,1,0
Egypt,2016,2400.0,2400.0,,EGY,343682967577.042,0.6983179925731995,0,0
Egypt,2017,1200.0,1200.0,,EGY,358053111989.475,0.33514580932766036,0,0
Egypt,2018,1201.42,1200.0,,EGY,377141312302.884,0.31855963820668204,0,0
Egypt,2019,1001.44,1000.0,,EGY,398080548970.536,0.2515671771931067,0,0
Egypt,2020,208.81,200.0,,EGY,412213064650.314,0.05065584230745728,0,0
Egypt,2021,0.62,0.62,,EGY,425777537422.894,0.00014561594858965022,0,0
Egypt,2022,,,,EGY,453827104224.859,0.0,0,0
Egypt,2023,4550.0,50.0,,EGY,470892276432.179,0.9662507175683781,0,0
El Salvador,1960,,,,SLV,,,0,0
El Salvador,1961,,,,SLV,,,0,0
El Salvador,1962,,,,SLV,,,0,0
El Salvador,1963,,,,SLV,,,0,0
El Salvador,1964,,,,SLV,,,0,0
El Salvador,1965,,,,SLV,8436981023.83702,0.0,0,0
El Salvador,1966,,,,SLV,9041164856.23055,0.0,0,0
El Salvador,1967,,,,SLV,9532719323.54453,0.0,0,0
El Salvador,1968,,,,SLV,9841264124.19132,0.0,0,0
El Salvador,1969,,,,SLV,10184273395.4893,0.0,0,0
El Salvador,1970,,,,SLV,10487489267.5318,0.0,0,0
El Salvador,1971,,,,SLV,10892123610.1732,0.0,0,0
El Salvador,1972,,,,SLV,11558452941.2734,0.0,0,0
El Salvador,1973,,,,SLV,12120387185.4016,0.0,0,0
El Salvador,1974,,,,SLV,12767131179.7589,0.0,0,0
El Salvador,1975,,,,SLV,13140382331.0483,0.0,0,0
El Salvador,1976,,,,SLV,13803874422.7697,0.0,0,0
El Salvador,1977,,,,SLV,14739785629.5234,0.0,0,0
El Salvador,1978,,,,SLV,15524349903.1238,0.0,0,0
El Salvador,1979,0.07,,,SLV,14875390870.3838,0.000470575869971704,0,0
El Salvador,1980,,,,SLV,12519595404.9102,0.0,0,0
El Salvador,1981,604.4,,,SLV,11803350547.2252,5.120579936872974,1,1
El Salvador,1982,568.91,0.11,,SLV,11058739556.5625,5.144437999377571,1,1
El Salvador,1983,533.57,0.21,,SLV,11228936354.4283,4.751741243858584,1,0
El Salvador,1984,542.31,44.34,,SLV,11378871628.7386,4.765938290667909,1,0
El Salvador,1985,464.52,1.87,,SLV,11448773885.0049,4.0573777128082495,1,0
El Salvador,1986,221.51,2.02,,SLV,11471061560.9159,1.931033137811124,1,0
El Salvador,1987,208.56,1.64,,SLV,11758775195.4032,1.7736541139210769,1,0
El Salvador,1988,199.26,0.92,,SLV,11979625802.1576,1.6633240744807913,1,0
El Salvador,1989,226.39,5.63,,SLV,12095116486.4236,1.8717471655119313,1,0
El Salvador,1990,251.25,8.25,,SLV,12679661440.9982,1.9815197840189374,1,0
El Salvador,1991,146.96,6.65,,SLV,12869106686.2417,1.1419596059228745,1,0
El Salvador,1992,105.7,3.84,,SLV,13772770636.8146,0.7674563295018071,0,0
El Salvador,1993,740.02,2.87,,SLV,14574113893.4325,5.077632886713432,1,1
El Salvador,1994,59.59,4.61,,SLV,15257940313.4288,0.39055074784604915,0,0
El Salvador,1995,51.43,6.55,,SLV,15980263628.1804,0.3218344903228364,0,0
El Salvador,1996,54.15,7.53,,SLV,16109937378.9353,0.3361279359831922,0,0
El Salvador,1997,15.24,1.12,,SLV,16615462391.6437,0.09172179287447665,0,0
El Salvador,1998,5.78,0.45,,SLV,17056150528.9746,0.033888068648204456,0,0
El Salvador,1999,1.48,0.18,,SLV,17424910257.6837,0.008493587502680987,0,0
El Salvador,2000,17.0,0.02,,SLV,17621447036.1716,0.09647334844354181,0,0
El Salvador,2001,,,,SLV,17776447691.3707,0.0,0,0
El Salvador,2002,,,,SLV,18056056716.4359,0.0,0,0
El Salvador,2003,,,,SLV,18338704970.0344,0.0,0,0
El Salvador,2004,,,,SLV,18501810234.6557,0.0,0,0
El Salvador,2005,,,,SLV,18997812331.293,0.0,0,0
El Salvador,2006,,,,SLV,19821747186.6752,0.0,0,0
El Salvador,2007,,,,SLV,20187974224.9399,0.0,0,0
El Salvador,2008,2.53,,,SLV,20622904543.8145,0.01226791306057241,0,0
El Salvador,2009,,,,SLV,20188015254.5251,0.0,0,0
El Salvador,2010,,,,SLV,20622904543.8145,0.0,0,0
El Salvador,2011,,,,SLV,21407994006.2362,0.0,0,0
El Salvador,2012,,,,SLV,22012261122.6093,0.0,0,0
El Salvador,2013,,,,SLV,22504372601.4935,0.0,0,0
El Salvador,2014,,,,SLV,22888906230.2134,0.0,0,0
El Salvador,2015,,,,SLV,23438240000.0,0.0,0,0
El Salvador,2016,,,,SLV,24033351541.724,0.0,0,0
El Salvador,2017,6033.0,,,SLV,24573529736.8617,24.550807574665008,1,1
El Salvador,2018,,,,SLV,25166352435.5773,0.0,0,0
El Salvador,2019,,,,SLV,25779775126.5993,0.0,0,0
El Salvador,2020,,,,SLV,23744951345.511,0.0,0,0
El Salvador,2021,,,,SLV,26571731219.3539,0.0,0,0
El Salvador,2022,566.0,,,SLV,27356820681.7757,2.068953869252257,1,0
El Salvador,2023,1450.0,,,SLV,28274665875.3002,5.128265728744371,1,1
Equatorial Guinea,1960,,,,GNQ,,,0,0
Equatorial Guinea,1961,,,,GNQ,,,0,0
Equatorial Guinea,1962,,,,GNQ,,,0,0
Equatorial Guinea,1963,,,,GNQ,,,0,0
Equatorial Guinea,1964,,,,GNQ,,,0,0
Equatorial Guinea,1965,,,,GNQ,,,0,0
Equatorial Guinea,1966,,,,GNQ,,,0,0
Equatorial Guinea,1967,,,,GNQ,,,0,0
Equatorial Guinea,1968,,,,GNQ,,,0,0
Equatorial Guinea,1969,,,,GNQ,,,0,0
Equatorial Guinea,1970,,,,GNQ,,,0,0
Equatorial Guinea,1971,,,,GNQ,,,0,0
Equatorial Guinea,1972,,,,GNQ,,,0,0
Equatorial Guinea,1973,,,,GNQ,,,0,0
Equatorial Guinea,1974,,,,GNQ,,,0,0
Equatorial Guinea,1975,,,,GNQ,,,0,0
Equatorial Guinea,1976,,,,GNQ,,,0,0
Equatorial Guinea,1977,,,,GNQ,,,0,0
Equatorial Guinea,1978,,,,GNQ,,,0,0
Equatorial Guinea,1979,,,,GNQ,,,0,0
Equatorial Guinea,1980,,,,GNQ,132086051.076547,0.0,0,0
Equatorial Guinea,1981,2.0,,,GNQ,139706650.788986,1.431571073177336,1,0
Equatorial Guinea,1982,22.26,,,GNQ,142782538.514882,15.590141645842692,1,1
Equatorial Guinea,1983,16.11,,,GNQ,149927929.590197,10.745162721871768,1,1
Equatorial Guinea,1984,36.33,,,GNQ,151444273.188883,23.989021991401955,1,1
Equatorial Guinea,1985,38.0,,,GNQ,170988427.529981,22.223726218744897,1,1
Equatorial Guinea,1986,5.8,,,GNQ,167003445.86169,3.472982231039401,1,0
Equatorial Guinea,1987,13.4,,,GNQ,174412950.140804,7.682915740592741,1,1
Equatorial Guinea,1988,23.1,,,GNQ,179044071.247429,12.901851392821087,1,1
Equatorial Guinea,1989,40.0,,,GNQ,176843300.771014,22.618894708255926,1,1
Equatorial Guinea,1990,13.4,,,GNQ,173733397.99699,7.7129671983001,1,1
Equatorial Guinea,1991,16.8,,,GNQ,171957427.660152,9.76986003373037,1,1
Equatorial Guinea,1992,32.0,,,GNQ,231704586.214421,13.810689085966981,1,1
Equatorial Guinea,1993,46.0,,,GNQ,257269046.82918,17.88011444320498,1,1
Equatorial Guinea,1994,51.0,,,GNQ,300152801.145199,16.991345676407242,1,1
Equatorial Guinea,1995,27.0,0.8,,GNQ,352638311.553616,7.656570235107553,1,1
Equatorial Guinea,1996,33.9,4.9,,GNQ,587424889.588275,5.770950567613921,1,1
Equatorial Guinea,1997,35.7,5.0,,GNQ,1468403404.76972,2.4312120146301757,1,0
Equatorial Guinea,1998,12.4,3.0,,GNQ,1817508712.76923,0.6822525753456696,0,0
Equatorial Guinea,1999,63.0,,,GNQ,2283954429.45661,2.7583737743396535,1,0
Equatorial Guinea,2000,98.0,,,GNQ,2699948863.55525,3.62969837402606,1,0
Equatorial Guinea,2001,85.0,,,GNQ,4411173089.8169,1.926925066627304,1,0
Equatorial Guinea,2002,72.0,,,GNQ,5269712387.32535,1.366298475286309,1,0
Equatorial Guinea,2003,64.0,,,GNQ,6005113941.93001,1.0657582956607607,1,0
Equatorial Guinea,2004,4.1,,,GNQ,8286980786.09409,0.049475196164083975,0,0
Equatorial Guinea,2005,30.0,,,GNQ,9674942387.18021,0.31007936584461243,0,0
Equatorial Guinea,2006,,,,GNQ,10420388726.5973,0.0,0,0
Equatorial Guinea,2007,10.0,,10.0,GNQ,12012844402.6491,0.0832442314644047,0,0
Equatorial Guinea,2008,,,,GNQ,14151023687.8999,0.0,0,0
Equatorial Guinea,2009,,,,GNQ,14341122354.4363,0.0,0,0
Equatorial Guinea,2010,,,,GNQ,13061295371.1388,0.0,0,0
Equatorial Guinea,2011,,,,GNQ,13913404306.2274,0.0,0,0
Equatorial Guinea,2012,,,,GNQ,15070007775.4052,0.0,0,0
Equatorial Guinea,2013,,,,GNQ,14447134439.884,0.0,0,0
Equatorial Guinea,2014,,,,GNQ,14507099626.4903,0.0,0,0
Equatorial Guinea,2015,,,,GNQ,13185496881.0174,0.0,0,0
Equatorial Guinea,2016,,,,GNQ,12023008461.8485,0.0,0,0
Equatorial Guinea,2017,949.0,,,GNQ,11341603434.7324,8.36742357869605,1,1
Equatorial Guinea,2018,117.0,58.0,,GNQ,10634279338.5817,1.1002155978310455,1,0
Equatorial Guinea,2019,121.0,58.0,,GNQ,10051326714.9325,1.2038211813395678,1,0
Equatorial Guinea,2020,130.0,63.0,,GNQ,9569759527.14748,1.3584458379671527,1,0
Equatorial Guinea,2021,1122.0,65.0,,GNQ,9652085293.25754,11.624431052052271,1,1
Equatorial Guinea,2022,86.0,45.0,,GNQ,9963221065.40967,0.8631746644523924,0,0
Equatorial Guinea,2023,86.0,45.0,,GNQ,9223446389.92684,0.9324063518591358,0,0
Eritrea,1960,,,,ERI,,,0,0
Eritrea,1961,,,,ERI,,,0,0
Eritrea,1962,,,,ERI,,,0,0
Eritrea,1963,,,,ERI,,,0,0
Eritrea,1964,,,,ERI,,,0,0
Eritrea,1965,,,,ERI,,,0,0
Eritrea,1966,,,,ERI,,,0,0
Eritrea,1967,,,,ERI,,,0,0
Eritrea,1968,,,,ERI,,,0,0
Eritrea,1969,,,,ERI,,,0,0
Eritrea,1970,,,,ERI,,,0,0
Eritrea,1971,,,,ERI,,,0,0
Eritrea,1972,,,,ERI,,,0,0
Eritrea,1973,,,,ERI,,,0,0
Eritrea,1974,,,,ERI,,,0,0
Eritrea,1975,,,,ERI,,,0,0
Eritrea,1976,,,,ERI,,,0,0
Eritrea,1977,,,,ERI,,,0,0
Eritrea,1978,,,,ERI,,,0,0
Eritrea,1979,,,,ERI,,,0,0
Eritrea,1980,,,,ERI,,,0,0
Eritrea,1981,,,,ERI,,,0,0
Eritrea,1982,,,,ERI,,,0,0
Eritrea,1983,,,,ERI,,,0,0
Eritrea,1984,,,,ERI,,,0,0
Eritrea,1985,,,,ERI,,,0,0
Eritrea,1986,,,,ERI,,,0,0
Eritrea,1987,,,,ERI,,,0,0
Eritrea,1988,,,,ERI,,,0,0
Eritrea,1989,,,,ERI,,,0,0
Eritrea,1990,,,,ERI,,,0,0
Eritrea,1991,,,,ERI,,,0,0
Eritrea,1992,,,,ERI,1154926145.9126,0.0,0,0
Eritrea,1993,,,,ERI,1310318715.90375,0.0,0,0
Eritrea,1994,,,,ERI,1588386838.47483,0.0,0,0
Eritrea,1995,,,,ERI,1633788955.24089,0.0,0,0
Eritrea,1996,,,,ERI,1785058837.07344,0.0,0,0
Eritrea,1997,,,,ERI,1926233510.02823,0.0,0,0
Eritrea,1998,,,,ERI,1960377599.52023,0.0,0,0
Eritrea,1999,,,,ERI,1960641860.30086,0.0,0,0
Eritrea,2000,6.82,,,ERI,1899038769.45137,0.3591290556943337,0,0
Eritrea,2001,7.12,,3.0,ERI,2065307884.56551,0.344742788869848,0,0
Eritrea,2002,7.94,,,ERI,2127379250.62751,0.37322917376664033,0,0
Eritrea,2003,19.29,,3.0,ERI,2070886355.8446,0.9314852041763864,0,0
Eritrea,2004,29.75,,,ERI,2100950149.6029,1.4160259826071093,1,0
Eritrea,2005,15.46,0.16,,ERI,2155038051.30131,0.7173887250234189,0,0
Eritrea,2006,24.92,,,ERI,2134151053.76576,1.1676774217095867,1,0
Eritrea,2007,42.32,,3.0,ERI,2164601595.02151,1.9550941890338698,1,0
Eritrea,2008,33.74,,,ERI,1952837971.21425,1.7277419067707338,1,0
Eritrea,2009,22.85,,,ERI,2028539764.99879,1.1264260328667322,1,0
Eritrea,2010,22.49,,,ERI,2073049788.74561,1.0848750532715647,1,0
Eritrea,2011,28.69,,,ERI,2252986366.41081,1.2734209326666053,1,0
Eritrea,2012,222.43,,,ERI,,,0,0
Eritrea,2013,260.39,,,ERI,,,0,0
Eritrea,2014,299.19,,,ERI,,,0,0
Eritrea,2015,332.49,,,ERI,,,0,0
Eritrea,2016,378.35,,7.0,ERI,,,0,0
Eritrea,2017,417.28,,,ERI,,,0,0
Eritrea,2018,460.95,,,ERI,,,0,0
Eritrea,2019,508.04,,,ERI,,,0,0
Eritrea,2020,562.47,,,ERI,,,0,0
Eritrea,2021,621.23,,,ERI,,,0,0
Eritrea,2022,667.0,,,ERI,,,0,0
Eritrea,2023,720.0,,,ERI,,,0,0
eSwatini (Swaziland),1960,,,,SWZ,,,0,0
eSwatini (Swaziland),1961,,,,SWZ,,,0,0
eSwatini (Swaziland),1962,,,,SWZ,,,0,0
eSwatini (Swaziland),1963,,,,SWZ,,,0,0
eSwatini (Swaziland),1964,,,,SWZ,,,0,0
eSwatini (Swaziland),1965,,,,SWZ,,,0,0
eSwatini (Swaziland),1966,,,,SWZ,,,0,0
eSwatini (Swaziland),1967,,,,SWZ,,,0,0
eSwatini (Swaziland),1968,,,,SWZ,,,0,0
eSwatini (Swaziland),1969,,,,SWZ,,,0,0
eSwatini (Swaziland),1970,,,,SWZ,399193833.213165,0.0,0,0
eSwatini (Swaziland),1971,,,,SWZ,454057571.525347,0.0,0,0
eSwatini (Swaziland),1972,,,,SWZ,478686990.417508,0.0,0,0
eSwatini (Swaziland),1973,,,,SWZ,521858208.31233,0.0,0,0
eSwatini (Swaziland),1974,,,,SWZ,551831066.168178,0.0,0,0
eSwatini (Swaziland),1975,,,,SWZ,628582181.569069,0.0,0,0
eSwatini (Swaziland),1976,,,,SWZ,615259773.424769,0.0,0,0
eSwatini (Swaziland),1977,,,,SWZ,621471392.462255,0.0,0,0
eSwatini (Swaziland),1978,0.01,0.0,,SWZ,629719117.850539,0.00158800959293306,0,0
eSwatini (Swaziland),1979,,,,SWZ,649284144.81932,0.0,0,0
eSwatini (Swaziland),1980,,,,SWZ,730113866.750266,0.0,0,0
eSwatini (Swaziland),1981,,,,SWZ,837013058.322959,0.0,0,0
eSwatini (Swaziland),1982,,,,SWZ,846827604.5942,0.0,0,0
eSwatini (Swaziland),1983,,,,SWZ,857009477.77926,0.0,0,0
eSwatini (Swaziland),1984,,,,SWZ,909816302.871614,0.0,0,0
eSwatini (Swaziland),1985,,,,SWZ,944320319.106919,0.0,0,0
eSwatini (Swaziland),1986,0.07,0.07,,SWZ,1060136277.26995,0.006602924690046749,0,0
eSwatini (Swaziland),1987,0.01,0.01,,SWZ,1214986039.24225,0.0008230547246647128,0,0
eSwatini (Swaziland),1988,0.13,0.13,,SWZ,1294808454.13369,0.010040095087808053,0,0
eSwatini (Swaziland),1989,0.04,0.04,,SWZ,1461982521.19049,0.002736010822306416,0,0
eSwatini (Swaziland),1990,0.2,0.2,,SWZ,1769262015.33258,0.011304148185332779,0,0
eSwatini (Swaziland),1991,2.07,1.86,,SWZ,1800407693.90058,0.11497395878793146,0,0
eSwatini (Swaziland),1992,4.19,3.83,,SWZ,1858492561.84436,0.2254515345405452,0,0
eSwatini (Swaziland),1993,4.65,3.71,,SWZ,1916219458.99594,0.2426653157168389,0,0
eSwatini (Swaziland),1994,4.33,3.78,,SWZ,1962221980.0192,0.22066820390818534,0,0
eSwatini (Swaziland),1995,4.29,4.02,,SWZ,2056911965.8875,0.20856507576146968,0,0
eSwatini (Swaziland),1996,1.24,1.24,,SWZ,2135939630.98633,0.05805407521875491,0,0
eSwatini (Swaziland),1997,1.13,1.13,,SWZ,2202213676.64425,0.051312005369156664,0,0
eSwatini (Swaziland),1998,1.19,1.19,,SWZ,2259560192.01763,0.052665116167470306,0,0
eSwatini (Swaziland),1999,0.34,0.34,,SWZ,2326236997.19888,0.014615879654971024,0,0
eSwatini (Swaziland),2000,0.22,,,SWZ,2367182799.34336,0.009293747828052252,0,0
eSwatini (Swaziland),2001,0.25,,,SWZ,2400612484.65221,0.010414008991385332,0,0
eSwatini (Swaziland),2002,7.69,1.07,0.15,SWZ,2498765077.55051,0.3077520199513255,0,0
eSwatini (Swaziland),2003,16.48,,,SWZ,2612175410.09597,0.6308917822404021,0,0
eSwatini (Swaziland),2004,13.54,,,SWZ,2706660911.50653,0.5002473690900433,0,0
eSwatini (Swaziland),2005,20.9,,,SWZ,2868851690.22305,0.7285144809411548,0,0
eSwatini (Swaziland),2006,23.66,,,SWZ,3061891254.30998,0.7727250262952907,0,0
eSwatini (Swaziland),2007,6.52,,1.03,SWZ,3194095189.73391,0.20412666538416974,0,0
eSwatini (Swaziland),2008,3.67,,,SWZ,3240107842.57048,0.11326783484738809,0,0
eSwatini (Swaziland),2009,7.36,1.23,,SWZ,3286542195.57087,0.22394357236364565,0,0
eSwatini (Swaziland),2010,14.73,4.43,,SWZ,3412233861.45679,0.4316820182339818,0,0
eSwatini (Swaziland),2011,14.88,4.85,,SWZ,3475009965.0534,0.42820021092432586,0,0
eSwatini (Swaziland),2012,11.0,1.07,,SWZ,3617154618.7404,0.3041064361199612,0,0
eSwatini (Swaziland),2013,11.13,2.04,,SWZ,3765262097.18702,0.29559695215679893,0,0
eSwatini (Swaziland),2014,11.68,1.66,,SWZ,3842727914.01316,0.3039507418000347,0,0
eSwatini (Swaziland),2015,11.53,0.73,,SWZ,3908217914.21824,0.2950193733582111,0,0
eSwatini (Swaziland),2016,13.08,1.4,,SWZ,4023477834.54531,0.3250918866184871,0,0
eSwatini (Swaziland),2017,8.69,,,SWZ,4165142616.56823,0.20863631332652707,0,0
eSwatini (Swaziland),2018,4.77,1.45,,SWZ,4167866438.89669,0.11444704550711815,0,0
eSwatini (Swaziland),2019,3.07,,,SWZ,4435938143.62829,0.06920745737651231,0,0
eSwatini (Swaziland),2020,0.09,,,SWZ,4304996589.59367,0.002090593990656209,0,0
eSwatini (Swaziland),2021,0.0,,,SWZ,4487365678.93282,0.0,0,0
eSwatini (Swaziland),2022,0.4,,,SWZ,4504690089.10423,0.00887963416101597,0,0
eSwatini (Swaziland),2023,0.4,,,SWZ,4663821718.37207,0.008576657174185936,0,0
Ethiopia,1960,,,,ETH,,,0,0
Ethiopia,1961,,,,ETH,5060754512.88356,0.0,0,0
Ethiopia,1962,,,,ETH,5279687375.38478,0.0,0,0
Ethiopia,1963,,,,ETH,5518257120.31888,0.0,0,0
Ethiopia,1964,,,,ETH,5743980633.82856,0.0,0,0
Ethiopia,1965,,,,ETH,6075519291.02073,0.0,0,0
Ethiopia,1966,,,,ETH,6516395304.62888,0.0,0,0
Ethiopia,1967,,,,ETH,6781064426.53545,0.0,0,0
Ethiopia,1968,,,,ETH,7061948852.89127,0.0,0,0
Ethiopia,1969,,,,ETH,7160015128.76836,0.0,0,0
Ethiopia,1970,0.46,,,ETH,7409379033.4916,0.006208347527110235,0,0
Ethiopia,1971,0.42,0.32,,ETH,7892950389.99238,0.005321204102999632,0,0
Ethiopia,1972,0.77,0.75,,ETH,8226597999.33627,0.009359883636736892,0,0
Ethiopia,1973,0.07,0.04,,ETH,8646966422.00795,0.0008095324600988215,0,0
Ethiopia,1974,0.13,0.09,,ETH,8930038558.08361,0.0014557607915625622,0,0
Ethiopia,1975,0.32,0.3,,ETH,9041318600.70302,0.0035393067552681747,0,0
Ethiopia,1976,1.2,1.2,,ETH,9054773015.49064,0.013252678978778099,0,0
Ethiopia,1977,1.26,1.26,,ETH,9301577299.83524,0.013546089651077979,0,0
Ethiopia,1978,0.81,0.81,,ETH,9556441106.78672,0.008475958685339048,0,0
Ethiopia,1979,1.71,1.48,,ETH,9451247272.62038,0.018092850082906554,0,0
Ethiopia,1980,1.13,0.9,,ETH,10058411101.9855,0.011234378755675848,0,0
Ethiopia,1981,1.28,0.96,,ETH,10499125225.0731,0.012191491886802294,0,0
Ethiopia,1982,1.36,0.75,,ETH,10595298666.9711,0.01283588167495033,0,0
Ethiopia,1983,1.22,0.74,,ETH,11467822118.1558,0.010638462887111773,0,0
Ethiopia,1984,1.29,0.84,,ETH,11141216084.1289,0.011578628313633155,0,0
Ethiopia,1985,1.42,1.42,,ETH,9899599637.68004,0.014344014424534599,0,0
Ethiopia,1986,1.14,1.14,,ETH,10856060579.9856,0.01050104678028162,0,0
Ethiopia,1987,54.11,11.15,,ETH,12360637883.6444,0.4377605792626477,0,0
Ethiopia,1988,15.69,6.6,,ETH,12422895311.5853,0.1262990599733049,0,0
Ethiopia,1989,68.52,13.09,,ETH,12378043171.1061,0.553560841991126,0,0
Ethiopia,1990,278.94,42.8,0.02,ETH,12715524549.8114,2.1936963662591276,1,0
Ethiopia,1991,1087.41,118.79,24.15,ETH,11807956564.2102,9.209129404285997,1,1
Ethiopia,1992,1965.44,180.44,32.97,ETH,10783913879.266,18.2256648375031,1,1
Ethiopia,1993,2517.83,175.98,33.41,ETH,12201225772.2542,20.63587746835723,1,1
Ethiopia,1994,3259.01,204.26,43.5,ETH,12590440553.1192,25.88479717012445,1,1
Ethiopia,1995,4099.59,207.18,46.32,ETH,13361921235.3205,30.681141789425215,1,1
Ethiopia,1996,4801.61,216.31,48.27,ETH,15022296788.5679,31.963221520520534,1,1
Ethiopia,1997,5413.23,261.63,49.79,ETH,15493081576.9196,34.93965982896658,1,1
Ethiopia,1998,5828.39,255.46,51.29,ETH,14957309259.7395,38.96683486840941,1,1
Ethiopia,1999,1448.4,63.37,52.76,ETH,15729427374.8572,9.208218236318023,1,1
Ethiopia,2000,717.09,49.79,52.76,ETH,16684709707.888,4.297887182663914,1,0
Ethiopia,2001,685.17,55.5,123.0,ETH,18069758569.7896,3.7918049505405094,1,0
Ethiopia,2002,722.59,38.24,41.79,ETH,18343465847.9802,3.9392228600003873,1,0
Ethiopia,2003,761.49,39.22,37.1,ETH,17946997565.4188,4.242993833504932,1,0
Ethiopia,2004,1534.64,16.72,30.93,ETH,20382872320.545,7.52906644297209,1,1
Ethiopia,2005,2117.21,13.67,30.93,ETH,22791876293.8269,9.289318583101641,1,1
Ethiopia,2006,4791.84,43.82,28.13,ETH,25261313883.9249,18.96908459321785,1,1
Ethiopia,2007,449.12,40.18,18.5,ETH,28155292189.364,1.595153042558942,1,0
Ethiopia,2008,465.95,39.71,,ETH,31192831993.2611,1.4937726721980995,1,0
Ethiopia,2009,435.36,39.78,,ETH,33938597623.7578,1.2827872407292338,1,0
Ethiopia,2010,595.54,37.89,,ETH,38198074328.8086,1.5590838293930689,1,0
Ethiopia,2011,586.13,37.61,,ETH,42467968231.3241,1.3801696299840271,1,0
Ethiopia,2012,407.01,33.68,,ETH,46140518129.2398,0.8821097302374523,0,0
Ethiopia,2013,409.52,35.27,,ETH,51023232360.2629,0.8026147718523138,0,0
Ethiopia,2014,409.45,35.21,,ETH,56256936828.9833,0.7278213551596242,0,0
Ethiopia,2015,409.15,35.1,,ETH,62103418181.8182,0.6588204191951956,0,0
Ethiopia,2016,409.11,35.06,,ETH,67961933367.1549,0.601969337437533,0,0
Ethiopia,2017,410.45,35.16,,ETH,74461941569.3207,0.5512211894419777,0,0
Ethiopia,2018,2909.73,35.59,2491.0,ETH,79537377550.6924,3.6583177489671583,1,0
Ethiopia,2019,528.42,35.56,109.84,ETH,86189951997.3118,0.613087706576842,0,0
Ethiopia,2020,602.63,117.99,51.7,ETH,91412658764.8075,0.6592412999937854,0,0
Ethiopia,2021,573.94,89.31,290.0,ETH,96569731966.5325,0.5943270094183407,0,0
Ethiopia,2022,917.47,37.37,503.0,ETH,101708941223.239,0.9020544201578726,0,0
Ethiopia,2023,20509.0,100.0,13700.0,ETH,108415879001.877,18.916970640107923,1,1
Fiji,1960,,,,FJI,864434172.569941,0.0,0,0
Fiji,1961,,,,FJI,894841353.354185,0.0,0,0
Fiji,1962,,,,FJI,927110246.898094,0.0,0,0
Fiji,1963,,,,FJI,986063073.139143,0.0,0,0
Fiji,1964,,,,FJI,1034156137.52655,0.0,0,0
Fiji,1965,,,,FJI,1006231161.23722,0.0,0,0
Fiji,1966,,,,FJI,1006231161.23722,0.0,0,0
Fiji,1967,,,,FJI,1140581418.13159,0.0,0,0
Fiji,1968,,,,FJI,1230872370.49722,0.0,0,0
Fiji,1969,,,,FJI,1262830870.06892,0.0,0,0
Fiji,1970,,,,FJI,1423244627.55804,0.0,0,0
Fiji,1971,,,,FJI,1521291759.85239,0.0,0,0
Fiji,1972,,,,FJI,1635164657.43631,0.0,0,0
Fiji,1973,,,,FJI,1825054178.68311,0.0,0,0
Fiji,1974,,,,FJI,1872526573.90302,0.0,0,0
Fiji,1975,,,,FJI,1882454919.2189,0.0,0,0
Fiji,1976,0.03,,,FJI,1933961959.01465,0.001551219756943148,0,0
Fiji,1977,0.19,,,FJI,2048143301.74906,0.009276694645230392,0,0
Fiji,1978,,,,FJI,2086308433.85152,0.0,0,0
Fiji,1979,0.7,,,FJI,2341355880.03453,0.029897206399467836,0,0
Fiji,1980,0.3,,,FJI,2303813246.65554,0.013021888837366132,0,0
Fiji,1981,,,,FJI,2449644407.23484,0.0,0,0
Fiji,1982,0.0,0.0,,FJI,2303192754.43148,0.0,0,0
Fiji,1983,,,,FJI,2211983488.14031,0.0,0,0
Fiji,1984,,,,FJI,2397635803.6856,0.0,0,0
Fiji,1985,,,,FJI,2287021478.74166,0.0,0,0
Fiji,1986,,,,FJI,2464263538.56414,0.0,0,0
Fiji,1987,,,,FJI,2301252012.4787,0.0,0,0
Fiji,1988,,,,FJI,2323246340.57755,0.0,0,0
Fiji,1989,,,,FJI,2496064096.57135,0.0,0,0
Fiji,1990,0.02,,,FJI,2640835882.16179,0.000757335968323332,0,0
Fiji,1991,0.05,,,FJI,2569533223.62914,0.0019458787121413958,0,0
Fiji,1992,0.07,,,FJI,2726274790.8792,0.0025676061794719382,0,0
Fiji,1993,0.08,,,FJI,2784345343.43662,0.00287320680922643,0,0
Fiji,1994,0.11,,,FJI,2926346907.2576,0.003758952833896427,0,0
Fiji,1995,0.14,,,FJI,2999505550.57793,0.004667435937000533,0,0
Fiji,1996,0.15,,,FJI,3143481852.78106,0.004771778779867743,0,0
Fiji,1997,0.15,,,FJI,3074325265.20979,0.004879119385884632,0,0
Fiji,1998,0.2,,,FJI,3114291482.04859,0.006422006454849866,0,0
Fiji,1999,0.19,,,FJI,3388349095.97074,0.005607450549470796,0,0
Fiji,2000,0.2,,,FJI,3330747237.18126,0.00600465858734017,0,0
Fiji,2001,0.21,,,FJI,3397362190.95907,0.006181266176413099,0,0
Fiji,2002,0.56,,,FJI,3506077734.09198,0.015972264235750933,0,0
Fiji,2003,0.72,,,FJI,3541138476.19955,0.020332444066765907,0,0
Fiji,2004,0.4,,,FJI,3728818846.10921,0.010727257517950358,0,0
Fiji,2005,0.37,,,FJI,3754920562.85453,0.009853737084619497,0,0
Fiji,2006,3.99,0.99,,FJI,3824479849.43709,0.10432791273791839,0,0
Fiji,2007,3.41,0.28,,FJI,3791946783.29969,0.08992742237359866,0,0
Fiji,2008,2.9,0.4,,FJI,3831109770.32145,0.07569608217612295,0,0
Fiji,2009,4.14,0.1,,FJI,3778009151.43962,0.10958152386746978,0,0
Fiji,2010,0.14,0.11,,FJI,3889636956.0034,0.0035993076367684946,0,0
Fiji,2011,0.58,0.12,,FJI,3994857171.09434,0.014518666754764513,0,0
Fiji,2012,0.34,0.21,,FJI,4051237155.71045,0.00839249806742986,0,0
Fiji,2013,1.17,0.62,,FJI,4243031650.4939,0.027574623438498484,0,0
Fiji,2014,0.06,0.03,,FJI,4480790522.10627,0.0013390494312105446,0,0
Fiji,2015,,,,FJI,4682479893.97558,0.0,0,0
Fiji,2016,,,,FJI,4796997058.29905,0.0,0,0
Fiji,2017,6.14,,6.14,FJI,5053797788.67878,0.1214927912975558,0,0
Fiji,2018,,,,FJI,5246466296.15652,0.0,0,0
Fiji,2019,,,,FJI,5215934664.43218,0.0,0,0
Fiji,2020,19.09,8.54,10.55,FJI,4319652692.23429,0.4419336775458659,0,0
Fiji,2021,70.65,18.83,29.0,FJI,4131922227.74208,1.7098579330862,1,0
Fiji,2022,,,,FJI,4865137073.66065,0.0,0,0
Fiji,2023,,,,FJI,5324525626.08745,0.0,0,0
Gabon,1960,,,,GAB,1696430402.16032,0.0,0,0
Gabon,1961,,,,GAB,1946939619.42109,0.0,0,0
Gabon,1962,,,,GAB,2091971271.33539,0.0,0,0
Gabon,1963,,,,GAB,2219423267.20213,0.0,0,0
Gabon,1964,,,,GAB,2320505870.85802,0.0,0,0
Gabon,1965,,,,GAB,2513881414.09618,0.0,0,0
Gabon,1966,,,,GAB,2627207303.04505,0.0,0,0
Gabon,1967,,,,GAB,2735320899.36372,0.0,0,0
Gabon,1968,,,,GAB,2803944654.17385,0.0,0,0
Gabon,1969,,,,GAB,3030584989.18453,0.0,0,0
Gabon,1970,,,,GAB,3293619830.31703,0.0,0,0
Gabon,1971,,,,GAB,3631503425.96331,0.0,0,0
Gabon,1972,,,,GAB,4043205904.71932,0.0,0,0
Gabon,1973,,,,GAB,4454902662.03178,0.0,0,0
Gabon,1974,,,,GAB,6214014316.31316,0.0,0,0
Gabon,1975,0.18,0.18,,GAB,7406490804.13761,0.0024303007289152865,0,0
Gabon,1976,0.05,0.05,,GAB,10045078184.8121,0.000497756205378259,0,0
Gabon,1977,,,,GAB,8781197289.68249,0.0,0,0
Gabon,1978,60.0,,,GAB,6669389058.07285,0.8996326271800563,0,0
Gabon,1979,,,,GAB,6701028991.88961,0.0,0,0
Gabon,1980,0.03,,,GAB,6872102050.9686,0.00043654764986750445,0,0
Gabon,1981,1.53,,,GAB,7222258278.85147,0.021184509621875645,0,0
Gabon,1982,5.08,4.67,,GAB,6998547355.48186,0.07258649176705091,0,0
Gabon,1983,0.4,0.1,,GAB,7391042735.22878,0.005411956260155741,0,0
Gabon,1984,0.09,0.09,,GAB,7946028913.78889,0.001132641234715637,0,0
Gabon,1985,0.29,0.11,,GAB,7760652085.26897,0.003736799392804492,0,0
Gabon,1986,128.22,67.88,,GAB,7698287660.97566,1.6655651964004388,1,0
Gabon,1987,370.59,0.32,,GAB,6378336008.80052,5.810136052548468,1,1
Gabon,1988,462.35,0.81,,GAB,7197655800.48086,6.423619200700198,1,1
Gabon,1989,1003.94,233.37,,GAB,7812717800.63261,12.850073759463182,1,1
Gabon,1990,719.62,290.57,1.01,GAB,8218372646.58668,8.756234730958305,1,1
Gabon,1991,927.03,286.09,1.94,GAB,8720720960.85617,10.630199087450075,1,1
Gabon,1992,890.94,376.64,,GAB,8451237981.301,10.542124147625138,1,1
Gabon,1993,1291.71,460.76,,GAB,8784770737.08178,14.703969388153826,1,1
Gabon,1994,2066.08,520.08,,GAB,9110927737.90141,22.676944208492824,1,1
Gabon,1995,1061.22,30.22,,GAB,9564091413.41355,11.095878888313937,1,1
Gabon,1996,333.7,4.07,,GAB,9910794415.49417,3.3670358400160714,1,0
Gabon,1997,263.87,0.84,,GAB,10479512210.8024,2.5179607093543894,1,0
Gabon,1998,292.34,2.84,,GAB,10843972206.2432,2.69587559281728,1,0
Gabon,1999,284.58,5.08,1.0,GAB,9875321072.27314,2.881729089285137,1,0
Gabon,2000,940.7,12.72,1.0,GAB,9689372094.82624,9.708575445278836,1,1
Gabon,2001,213.05,3.38,2.69,GAB,9896262806.17442,2.152832884218425,1,0
Gabon,2002,114.42,10.9,4.03,GAB,9871617829.34082,1.1590805274077391,1,0
Gabon,2003,771.44,69.13,4.34,GAB,10093465659.4406,7.64296452803065,1,1
Gabon,2004,1139.12,54.69,5.45,GAB,10163064451.2538,11.208430345627383,1,1
Gabon,2005,835.93,38.05,8.28,GAB,10435048720.8443,8.010791538809077,1,1
Gabon,2006,1104.3,32.8,10.32,GAB,10142180902.0393,10.888190722154809,1,1
Gabon,2007,2371.09,18.97,15.12,GAB,10751534086.7123,22.053504001167642,1,1
Gabon,2008,2286.18,3.78,19.06,GAB,10395827037.7727,21.99132393885819,1,1
Gabon,2009,54.58,0.65,7.22,GAB,10409376035.5652,0.5243349823612791,0,0
Gabon,2010,8.51,0.63,7.44,GAB,11147389066.6347,0.07634074624228662,0,0
Gabon,2011,9.24,1.19,7.82,GAB,11937934403.3789,0.07740032477800113,0,0
Gabon,2012,10.96,0.01,9.56,GAB,12564804521.2615,0.08722777963997821,0,0
Gabon,2013,24.62,,21.78,GAB,13273296028.5793,0.18548520237166133,0,0
Gabon,2014,,,,GAB,13846034032.3711,0.0,0,0
Gabon,2015,25.44,15.03,6.66,GAB,14383107762.6952,0.1768741527890276,0,0
Gabon,2016,175.46,81.13,,GAB,14683922149.3088,1.1949123552678278,1,0
Gabon,2017,543.91,83.82,453.0,GAB,14753324537.1727,3.686694470995714,1,0
Gabon,2018,51.97,24.79,0.66,GAB,14876945089.6921,0.3493324717317727,0,0
Gabon,2019,16.14,0.66,,GAB,15460241661.1259,0.10439681574048951,0,0
Gabon,2020,242.66,12.43,112.0,GAB,15176119359.5533,1.5989594852998212,1,0
Gabon,2021,99.54,21.41,24.0,GAB,15398898313.8373,0.646409879273989,0,0
Gabon,2022,89.79,1.2,2.04,GAB,15866657481.1283,0.5659036889577761,0,0
Gabon,2023,510.0,10.0,,GAB,16253635205.6306,3.1377596060684647,1,0
The Gambia,1960,,,,GMB,,,0,0
The Gambia,1961,,,,GMB,,,0,0
The Gambia,1962,,,,GMB,,,0,0
The Gambia,1963,,,,GMB,,,0,0
The Gambia,1964,,,,GMB,,,0,0
The Gambia,1965,,,,GMB,,,0,0
The Gambia,1966,,,,GMB,253504725.723235,0.0,0,0
The Gambia,1967,,,,GMB,253504725.723235,0.0,0,0
The Gambia,1968,,,,GMB,277780701.967519,0.0,0,0
The Gambia,1969,,,,GMB,284546114.523255,0.0,0,0
The Gambia,1970,,,,GMB,302056645.839376,0.0,0,0
The Gambia,1971,,,,GMB,301857659.86377,0.0,0,0
The Gambia,1972,,,,GMB,302587264.271584,0.0,0,0
The Gambia,1973,,,,GMB,330577582.495729,0.0,0,0
The Gambia,1974,,,,GMB,350011556.292565,0.0,0,0
The Gambia,1975,,,,GMB,393389990.330913,0.0,0,0
The Gambia,1976,,,,GMB,422308976.529101,0.0,0,0
The Gambia,1977,0.02,,,GMB,436834614.983294,0.004578391756057351,0,0
The Gambia,1978,0.04,,,GMB,464427038.901168,0.008612762963724032,0,0
The Gambia,1979,,,,GMB,458258597.172334,0.0,0,0
The Gambia,1980,0.29,0.1,,GMB,486991776.014378,0.05954926023051322,0,0
The Gambia,1981,0.57,0.2,,GMB,503169126.654155,0.11328199005178234,0,0
The Gambia,1982,2.42,0.4,,GMB,499321982.876258,0.4846572117774603,0,0
The Gambia,1983,4.95,2.0,,GMB,553664331.566174,0.8940435057461121,0,0
The Gambia,1984,11.38,6.7,,GMB,573237790.274772,1.985214546749471,1,0
The Gambia,1985,56.86,9.8,,GMB,568581582.283382,10.000323923904535,1,1
The Gambia,1986,49.6,4.5,,GMB,591842657.034875,8.380605792846268,1,1
The Gambia,1987,11.63,2.6,,GMB,606368444.288168,1.9179757966549145,1,0
The Gambia,1988,28.83,1.9,,GMB,633514510.041076,4.550803421713374,1,0
The Gambia,1989,11.36,6.6,,GMB,670864763.575962,1.6933368119450662,1,0
The Gambia,1990,2.49,,,GMB,694740031.231163,0.3584074456725086,0,0
The Gambia,1991,4.09,,,GMB,716325876.505343,0.5709691823438537,0,0
The Gambia,1992,2.2,,,GMB,740528298.603424,0.297085203110944,0,0
The Gambia,1993,4.46,,,GMB,762833761.663294,0.5846621143609783,0,0
The Gambia,1994,6.4,0.1,,GMB,764011164.754756,0.8376840935373464,0,0
The Gambia,1995,2.89,0.1,,GMB,770748583.770315,0.37496014405408584,0,0
The Gambia,1996,2.05,,,GMB,787886530.287664,0.2601897508327154,0,0
The Gambia,1997,1.15,,,GMB,826492963.259544,0.13914214048049492,0,0
The Gambia,1998,0.87,,,GMB,855420206.246188,0.10170440137459366,0,0
The Gambia,1999,1.43,,1.28,GMB,910167091.320248,0.1571140083658381,0,0
The Gambia,2000,3.29,,1.95,GMB,960226283.311822,0.3426275719773869,0,0
The Gambia,2001,6.56,,3.87,GMB,1015919410.0795,0.6457205103982266,0,0
The Gambia,2002,11.03,,5.79,GMB,982902027.731066,1.12218712433239,1,0
The Gambia,2003,17.81,0.48,7.71,GMB,1050427393.31825,1.6955003376043973,1,0
The Gambia,2004,19.54,0.4,9.7,GMB,1124482524.55398,1.7376881875287866,1,0
The Gambia,2005,29.75,,11.46,GMB,1098037738.85618,2.7093786440337118,1,0
The Gambia,2006,33.19,,13.5,GMB,1091937250.0561,3.039551952119484,1,0
The Gambia,2007,45.15,,4.79,GMB,1125167625.04935,4.012735435577406,1,0
The Gambia,2008,267.23,0.11,10.87,GMB,1195557048.77095,22.35192375593589,1,1
The Gambia,2009,31.18,1.45,12.24,GMB,1275249585.58493,2.4450115767493776,1,0
The Gambia,2010,45.26,0.41,13.34,GMB,1350595613.51288,3.3511140971559485,1,0
The Gambia,2011,27.47,0.03,13.95,GMB,1240786190.47581,2.2139189016494414,1,0
The Gambia,2012,34.5,,13.98,GMB,1305822857.84822,2.642012260135367,1,0
The Gambia,2013,21.46,,14.37,GMB,1343336129.36544,1.5975152853319887,1,0
The Gambia,2014,16.24,,,GMB,1324430251.83027,1.2261876363483433,1,0
The Gambia,2015,13.97,,,GMB,1378176608.93204,1.0136581849858461,1,0
The Gambia,2016,1.5,,,GMB,1404959537.12175,0.10676464057270668,0,0
The Gambia,2017,59.93,,12.0,GMB,1472715273.80675,4.069354142371991,1,0
The Gambia,2018,9.67,,,GMB,1579264608.77791,0.6123103086241503,0,0
The Gambia,2019,6.48,,,GMB,1677527292.27233,0.3862828360439,0,0
The Gambia,2020,23.49,,2.6,GMB,1687449652.95674,1.3920415319556914,1,0
The Gambia,2021,21.89,,,GMB,1776141480.03218,1.2324468656406469,1,0
The Gambia,2022,24.48,,2.04,GMB,1873704900.09444,1.3065024272907724,1,0
The Gambia,2023,36.0,,,GMB,1984568192.28141,1.813996623548385,1,0
Georgia,1960,,,,GEO,5243159135.67355,0.0,0,0
Georgia,1961,,,,GEO,5498288150.05056,0.0,0,0
Georgia,1962,,,,GEO,5779416530.19967,0.0,0,0
Georgia,1963,,,,GEO,6022260625.29458,0.0,0,0
Georgia,1964,,,,GEO,6349244544.44395,0.0,0,0
Georgia,1965,,,,GEO,7019638203.70375,0.0,0,0
Georgia,1966,,,,GEO,7548614493.0108,0.0,0,0
Georgia,1967,,,,GEO,8020635559.04975,0.0,0,0
Georgia,1968,,,,GEO,8378001665.83002,0.0,0,0
Georgia,1969,,,,GEO,8778177254.15168,0.0,0,0
Georgia,1970,,,,GEO,9836129832.76578,0.0,0,0
Georgia,1971,,,,GEO,10079213236.6486,0.0,0,0
Georgia,1972,,,,GEO,10365106122.0728,0.0,0,0
Georgia,1973,,,,GEO,11037028854.092,0.0,0,0
Georgia,1974,,,,GEO,12009362469.6233,0.0,0,0
Georgia,1975,,,,GEO,12895704865.7106,0.0,0,0
Georgia,1976,,,,GEO,13682282556.9885,0.0,0,0
Georgia,1977,,,,GEO,14625580176.3439,0.0,0,0
Georgia,1978,,,,GEO,15712196494.7727,0.0,0,0
Georgia,1979,,,,GEO,16870286034.5575,0.0,0,0
Georgia,1980,,,,GEO,17642345727.7474,0.0,0,0
Georgia,1981,,,,GEO,18571497605.3761,0.0,0,0
Georgia,1982,,,,GEO,18943381710.2443,0.0,0,0
Georgia,1983,,,,GEO,19758250884.9756,0.0,0,0
Georgia,1984,,,,GEO,20830721461.6776,0.0,0,0
Georgia,1985,,,,GEO,21860010300.477,0.0,0,0
Georgia,1986,,,,GEO,20072807510.2145,0.0,0,0
Georgia,1987,,,,GEO,20330036655.824,0.0,0,0
Georgia,1988,,,,GEO,21459462455.7942,0.0,0,0
Georgia,1989,,,,GEO,19915715325.7756,0.0,0,0
Georgia,1990,,,,GEO,16970422995.7282,0.0,0,0
Georgia,1991,,,,GEO,13389689057.0621,0.0,0,0
Georgia,1992,1.1,1.1,,GEO,7377748823.20649,0.014909697068297888,0,0
Georgia,1993,0.2,0.2,,GEO,5216056133.54707,0.0038343145640956553,0,0
Georgia,1994,58.35,1.0,,GEO,4673678615.23576,1.2484812243996497,1,0
Georgia,1995,274.41,15.9,1.82,GEO,4795034188.99656,5.72279548349633,1,1
Georgia,1996,452.22,30.3,2.96,GEO,5332200118.25066,8.4809270089503,1,1
Georgia,1997,154.74,11.35,3.92,GEO,5893190454.62344,2.625742391858393,1,0
Georgia,1998,59.18,,,GEO,6075968327.9871,0.9740011271521172,0,0
Georgia,1999,113.43,,,GEO,6250184305.04248,1.814826482932475,1,0
Georgia,2000,180.67,,,GEO,6365211520.66238,2.838397426597993,1,0
Georgia,2001,357.45,,0.6,GEO,6671206249.59299,5.35810146810868,1,1
Georgia,2002,351.54,,1.38,GEO,7036389739.95908,4.99602797729684,1,0
Georgia,2003,322.93,,2.32,GEO,7814405534.92863,4.132496049207783,1,0
Georgia,2004,423.89,,3.38,GEO,8267069270.18365,5.1274518955443975,1,1
Georgia,2005,221.74,,2.91,GEO,9059975319.60238,2.4474680358150422,1,0
Georgia,2006,214.76,,2.6,GEO,9913559155.90151,2.1663259039731866,1,0
Georgia,2007,41.87,,,GEO,11160245709.6589,0.37517095133275263,0,0
Georgia,2008,35.37,,,GEO,11430503827.9115,0.3094351791705979,0,0
Georgia,2009,35.37,,,GEO,11013204446.9733,0.32115993279068333,0,0
Georgia,2010,35.37,,,GEO,11701134202.5253,0.3022783893237167,0,0
Georgia,2011,35.37,,,GEO,12629541567.4316,0.28005767122387326,0,0
Georgia,2012,35.68,,,GEO,13460417765.6957,0.265073496388289,0,0
Georgia,2013,51.6,,,GEO,14151325572.1376,0.3646301523978412,0,0
Georgia,2014,35.37,,,GEO,14730184213.8494,0.2401191966543428,0,0
Georgia,2015,35.37,,,GEO,15223796148.8396,0.23233364171587387,0,0
Georgia,2016,35.37,,,GEO,15749049874.5344,0.22458497675591155,0,0
Georgia,2017,35.37,,,GEO,16561685511.0983,0.2135652194113811,0,0
Georgia,2018,7.3,,,GEO,17565660917.3341,0.04155835658193899,0,0
Georgia,2019,7.3,,,GEO,18510819818.4957,0.039436394884606686,0,0
Georgia,2020,7.3,,,GEO,17346401920.57,0.04208365535070067,0,0
Georgia,2021,7.3,,,GEO,19192793472.268,0.03803510943077617,0,0
Georgia,2022,7.3,,,GEO,21296041913.2144,0.03427867032638717,0,0
Georgia,2023,7.0,,,GEO,22963990777.4548,0.03048250658100918,0,0
Ghana,1960,,,,GHA,7662648270.29804,0.0,0,0
Ghana,1961,,,,GHA,7925452126.85685,0.0,0,0
Ghana,1962,,,,GHA,8251121525.01243,0.0,0,0
Ghana,1963,,,,GHA,8614663810.56862,0.0,0,0
Ghana,1964,,,,GHA,8804989947.32713,0.0,0,0
Ghana,1965,116.0,,,GHA,8925530160.18407,1.2996426869684987,1,0
Ghana,1966,178.65,,,GHA,8545455168.92649,2.0905849538549814,1,0
Ghana,1967,57.0,,,GHA,8808259025.1072,0.647119934115542,0,0
Ghana,1968,246.0,,,GHA,8840749198.2964,2.7825696044788133,1,0
Ghana,1969,50.0,,,GHA,9371740063.47322,0.5335188520099619,0,0
Ghana,1970,43.44,21.44,,GHA,10282998639.478,0.42244486771813056,0,0
Ghana,1971,34.72,23.33,,GHA,10819372656.714,0.3209058519530185,0,0
Ghana,1972,76.12,45.07,,GHA,10550223948.3406,0.7215012721315038,0,0
Ghana,1973,112.68,64.23,,GHA,10854554040.8706,1.038089631096096,1,0
Ghana,1974,221.27,31.27,,GHA,11598364183.5822,1.9077690310260624,1,0
Ghana,1975,54.96,28.69,,GHA,10156498575.7214,0.5411313711142453,0,0
Ghana,1976,34.12,15.5,,GHA,9797955609.28167,0.34823591125150527,0,0
Ghana,1977,38.36,16.68,,GHA,10020771627.3309,0.38280485202732284,0,0
Ghana,1978,28.61,9.78,,GHA,10870125777.3191,0.2631984264588343,0,0
Ghana,1979,924.62,15.76,,GHA,10596748481.7835,8.72550671170012,1,1
Ghana,1980,9.29,2.88,,GHA,10646732914.4802,0.08725681459863653,0,0
Ghana,1981,18.32,4.69,,GHA,10273770732.8212,0.1783181703819206,0,0
Ghana,1982,2553.05,4.05,,GHA,9562450763.29886,26.698699561400378,1,1
Ghana,1983,17.89,2.46,,GHA,9126045611.45629,0.19603233165459932,0,0
Ghana,1984,29.7,5.74,,GHA,9915226744.35855,0.29953929209837143,0,0
Ghana,1985,44.14,5.69,,GHA,10420072141.8334,0.42360551250688,0,0
Ghana,1986,54.12,7.83,,GHA,10961828435.4331,0.49371325521809933,0,0
Ghana,1987,76.12,15.14,,GHA,11487437024.2462,0.662636929711438,0,0
Ghana,1988,77.45,18.02,,GHA,12133969366.5825,0.6382907164188234,0,0
Ghana,1989,113.48,37.68,,GHA,12751087602.0406,0.8899632999293284,0,0
Ghana,1990,132.97,37.94,,GHA,13175548086.442,1.009217978087984,1,0
Ghana,1991,167.24,55.43,,GHA,13871457663.3982,1.2056411377824146,1,0
Ghana,1992,121.94,59.93,,GHA,14409589638.7183,0.8462420031195718,0,0
Ghana,1993,158.64,70.47,,GHA,15108454815.9955,1.0500081042837415,1,0
Ghana,1994,150.98,80.26,,GHA,15607033785.5625,0.967384335001992,0,0
Ghana,1995,117.11,49.49,,GHA,16248860403.8684,0.7207274669682028,0,0
Ghana,1996,134.79,41.79,,GHA,16996707892.1917,0.7930359270451581,0,0
Ghana,1997,27.13,15.09,,GHA,17709950508.414,0.15319071607292484,0,0
Ghana,1998,79.17,14.01,,GHA,18542387390.0119,0.4269676732276986,0,0
Ghana,1999,107.99,31.66,,GHA,19358251846.5356,0.5578499590567428,0,0
Ghana,2000,111.11,31.22,,GHA,20074507180.6623,0.5534880582624307,0,0
Ghana,2001,463.0,106.24,,GHA,20877487493.6,2.2176998077088195,1,0
Ghana,2002,361.15,65.2,53.5,GHA,21816974338.743,1.6553624457386968,1,0
Ghana,2003,260.62,147.9,66.0,GHA,22951457033.3962,1.1355270370015165,1,0
Ghana,2004,1642.99,82.99,,GHA,24236738625.149,6.778923622566811,1,1
Ghana,2005,145.39,40.66,,GHA,25666707129.5251,0.5664536524545215,0,0
Ghana,2006,4731.07,53.1,83.0,GHA,27309353954.6989,17.323990922113936,1,1
Ghana,2007,70.46,33.0,24.0,GHA,28496442169.6902,0.24725893702949234,0,0
Ghana,2008,38.19,13.11,0.8,GHA,31103809332.791,0.12278238845728272,0,0
Ghana,2009,45.49,30.2,0.86,GHA,32610629348.5193,0.13949439464609872,0,0
Ghana,2010,82.21,56.52,1.21,GHA,35186775129.0417,0.23363891603737022,0,0
Ghana,2011,140.33,76.75,9.46,GHA,40129504915.3457,0.3496928265026693,0,0
Ghana,2012,214.88,71.31,17.15,GHA,43858655296.9198,0.4899375016066465,0,0
Ghana,2013,468.35,71.31,71.29,GHA,47065830437.531,0.9950955834543838,0,0
Ghana,2014,1827.85,105.78,1500.0,GHA,48410143589.6826,3.7757582697803853,1,0
Ghana,2015,567.64,163.73,371.68,GHA,49436806230.4839,1.1482133318919372,1,0
Ghana,2016,600.52,190.61,366.27,GHA,51104539956.3997,1.1750815103948478,1,0
Ghana,2017,893.06,288.03,533.07,GHA,55258774288.879,1.6161415295448043,1,0
Ghana,2018,1213.57,352.13,787.17,GHA,58684861220.5087,2.0679438866524773,1,0
Ghana,2019,1011.48,363.46,545.73,GHA,62503939826.8611,1.6182659889950106,1,0
Ghana,2020,1625.88,596.77,908.0,GHA,62825173619.4157,2.587943504699735,1,0
Ghana,2021,161.06,72.83,12.87,GHA,66014472471.1465,0.2439768038294873,0,0
Ghana,2022,37514.23,2833.0,1404.23,GHA,68526223982.9084,54.744341391635245,1,1
Ghana,2023,39207.11,3031.31,1900.0,GHA,70678009775.3851,55.47285517037095,1,1
Greece,1960,368.6,,,GRC,41539985361.5399,0.8873378187111038,0,0
Greece,1961,377.75,,,GRC,47024857985.3205,0.8032985450331827,0,0
Greece,1962,386.91,,,GRC,47196410446.5485,0.8197869209527882,0,0
Greece,1963,301.08,,,GRC,52786762334.8895,0.5703702721714392,0,0
Greece,1964,307.64,,,GRC,57753826340.2219,0.5326746632988855,0,0
Greece,1965,314.21,,,GRC,63972764697.3105,0.4911621398366887,0,0
Greece,1966,,,,GRC,68127476783.7885,0.0,0,0
Greece,1967,,,,GRC,71989954837.5754,0.0,0,0
Greece,1968,,,,GRC,77175907942.2961,0.0,0,0
Greece,1969,,,,GRC,86100274027.8043,0.0,0,0
Greece,1970,,,,GRC,93789528052.5007,0.0,0,0
Greece,1971,,,,GRC,101143730558.398,0.0,0,0
Greece,1972,,,,GRC,111420086907.787,0.0,0,0
Greece,1973,,,,GRC,120436622701.813,0.0,0,0
Greece,1974,,,,GRC,112682623197.718,0.0,0,0
Greece,1975,,,,GRC,119856909405.256,0.0,0,0
Greece,1976,,,,GRC,128069383417.525,0.0,0,0
Greece,1977,,,,GRC,131835905144.408,0.0,0,0
Greece,1978,,,,GRC,141389873865.792,0.0,0,0
Greece,1979,,,,GRC,146030402056.192,0.0,0,0
Greece,1980,,,,GRC,147019219771.839,0.0,0,0
Greece,1981,,,,GRC,144734950884.65,0.0,0,0
Greece,1982,,,,GRC,143095614240.297,0.0,0,0
Greece,1983,,,,GRC,141552152406.143,0.0,0,0
Greece,1984,,,,GRC,144398172998.4,0.0,0,0
Greece,1985,,,,GRC,148021926593.792,0.0,0,0
Greece,1986,,,,GRC,148788176908.38,0.0,0,0
Greece,1987,,,,GRC,145427255498.996,0.0,0,0
Greece,1988,,,,GRC,151662975130.371,0.0,0,0
Greece,1989,,,,GRC,157426168113.858,0.0,0,0
Greece,1990,,,,GRC,157426168113.858,0.0,0,0
Greece,1991,,,,GRC,162306378863.087,0.0,0,0
Greece,1992,,,,GRC,163442524062.296,0.0,0,0
Greece,1993,,,,GRC,160827443641.566,0.0,0,0
Greece,1994,,,,GRC,164043992268.73,0.0,0,0
Greece,1995,,,,GRC,167488456016.048,0.0,0,0
Greece,1996,,,,GRC,169803934634.075,0.0,0,0
Greece,1997,,,,GRC,175921772178.591,0.0,0,0
Greece,1998,,,,GRC,181968090540.634,0.0,0,0
Greece,1999,,,,GRC,186806231970.762,0.0,0,0
Greece,2000,,,,GRC,194535950663.831,0.0,0,0
Greece,2001,,,,GRC,203582678904.899,0.0,0,0
Greece,2002,,,,GRC,213116735217.242,0.0,0,0
Greece,2003,,,,GRC,225470734593.334,0.0,0,0
Greece,2004,,,,GRC,237596249349.014,0.0,0,0
Greece,2005,,,,GRC,240408216059.142,0.0,0,0
Greece,2006,,,,GRC,255898673342.699,0.0,0,0
Greece,2007,,,,GRC,264872706550.759,0.0,0,0
Greece,2008,,,,GRC,265024939553.215,0.0,0,0
Greece,2009,,,,GRC,254107830646.221,0.0,0,0
Greece,2010,,,,GRC,239639588360.141,0.0,0,0
Greece,2011,,,,GRC,215970916413.204,0.0,0,0
Greece,2012,312420.0,,,GRC,197978089510.093,157.80534137545192,1,1
Greece,2013,212819.0,,,GRC,193479795684.276,109.99546451210962,1,1
Greece,2014,,,,GRC,195012591113.587,0.0,0,0
Greece,2015,2222.0,,,GRC,194567373678.099,1.1420208630025384,1,0
Greece,2016,,,,GRC,194505511433.343,0.0,0,0
Greece,2017,,,,GRC,197370820217.692,0.0,0,0
Greece,2018,110938.0,,,GRC,201445880434.67,55.07087052891002,1,1
Greece,2019,,,,GRC,206033167050.895,0.0,0,0
Greece,2020,,,,GRC,187085880047.738,0.0,0,0
Greece,2021,,,,GRC,203277223532.871,0.0,0,0
Greece,2022,,,,GRC,214502162962.972,0.0,0,0
Greece,2023,,,,GRC,219083738943.271,0.0,0,0
Grenada,1960,,,,GRD,,,0,0
Grenada,1961,,,,GRD,,,0,0
Grenada,1962,,,,GRD,,,0,0
Grenada,1963,,,,GRD,,,0,0
Grenada,1964,,,,GRD,,,0,0
Grenada,1965,,,,GRD,,,0,0
Grenada,1966,,,,GRD,,,0,0
Grenada,1967,,,,GRD,,,0,0
Grenada,1968,,,,GRD,,,0,0
Grenada,1969,,,,GRD,,,0,0
Grenada,1970,,,,GRD,,,0,0
Grenada,1971,,,,GRD,,,0,0
Grenada,1972,,,,GRD,,,0,0
Grenada,1973,,,,GRD,,,0,0
Grenada,1974,,,,GRD,,,0,0
Grenada,1975,,,,GRD,,,0,0
Grenada,1976,,,,GRD,,,0,0
Grenada,1977,,,,GRD,294935712.434929,0.0,0,0
Grenada,1978,,,,GRD,310689415.023815,0.0,0,0
Grenada,1979,,,,GRD,328094495.435333,0.0,0,0
Grenada,1980,,,,GRD,326339898.60685,0.0,0,0
Grenada,1981,0.42,0.42,,GRD,331346564.449883,0.12675550165950975,0,0
Grenada,1982,0.42,0.42,,GRD,345012163.476187,0.1217348384962053,0,0
Grenada,1983,0.73,0.1,,GRD,357544988.718075,0.20417011090473053,0,0
Grenada,1984,2.61,0.89,,GRD,370303857.706844,0.7048265757107618,0,0
Grenada,1985,6.95,2.65,,GRD,392446947.632986,1.7709400065202183,1,0
Grenada,1986,8.86,3.33,,GRD,420680655.446063,2.106110629357421,1,0
Grenada,1987,14.43,5.8,,GRD,458951763.014822,3.1441212700023944,1,0
Grenada,1988,18.65,7.85,,GRD,472567905.754739,3.946522769085229,1,0
Grenada,1989,25.49,10.72,,GRD,490372992.122434,5.1980839910603756,1,1
Grenada,1990,37.88,15.86,,GRD,510049757.237171,7.426726405123247,1,1
Grenada,1991,45.27,17.18,,GRD,517116730.160327,8.75430968670545,1,1
Grenada,1992,43.29,18.23,,GRD,512715297.542475,8.443282306476084,1,1
Grenada,1993,43.44,18.71,,GRD,502672150.4058,8.641815538205472,1,1
Grenada,1994,45.25,19.51,,GRD,511185184.991459,8.851977977561312,1,1
Grenada,1995,46.91,20.13,,GRD,522070746.474282,8.98537225400942,1,1
Grenada,1996,49.37,21.36,,GRD,545241471.586559,9.054703754712893,1,1
Grenada,1997,17.29,7.47,,GRD,572588028.202019,3.0196230358312324,1,0
Grenada,1998,16.85,7.65,,GRD,639887179.228114,2.633276700484278,1,0
Grenada,1999,20.32,8.96,,GRD,684028916.017964,2.9706346506945556,1,0
Grenada,2000,15.94,6.99,,GRD,717463922.03278,2.221714501662666,1,0
Grenada,2001,13.73,3.48,,GRD,702943169.422603,1.9532162196380414,1,0
Grenada,2002,12.74,2.89,,GRD,727105600.384471,1.7521526437512627,1,0
Grenada,2003,12.27,2.96,,GRD,795918681.218461,1.5416147766774395,1,0
Grenada,2004,264.69,9.76,,GRD,790765503.201134,33.472628602094595,1,1
Grenada,2005,253.59,,,GRD,895749020.659748,28.310385403851495,1,1
Grenada,2006,22.2,6.2,,GRD,859960907.039514,2.581512696481207,1,0
Grenada,2007,26.83,10.43,,GRD,912620191.349021,2.9398867408730363,1,0
Grenada,2008,32.37,7.43,,GRD,921267656.665568,3.513636863922894,1,0
Grenada,2009,39.73,9.63,,GRD,860341634.562189,4.617932970338908,1,0
Grenada,2010,41.65,9.19,,GRD,855944031.100456,4.865972363456068,1,0
Grenada,2011,45.28,11.16,,GRD,862490064.656016,5.249915547497799,1,1
Grenada,2012,80.61,36.29,,GRD,852529700.227814,9.455389058992232,1,1
Grenada,2013,313.4,,,GRD,872573509.102323,35.91674474766216,1,1
Grenada,2014,329.77,,,GRD,936638937.786048,35.20780385016705,1,1
Grenada,2015,402.48,,,GRD,997007407.407407,40.36880739397903,1,1
Grenada,2016,155.92,0.0,,GRD,1034291535.85512,15.075053270264869,1,1
Grenada,2017,212.07,0.0,,GRD,1080200382.60863,19.632468513653137,1,1
Grenada,2018,22.58,0.0,,GRD,1127312678.42806,2.0029935289547045,1,0
Grenada,2019,24.71,0.0,,GRD,1134939081.03144,2.177209368589492,1,0
Grenada,2020,29.19,0.0,,GRD,978809798.804488,2.9821932755120026,1,0
Grenada,2021,30.16,0.0,,GRD,1024791581.86502,2.9430374462202122,1,0
Grenada,2022,31.46,0.0,,GRD,1099706286.21882,2.860763859791202,1,0
Grenada,2023,33.0,0.0,,GRD,1149485315.76389,2.8708500706744444,1,0
Guatemala,1960,,,,GTM,7658207835.01677,0.0,0,0
Guatemala,1961,,,,GTM,7987397303.99014,0.0,0,0
Guatemala,1962,,,,GTM,8269871710.51449,0.0,0,0
Guatemala,1963,,,,GTM,9058903803.4147,0.0,0,0
Guatemala,1964,,,,GTM,9478602131.04045,0.0,0,0
Guatemala,1965,,,,GTM,9892036890.2383,0.0,0,0
Guatemala,1966,,,,GTM,10437296250.3765,0.0,0,0
Guatemala,1967,,,,GTM,10866496201.8548,0.0,0,0
Guatemala,1968,,,,GTM,11819057068.0787,0.0,0,0
Guatemala,1969,,,,GTM,12378915047.9237,0.0,0,0
Guatemala,1970,,,,GTM,13085489109.5694,0.0,0,0
Guatemala,1971,,,,GTM,13816150702.7703,0.0,0,0
Guatemala,1972,,,,GTM,14829296165.7862,0.0,0,0
Guatemala,1973,,,,GTM,15835142758.1275,0.0,0,0
Guatemala,1974,,,,GTM,16844637844.1202,0.0,0,0
Guatemala,1975,,,,GTM,17173106736.0095,0.0,0,0
Guatemala,1976,,,,GTM,18441729746.6226,0.0,0,0
Guatemala,1977,,,,GTM,19881885120.4926,0.0,0,0
Guatemala,1978,,,,GTM,20875321250.242,0.0,0,0
Guatemala,1979,,,,GTM,21859270351.3774,0.0,0,0
Guatemala,1980,,,,GTM,22681174142.597,0.0,0,0
Guatemala,1981,,,,GTM,22827889270.4855,0.0,0,0
Guatemala,1982,,,,GTM,22022044460.2362,0.0,0,0
Guatemala,1983,0.25,,,GTM,21455617338.8059,0.0011651960232709555,0,0
Guatemala,1984,18.07,15.0,,GTM,21562186907.9435,0.08380411540418944,0,0
Guatemala,1985,76.56,63.0,,GTM,21430800103.4375,0.35724284501967696,0,0
Guatemala,1986,233.54,136.2,0.35,GTM,21461456776.3033,1.0881833532282095,1,0
Guatemala,1987,329.27,200.3,0.97,GTM,22222047221.7913,1.4817266686262482,1,0
Guatemala,1988,324.59,227.2,1.39,GTM,23087015313.1078,1.405941805806799,1,0
Guatemala,1989,914.33,229.6,1.73,GTM,23997241559.2825,3.810146252606784,1,0
Guatemala,1990,506.47,325.8,,GTM,24741771139.0548,2.047024027316051,1,0
Guatemala,1991,533.54,339.4,,GTM,25646886672.4939,2.0803304775866525,1,0
Guatemala,1992,519.77,365.5,,GTM,26887769953.3863,1.933109368687302,1,0
Guatemala,1993,907.98,373.3,,GTM,27943688156.5346,3.2493205439227966,1,0
Guatemala,1994,447.82,392.3,,GTM,29070864301.3334,1.5404426760695236,1,0
Guatemala,1995,477.6,409.1,7.5,GTM,30509449830.5571,1.5654166255127093,1,0
Guatemala,1996,488.7,406.7,15.0,GTM,31411852201.4039,1.5557821833191943,1,0
Guatemala,1997,474.2,411.7,22.5,GTM,32782693685.4238,1.4464949236640794,1,0
Guatemala,1998,461.0,397.0,25.0,GTM,34419706609.1969,1.3393490108274817,1,0
Guatemala,1999,492.1,443.1,20.0,GTM,35743854127.6914,1.3767401753655921,1,0
Guatemala,2000,541.4,499.4,15.0,GTM,37033802897.7301,1.461907656351392,1,0
Guatemala,2001,522.95,511.95,10.0,GTM,37897644076.0793,1.379901080262881,1,0
Guatemala,2002,522.05,521.36,,GTM,39352643430.8267,1.326594491467007,1,0
Guatemala,2003,534.98,534.98,,GTM,40360219725.0047,1.3255131008827474,1,0
Guatemala,2004,544.93,544.93,,GTM,41626689854.8393,1.3090879959475068,1,0
Guatemala,2005,544.93,544.93,,GTM,42990391422.8401,1.2675623132626037,1,0
Guatemala,2006,128.6,,,GTM,45290978278.1142,0.28394175813628414,0,0
Guatemala,2007,0.03,,,GTM,48161393073.4035,6.229055699090047e-05,0,0
Guatemala,2008,0.0,,,GTM,49747600113.1476,0.0,0,0
Guatemala,2009,,,,GTM,49984845476.1643,0.0,0,0
Guatemala,2010,,,,GTM,51426496107.1135,0.0,0,0
Guatemala,2011,,,,GTM,53567847518.1691,0.0,0,0
Guatemala,2012,0.0,,,GTM,55161334868.2406,0.0,0,0
Guatemala,2013,0.39,,,GTM,57199418297.9914,0.0006818251157174707,0,0
Guatemala,2014,,,,GTM,59741348010.7131,0.0,0,0
Guatemala,2015,,,,GTM,62186066547.6566,0.0,0,0
Guatemala,2016,,,,GTM,63851287023.2843,0.0,0,0
Guatemala,2017,,,,GTM,65817811666.4384,0.0,0,0
Guatemala,2018,,,,GTM,68060141106.7437,0.0,0,0
Guatemala,2019,,,,GTM,70794728365.1131,0.0,0,0
Guatemala,2020,3.91,,3.91,GTM,69530652260.4529,0.005623419129384321,0,0
Guatemala,2021,,,,GTM,75122101496.5524,0.0,0,0
Guatemala,2022,0.23,,,GTM,78243366193.0214,0.000293954633077269,0,0
Guatemala,2023,,,,GTM,81000900543.9077,0.0,0,0
Guinea,1960,,,,GIN,,,0,0
Guinea,1961,,,,GIN,,,0,0
Guinea,1962,,,,GIN,,,0,0
Guinea,1963,,,,GIN,,,0,0
Guinea,1964,,,,GIN,,,0,0
Guinea,1965,29.0,,,GIN,,,0,0
Guinea,1966,,,,GIN,,,0,0
Guinea,1967,7.0,,,GIN,,,0,0
Guinea,1968,9.0,,,GIN,,,0,0
Guinea,1969,9.0,,,GIN,,,0,0
Guinea,1970,21.64,10.47,,GIN,1942094537.42791,1.1142608963135128,1,0
Guinea,1971,41.88,14.32,,GIN,2046303803.61148,2.046616925897652,1,0
Guinea,1972,62.85,17.82,,GIN,2093679410.45577,3.0018922517998243,1,0
Guinea,1973,95.9,24.45,,GIN,2126493371.60931,4.509771875161022,1,0
Guinea,1974,129.62,27.98,,GIN,2238138977.04167,5.791418733582366,1,1
Guinea,1975,157.77,29.06,,GIN,2302528457.7449,6.85203257615848,1,1
Guinea,1976,172.31,25.62,,GIN,2484966268.00798,6.934098149273013,1,1
Guinea,1977,200.73,30.25,,GIN,2401643613.44062,8.358026098319895,1,1
Guinea,1978,242.94,44.76,,GIN,2564865665.15536,9.471841090955714,1,1
Guinea,1979,249.02,55.42,,GIN,2533885659.63891,9.82759419521268,1,1
Guinea,1980,134.27,20.76,,GIN,2599801856.25516,5.164624360773668,1,1
Guinea,1981,160.14,43.63,,GIN,2615653814.13534,6.1223698309991255,1,1
Guinea,1982,191.25,65.81,0.1,GIN,2662735707.35719,7.1824627382872634,1,1
Guinea,1983,207.51,78.09,0.2,GIN,2697351586.67643,7.693101671468998,1,1
Guinea,1984,201.73,81.67,0.21,GIN,2735114764.04489,7.375558885202563,1,1
Guinea,1985,273.32,143.14,12.11,GIN,2871868603.63435,9.517148509305526,1,1
Guinea,1986,247.86,25.89,21.96,GIN,2961299741.68835,8.369973377253784,1,1
Guinea,1987,248.19,23.0,36.53,GIN,3059020822.11607,8.113380536858038,1,1
Guinea,1988,355.09,2.0,50.87,GIN,3251987425.51287,10.91916891234593,1,1
Guinea,1989,712.04,61.91,57.14,GIN,3382179961.94632,21.05269406156162,1,1
Guinea,1990,414.67,31.06,95.39,GIN,3528427545.98221,11.752260591894006,1,1
Guinea,1991,372.91,44.59,28.27,GIN,3620640283.15178,10.299559493255721,1,1
Guinea,1992,521.03,50.89,34.14,GIN,3739069518.82914,13.93475027346259,1,1
Guinea,1993,450.71,61.28,37.58,GIN,3927673589.83666,11.475240742160137,1,1
Guinea,1994,565.33,69.37,40.83,GIN,4083606123.90946,13.843891473518962,1,1
Guinea,1995,628.12,70.12,5.67,GIN,4271765348.97459,14.703991176640265,1,1
Guinea,1996,534.95,77.16,12.12,GIN,4462353367.48162,11.98806898392059,1,1
Guinea,1997,605.77,73.77,17.66,GIN,4693574823.86752,12.906367166441454,1,1
Guinea,1998,697.78,,19.81,GIN,4864614381.03605,14.34399410403809,1,1
Guinea,1999,575.15,28.24,22.45,GIN,5050053677.45401,11.38898785507489,1,1
Guinea,2000,399.89,,23.45,GIN,5176459579.46449,7.725164156335768,1,1
Guinea,2001,503.81,34.73,,GIN,5365832405.72436,9.389223552016404,1,1
Guinea,2002,347.17,34.73,,GIN,5642956694.13195,6.152271208478675,1,1
Guinea,2003,343.17,34.73,,GIN,5713414722.47307,6.006390515468441,1,1
Guinea,2004,328.58,35.63,,GIN,5847115329.55072,5.619523157673843,1,1
Guinea,2005,331.55,37.47,45.0,GIN,6022369313.03617,5.5053083390671285,1,1
Guinea,2006,339.81,39.99,28.06,GIN,6094011545.87354,5.576129901330705,1,1
Guinea,2007,354.63,45.37,25.0,GIN,6509469022.49636,5.447909787640414,1,1
Guinea,2008,371.53,44.79,28.74,GIN,6778506429.10409,5.481000923814198,1,1
Guinea,2009,169.37,26.97,,GIN,6702408065.67158,2.5270022108543335,1,0
Guinea,2010,248.25,26.22,,GIN,7025019105.91374,3.533798218299796,1,0
Guinea,2011,162.93,31.03,,GIN,7419271030.30424,2.1960378497362805,1,0
Guinea,2012,2125.98,32.56,,GIN,7858142150.2509,27.054486408496953,1,1
Guinea,2013,185.13,33.29,,GIN,8168199850.29177,2.26647245896398,1,0
Guinea,2014,170.47,31.29,,GIN,8470141696.43118,2.012599152524521,1,0
Guinea,2015,89.57,29.77,,GIN,8794201742.84609,1.0185119993734897,1,0
Guinea,2016,88.94,29.35,,GIN,9745789528.35549,0.9125992280176791,0,0
Guinea,2017,90.92,31.11,,GIN,10749606370.4679,0.845798412207744,0,0
Guinea,2018,90.35,30.45,,GIN,11433119223.7578,0.7902480349566763,0,0
Guinea,2019,90.22,30.19,,GIN,12075307751.6835,0.7471445188419469,0,0
Guinea,2020,130.35,31.44,3.91,GIN,12643401588.6985,1.0309725518527812,1,0
Guinea,2021,126.41,30.3,,GIN,13349198344.073,0.9469482491892528,0,0
Guinea,2022,120.57,61.0,,GIN,13879482945.938,0.8686923026573282,0,0
Guinea,2023,125.0,65.0,,GIN,14648645956.2703,0.853321190048246,0,0
Guinea-Bissau,1960,,,,GNB,,,0,0
Guinea-Bissau,1961,,,,GNB,,,0,0
Guinea-Bissau,1962,,,,GNB,,,0,0
Guinea-Bissau,1963,,,,GNB,,,0,0
Guinea-Bissau,1964,,,,GNB,,,0,0
Guinea-Bissau,1965,,,,GNB,,,0,0
Guinea-Bissau,1966,,,,GNB,,,0,0
Guinea-Bissau,1967,,,,GNB,,,0,0
Guinea-Bissau,1968,,,,GNB,,,0,0
Guinea-Bissau,1969,,,,GNB,,,0,0
Guinea-Bissau,1970,,,,GNB,309755918.777507,0.0,0,0
Guinea-Bissau,1971,,,,GNB,297641465.593937,0.0,0,0
Guinea-Bissau,1972,,,,GNB,316615694.987483,0.0,0,0
Guinea-Bissau,1973,,,,GNB,320129789.759336,0.0,0,0
Guinea-Bissau,1974,,,,GNB,334725278.541427,0.0,0,0
Guinea-Bissau,1975,,,,GNB,360986432.509662,0.0,0,0
Guinea-Bissau,1976,0.11,,,GNB,378831635.457592,0.029036645756136664,0,0
Guinea-Bissau,1977,0.22,,,GNB,351669142.123436,0.06255880134139831,0,0
Guinea-Bissau,1978,0.62,,,GNB,397829386.273409,0.15584570205025122,0,0
Guinea-Bissau,1979,2.32,0.72,,GNB,405762678.552412,0.571762787123934,0,0
Guinea-Bissau,1980,5.4,1.78,,GNB,341032772.531507,1.5834255341254952,1,0
Guinea-Bissau,1981,15.54,5.7,,GNB,402989997.491558,3.8561751151963857,1,0
Guinea-Bissau,1982,28.11,9.16,,GNB,419915908.380757,6.694197442624959,1,1
Guinea-Bissau,1983,32.69,12.53,,GNB,405645958.85415,8.058751550820622,1,1
Guinea-Bissau,1984,26.79,5.08,,GNB,442597153.781284,6.0529083323564885,1,1
Guinea-Bissau,1985,37.53,9.91,,GNB,461037932.755857,8.14032801502128,1,1
Guinea-Bissau,1986,48.35,12.25,,GNB,457377994.07007,10.571125114644849,1,1
Guinea-Bissau,1987,51.16,6.0,0.16,GNB,470641955.932678,10.87025909082319,1,1
Guinea-Bissau,1988,50.32,8.33,0.32,GNB,492291485.851147,10.221586488135028,1,1
Guinea-Bissau,1989,117.75,23.39,0.36,GNB,522321266.59307,22.543596734638925,1,1
Guinea-Bissau,1990,163.17,15.67,1.01,GNB,554182863.783592,29.44334995961149,1,1
Guinea-Bissau,1991,180.67,15.5,1.63,GNB,582446190.027857,31.019174490841632,1,1
Guinea-Bissau,1992,224.9,21.63,5.75,GNB,588853097.930413,38.19288729063921,1,1
Guinea-Bissau,1993,272.4,29.81,9.07,GNB,601219012.922846,45.307948375703965,1,1
Guinea-Bissau,1994,341.21,32.36,13.56,GNB,620458021.451395,54.99324502273832,1,1
Guinea-Bissau,1995,368.94,36.88,14.05,GNB,647758174.433145,56.95644062274635,1,1
Guinea-Bissau,1996,381.9,34.21,14.27,GNB,722898122.695806,52.82902085508703,1,1
Guinea-Bissau,1997,14.28,,14.28,GNB,769886500.621982,1.8548188581645948,1,0
Guinea-Bissau,1998,254.09,,15.14,GNB,597079877.976298,42.555445154372876,1,1
Guinea-Bissau,1999,283.04,,15.83,GNB,697478986.452666,40.58043403422425,1,1
Guinea-Bissau,2000,309.94,,15.99,GNB,705153195.39567,43.95356952556797,1,1
Guinea-Bissau,2001,339.4,,16.59,GNB,738901627.416716,45.93304269562661,1,1
Guinea-Bissau,2002,354.48,,,GNB,765900620.254642,46.28276706214765,1,1
Guinea-Bissau,2003,399.67,,,GNB,763710672.551679,52.33264564244452,1,1
Guinea-Bissau,2004,518.63,,,GNB,772660533.181804,67.1226208312064,1,1
Guinea-Bissau,2005,386.25,,,GNB,823345295.681209,46.91227386930406,1,1
Guinea-Bissau,2006,386.72,,,GNB,845299838.603667,45.749446804439785,1,1
Guinea-Bissau,2007,396.49,,,GNB,866938047.629768,45.73452521596143,1,1
Guinea-Bissau,2008,456.32,,,GNB,906163311.064931,50.35736874666982,1,1
Guinea-Bissau,2009,463.47,,,GNB,928345745.452418,49.92428761270765,1,1
Guinea-Bissau,2010,415.99,,,GNB,980382895.434522,42.431380834691765,1,1
Guinea-Bissau,2011,842.58,,,GNB,1059647261.07297,79.51513970288815,1,1
Guinea-Bissau,2012,77.46,,,GNB,1041496885.43544,7.437372217163636,1,1
Guinea-Bissau,2013,77.49,,,GNB,1075408772.95023,7.20563212325461,1,1
Guinea-Bissau,2014,77.48,,,GNB,1085781367.43837,7.135874893745388,1,1
Guinea-Bissau,2015,77.54,,,GNB,1152384166.79638,6.728658917239436,1,1
Guinea-Bissau,2016,77.56,,30.0,GNB,1214989490.95557,6.383594309033922,1,1
Guinea-Bissau,2017,63.93,,,GNB,1271652706.03289,5.0273160035525075,1,1
Guinea-Bissau,2018,26.06,,,GNB,1319485332.4773,1.9750124808945786,1,0
Guinea-Bissau,2019,26.48,,,GNB,1389780856.97486,1.9053363605568072,1,0
Guinea-Bissau,2020,28.32,,,GNB,1429966367.64789,1.9804661592553914,1,0
Guinea-Bissau,2021,56.86,,,GNB,1501712207.49424,3.786344661529835,1,0
Guinea-Bissau,2022,8.08,,,GNB,1583672069.18832,0.5102066366644482,0,0
Guinea-Bissau,2023,89.0,17.0,,GNB,1657004378.82743,5.371138491678601,1,1
Guyana,1960,,,,GUY,1555849243.71008,0.0,0,0
Guyana,1961,,,,GUY,1628811172.24648,0.0,0,0
Guyana,1962,,,,GUY,1646808327.27754,0.0,0,0
Guyana,1963,,,,GUY,1444602377.02959,0.0,0,0
Guyana,1964,,,,GUY,1608713286.32745,0.0,0,0
Guyana,1965,,,,GUY,1778288055.66404,0.0,0,0
Guyana,1966,,,,GUY,1871350740.24171,0.0,0,0
Guyana,1967,,,,GUY,1952073734.27444,0.0,0,0
Guyana,1968,,,,GUY,1972079123.76025,0.0,0,0
Guyana,1969,,,,GUY,2110013962.86862,0.0,0,0
Guyana,1970,,,,GUY,2199804697.49544,0.0,0,0
Guyana,1971,,,,GUY,2268281336.58747,0.0,0,0
Guyana,1972,0.54,0.54,,GUY,2193027225.96307,0.02462349731033816,0,0
Guyana,1973,0.77,0.77,,GUY,2220324260.24621,0.034679619269422174,0,0
Guyana,1974,2.16,2.16,,GUY,2391352284.36973,0.09032546204581038,0,0
Guyana,1975,3.46,3.46,,GUY,2594211213.12201,0.13337387420494778,0,0
Guyana,1976,17.02,0.73,,GUY,2634081989.7315,0.6461454148484914,0,0
Guyana,1977,25.08,2.25,,GUY,2564577004.01239,0.9779390504071928,0,0
Guyana,1978,39.25,9.8,,GUY,2518255902.1123,1.5586184059800001,1,0
Guyana,1979,106.09,,,GUY,2472028372.68628,4.291617409096124,1,0
Guyana,1980,77.84,,,GUY,2514890618.69424,3.095164434643103,1,0
Guyana,1981,82.35,24.0,,GUY,2552517555.06155,3.226226587029849,1,0
Guyana,1982,131.19,34.0,,GUY,2215837056.70706,5.920561694863997,1,1
Guyana,1983,172.14,46.0,,GUY,2065328835.4097,8.334750236799582,1,1
Guyana,1984,293.03,45.0,,GUY,1961468862.25418,14.939314390300387,1,1
Guyana,1985,373.51,113.08,,GUY,2008537592.24204,18.59611696802088,1,1
Guyana,1986,458.27,141.43,,GUY,1990448657.74979,23.023452437003627,1,1
Guyana,1987,1009.41,198.68,,GUY,2008350685.18367,50.2606445899505,1,1
Guyana,1988,1121.78,207.1,,GUY,1934171587.8471,57.99795669879724,1,1
Guyana,1989,786.61,197.56,,GUY,1839074818.14123,42.77204995906768,1,1
Guyana,1990,672.3,124.27,,GUY,1782661480.13403,37.71327352344276,1,1
Guyana,1991,348.06,125.35,,GUY,1890652727.13754,18.409515137503067,1,1
Guyana,1992,238.02,,,GUY,2037327406.13112,11.682952837315403,1,1
Guyana,1993,194.31,46.01,0.3,GUY,2203881070.82096,8.8167189497035,1,1
Guyana,1994,205.94,47.96,1.67,GUY,2391925529.8736,8.609799821438537,1,1
Guyana,1995,248.86,51.72,2.26,GUY,2512273984.61924,9.905766708710205,1,1
Guyana,1996,919.18,52.18,4.32,GUY,2712138382.14991,33.89133851169374,1,1
Guyana,1997,195.45,54.07,4.59,GUY,2879766586.43647,6.787008395769225,1,1
Guyana,1998,176.52,54.65,8.35,GUY,2831412296.32746,6.234344614133336,1,1
Guyana,1999,457.18,,8.18,GUY,2915226398.47074,15.682486967044001,1,1
Guyana,2000,146.71,16.07,2.72,GUY,2875468427.07822,5.102125226569532,1,1
Guyana,2001,153.98,24.8,4.03,GUY,2941015352.67748,5.235606807010296,1,1
Guyana,2002,158.29,27.16,6.91,GUY,2974326085.51831,5.321877811941934,1,1
Guyana,2003,184.93,32.34,21.18,GUY,2955521640.87583,6.257101874753941,1,1
Guyana,2004,196.81,34.64,6.17,GUY,3001726850.82003,6.5565592667512105,1,1
Guyana,2005,227.58,6.6,6.48,GUY,2943164432.84229,7.732493552194096,1,1
Guyana,2006,456.26,7.01,9.13,GUY,3094137270.70843,14.74595210494767,1,1
Guyana,2007,595.22,7.11,15.29,GUY,3316643991.45274,17.946454353675886,1,1
Guyana,2008,183.21,19.05,,GUY,3374858506.06674,5.428672036787812,1,1
Guyana,2009,174.78,19.35,,GUY,3496741806.93763,4.998367327356905,1,0
Guyana,2010,185.25,19.24,,GUY,3641452424.56855,5.087255808977073,1,1
Guyana,2011,189.06,19.19,,GUY,3830671453.00564,4.9354271782211665,1,0
Guyana,2012,192.77,19.25,,GUY,4032790343.85011,4.780065006205163,1,0
Guyana,2013,474.42,19.3,,GUY,4180123674.47048,11.34942496791312,1,1
Guyana,2014,313.33,19.22,,GUY,4250621228.25175,7.371393101729518,1,1
Guyana,2015,246.3,19.13,,GUY,4279840193.7046,5.754887772732571,1,1
Guyana,2016,170.75,18.74,,GUY,4442793237.23993,3.8433028701123586,1,0
Guyana,2017,164.79,18.02,,GUY,4608708975.07815,3.5756217389969964,1,0
Guyana,2018,166.68,17.69,,GUY,4813377725.77348,3.462848949242095,1,0
Guyana,2019,97.85,17.72,,GUY,5071030135.73162,1.9295882174023553,1,0
Guyana,2020,89.01,17.76,,GUY,7275896377.20418,1.2233544210287777,1,0
Guyana,2021,89.84,17.76,,GUY,8735441012.70968,1.0284540857100033,1,0
Guyana,2022,90.82,18.0,,GUY,14268000638.322,0.63652926785039,0,0
Guyana,2023,70.0,,,GUY,19089873040.0558,0.36668656650110115,0,0
Haiti,1960,1.0,,,HTI,6694501128.55745,0.01493763285413745,0,0
Haiti,1961,1.0,,,HTI,6498219674.86944,0.015388830326363068,0,0
Haiti,1962,1.0,,,HTI,7010771683.47423,0.014263765033986159,0,0
Haiti,1963,27.0,,,HTI,6878072319.31193,0.3925518480547328,0,0
Haiti,1964,27.0,,,HTI,6764765888.12317,0.39912689436013776,0,0
Haiti,1965,29.0,,,HTI,6911006452.42465,0.419620502449765,0,0
Haiti,1966,0.2,,,HTI,6871213789.45214,0.0029106938908961895,0,0
Haiti,1967,3.55,,,HTI,6725703043.18733,0.052782586105937335,0,0
Haiti,1968,4.2,,,HTI,6939689176.20131,0.06052144257992578,0,0
Haiti,1969,5.5,,,HTI,7204226191.74408,0.07634407712382638,0,0
Haiti,1970,4.32,4.32,,HTI,7251136777.72679,0.05957686542708283,0,0
Haiti,1971,4.32,4.32,,HTI,7721038031.59485,0.055951026044974234,0,0
Haiti,1972,4.33,4.33,,HTI,7796480893.27433,0.055537877399729076,0,0
Haiti,1973,4.05,4.05,,HTI,8167228671.56653,0.049588424211748965,0,0
Haiti,1974,0.05,0.05,,HTI,8639285435.54945,0.0005787515689000968,0,0
Haiti,1975,2.99,,,HTI,8736283400.77109,0.03422508019527038,0,0
Haiti,1976,,,,HTI,9473523979.62856,0.0,0,0
Haiti,1977,,,,HTI,9824816121.51196,0.0,0,0
Haiti,1978,,,,HTI,10434825547.2073,0.0,0,0
Haiti,1979,,,,HTI,11223742331.1057,0.0,0,0
Haiti,1980,,,,HTI,12051458300.9013,0.0,0,0
Haiti,1981,0.15,,,HTI,11707665179.6161,0.001281211904327098,0,0
Haiti,1982,2.69,2.34,,HTI,11290433820.8955,0.0238254795402241,0,0
Haiti,1983,9.77,9.24,,HTI,11392971447.7538,0.08575462551454231,0,0
Haiti,1984,17.6,15.42,,HTI,11427254839.7736,0.1540177430780803,0,0
Haiti,1985,29.93,26.02,,HTI,11496233326.0739,0.26034614252407007,0,0
Haiti,1986,38.5,27.97,,HTI,11439039014.7942,0.3365667338856668,0,0
Haiti,1987,41.68,30.96,,HTI,11348253230.3382,0.3672811943301855,0,0
Haiti,1988,104.52,41.19,,HTI,11370998175.3795,0.9191805186136328,0,0
Haiti,1989,100.7,31.45,,HTI,11039712740.2337,0.9121614155140443,0,0
Haiti,1990,66.62,39.14,,HTI,11154318515.4634,0.5972574649687805,0,0
Haiti,1991,230.79,46.38,,HTI,11364080463.8,2.030872631843605,1,0
Haiti,1992,84.97,53.16,,HTI,10760655413.912,0.7896359165088203,0,0
Haiti,1993,172.59,82.31,,HTI,10176750400.4574,1.6959244671289457,1,0
Haiti,1994,194.05,82.65,,HTI,8960564685.92752,2.1656001245630603,1,0
Haiti,1995,199.65,82.65,,HTI,9847455167.82772,2.0274273565851773,1,0
Haiti,1996,5.17,,,HTI,10255215964.9598,0.05041337030507154,0,0
Haiti,1997,3.85,,,HTI,10532590219.7954,0.036553211694917605,0,0
Haiti,1998,2.88,,,HTI,10762394520.9594,0.02675984414426824,0,0
Haiti,1999,3.2,,,HTI,11054082104.3443,0.02894858179805257,0,0
Haiti,2000,3.46,,,HTI,11150259169.2375,0.031030668861454,0,0
Haiti,2001,12.02,,,HTI,11112041891.9578,0.10817093849060562,0,0
Haiti,2002,38.14,,,HTI,11228920585.9316,0.3396586493610484,0,0
Haiti,2003,88.02,,,HTI,11619774577.796,0.7575017863788485,0,0
Haiti,2004,89.0,,,HTI,11466642593.0665,0.7761644202097602,0,0
Haiti,2005,36.48,,,HTI,11818917734.006,0.3086577030233306,0,0
Haiti,2006,69.0,,,HTI,12027964912.6803,0.5736631300550087,0,0
Haiti,2007,46.81,4.95,,HTI,12594064682.4783,0.371683020376457,0,0
Haiti,2008,16.25,0.37,,HTI,12928818990.6636,0.12568820100068498,0,0
Haiti,2009,1027.05,0.01,,HTI,13690375422.772,7.501985652574931,1,1
Haiti,2010,773.85,,,HTI,12916662276.64,5.991098810406468,1,1
Haiti,2011,557.4,,,HTI,13575181302.2734,4.10602250967104,1,0
Haiti,2012,717.63,0.63,,HTI,13643386325.9664,5.259911160282769,1,1
Haiti,2013,870.0,,,HTI,14233433330.5029,6.112369235155303,1,1
Haiti,2014,1023.0,,,HTI,14644604839.5892,6.985507708849155,1,1
Haiti,2015,1176.0,,,HTI,14849629308.6025,7.919389606033697,1,1
Haiti,2016,1600.0,,,HTI,15118774099.5928,10.582868620565563,1,1
Haiti,2017,1684.0,,,HTI,15498296353.5977,10.865710408286807,1,1
Haiti,2018,1768.0,,,HTI,15756778637.9976,11.220567608511384,1,1
Haiti,2019,1853.0,,,HTI,15485274058.243,11.96620733369343,1,1
Haiti,2020,1841.0,,,HTI,14973407477.2561,12.295130569286867,1,1
Haiti,2021,2017.0,,,HTI,14704149691.2104,13.717216176095437,1,1
Haiti,2022,2159.0,,,HTI,14456828250.6294,14.934119452556994,1,1
Haiti,2023,2300.0,,,HTI,14187369712.6764,16.211602619652272,1,1
Honduras,1960,,,,HND,428527494.478446,0.0,0,0
Honduras,1961,,,,HND,435656326.248255,0.0,0,0
Honduras,1962,,,,HND,445176447.43387,0.0,0,0
Honduras,1963,,,,HND,450822527.242666,0.0,0,0
Honduras,1964,,,,HND,457797455.276318,0.0,0,0
Honduras,1965,,,,HND,469623900.927091,0.0,0,0
Honduras,1966,,,,HND,464367268.33444,0.0,0,0
Honduras,1967,,,,HND,481847770.644054,0.0,0,0
Honduras,1968,,,,HND,476170857.346701,0.0,0,0
Honduras,1969,,,,HND,480367673.767704,0.0,0,0
Honduras,1970,,,,HND,504106900.878571,0.0,0,0
Honduras,1971,,,,HND,527572760.442541,0.0,0,0
Honduras,1972,,,,HND,548176464.850923,0.0,0,0
Honduras,1973,,,,HND,572522562.083381,0.0,0,0
Honduras,1974,,,,HND,626403669.340699,0.0,0,0
Honduras,1975,,,,HND,659728478.179991,0.0,0,0
Honduras,1976,,,,HND,765945167.237367,0.0,0,0
Honduras,1977,0.25,,,HND,832415796.700171,0.03003306772781582,0,0
Honduras,1978,1.01,0.83,,HND,940116353.623574,0.10743351034231743,0,0
Honduras,1979,2.6,1.97,,HND,1048514226.88164,0.24796993053042257,0,0
Honduras,1980,2.68,2.22,,HND,1185305219.45635,0.22610210062427666,0,0
Honduras,1981,16.05,4.17,,HND,1271291180.28353,1.2624959764465955,1,0
Honduras,1982,98.23,50.66,,HND,1327117465.18878,7.40175625569263,1,1
Honduras,1983,112.23,66.0,,HND,1419960839.57122,7.903739094233729,1,1
Honduras,1984,382.43,,,HND,1453450087.04869,26.311877057749193,1,1
Honduras,1985,338.46,259.11,53.15,HND,1521300422.33862,22.24807112586626,1,1
Honduras,1986,426.52,310.52,65.84,HND,1605514179.59554,26.5659441330782,1,1
Honduras,1987,519.34,349.08,83.63,HND,1633451639.13376,31.79402362199181,1,1
Honduras,1988,596.32,373.84,72.32,HND,1757176144.66221,33.9362676764903,1,1
Honduras,1989,687.73,219.0,69.45,HND,1882432395.32975,36.53411414435039,1,1
Honduras,1990,1036.52,328.44,,HND,2280969074.40865,45.44208913786882,1,1
Honduras,1991,744.42,180.5,,HND,2875090820.92111,25.8920516382681,1,1
Honduras,1992,306.81,124.81,,HND,3134862035.97671,9.787033575288078,1,1
Honduras,1993,390.65,185.64,,HND,3562368637.01276,10.966018394086841,1,1
Honduras,1994,342.91,132.83,,HND,4596133115.54641,7.46083699882642,1,1
Honduras,1995,292.96,132.36,,HND,5730204274.97864,5.112557701986846,1,1
Honduras,1996,314.51,102.51,,HND,7045709680.83833,4.463851254833115,1,0
Honduras,1997,353.85,91.99,,HND,8625903501.81984,4.102178976675857,1,0
Honduras,1998,248.73,110.18,1.84,HND,9624452407.55055,2.5843548231883506,1,0
Honduras,1999,532.84,118.15,3.69,HND,10738565557.958,4.961929012996803,1,0
Honduras,2000,256.27,122.45,3.69,HND,11770779974.6587,2.177170931337799,1,0
Honduras,2001,202.76,45.29,3.69,HND,12091321063.1334,1.6769052690050383,1,0
Honduras,2002,176.24,44.13,4.36,HND,12545270107.7257,1.4048322474257997,1,0
Honduras,2003,226.17,55.11,4.1,HND,13115708313.2068,1.724420783071694,1,0
Honduras,2004,501.38,122.78,17.6,HND,13933118990.7264,3.598476409579996,1,0
Honduras,2005,1011.42,32.6,3.83,HND,14776156180.0019,6.8449465996363745,1,1
Honduras,2006,1519.94,4.43,12.93,HND,15746542343.9334,9.652531754601863,1,1
Honduras,2007,1244.11,2.4,113.79,HND,16720989901.6315,7.44040877555108,1,1
Honduras,2008,81.71,2.74,9.01,HND,17428555328.7177,0.4688283019382754,0,0
Honduras,2009,47.82,3.23,5.8,HND,17004757718.2843,0.28121541507516884,0,0
Honduras,2010,48.6,3.25,,HND,17639229093.9667,0.27552224499778777,0,0
Honduras,2011,115.25,0.84,,HND,18315815357.186,0.6292376165213032,0,0
Honduras,2012,26.87,0.84,,HND,19072018181.9071,0.14088703011771744,0,0
Honduras,2013,26.13,0.84,,HND,19604424966.4102,0.13328623535130757,0,0
Honduras,2014,23.61,0.84,,HND,20203944075.628,0.11685837137354149,0,0
Honduras,2015,19.67,0.84,,HND,20979791685.416,0.09375688898604988,0,0
Honduras,2016,13.95,2.77,6.14,HND,21796529142.7732,0.06400101552235084,0,0
Honduras,2017,18.07,0.39,,HND,22852116284.6356,0.07907363928543104,0,0
Honduras,2018,13.8,0.39,,HND,23730778960.5382,0.05815232623820716,0,0
Honduras,2019,12.0,0.39,,HND,24338200129.3672,0.049305207189583596,0,0
Honduras,2020,13.13,0.39,,HND,22156260473.8169,0.05926090287445547,0,0
Honduras,2021,19.16,0.39,,HND,24940257609.6892,0.07682358498396748,0,0
Honduras,2022,22.49,0.39,,HND,25973672631.7766,0.08658767791076792,0,0
Honduras,2023,24.39,0.39,,HND,26902451582.3921,0.09066088243037106,0,0
Hungary,1960,144.85,,,HUN,20802988701.497,0.6962941819488488,0,0
Hungary,1961,147.75,,,HUN,21780729169.4039,0.678351945202777,0,0
Hungary,1962,150.65,,,HUN,23109353648.3918,0.651900534701817,0,0
Hungary,1963,153.55,,,HUN,24426586805.1618,0.6286183216050143,0,0
Hungary,1964,156.45,,,HUN,25574636383.9207,0.6117389027605622,0,0
Hungary,1965,159.34,,,HUN,36420945623.3308,0.43749550505335805,0,0
Hungary,1966,162.24,,,HUN,39116095599.4456,0.41476532234035,0,0
Hungary,1967,148.79,,,HUN,42049802770.0578,0.3538423255244093,0,0
Hungary,1968,51.59,,,HUN,44110243104.425,0.1169569613975323,0,0
Hungary,1969,52.48,,,HUN,47153849878.4212,0.11129526037706665,0,0
Hungary,1970,53.36,,,HUN,49370080823.6716,0.10808165413092728,0,0
Hungary,1971,54.25,,,HUN,52431025835.1227,0.10346927060057405,0,0
Hungary,1972,55.13,,,HUN,55629318411.9369,0.09910241860552843,0,0
Hungary,1973,56.02,,,HUN,59467741381.0763,0.0942023333978959,0,0
Hungary,1974,56.91,,,HUN,62976338123.2251,0.09036727395715648,0,0
Hungary,1975,57.79,,,HUN,66880871086.9406,0.08640736739938228,0,0
Hungary,1976,,,,HUN,69288582447.07,0.0,0,0
Hungary,1977,,,,HUN,74554514711.8038,0.0,0,0
Hungary,1978,,,,HUN,77834913358.2631,0.0,0,0
Hungary,1979,,,,HUN,79936456018.8897,0.0,0,0
Hungary,1980,,,,HUN,80096328931.1658,0.0,0,0
Hungary,1981,,,,HUN,82392486404.5354,0.0,0,0
Hungary,1982,,,,HUN,84733329896.4525,0.0,0,0
Hungary,1983,,,,HUN,85345922954.291,0.0,0,0
Hungary,1984,,,,HUN,87614458282.2668,0.0,0,0
Hungary,1985,,,,HUN,87392734576.8445,0.0,0,0
Hungary,1986,,,,HUN,88734168329.8336,0.0,0,0
Hungary,1987,,,,HUN,92328993221.9218,0.0,0,0
Hungary,1988,,,,HUN,92268736417.6688,0.0,0,0
Hungary,1989,,,,HUN,92948226293.9038,0.0,0,0
Hungary,1990,,,,HUN,89698143066.4828,0.0,0,0
Hungary,1991,,,,HUN,79031203241.5134,0.0,0,0
Hungary,1992,,,,HUN,76609544644.9065,0.0,0,0
Hungary,1993,,,,HUN,76168190532.2801,0.0,0,0
Hungary,1994,,,,HUN,78412984829.3261,0.0,0,0
Hungary,1995,,,,HUN,79580966214.7964,0.0,0,0
Hungary,1996,,,,HUN,79661529391.287,0.0,0,0
Hungary,1997,,,,HUN,82033753398.2324,0.0,0,0
Hungary,1998,,,,HUN,85190500943.9874,0.0,0,0
Hungary,1999,,,,HUN,87819529312.3301,0.0,0,0
Hungary,2000,,,,HUN,91691821698.8094,0.0,0,0
Hungary,2001,,,,HUN,95416367494.0372,0.0,0,0
Hungary,2002,,,,HUN,99929623991.0794,0.0,0,0
Hungary,2003,,,,HUN,103865629649.023,0.0,0,0
Hungary,2004,,,,HUN,109020611056.081,0.0,0,0
Hungary,2005,,,,HUN,113708806061.092,0.0,0,0
Hungary,2006,,,,HUN,118182032745.55,0.0,0,0
Hungary,2007,,,,HUN,118574815857.973,0.0,0,0
Hungary,2008,,,,HUN,119752782052.746,0.0,0,0
Hungary,2009,,,,HUN,111681245651.521,0.0,0,0
Hungary,2010,,,,HUN,112873946275.587,0.0,0,0
Hungary,2011,,,,HUN,115037411549.874,0.0,0,0
Hungary,2012,,,,HUN,113496503293.017,0.0,0,0
Hungary,2013,,,,HUN,115802945078.187,0.0,0,0
Hungary,2014,,,,HUN,120822254244.73,0.0,0,0
Hungary,2015,,,,HUN,125244126623.289,0.0,0,0
Hungary,2016,,,,HUN,128298381762.592,0.0,0,0
Hungary,2017,,,,HUN,133589642960.172,0.0,0,0
Hungary,2018,,,,HUN,141078862882.165,0.0,0,0
Hungary,2019,,,,HUN,148241697677.304,0.0,0,0
Hungary,2020,,,,HUN,141809897486.431,0.0,0,0
Hungary,2021,,,,HUN,152052706989.445,0.0,0,0
Hungary,2022,,,,HUN,158366514062.482,0.0,0,0
Hungary,2023,,,,HUN,157072489603.652,0.0,0,0
India,1960,,,,IND,136368119594.257,0.0,0,0
India,1961,,,,IND,141444753583.433,0.0,0,0
India,1962,,,,IND,145590679987.767,0.0,0,0
India,1963,,,,IND,154317899661.255,0.0,0,0
India,1964,,,,IND,165819135752.835,0.0,0,0
India,1965,,,,IND,161448524536.245,0.0,0,0
India,1966,,,,IND,161359197053.707,0.0,0,0
India,1967,30.0,,,IND,173987108161.169,0.01724265683651123,0,0
India,1968,403.0,,,IND,179881668161.044,0.22403617006664803,0,0
India,1969,,,,IND,191645390146.726,0.0,0,0
India,1970,,,,IND,201528983195.205,0.0,0,0
India,1971,,,,IND,204839964092.459,0.0,0,0
India,1972,153.0,,,IND,203706581882.861,0.07510802968947798,0,0
India,1973,187.0,,,IND,210419775342.652,0.0888699741720973,0,0
India,1974,194.0,,,IND,212913957238.715,0.0911166193686828,0,0
India,1975,228.0,,,IND,232395396993.299,0.0981086557435448,0,0
India,1976,169.0,,,IND,236260373292.016,0.07153125073205455,0,0
India,1977,,,,IND,253400507183.968,0.0,0,0
India,1978,,,,IND,267876092470.546,0.0,0,0
India,1979,,,,IND,253844253329.845,0.0,0,0
India,1980,,,,IND,270942749193.224,0.0,0,0
India,1981,,,,IND,287216122413.739,0.0,0,0
India,1982,,,,IND,297198988652.009,0.0,0,0
India,1983,,,,IND,318861504638.44,0.0,0,0
India,1984,,,,IND,331044366854.288,0.0,0,0
India,1985,,,,IND,348438428450.72,0.0,0,0
India,1986,,,,IND,365081813580.314,0.0,0,0
India,1987,,,,IND,379558605843.486,0.0,0,0
India,1988,,,,IND,416101684467.7,0.0,0,0
India,1989,,,,IND,440848680237.688,0.0,0,0
India,1990,,,,IND,465242841650.512,0.0,0,0
India,1991,,,,IND,470159674240.679,0.0,0,0
India,1992,3.0,,,IND,495935689516.747,0.0006049171421647996,0,0
India,1993,9301.1,,,IND,519496484318.718,1.7904067266591261,1,0
India,1994,,,,IND,554089360742.694,0.0,0,0
India,1995,,,,IND,596058814159.964,0.0,0,0
India,1996,,,,IND,641058406951.43,0.0,0,0
India,1997,,,,IND,667020123970.576,0.0,0,0
India,1998,,,,IND,708271422045.356,0.0,0,0
India,1999,,,,IND,770923380748.906,0.0,0,0
India,2000,,,,IND,800534479629.68,0.0,0,0
India,2001,,,,IND,839151992858.488,0.0,0,0
India,2002,,,,IND,871073127574.186,0.0,0,0
India,2003,,,,IND,939542798331.655,0.0,0,0
India,2004,,,,IND,1013982178696.23,0.0,0,0
India,2005,,,,IND,1094324353137.75,0.0,0,0
India,2006,,,,IND,1182534912725.95,0.0,0,0
India,2007,,,,IND,1273126725470.22,0.0,0,0
India,2008,,,,IND,1312424303400.29,0.0,0,0
India,2009,,,,IND,1415605643151.34,0.0,0,0
India,2010,,,,IND,1535897931719.55,0.0,0,0
India,2011,,,,IND,1616399198833.97,0.0,0,0
India,2012,,,,IND,1704596203504.08,0.0,0,0
India,2013,,,,IND,1813453530765.84,0.0,0,0
India,2014,,,,IND,1947834564909.58,0.0,0,0
India,2015,,,,IND,2103588360044.94,0.0,0,0
India,2016,,,,IND,2277267041549.85,0.0,0,0
India,2017,,,,IND,2432016068498.23,0.0,0,0
India,2018,,,,IND,2588974770244.48,0.0,0,0
India,2019,,,,IND,2689205295885.26,0.0,0,0
India,2020,,,,IND,2533830417086.36,0.0,0,0
India,2021,,,,IND,2779348258938.28,0.0,0,0
India,2022,,,,IND,2990839011962.06,0.0,0,0
India,2023,,,,IND,3206485223026.3,0.0,0,0
Indonesia,1960,,,,IDN,52777607844.8164,0.0,0,0
Indonesia,1961,,,,IDN,55807383384.864,0.0,0,0
Indonesia,1962,,,,IDN,56835342943.0885,0.0,0,0
Indonesia,1963,,,,IDN,55563919278.9667,0.0,0,0
Indonesia,1964,,,,IDN,57525157909.7895,0.0,0,0
Indonesia,1965,,,,IDN,58147343958.1915,0.0,0,0
Indonesia,1966,810.0,,,IDN,59770437997.5003,1.3551849829741511,1,0
Indonesia,1967,260.0,,150.0,IDN,60595510800.8184,0.4290746897977935,0,0
Indonesia,1968,333.0,,153.0,IDN,67209619010.9976,0.49546479343308103,0,0
Indonesia,1969,957.0,,156.0,IDN,71794859672.0359,1.3329645107903896,1,0
Indonesia,1970,3561.29,6.29,159.0,IDN,77218698920.0559,4.611952868678848,1,0
Indonesia,1971,202.19,5.07,162.0,IDN,82642538168.0759,0.24465608690380747,0,0
Indonesia,1972,207.58,1.07,165.0,IDN,88458625142.2643,0.23466338038394535,0,0
Indonesia,1973,168.2,0.2,168.0,IDN,95627290482.537,0.17589121175687383,0,0
Indonesia,1974,171.0,,171.0,IDN,102928121319.277,0.16613535524423695,0,0
Indonesia,1975,174.0,,174.0,IDN,108051163593.775,0.1610348229605039,0,0
Indonesia,1976,177.0,,177.0,IDN,115492177179.31,0.15325713335994579,0,0
Indonesia,1977,180.0,,180.0,IDN,125610822865.747,0.143299753869445,0,0
Indonesia,1978,183.0,,183.0,IDN,134110994997.818,0.13645413636889164,0,0
Indonesia,1979,186.0,,186.0,IDN,143933699325.67,0.12922616515201846,0,0
Indonesia,1980,189.0,,189.0,IDN,158154460398.846,0.11950342691781524,0,0
Indonesia,1981,192.0,,192.0,IDN,170691612499.017,0.11248355861721425,0,0
Indonesia,1982,195.0,,195.0,IDN,174526106274.393,0.11173113533709253,0,0
Indonesia,1983,198.0,,198.0,IDN,181843928959.468,0.10888458093320955,0,0
Indonesia,1984,201.0,,201.0,IDN,194528502792.725,0.10332676040496264,0,0
Indonesia,1985,267.14,8.81,204.0,IDN,199318073804.82,0.13402698255131337,0,0
Indonesia,1986,274.33,0.46,207.0,IDN,211028100540.478,0.12999690529242092,0,0
Indonesia,1987,295.7,0.76,210.0,IDN,221423191492.769,0.13354518016223998,0,0
Indonesia,1988,286.89,0.46,213.0,IDN,234222555729.351,0.12248606847732772,0,0
Indonesia,1989,286.53,,216.0,IDN,251687564195.661,0.11384352695997829,0,0
Indonesia,1990,220.3,,219.0,IDN,269915108912.607,0.08161825430503361,0,0
Indonesia,1991,1.24,,,IDN,288571594912.183,0.00042970272260419535,0,0
Indonesia,1992,1.15,,,IDN,307321553097.314,0.00037420089427826433,0,0
Indonesia,1993,1.13,,,IDN,327286415428.63,0.00034526333716604086,0,0
Indonesia,1994,4200.0,,,IDN,351963716551.494,1.1933048216308169,1,0
Indonesia,1995,,,,IDN,380895160093.945,0.0,0,0
Indonesia,1996,,,,IDN,410674256276.219,0.0,0,0
Indonesia,1997,0.03,,,IDN,429975448805.372,6.977142551592398e-06,0,0
Indonesia,1998,4375.84,198.0,1.84,IDN,373533751956.055,1.1714711126063926,1,0
Indonesia,1999,5133.18,778.0,3.69,IDN,376488874892.846,1.363434710112211,1,0
Indonesia,2000,6175.69,727.0,3.69,IDN,395012382597.556,1.5634168122501304,1,0
Indonesia,2001,2749.64,848.0,3.69,IDN,409404526219.842,0.6716193456355436,0,0
Indonesia,2002,6205.36,728.0,4.36,IDN,427825582126.161,1.4504415489044105,1,0
Indonesia,2003,2930.24,632.0,4.1,IDN,448277224148.753,0.6536669369192959,0,0
Indonesia,2004,,,,IDN,470829486219.898,0.0,0,0
Indonesia,2005,2733.0,29.0,,IDN,497631790442.44,0.5492012472856916,0,0
Indonesia,2006,92.26,,,IDN,525006275302.523,0.017573123282543103,0,0
Indonesia,2007,,,,IDN,558318040161.892,0.0,0,0
Indonesia,2008,,,,IDN,591893632243.067,0.0,0,0
Indonesia,2009,,,,IDN,619291626017.383,0.0,0,0
Indonesia,2010,,,,IDN,657835433773.518,0.0,0,0
Indonesia,2011,,,,IDN,698422460479.197,0.0,0,0
Indonesia,2012,231.36,,,IDN,740537688618.414,0.031242164113434577,0,0
Indonesia,2013,,,,IDN,781691320690.699,0.0,0,0
Indonesia,2014,5.07,,,IDN,820828013230.588,0.0006176689779440714,0,0
Indonesia,2015,,,,IDN,860854232686.214,0.0,0,0
Indonesia,2016,0.28,,,IDN,904181621780.388,3.096722973075511e-05,0,0
Indonesia,2017,,,,IDN,950021694164.001,0.0,0,0
Indonesia,2018,,,,IDN,999178586309.021,0.0,0,0
Indonesia,2019,,,,IDN,1049330233997.45,0.0,0,0
Indonesia,2020,,,,IDN,1027656193885.38,0.0,0,0
Indonesia,2021,,,,IDN,1065709127396.86,0.0,0,0
Indonesia,2022,,,,IDN,1122268412650.2,0.0,0,0
Indonesia,2023,,,,IDN,1178929850175.16,0.0,0,0
Iran,1960,,,,IRN,50350548202.7421,0.0,0,0
Iran,1961,,,,IRN,55582432557.7808,0.0,0,0
Iran,1962,,,,IRN,59978596070.5945,0.0,0,0
Iran,1963,,,,IRN,64202333927.261,0.0,0,0
Iran,1964,,,,IRN,69643628268.6439,0.0,0,0
Iran,1965,,,,IRN,81507915872.7607,0.0,0,0
Iran,1966,,,,IRN,90883288325.821,0.0,0,0
Iran,1967,,,,IRN,101110205808.448,0.0,0,0
Iran,1968,,,,IRN,115674304556.643,0.0,0,0
Iran,1969,,,,IRN,133623091839.002,0.0,0,0
Iran,1970,,,,IRN,148224891000.395,0.0,0,0
Iran,1971,,,,IRN,168534047458.466,0.0,0,0
Iran,1972,,,,IRN,192969825709.818,0.0,0,0
Iran,1973,,,,IRN,207330025746.583,0.0,0,0
Iran,1974,,,,IRN,219357345962.942,0.0,0,0
Iran,1975,,,,IRN,218641766675.082,0.0,0,0
Iran,1976,,,,IRN,258566705735.058,0.0,0,0
Iran,1977,,,,IRN,251395157266.795,0.0,0,0
Iran,1978,,,,IRN,219113865436.214,0.0,0,0
Iran,1979,,,,IRN,192774712987.119,0.0,0,0
Iran,1980,0.91,,,IRN,151136050943.17,0.0006021065088846188,0,0
Iran,1981,195.64,188.54,,IRN,142526151688.067,0.13726603692224715,0,0
Iran,1982,528.99,515.81,,IRN,175551236248.121,0.30133083155981594,0,0
Iran,1983,926.85,910.45,,IRN,195014104732.137,0.47527331485744656,0,0
Iran,1984,1282.08,1262.59,,IRN,181090389202.494,0.7079779361269068,0,0
Iran,1985,1603.09,1580.62,,IRN,184472523734.211,0.8690128847099965,0,0
Iran,1986,1831.34,1806.05,,IRN,166422061469.432,1.1004190092527943,1,0
Iran,1987,1947.34,1919.25,,IRN,166135636307.771,1.172138647239113,1,0
Iran,1988,1960.66,1929.8,,IRN,156031272523.14,1.2565814328721998,1,0
Iran,1989,2017.69,1934.04,,IRN,165599290646.835,1.218417054879192,1,0
Iran,1990,1975.02,1939.43,,IRN,188112392401.369,1.0499148805603233,1,0
Iran,1991,1945.16,1942.79,,IRN,212033043457.695,0.917385313288728,0,0
Iran,1992,41.05,40.84,,IRN,219025854894.467,0.01874207956854184,0,0
Iran,1993,2825.78,39.78,,IRN,215803959420.018,1.3094199048036004,1,0
Iran,1994,10837.34,52.34,,IRN,212138990732.738,5.108603544575809,1,1
Iran,1995,3233.5,53.59,,IRN,217232542412.818,1.4884970566956843,1,0
Iran,1996,1839.83,34.83,,IRN,231027951539.907,0.7963668412141004,0,0
Iran,1997,38.98,38.98,,IRN,234147751320.933,0.01664760809364867,0,0
Iran,1998,34.66,34.66,,IRN,239018052131.649,0.01450099676191386,0,0
Iran,1999,33.27,33.27,,IRN,243804857656.766,0.013646159604759914,0,0
Iran,2000,,,,IRN,258056537598.384,0.0,0,0
Iran,2001,,,,IRN,264229695672.548,0.0,0,0
Iran,2002,,,,IRN,285576361692.342,0.0,0,0
Iran,2003,,,,IRN,310248155730.812,0.0,0,0
Iran,2004,,,,IRN,323702581949.347,0.0,0,0
Iran,2005,,,,IRN,334028060139.024,0.0,0,0
Iran,2006,,,,IRN,350728779262.979,0.0,0,0
Iran,2007,,,,IRN,379333424181.702,0.0,0,0
Iran,2008,,,,IRN,380285006935.854,0.0,0,0
Iran,2009,,,,IRN,384115942794.318,0.0,0,0
Iran,2010,39.37,39.37,,IRN,406386748164.51,0.009687815898972812,0,0
Iran,2011,26.17,26.11,,IRN,417138595177.331,0.0062736942355752995,0,0
Iran,2012,,,,IRN,401507697046.153,0.0,0,0
Iran,2013,79.0,,,IRN,395396833390.87,0.019979927335913805,0,0
Iran,2014,,,,IRN,415106476157.82,0.0,0,0
Iran,2015,,,,IRN,409191686496.677,0.0,0,0
Iran,2016,99.72,80.53,,IRN,445262288195.34,0.02239578842487825,0,0
Iran,2017,39.74,25.65,6.11,IRN,458739730634.758,0.008662864222597808,0,0
Iran,2018,46.86,24.84,6.11,IRN,441546348305.719,0.010612702421797621,0,0
Iran,2019,255.96,231.71,6.11,IRN,431119516583.705,0.05937100737825296,0,0
Iran,2020,430.27,397.49,6.11,IRN,450269020578.621,0.09555842848061785,0,0
Iran,2021,445.27,396.09,6.11,IRN,468869169367.781,0.09496679011767784,0,0
Iran,2022,408.38,395.11,6.11,IRN,489278157562.545,0.08346581462668223,0,0
Iran,2023,415.0,400.0,6.11,IRN,515368187076.863,0.08052495485874958,0,0
Iraq,1960,,,,IRQ,7007485325.46828,0.0,0,0
Iraq,1961,,,,IRQ,7520837447.64045,0.0,0,0
Iraq,1962,,,,IRQ,7867047598.88061,0.0,0,0
Iraq,1963,,,,IRQ,8059609507.87116,0.0,0,0
Iraq,1964,,,,IRQ,9254568661.85383,0.0,0,0
Iraq,1965,,,,IRQ,10250719342.4167,0.0,0,0
Iraq,1966,,,,IRQ,10759449895.1719,0.0,0,0
Iraq,1967,,,,IRQ,9806505271.71195,0.0,0,0
Iraq,1968,,,,IRQ,11719960412.0495,0.0,0,0
Iraq,1969,,,,IRQ,12100177780.9244,0.0,0,0
Iraq,1970,,,,IRQ,12650053064.6706,0.0,0,0
Iraq,1971,,,,IRQ,13329936812.088,0.0,0,0
Iraq,1972,,,,IRQ,13827850446.6301,0.0,0,0
Iraq,1973,,,,IRQ,14438869357.7529,0.0,0,0
Iraq,1974,,,,IRQ,16765457417.8993,0.0,0,0
Iraq,1975,,,,IRQ,18859574485.2208,0.0,0,0
Iraq,1976,,,,IRQ,22098725966.9315,0.0,0,0
Iraq,1977,,,,IRQ,22518592787.0063,0.0,0,0
Iraq,1978,,,,IRQ,26359581201.6672,0.0,0,0
Iraq,1979,,,,IRQ,31860629533.6718,0.0,0,0
Iraq,1980,,,,IRQ,39747322739.9783,0.0,0,0
Iraq,1981,,,,IRQ,39457673064.8968,0.0,0,0
Iraq,1982,,,,IRQ,40812640889.3232,0.0,0,0
Iraq,1983,,,,IRQ,35477076845.7478,0.0,0,0
Iraq,1984,,,,IRQ,34950156507.4332,0.0,0,0
Iraq,1985,,,,IRQ,35458295526.7584,0.0,0,0
Iraq,1986,,,,IRQ,37106251927.42,0.0,0,0
Iraq,1987,,,,IRQ,40559093082.9659,0.0,0,0
Iraq,1988,5780.7,,,IRQ,40551371874.048,14.255251383244874,1,1
Iraq,1989,6393.45,,,IRQ,39286763062.0929,16.27380191616989,1,1
Iraq,1990,24520.61,,,IRQ,62001516291.8778,39.5484037593,1,1
Iraq,1991,25559.62,,,IRQ,22291338827.2342,114.66166387804762,1,1
Iraq,1992,27724.81,,,IRQ,29556579056.3127,93.80249976554215,1,1
Iraq,1993,31716.86,,,IRQ,38509216455.9305,82.36173809533727,1,1
Iraq,1994,32165.29,,,IRQ,39993566700.0619,80.42616014027631,1,1
Iraq,1995,34588.76,,,IRQ,40841438911.7737,84.69035597575093,1,1
Iraq,1996,37000.55,,,IRQ,45342486348.2519,81.60238438584541,1,1
Iraq,1997,39487.97,,,IRQ,54972294638.0998,71.83249354963611,1,1
Iraq,1998,42008.64,,,IRQ,74213129683.8961,56.60540146862406,1,1
Iraq,1999,44562.45,,,IRQ,87259924322.4904,51.06863241745266,1,1
Iraq,2000,47308.64,,,IRQ,101916218527.399,46.41914769167148,1,1
Iraq,2001,49773.32,,,IRQ,103716679377.555,47.989696834404526,1,1
Iraq,2002,58895.0,,6855.0,IRQ,95208069160.7452,61.859252602386285,1,1
Iraq,2003,106541.9,,7024.79,IRQ,60307856288.9303,176.6633844346348,1,1
Iraq,2004,110160.4,,7203.39,IRQ,92503535426.8886,119.087772690663,1,1
Iraq,2005,111233.28,,7391.3,IRQ,94053181141.5504,118.26636659167697,1,1
Iraq,2006,99176.56,,7589.29,IRQ,99356180856.4776,99.8192152164775,1,1
Iraq,2007,66007.0,,7798.17,IRQ,101232561440.969,65.20332890963168,1,1
Iraq,2008,64200.87,,8018.87,IRQ,109562085020.285,58.597707398607334,1,1
Iraq,2009,58752.43,,8252.43,IRQ,113264515567.212,51.87187682371349,1,1
Iraq,2010,54700.0,,8500.0,IRQ,120516349622.451,45.388032554389554,1,1
Iraq,2011,46200.0,,,IRQ,129611081238.514,35.64510037145778,1,1
Iraq,2012,46200.0,,,IRQ,147674239072.767,31.28507740421455,1,1
Iraq,2013,42700.0,,,IRQ,158939252263.834,26.865610220135792,1,1
Iraq,2014,42700.0,,,IRQ,162537141323.775,26.270918543436995,1,1
Iraq,2015,42700.0,,,IRQ,166774104959.102,25.603495225155797,1,1
Iraq,2016,41002.0,,,IRQ,189767872908.426,21.60639700050063,1,1
Iraq,2017,40302.0,,289.0,IRQ,186314571374.742,21.631158369754647,1,1
Iraq,2018,40429.0,,,IRQ,191221819559.378,21.142461719671083,1,1
Iraq,2019,40038.0,,,IRQ,201765390231.117,19.843839398886754,1,1
Iraq,2020,45086.0,,,IRQ,177479307669.569,25.403524834535148,1,1
Iraq,2021,40004.0,,,IRQ,180145367592.813,22.206510516785546,1,1
Iraq,2022,42232.0,,,IRQ,194483223959.197,21.714983503595338,1,1
Iraq,2023,42760.0,,,IRQ,195490074355.105,21.873233278497327,1,1
Ireland,1960,,,,IRL,24110313735.9191,0.0,0,0
Ireland,1961,,,,IRL,25319727860.0098,0.0,0,0
Ireland,1962,,,,IRL,26134122704.3572,0.0,0,0
Ireland,1963,,,,IRL,27374091165.9705,0.0,0,0
Ireland,1964,,,,IRL,28410464121.8336,0.0,0,0
Ireland,1965,,,,IRL,28959765871.2038,0.0,0,0
Ireland,1966,,,,IRL,29218403418.1406,0.0,0,0
Ireland,1967,,,,IRL,30908893700.7178,0.0,0,0
Ireland,1968,,,,IRL,33457000655.6593,0.0,0,0
Ireland,1969,,,,IRL,35418870766.8565,0.0,0,0
Ireland,1970,,,,IRL,36361200213.4564,0.0,0,0
Ireland,1971,,,,IRL,37622893378.5297,0.0,0,0
Ireland,1972,,,,IRL,40064546829.0924,0.0,0,0
Ireland,1973,,,,IRL,41956165576.6343,0.0,0,0
Ireland,1974,,,,IRL,43743594855.9275,0.0,0,0
Ireland,1975,,,,IRL,46218015394.7561,0.0,0,0
Ireland,1976,,,,IRL,46862667362.3027,0.0,0,0
Ireland,1977,,,,IRL,50710701806.486,0.0,0,0
Ireland,1978,,,,IRL,54355141813.3646,0.0,0,0
Ireland,1979,,,,IRL,56025495102.5758,0.0,0,0
Ireland,1980,,,,IRL,57750704523.4471,0.0,0,0
Ireland,1981,,,,IRL,59671040950.6034,0.0,0,0
Ireland,1982,,,,IRL,61033610334.2611,0.0,0,0
Ireland,1983,,,,IRL,60884504483.3458,0.0,0,0
Ireland,1984,,,,IRL,63535642711.5551,0.0,0,0
Ireland,1985,,,,IRL,65496107816.8481,0.0,0,0
Ireland,1986,,,,IRL,65215568204.4892,0.0,0,0
Ireland,1987,,,,IRL,68256629227.1468,0.0,0,0
Ireland,1988,,,,IRL,71817859762.6851,0.0,0,0
Ireland,1989,,,,IRL,75993292635.9118,0.0,0,0
Ireland,1990,,,,IRL,82427285855.6966,0.0,0,0
Ireland,1991,,,,IRL,84017835877.9952,0.0,0,0
Ireland,1992,,,,IRL,86826782446.1614,0.0,0,0
Ireland,1993,,,,IRL,89164687696.4892,0.0,0,0
Ireland,1994,,,,IRL,94296853730.8362,0.0,0,0
Ireland,1995,,,,IRL,103381809953.759,0.0,0,0
Ireland,1996,,,,IRL,111010999492.641,0.0,0,0
Ireland,1997,,,,IRL,123246371072.281,0.0,0,0
Ireland,1998,,,,IRL,134050299130.928,0.0,0,0
Ireland,1999,,,,IRL,148165642333.121,0.0,0,0
Ireland,2000,,,,IRL,162098435201.65,0.0,0,0
Ireland,2001,,,,IRL,170699088560.512,0.0,0,0
Ireland,2002,,,,IRL,180769250950.138,0.0,0,0
Ireland,2003,,,,IRL,186217344582.055,0.0,0,0
Ireland,2004,,,,IRL,198858038461.921,0.0,0,0
Ireland,2005,,,,IRL,210272056411.317,0.0,0,0
Ireland,2006,,,,IRL,220760118842.237,0.0,0,0
Ireland,2007,,,,IRL,232482742331.818,0.0,0,0
Ireland,2008,,,,IRL,222058051543.628,0.0,0,0
Ireland,2009,,,,IRL,210742455593.378,0.0,0,0
Ireland,2010,,,,IRL,214289191596.523,0.0,0,0
Ireland,2011,,,,IRL,217736818590.032,0.0,0,0
Ireland,2012,,,,IRL,216854920423.995,0.0,0,0
Ireland,2013,88290.0,,,IRL,221610413457.216,39.84018558633537,1,1
Ireland,2014,,,,IRL,242410308909.292,0.0,0,0
Ireland,2015,,,,IRL,302101388556.271,0.0,0,0
Ireland,2016,,,,IRL,305795232417.145,0.0,0,0
Ireland,2017,,,,IRL,336707637029.955,0.0,0,0
Ireland,2018,,,,IRL,362595940328.693,0.0,0,0
Ireland,2019,,,,IRL,380627401462.693,0.0,0,0
Ireland,2020,,,,IRL,407856325068.063,0.0,0,0
Ireland,2021,,,,IRL,474166373639.897,0.0,0,0
Ireland,2022,,,,IRL,509781668505.942,0.0,0,0
Ireland,2023,,,,IRL,496851698334.418,0.0,0,0
Jamaica,1960,,,,JAM,,,0,0
Jamaica,1961,,,,JAM,,,0,0
Jamaica,1962,,,,JAM,,,0,0
Jamaica,1963,,,,JAM,,,0,0
Jamaica,1964,,,,JAM,,,0,0
Jamaica,1965,,,,JAM,,,0,0
Jamaica,1966,,,,JAM,7407890769.32512,0.0,0,0
Jamaica,1967,,,,JAM,7541872735.2186,0.0,0,0
Jamaica,1968,,,,JAM,7975087876.66343,0.0,0,0
Jamaica,1969,,,,JAM,8419673016.68952,0.0,0,0
Jamaica,1970,0.01,,,JAM,9435456809.17078,0.00010598320995206625,0,0
Jamaica,1971,,,,JAM,9667387268.04729,0.0,0,0
Jamaica,1972,,,,JAM,11408344049.4993,0.0,0,0
Jamaica,1973,0.98,0.97,,JAM,10782538299.513,0.009088769015031112,0,0
Jamaica,1974,0.55,0.52,,JAM,10326516578.9903,0.005326094194425606,0,0
Jamaica,1975,0.36,0.36,,JAM,10300071169.6225,0.003495121480924623,0,0
Jamaica,1976,0.36,0.36,,JAM,9610559160.55532,0.0037458798597021317,0,0
Jamaica,1977,,,,JAM,9360920206.24462,0.0,0,0
Jamaica,1978,63.0,,,JAM,9355893362.62554,0.6733723606948032,0,0
Jamaica,1979,149.05,0.05,,JAM,9256717027.37892,1.610182093275073,1,0
Jamaica,1980,28.6,19.21,,JAM,8727773475.48955,0.32768953136006773,0,0
Jamaica,1981,152.45,1.6,1.19,JAM,8958138517.41687,1.701804450819765,1,0
Jamaica,1982,130.12,0.13,2.46,JAM,9143503152.54326,1.4230869485051492,1,0
Jamaica,1983,267.97,16.2,3.73,JAM,9318059796.44958,2.8758132685744675,1,0
Jamaica,1984,377.37,5.13,1.24,JAM,9174343092.5659,4.11331902668637,1,0
Jamaica,1985,478.39,4.39,,JAM,8904283865.52367,5.372582536954704,1,1
Jamaica,1986,961.19,18.47,,JAM,9071914861.57486,10.59522729948923,1,1
Jamaica,1987,1432.43,,,JAM,9784092367.8033,14.640397352683676,1,1
Jamaica,1988,503.0,,,JAM,10172941747.9657,4.944489140524035,1,0
Jamaica,1989,621.82,,,JAM,10902677820.4538,5.703369486287527,1,1
Jamaica,1990,653.0,,,JAM,11360648630.7449,5.747911243666232,1,1
Jamaica,1991,917.0,,,JAM,11910303935.5665,7.699215779554193,1,1
Jamaica,1992,643.72,,,JAM,12143214990.9269,5.301067307800867,1,1
Jamaica,1993,742.0,,,JAM,13286754001.4092,5.5845092030852905,1,1
Jamaica,1994,419.95,51.99,,JAM,13470561601.922,3.1175389149334416,1,0
Jamaica,1995,406.24,52.29,,JAM,13787114012.3084,2.946519479256722,1,0
Jamaica,1996,298.34,49.86,,JAM,13771433761.2911,2.166368478194169,1,0
Jamaica,1997,230.92,31.59,,JAM,13614376085.2375,1.6961482373797057,1,0
Jamaica,1998,236.68,32.27,,JAM,13296541186.4629,1.7800117841244456,1,0
Jamaica,1999,285.15,31.32,,JAM,13435845573.7016,2.1223078103705886,1,0
Jamaica,2000,284.55,49.06,,JAM,13553906825.7897,2.0993946886116435,1,0
Jamaica,2001,232.68,54.29,0.17,JAM,13736197326.0583,1.693918589525455,1,0
Jamaica,2002,261.39,82.44,0.54,JAM,14010549151.015,1.865665629395144,1,0
Jamaica,2003,321.36,115.1,0.53,JAM,14524220379.0531,2.2125800326154987,1,0
Jamaica,2004,355.29,141.81,0.53,JAM,14716481130.4443,2.414232022252955,1,0
Jamaica,2005,368.65,93.88,0.56,JAM,14848016734.9532,2.482823171475648,1,0
Jamaica,2006,437.82,141.86,0.58,JAM,15278479351.3183,2.865599317396877,1,0
Jamaica,2007,436.88,131.2,4.18,JAM,15497260153.2881,2.8190789576911497,1,0
Jamaica,2008,404.29,125.19,1.0,JAM,15371463204.7905,2.6301334792513664,1,0
Jamaica,2009,390.93,92.38,4.06,JAM,14703526728.5078,2.658749885101028,1,0
Jamaica,2010,9172.53,70.79,5.63,JAM,14489274699.2317,63.30565325320512,1,1
Jamaica,2011,620.35,60.27,5.63,JAM,14739993670.3316,4.208617818124505,1,0
Jamaica,2012,218.84,54.49,5.02,JAM,14649543756.5624,1.493834918251079,1,0
Jamaica,2013,9545.09,26.18,0.35,JAM,14725382395.3111,64.8206596185874,1,1
Jamaica,2014,136.82,42.87,0.43,JAM,14826961375.6345,0.9227784205659265,0,0
Jamaica,2015,45.48,1.24,,JAM,14963589915.5912,0.30393775996635974,0,0
Jamaica,2016,89.95,,,JAM,15376650479.9803,0.5849778540333658,0,0
Jamaica,2017,656.91,0.48,289.0,JAM,15729242259.4032,4.176361385795864,1,0
Jamaica,2018,79.7,,,JAM,16124965549.2249,0.49426462187902814,0,0
Jamaica,2019,79.59,,,JAM,16416735750.8852,0.48481014257483224,0,0
Jamaica,2020,21.32,,,JAM,15053421189.293,0.14162893425957024,0,0
Jamaica,2021,20.92,,,JAM,15912170664.5422,0.13147169195851433,0,0
Jamaica,2022,24.78,2.42,,JAM,16936803585.1513,0.14630859875900626,0,0
Jamaica,2023,22.42,2.42,,JAM,17401946531.631,0.12883616185837507,0,0
Jordan,1960,,,,JOR,,,0,0
Jordan,1961,,,,JOR,,,0,0
Jordan,1962,,,,JOR,,,0,0
Jordan,1963,,,,JOR,,,0,0
Jordan,1964,,,,JOR,,,0,0
Jordan,1965,,,,JOR,,,0,0
Jordan,1966,,,,JOR,,,0,0
Jordan,1967,,,,JOR,,,0,0
Jordan,1968,,,,JOR,,,0,0
Jordan,1969,,,,JOR,,,0,0
Jordan,1970,0.28,,,JOR,,,0,0
Jordan,1971,3.5,,,JOR,,,0,0
Jordan,1972,6.06,,,JOR,,,0,0
Jordan,1973,7.65,,,JOR,,,0,0
Jordan,1974,10.65,,,JOR,,,0,0
Jordan,1975,13.23,,,JOR,,,0,0
Jordan,1976,17.03,,,JOR,6256889537.38099,0.27217996894873137,0,0
Jordan,1977,19.67,,,JOR,6776111812.72948,0.2902844661306842,0,0
Jordan,1978,22.47,,,JOR,7770815619.66266,0.28915883608335374,0,0
Jordan,1979,25.96,,,JOR,9387371342.14838,0.2765417394690901,0,0
Jordan,1980,26.99,,,JOR,10437334413.5756,0.25859092878057766,0,0
Jordan,1981,28.25,,,JOR,12230334600.7269,0.23098305093240037,0,0
Jordan,1982,30.25,,,JOR,13089630985.8185,0.2310989517792617,0,0
Jordan,1983,30.15,,,JOR,12799075400.1899,0.23556389080693022,0,0
Jordan,1984,8.93,,,JOR,13348371753.2017,0.06689954524122448,0,0
Jordan,1985,9.36,,,JOR,12987038382.5513,0.07207185906661831,0,0
Jordan,1986,10.3,,,JOR,13701927344.3612,0.0751719064124128,0,0
Jordan,1987,22.07,7.59,,JOR,14020260711.5014,0.1574150470817926,0,0
Jordan,1988,66.14,32.96,,JOR,14225260731.8347,0.46494754118625986,0,0
Jordan,1989,1056.46,470.46,,JOR,12699001314.6954,8.31923687398516,1,1
Jordan,1990,985.31,729.0,,JOR,12663964273.843,7.780423086277377,1,1
Jordan,1991,1143.38,1014.25,,JOR,12867668074.211,8.88568148794208,1,1
Jordan,1992,2025.92,1254.92,,JOR,14714149626.9644,13.768515689737193,1,1
Jordan,1993,1740.26,,,JOR,15374372016.9193,11.319226554976463,1,1
Jordan,1994,1321.3,174.3,,JOR,16138705339.4575,8.187149912016519,1,1
Jordan,1995,931.79,200.03,2.31,JOR,17139446194.4021,5.436523382560232,1,1
Jordan,1996,726.17,301.06,3.63,JOR,17497149998.3442,4.150218750303446,1,0
Jordan,1997,996.86,137.5,4.71,JOR,18076038898.7743,5.514814421358626,1,1
Jordan,1998,532.52,81.76,5.79,JOR,18620520406.0011,2.8598556237363657,1,0
Jordan,1999,901.59,74.8,5.79,JOR,19251668679.1751,4.683178455981155,1,0
Jordan,2000,562.78,51.32,5.79,JOR,20069039071.2381,2.8042199629106657,1,0
Jordan,2001,696.13,54.77,6.02,JOR,21126668916.0298,3.295029627088127,1,0
Jordan,2002,1219.61,49.61,,JOR,22348594867.4625,5.457211100889569,1,1
Jordan,2003,503.66,70.89,,JOR,23278669089.1592,2.16361166555932,1,0
Jordan,2004,320.21,29.66,,JOR,25273002542.7996,1.2670041854256426,1,0
Jordan,2005,237.41,27.48,,JOR,27331891656.4845,0.868618985410307,0,0
Jordan,2006,342.68,122.59,,JOR,29543854891.2862,1.159902799621019,1,0
Jordan,2007,2618.48,118.48,,JOR,31959410677.5837,8.193142315470164,1,1
Jordan,2008,2318.17,,,JOR,34267003610.9757,6.765021028151676,1,1
Jordan,2009,17.42,,,JOR,36020333882.3292,0.048361572818584775,0,0
Jordan,2010,17.93,0.73,,JOR,36970447929.8027,0.048498195191046714,0,0
Jordan,2011,20.65,,,JOR,38045287231.4402,0.054277419104185584,0,0
Jordan,2012,17.37,,,JOR,38960145956.931,0.04458402188534379,0,0
Jordan,2013,17.68,,,JOR,40021074389.938,0.04417672506174662,0,0
Jordan,2014,17.58,,,JOR,41350923977.4003,0.042514164882042474,0,0
Jordan,2015,17.64,,,JOR,42394049295.7747,0.04160961336089717,0,0
Jordan,2016,17.44,,,JOR,43289270898.1947,0.04028711881291422,0,0
Jordan,2017,17.5,,,JOR,44374837667.7263,0.03943676398556766,0,0
Jordan,2018,241.75,69.63,,JOR,45197473565.1553,0.5348750293564541,0,0
Jordan,2019,17.64,,,JOR,46036487855.985,0.03831743215334508,0,0
Jordan,2020,17.46,,,JOR,45505882648.8273,0.03836866572777036,0,0
Jordan,2021,17.45,,,JOR,47213269175.8014,0.03695994855815617,0,0
Jordan,2022,17.08,,,JOR,48510152310.9303,0.03520912466018281,0,0
Jordan,2023,17.0,,,JOR,50028035471.6265,0.033980946562735974,0,0
Kazakhstan,1960,,,,KAZ,,,0,0
Kazakhstan,1961,,,,KAZ,,,0,0
Kazakhstan,1962,,,,KAZ,,,0,0
Kazakhstan,1963,,,,KAZ,,,0,0
Kazakhstan,1964,,,,KAZ,,,0,0
Kazakhstan,1965,,,,KAZ,,,0,0
Kazakhstan,1966,,,,KAZ,,,0,0
Kazakhstan,1967,,,,KAZ,,,0,0
Kazakhstan,1968,,,,KAZ,,,0,0
Kazakhstan,1969,,,,KAZ,,,0,0
Kazakhstan,1970,,,,KAZ,,,0,0
Kazakhstan,1971,,,,KAZ,,,0,0
Kazakhstan,1972,,,,KAZ,,,0,0
Kazakhstan,1973,,,,KAZ,,,0,0
Kazakhstan,1974,,,,KAZ,,,0,0
Kazakhstan,1975,,,,KAZ,,,0,0
Kazakhstan,1976,,,,KAZ,,,0,0
Kazakhstan,1977,,,,KAZ,,,0,0
Kazakhstan,1978,,,,KAZ,,,0,0
Kazakhstan,1979,,,,KAZ,,,0,0
Kazakhstan,1980,,,,KAZ,,,0,0
Kazakhstan,1981,,,,KAZ,,,0,0
Kazakhstan,1982,,,,KAZ,,,0,0
Kazakhstan,1983,,,,KAZ,,,0,0
Kazakhstan,1984,,,,KAZ,,,0,0
Kazakhstan,1985,,,,KAZ,,,0,0
Kazakhstan,1986,,,,KAZ,,,0,0
Kazakhstan,1987,,,,KAZ,,,0,0
Kazakhstan,1988,,,,KAZ,,,0,0
Kazakhstan,1989,,,,KAZ,,,0,0
Kazakhstan,1990,,,,KAZ,95326487409.9576,0.0,0,0
Kazakhstan,1991,,,,KAZ,84840573793.2488,0.0,0,0
Kazakhstan,1992,,,,KAZ,80344023383.1104,0.0,0,0
Kazakhstan,1993,21.47,20.8,,KAZ,72952373230.2308,0.02943015977320259,0,0
Kazakhstan,1994,105.3,25.1,,KAZ,63760374204.4497,0.16514959536208515,0,0
Kazakhstan,1995,161.72,,,KAZ,58532023518.9309,0.2762931986243312,0,0
Kazakhstan,1996,,,,KAZ,58824683637.7392,0.0,0,0
Kazakhstan,1997,,,,KAZ,59824703259.2838,0.0,0,0
Kazakhstan,1998,103.8,103.8,,KAZ,58688033897.7015,0.17686740056913935,0,0
Kazakhstan,1999,388.12,203.4,,KAZ,60272610811.673,0.6439409124199292,0,0
Kazakhstan,2000,,,,KAZ,66179326672.5077,0.0,0,0
Kazakhstan,2001,169.72,,,KAZ,75113535772.261,0.2259512859500839,0,0
Kazakhstan,2002,,,,KAZ,82474662277.6485,0.0,0,0
Kazakhstan,2003,12.08,,12.08,KAZ,90144805869.7482,0.013400661173373208,0,0
Kazakhstan,2004,,,,KAZ,98798707234.4777,0.0,0,0
Kazakhstan,2005,,,,KAZ,108382181835.458,0.0,0,0
Kazakhstan,2006,,,,KAZ,119979075291.852,0.0,0,0
Kazakhstan,2007,,,,KAZ,130657212992.82,0.0,0,0
Kazakhstan,2008,,,,KAZ,134968901021.859,0.0,0,0
Kazakhstan,2009,,,,KAZ,136588527833.35,0.0,0,0
Kazakhstan,2010,,,,KAZ,146559490369.689,0.0,0,0
Kazakhstan,2011,,,,KAZ,157404892659.159,0.0,0,0
Kazakhstan,2012,,,,KAZ,164960327499.374,0.0,0,0
Kazakhstan,2013,,,,KAZ,174857947143.911,0.0,0,0
Kazakhstan,2014,199.5,,199.5,KAZ,182201980933.864,0.1094938699225311,0,0
Kazakhstan,2015,,,,KAZ,184388404706.042,0.0,0,0
Kazakhstan,2016,,,,KAZ,186416677156.152,0.0,0,0
Kazakhstan,2017,,,,KAZ,194059760924.352,0.0,0,0
Kazakhstan,2018,,,,KAZ,202016211108.857,0.0,0,0
Kazakhstan,2019,,,,KAZ,211106940610.612,0.0,0,0
Kazakhstan,2020,10.9,,10.9,KAZ,205829267103.2,0.005295651174103869,0,0
Kazakhstan,2021,,,,KAZ,214679925583.069,0.0,0,0
Kazakhstan,2022,,,,KAZ,221549683201.099,0.0,0,0
Kazakhstan,2023,,,,KAZ,232848717043.771,0.0,0,0
Kenya,1960,,,,KEN,6102055403.60775,0.0,0,0
Kenya,1961,,,,KEN,5627642874.35474,0.0,0,0
Kenya,1962,,,,KEN,6159869249.6291,0.0,0,0
Kenya,1963,,,,KEN,6700603529.23536,0.0,0,0
Kenya,1964,,,,KEN,7033252799.57237,0.0,0,0
Kenya,1965,,,,KEN,7174557471.60245,0.0,0,0
Kenya,1966,,,,KEN,8231266932.82613,0.0,0,0
Kenya,1967,,,,KEN,8507938913.6599,0.0,0,0
Kenya,1968,,,,KEN,9187101299.91888,0.0,0,0
Kenya,1969,,,,KEN,9918323313.70066,0.0,0,0
Kenya,1970,0.3,0.3,,KEN,9456581036.82684,0.0031723939004139824,0,0
Kenya,1971,,,,KEN,11553473095.7874,0.0,0,0
Kenya,1972,0.01,0.01,,KEN,13527086974.8446,7.392574630884179e-05,0,0
Kenya,1973,0.0,0.0,,KEN,14324722508.4153,0.0,0,0
Kenya,1974,,,,KEN,14907110911.9045,0.0,0,0
Kenya,1975,0.05,,,KEN,15038621917.7177,0.00033247727267544827,0,0
Kenya,1976,0.63,0.57,,KEN,15362548495.5997,0.0041008820911481655,0,0
Kenya,1977,1.14,1.14,,KEN,16814892774.0725,0.006779704249781526,0,0
Kenya,1978,1.71,1.71,,KEN,17977221151.8912,0.009512037403067204,0,0
Kenya,1979,2.28,2.28,,KEN,19346227179.3826,0.011785243597417335,0,0
Kenya,1980,5.66,2.86,,KEN,20428063600.0061,0.02770698246699364,0,0
Kenya,1981,8.05,3.43,,KEN,21198925607.9366,0.037973622573524136,0,0
Kenya,1982,9.57,4.0,,KEN,21518282813.0601,0.04447380900762061,0,0
Kenya,1983,10.41,4.0,,KEN,21799967946.1155,0.04775236379122723,0,0
Kenya,1984,11.03,4.0,,KEN,22182604684.4938,0.049723646780354194,0,0
Kenya,1985,14.95,4.18,,KEN,23136581311.9696,0.0646162879399373,0,0
Kenya,1986,23.52,4.97,,KEN,24797222251.1412,0.0948493333720779,0,0
Kenya,1987,40.85,7.49,,KEN,26269459979.3708,0.1555037676148622,0,0
Kenya,1988,65.9,26.46,,KEN,27899002871.2389,0.2362091588152649,0,0
Kenya,1989,549.16,57.39,,KEN,29207563408.6722,1.880197921052687,1,0
Kenya,1990,258.29,,0.15,KEN,30431959354.312,0.8487458759812062,0,0
Kenya,1991,166.18,,,KEN,30869676465.3409,0.5383276374359787,0,0
Kenya,1992,163.5,,0.68,KEN,30622875266.9484,0.5339145935015035,0,0
Kenya,1993,206.52,,1.37,KEN,30731034422.1691,0.6720242383088096,0,0
Kenya,1994,537.05,,2.05,KEN,31540116338.6072,1.7027521212488843,1,0
Kenya,1995,24.73,,10.27,KEN,32929842156.6672,0.07509905417203161,0,0
Kenya,1996,19.81,,,KEN,34295389782.3606,0.05776286587122863,0,0
Kenya,1997,82.3,,0.61,KEN,34458259247.3522,0.23883969126015556,0,0
Kenya,1998,90.85,,1.32,KEN,35592009621.64,0.25525392065741365,0,0
Kenya,1999,154.91,,2.44,KEN,36412543752.2683,0.4254303161402997,0,0
Kenya,2000,303.75,,3.75,KEN,36630908098.8264,0.8292177719987556,0,0
Kenya,2001,185.58,,,KEN,38015522174.3133,0.4881690146173883,0,0
Kenya,2002,127.05,,2.83,KEN,38223413680.2696,0.33238789466253627,0,0
Kenya,2003,34.33,,1.53,KEN,39344305939.1787,0.08725531987543461,0,0
Kenya,2004,353.0,,,KEN,41352557259.2179,0.8536352366003017,0,0
Kenya,2005,115.47,,1.47,KEN,43795114731.9782,0.26365954446441126,0,0
Kenya,2006,285.7,,,KEN,46629751036.7518,0.6126989607446587,0,0
Kenya,2007,76.95,,,KEN,49824229272.6978,0.1544429309259106,0,0
Kenya,2008,51.23,,,KEN,49939962360.0343,0.10258317703698969,0,0
Kenya,2009,28.18,,,KEN,51591446859.569,0.05462145707350573,0,0
Kenya,2010,49.59,,,KEN,55748929986.1062,0.0889523799153793,0,0
Kenya,2011,51.07,,0.04,KEN,58603891851.295,0.08714438305494805,0,0
Kenya,2012,64.29,,,KEN,61281315911.5794,0.10490962709214946,0,0
Kenya,2013,7.92,,7.92,KEN,63608687382.8764,0.012451129438228403,0,0
Kenya,2014,11.97,,2.15,KEN,66801914096.6185,0.017918648233173785,0,0
Kenya,2015,3.91,,0.77,KEN,70120446896.8359,0.00557611962421254,0,0
Kenya,2016,320.43,,261.59,KEN,73074983895.0953,0.4384947938681747,0,0
Kenya,2017,28.18,,2.16,KEN,75879571212.3885,0.0371377955222277,0,0
Kenya,2018,73.38,,,KEN,80165208728.3956,0.0915359682385606,0,0
Kenya,2019,24.53,,,KEN,84264984851.3549,0.029110549350090557,0,0
Kenya,2020,8.25,,,KEN,84035138346.859,0.009817321851661308,0,0
Kenya,2021,1155.0,,946.0,KEN,90413816676.9795,1.2774596211621687,1,0
Kenya,2022,259.08,,178.8,KEN,94807911027.625,0.27326833509126636,0,0
Kenya,2023,0.51,,,KEN,100230916344.516,0.00050882503981807,0,0
Korea (North),1960,,,,PRK,,,0,0
Korea (North),1961,,,,PRK,,,0,0
Korea (North),1962,,,,PRK,,,0,0
Korea (North),1963,,,,PRK,,,0,0
Korea (North),1964,,,,PRK,,,0,0
Korea (North),1965,,,,PRK,,,0,0
Korea (North),1966,,,,PRK,,,0,0
Korea (North),1967,,,,PRK,,,0,0
Korea (North),1968,,,,PRK,,,0,0
Korea (North),1969,,,,PRK,,,0,0
Korea (North),1970,,,,PRK,,,0,0
Korea (North),1971,,,,PRK,,,0,0
Korea (North),1972,,,,PRK,,,0,0
Korea (North),1973,,,,PRK,,,0,0
Korea (North),1974,74.0,74.0,,PRK,,,0,0
Korea (North),1975,148.27,79.0,,PRK,,,0,0
Korea (North),1976,222.27,84.0,,PRK,,,0,0
Korea (North),1977,293.61,89.0,,PRK,,,0,0
Korea (North),1978,381.12,94.0,,PRK,,,0,0
Korea (North),1979,462.4,99.0,,PRK,,,0,0
Korea (North),1980,469.51,104.0,,PRK,,,0,0
Korea (North),1981,451.19,109.0,,PRK,,,0,0
Korea (North),1982,494.42,114.0,,PRK,,,0,0
Korea (North),1983,803.13,119.0,,PRK,,,0,0
Korea (North),1984,749.66,124.0,,PRK,,,0,0
Korea (North),1985,957.24,129.0,,PRK,,,0,0
Korea (North),1986,1255.5,134.0,,PRK,,,0,0
Korea (North),1987,1613.94,139.0,,PRK,,,0,0
Korea (North),1988,1533.05,144.0,,PRK,,,0,0
Korea (North),1989,1609.88,149.0,,PRK,,,0,0
Korea (North),1990,2030.67,154.0,,PRK,,,0,0
Korea (North),1991,2128.26,159.0,,PRK,,,0,0
Korea (North),1992,2507.24,164.0,,PRK,,,0,0
Korea (North),1993,2370.35,169.0,,PRK,,,0,0
Korea (North),1994,2808.06,174.0,,PRK,,,0,0
Korea (North),1995,3295.04,179.0,,PRK,,,0,0
Korea (North),1996,3143.39,184.0,,PRK,,,0,0
Korea (North),1997,4782.3,189.0,,PRK,,,0,0
Korea (North),1998,5032.55,194.0,,PRK,,,0,0
Korea (North),1999,4789.77,199.0,,PRK,,,0,0
Korea (North),2000,5124.68,204.0,,PRK,,,0,0
Korea (North),2001,5199.7,209.0,,PRK,,,0,0
Korea (North),2002,6460.84,214.0,,PRK,,,0,0
Korea (North),2003,7820.01,219.0,,PRK,,,0,0
Korea (North),2004,8690.58,224.0,,PRK,,,0,0
Korea (North),2005,7847.5,229.0,,PRK,,,0,0
Korea (North),2006,8897.24,234.0,,PRK,,,0,0
Korea (North),2007,10859.58,239.0,,PRK,,,0,0
Korea (North),2008,13624.97,244.0,,PRK,,,0,0
Korea (North),2009,14229.44,249.0,,PRK,,,0,0
Korea (North),2010,14276.44,254.0,,PRK,,,0,0
Korea (North),2011,14561.25,259.0,,PRK,,,0,0
Korea (North),2012,14968.01,264.0,,PRK,,,0,0
Korea (North),2013,15494.02,269.0,,PRK,,,0,0
Korea (North),2014,7117.51,274.0,,PRK,,,0,0
Korea (North),2015,6761.94,279.0,,PRK,,,0,0
Korea (North),2016,6481.91,284.0,,PRK,,,0,0
Korea (North),2017,6837.07,289.0,,PRK,,,0,0
Korea (North),2018,6489.66,295.0,,PRK,,,0,0
Korea (North),2019,6290.62,302.0,,PRK,,,0,0
Korea (North),2020,6675.66,309.0,,PRK,,,0,0
Korea (North),2021,6244.68,316.0,,PRK,,,0,0
Korea (North),2022,5834.97,323.0,,PRK,,,0,0
Korea (North),2023,5842.88,330.0,,PRK,,,0,0
Kosovo,1960,,,,XKX,,,0,0
Kosovo,1961,,,,XKX,,,0,0
Kosovo,1962,,,,XKX,,,0,0
Kosovo,1963,,,,XKX,,,0,0
Kosovo,1964,,,,XKX,,,0,0
Kosovo,1965,,,,XKX,,,0,0
Kosovo,1966,,,,XKX,,,0,0
Kosovo,1967,,,,XKX,,,0,0
Kosovo,1968,,,,XKX,,,0,0
Kosovo,1969,,,,XKX,,,0,0
Kosovo,1970,,,,XKX,,,0,0
Kosovo,1971,,,,XKX,,,0,0
Kosovo,1972,,,,XKX,,,0,0
Kosovo,1973,,,,XKX,,,0,0
Kosovo,1974,,,,XKX,,,0,0
Kosovo,1975,,,,XKX,,,0,0
Kosovo,1976,,,,XKX,,,0,0
Kosovo,1977,,,,XKX,,,0,0
Kosovo,1978,,,,XKX,,,0,0
Kosovo,1979,,,,XKX,,,0,0
Kosovo,1980,,,,XKX,,,0,0
Kosovo,1981,,,,XKX,,,0,0
Kosovo,1982,,,,XKX,,,0,0
Kosovo,1983,,,,XKX,,,0,0
Kosovo,1984,,,,XKX,,,0,0
Kosovo,1985,,,,XKX,,,0,0
Kosovo,1986,,,,XKX,,,0,0
Kosovo,1987,,,,XKX,,,0,0
Kosovo,1988,,,,XKX,,,0,0
Kosovo,1989,,,,XKX,,,0,0
Kosovo,1990,,,,XKX,,,0,0
Kosovo,1991,,,,XKX,,,0,0
Kosovo,1992,,,,XKX,,,0,0
Kosovo,1993,,,,XKX,,,0,0
Kosovo,1994,,,,XKX,,,0,0
Kosovo,1995,,,,XKX,,,0,0
Kosovo,1996,,,,XKX,,,0,0
Kosovo,1997,,,,XKX,,,0,0
Kosovo,1998,,,,XKX,,,0,0
Kosovo,1999,,,,XKX,,,0,0
Kosovo,2000,,,,XKX,,,0,0
Kosovo,2001,,,,XKX,,,0,0
Kosovo,2002,,,,XKX,,,0,0
Kosovo,2003,,,,XKX,,,0,0
Kosovo,2004,,,,XKX,,,0,0
Kosovo,2005,,,,XKX,,,0,0
Kosovo,2006,,,,XKX,,,0,0
Kosovo,2007,,,,XKX,,,0,0
Kosovo,2008,,,,XKX,4580658930.81897,0.0,0,0
Kosovo,2009,,,,XKX,4811288426.56325,0.0,0,0
Kosovo,2010,,,,XKX,5048963715.36105,0.0,0,0
Kosovo,2011,,,,XKX,5368048640.7013,0.0,0,0
Kosovo,2012,,,,XKX,5459960152.59947,0.0,0,0
Kosovo,2013,,,,XKX,5751565656.32741,0.0,0,0
Kosovo,2014,,,,XKX,5944174362.19959,0.0,0,0
Kosovo,2015,,,,XKX,6295845465.35898,0.0,0,0
Kosovo,2016,,,,XKX,6646635812.01545,0.0,0,0
Kosovo,2017,,,,XKX,6967379568.811,0.0,0,0
Kosovo,2018,,,,XKX,7204732569.61472,0.0,0,0
Kosovo,2019,,,,XKX,7547447329.55877,0.0,0,0
Kosovo,2020,,,,XKX,7144392850.58363,0.0,0,0
Kosovo,2021,0.0,,,XKX,7912104735.45137,0.0,0,0
Kosovo,2022,,,,XKX,8250624054.13531,0.0,0,0
Kosovo,2023,,,,XKX,8586228667.01497,0.0,0,0
Kyrgyz Republic,1960,,,,KGZ,,,0,0
Kyrgyz Republic,1961,,,,KGZ,,,0,0
Kyrgyz Republic,1962,,,,KGZ,,,0,0
Kyrgyz Republic,1963,,,,KGZ,,,0,0
Kyrgyz Republic,1964,,,,KGZ,,,0,0
Kyrgyz Republic,1965,,,,KGZ,,,0,0
Kyrgyz Republic,1966,,,,KGZ,,,0,0
Kyrgyz Republic,1967,,,,KGZ,,,0,0
Kyrgyz Republic,1968,,,,KGZ,,,0,0
Kyrgyz Republic,1969,,,,KGZ,,,0,0
Kyrgyz Republic,1970,,,,KGZ,,,0,0
Kyrgyz Republic,1971,,,,KGZ,,,0,0
Kyrgyz Republic,1972,,,,KGZ,,,0,0
Kyrgyz Republic,1973,,,,KGZ,,,0,0
Kyrgyz Republic,1974,,,,KGZ,,,0,0
Kyrgyz Republic,1975,,,,KGZ,,,0,0
Kyrgyz Republic,1976,,,,KGZ,,,0,0
Kyrgyz Republic,1977,,,,KGZ,,,0,0
Kyrgyz Republic,1978,,,,KGZ,,,0,0
Kyrgyz Republic,1979,,,,KGZ,,,0,0
Kyrgyz Republic,1980,,,,KGZ,,,0,0
Kyrgyz Republic,1981,,,,KGZ,,,0,0
Kyrgyz Republic,1982,,,,KGZ,,,0,0
Kyrgyz Republic,1983,,,,KGZ,,,0,0
Kyrgyz Republic,1984,,,,KGZ,,,0,0
Kyrgyz Republic,1985,,,,KGZ,,,0,0
Kyrgyz Republic,1986,,,,KGZ,4159487047.16273,0.0,0,0
Kyrgyz Republic,1987,,,,KGZ,4296748804.15257,0.0,0,0
Kyrgyz Republic,1988,,,,KGZ,4863920937.72379,0.0,0,0
Kyrgyz Republic,1989,,,,KGZ,4999612217.7448,0.0,0,0
Kyrgyz Republic,1990,,,,KGZ,5284729934.9621,0.0,0,0
Kyrgyz Republic,1991,,,,KGZ,4864914939.91282,0.0,0,0
Kyrgyz Republic,1992,,,,KGZ,4191715901.49571,0.0,0,0
Kyrgyz Republic,1993,0.9,,0.9,KGZ,3543704782.05536,0.0253971494622641,0,0
Kyrgyz Republic,1994,24.42,,1.95,KGZ,2831946047.78281,0.862304563292049,0,0
Kyrgyz Republic,1995,21.75,,3.22,KGZ,2678346337.21658,0.8120682414285253,0,0
Kyrgyz Republic,1996,91.7,,3.56,KGZ,2868093847.63288,3.1972454484250097,1,0
Kyrgyz Republic,1997,4.02,,2.91,KGZ,3152472634.58716,0.1275189499155303,0,0
Kyrgyz Republic,1998,,,,KGZ,3219362911.28951,0.0,0,0
Kyrgyz Republic,1999,32.03,2.94,,KGZ,3337056039.33985,0.9598280527028938,0,0
Kyrgyz Republic,2000,60.91,3.72,,KGZ,3518703233.18908,1.7310354401441206,1,0
Kyrgyz Republic,2001,66.86,0.92,,KGZ,3705955297.86785,1.8041232186061882,1,0
Kyrgyz Republic,2002,104.39,2.38,0.01,KGZ,3705313255.4532,2.8173056582022236,1,0
Kyrgyz Republic,2003,45.14,2.7,0.1,KGZ,3965807641.19042,1.1382296894876698,1,0
Kyrgyz Republic,2004,48.92,2.35,0.17,KGZ,4244477505.27223,1.152556467533037,1,0
Kyrgyz Republic,2005,556.02,0.9,0.12,KGZ,4237027793.42929,13.122878279492674,1,1
Kyrgyz Republic,2006,11.12,,1.22,KGZ,4368498475.52979,0.2545497054031001,0,0
Kyrgyz Republic,2007,23.42,,7.55,KGZ,4741693829.84541,0.493916326958705,0,0
Kyrgyz Republic,2008,25.3,,2.08,KGZ,5140072739.62985,0.49221093322157766,0,0
Kyrgyz Republic,2009,17.27,,2.08,KGZ,5288430380.28424,0.32656192401405465,0,0
Kyrgyz Republic,2010,18.26,,4.23,KGZ,5263491909.11624,0.3469179836369488,0,0
Kyrgyz Republic,2011,9.79,,5.51,KGZ,5576999924.82018,0.1755424086780073,0,0
Kyrgyz Republic,2012,61.43,,6.57,KGZ,5572083788.24116,1.1024600909562148,1,0
Kyrgyz Republic,2013,214.93,,7.84,KGZ,6180302892.03129,3.477661269274112,1,0
Kyrgyz Republic,2014,10.85,,8.85,KGZ,6429000667.90909,0.16876650914283942,0,0
Kyrgyz Republic,2015,,,,KGZ,6678177511.66313,0.0,0,0
Kyrgyz Republic,2016,44.94,,,KGZ,6967733666.77765,0.6449729876197074,0,0
Kyrgyz Republic,2017,30.0,,,KGZ,7297999868.50301,0.41107153385238004,0,0
Kyrgyz Republic,2018,240.0,,,KGZ,7572252145.25549,3.169466565510178,1,0
Kyrgyz Republic,2019,,,,KGZ,7920623120.2686,0.0,0,0
Kyrgyz Republic,2020,,,,KGZ,7354379549.41978,0.0,0,0
Kyrgyz Republic,2021,115.05,,51.18,KGZ,7759385792.10421,1.4827204508515675,1,0
Kyrgyz Republic,2022,2.07,,,KGZ,8455209116.53133,0.024481949192159045,0,0
Kyrgyz Republic,2023,2.0,,,KGZ,9217301873.9258,0.021698323732432637,0,0
Laos,1960,,,,LAO,,,0,0
Laos,1961,,,,LAO,,,0,0
Laos,1962,,,,LAO,,,0,0
Laos,1963,,,,LAO,,,0,0
Laos,1964,,,,LAO,,,0,0
Laos,1965,,,,LAO,,,0,0
Laos,1966,,,,LAO,,,0,0
Laos,1967,,,,LAO,,,0,0
Laos,1968,,,,LAO,,,0,0
Laos,1969,,,,LAO,,,0,0
Laos,1970,,,,LAO,,,0,0
Laos,1971,,,,LAO,,,0,0
Laos,1972,0.23,,,LAO,,,0,0
Laos,1973,0.27,,,LAO,,,0,0
Laos,1974,0.13,,,LAO,,,0,0
Laos,1975,0.61,0.24,,LAO,,,0,0
Laos,1976,156.12,0.7,,LAO,,,0,0
Laos,1977,1.8,1.68,,LAO,,,0,0
Laos,1978,3.19,2.87,,LAO,,,0,0
Laos,1979,4.26,3.79,,LAO,,,0,0
Laos,1980,5.51,4.26,,LAO,,,0,0
Laos,1981,5.3,3.91,,LAO,,,0,0
Laos,1982,5.25,3.69,,LAO,,,0,0
Laos,1983,4.87,3.25,,LAO,,,0,0
Laos,1984,4.78,3.08,,LAO,2109467955.25326,0.22659742178572795,0,0
Laos,1985,6.75,4.01,,LAO,2216417220.06336,0.30454554940730155,0,0
Laos,1986,8.77,4.8,,LAO,2324692154.92208,0.3772542519847733,0,0
Laos,1987,12.71,6.07,,LAO,2291546871.25054,0.5546471756462007,0,0
Laos,1988,0.67,,,LAO,2245482171.91353,0.029837689578672846,0,0
Laos,1989,0.25,,,LAO,2564130387.501,0.009749894202675469,0,0
Laos,1990,1.02,,,LAO,2736044527.0661,0.03728009503901462,0,0
Laos,1991,1291.92,,,LAO,2853600421.42037,45.27333225430879,1,1
Laos,1992,0.4,,,LAO,3012256546.1234,0.013279081441943478,0,0
Laos,1993,,,,LAO,3190357917.97419,0.0,0,0
Laos,1994,,,,LAO,3450659811.76174,0.0,0,0
Laos,1995,,,,LAO,3693284478.98933,0.0,0,0
Laos,1996,1.58,,,LAO,3949167183.90196,0.04000843535924673,0,0
Laos,1997,1.66,,,LAO,4220557557.23225,0.03933129633916406,0,0
Laos,1998,0.7,,,LAO,4388012740.39955,0.015952551676872786,0,0
Laos,1999,0.98,,,LAO,4708617453.27328,0.020812903356987204,0,0
Laos,2000,1.22,,,LAO,4981659930.07599,0.024489829035387215,0,0
Laos,2001,0.02,,,LAO,5268175760.92381,0.0003796380551375694,0,0
Laos,2002,,,,LAO,5579985581.01999,0.0,0,0
Laos,2003,905.0,,,LAO,5918523434.75225,15.290976034428482,1,1
Laos,2004,,,,LAO,6294805131.65111,0.0,0,0
Laos,2005,,,,LAO,6742212710.02267,0.0,0,0
Laos,2006,45.0,,45.0,LAO,7323341971.83126,0.6144735582892272,0,0
Laos,2007,,,,LAO,7879683723.91001,0.0,0,0
Laos,2008,,,,LAO,8496261313.36707,0.0,0,0
Laos,2009,,,,LAO,9133631713.05317,0.0,0,0
Laos,2010,,,,LAO,9912447859.53224,0.0,0,0
Laos,2011,,,,LAO,10709275115.0696,0.0,0,0
Laos,2012,0.0,0.0,,LAO,11568812077.4386,0.0,0,0
Laos,2013,0.0,0.0,,LAO,12497359667.4702,0.0,0,0
Laos,2014,0.0,0.0,,LAO,13448654116.2974,0.0,0,0
Laos,2015,0.0,0.0,,LAO,14426380125.6488,0.0,0,0
Laos,2016,0.0,0.0,,LAO,15439521179.3987,0.0,0,0
Laos,2017,0.0,0.0,,LAO,16503694943.2856,0.0,0,0
Laos,2018,0.0,0.0,,LAO,17534839203.1116,0.0,0,0
Laos,2019,0.0,0.0,,LAO,18491844275.7106,0.0,0,0
Laos,2020,220.0,0.0,220.0,LAO,18584864138.19,1.1837589899186964,1,0
Laos,2021,450.0,0.0,450.0,LAO,19054754737.3799,2.3616152829153476,1,0
Laos,2022,610.0,0.0,610.0,LAO,19570648221.6862,3.1169125983474584,1,0
Laos,2023,927.04,,927.0,LAO,20303702352.295,4.565866775993263,1,0
Latvia,1960,,,,LVA,,,0,0
Latvia,1961,,,,LVA,,,0,0
Latvia,1962,,,,LVA,,,0,0
Latvia,1963,,,,LVA,,,0,0
Latvia,1964,,,,LVA,,,0,0
Latvia,1965,,,,LVA,,,0,0
Latvia,1966,,,,LVA,,,0,0
Latvia,1967,,,,LVA,,,0,0
Latvia,1968,,,,LVA,,,0,0
Latvia,1969,,,,LVA,,,0,0
Latvia,1970,,,,LVA,,,0,0
Latvia,1971,,,,LVA,,,0,0
Latvia,1972,,,,LVA,,,0,0
Latvia,1973,,,,LVA,,,0,0
Latvia,1974,,,,LVA,,,0,0
Latvia,1975,,,,LVA,,,0,0
Latvia,1976,,,,LVA,,,0,0
Latvia,1977,,,,LVA,,,0,0
Latvia,1978,,,,LVA,,,0,0
Latvia,1979,,,,LVA,,,0,0
Latvia,1980,,,,LVA,,,0,0
Latvia,1981,,,,LVA,,,0,0
Latvia,1982,,,,LVA,,,0,0
Latvia,1983,,,,LVA,,,0,0
Latvia,1984,,,,LVA,,,0,0
Latvia,1985,,,,LVA,,,0,0
Latvia,1986,,,,LVA,,,0,0
Latvia,1987,,,,LVA,,,0,0
Latvia,1988,,,,LVA,,,0,0
Latvia,1989,,,,LVA,,,0,0
Latvia,1990,,,,LVA,20300397396.49,0.0,0,0
Latvia,1991,,,,LVA,17743517230.6282,0.0,0,0
Latvia,1992,,,,LVA,12044553173.3201,0.0,0,0
Latvia,1993,,,,LVA,11444375654.0447,0.0,0,0
Latvia,1994,,,,LVA,11694997018.6893,0.0,0,0
Latvia,1995,,,,LVA,11584507029.7279,0.0,0,0
Latvia,1996,,,,LVA,11850946177.8588,0.0,0,0
Latvia,1997,,,,LVA,12937852902.7127,0.0,0,0
Latvia,1998,,,,LVA,13785282610.3782,0.0,0,0
Latvia,1999,,,,LVA,14173807644.0021,0.0,0,0
Latvia,2000,,,,LVA,15001703493.7099,0.0,0,0
Latvia,2001,,,,LVA,15970900289.3453,0.0,0,0
Latvia,2002,,,,LVA,17195147700.3185,0.0,0,0
Latvia,2003,,,,LVA,18644549495.6873,0.0,0,0
Latvia,2004,,,,LVA,20271313178.6916,0.0,0,0
Latvia,2005,,,,LVA,22625890637.9303,0.0,0,0
Latvia,2006,,,,LVA,25527665150.2661,0.0,0,0
Latvia,2007,,,,LVA,28186253353.8682,0.0,0,0
Latvia,2008,,,,LVA,27231101091.0587,0.0,0,0
Latvia,2009,11.44,11.44,,LVA,22863227157.4637,0.05003668082904654,0,0
Latvia,2010,,,,LVA,22026145287.9415,0.0,0,0
Latvia,2011,,,,LVA,22694935010.9107,0.0,0,0
Latvia,2012,,,,LVA,24352854611.1188,0.0,0,0
Latvia,2013,,,,LVA,24863312429.9055,0.0,0,0
Latvia,2014,,,,LVA,25384188823.064,0.0,0,0
Latvia,2015,,,,LVA,26344565876.8902,0.0,0,0
Latvia,2016,,,,LVA,27016796481.3321,0.0,0,0
Latvia,2017,,,,LVA,27935083541.205,0.0,0,0
Latvia,2018,,,,LVA,29139005429.8548,0.0,0,0
Latvia,2019,,,,LVA,29335802338.5259,0.0,0,0
Latvia,2020,,,,LVA,28318076614.1623,0.0,0,0
Latvia,2021,,,,LVA,30284070900.4111,0.0,0,0
Latvia,2022,,,,LVA,30862052747.7596,0.0,0,0
Latvia,2023,,,,LVA,30571453786.1231,0.0,0,0
Lebanon,1960,,,,LBN,,,0,0
Lebanon,1961,,,,LBN,,,0,0
Lebanon,1962,,,,LBN,,,0,0
Lebanon,1963,,,,LBN,,,0,0
Lebanon,1964,,,,LBN,,,0,0
Lebanon,1965,,,,LBN,,,0,0
Lebanon,1966,,,,LBN,,,0,0
Lebanon,1967,,,,LBN,,,0,0
Lebanon,1968,,,,LBN,,,0,0
Lebanon,1969,,,,LBN,,,0,0
Lebanon,1970,,,,LBN,,,0,0
Lebanon,1971,,,,LBN,,,0,0
Lebanon,1972,,,,LBN,,,0,0
Lebanon,1973,,,,LBN,,,0,0
Lebanon,1974,,,,LBN,,,0,0
Lebanon,1975,,,,LBN,,,0,0
Lebanon,1976,0.3,,,LBN,,,0,0
Lebanon,1977,,,,LBN,,,0,0
Lebanon,1978,,,,LBN,,,0,0
Lebanon,1979,,,,LBN,,,0,0
Lebanon,1980,,,,LBN,,,0,0
Lebanon,1981,,,,LBN,,,0,0
Lebanon,1982,8.27,8.27,,LBN,,,0,0
Lebanon,1983,17.93,17.93,,LBN,,,0,0
Lebanon,1984,27.55,27.55,,LBN,,,0,0
Lebanon,1985,37.08,36.94,,LBN,,,0,0
Lebanon,1986,47.13,46.09,,LBN,,,0,0
Lebanon,1987,64.25,59.48,,LBN,,,0,0
Lebanon,1988,96.24,79.6,,LBN,13590690651.8309,0.7081317827437623,0,0
Lebanon,1989,130.4,100.65,,LBN,7821290496.8826,1.6672440443424863,1,0
Lebanon,1990,171.31,126.51,,LBN,9896526025.77854,1.7310114635557015,1,0
Lebanon,1991,183.43,154.83,,LBN,14790098775.879,1.24022160216505,1,0
Lebanon,1992,77.8,64.74,,LBN,17221346342.7057,0.45176491112701583,0,0
Lebanon,1993,71.98,59.7,,LBN,19075339624.5917,0.37734583717295517,0,0
Lebanon,1994,59.6,46.41,,LBN,20621442059.1652,0.2890195546412371,0,0
Lebanon,1995,51.3,51.02,,LBN,21951290517.4826,0.23369924405648632,0,0
Lebanon,1996,,,,LBN,24428699054.1547,0.0,0,0
Lebanon,1997,,,,LBN,24686413686.4571,0.0,0,0
Lebanon,1998,,,,LBN,25591349424.6391,0.0,0,0
Lebanon,1999,,,,LBN,25456845224.2295,0.0,0,0
Lebanon,2000,0.0,0.0,,LBN,25798443405.5655,0.0,0,0
Lebanon,2001,,,,LBN,26789018310.9609,0.0,0,0
Lebanon,2002,0.13,,,LBN,27706046545.3127,0.00046921165669518215,0,0
Lebanon,2003,,,,LBN,28600147893.7267,0.0,0,0
Lebanon,2004,,,,LBN,30510478932.4999,0.0,0,0
Lebanon,2005,,,,LBN,31329923063.1007,0.0,0,0
Lebanon,2006,,,,LBN,31815384920.7126,0.0,0,0
Lebanon,2007,,,,LBN,34777595316.005,0.0,0,0
Lebanon,2008,,,,LBN,37931620043.7015,0.0,0,0
Lebanon,2009,,,,LBN,41812842419.7439,0.0,0,0
Lebanon,2010,,,,LBN,45147473283.5593,0.0,0,0
Lebanon,2011,,,,LBN,45539055323.5066,0.0,0,0
Lebanon,2012,,,,LBN,46707037069.3046,0.0,0,0
Lebanon,2013,,,,LBN,48494923363.2625,0.0,0,0
Lebanon,2014,,,,LBN,49699566407.4833,0.0,0,0
Lebanon,2015,,,,LBN,49929337836.8159,0.0,0,0
Lebanon,2016,,,,LBN,50705514062.8608,0.0,0,0
Lebanon,2017,,,,LBN,51163399287.7034,0.0,0,0
Lebanon,2018,,,,LBN,50199119756.2008,0.0,0,0
Lebanon,2019,,,,LBN,46727888410.6848,0.0,0,0
Lebanon,2020,33410.04,,,LBN,36728167162.8739,90.96571536456091,1,1
Lebanon,2021,35700.63,,,LBN,34156740537.1604,104.52001402522568,1,1
Lebanon,2022,37992.0,,,LBN,33944395264.1769,111.92422108074709,1,1
Lebanon,2023,40511.0,,,LBN,33686219465.2748,120.25985890687578,1,1
Lesotho,1960,,,,LSO,193508327.04697,0.0,0,0
Lesotho,1961,,,,LSO,197116860.960945,0.0,0,0
Lesotho,1962,,,,LSO,227338452.109786,0.0,0,0
Lesotho,1963,,,,LSO,251470587.845903,0.0,0,0
Lesotho,1964,,,,LSO,272219723.187022,0.0,0,0
Lesotho,1965,,,,LSO,278083623.356492,0.0,0,0
Lesotho,1966,,,,LSO,276955934.797675,0.0,0,0
Lesotho,1967,,,,LSO,307177536.808655,0.0,0,0
Lesotho,1968,,,,LSO,306049826.525561,0.0,0,0
Lesotho,1969,,,,LSO,310786059.860491,0.0,0,0
Lesotho,1970,,,,LSO,317552093.562765,0.0,0,0
Lesotho,1971,,,,LSO,333790811.177675,0.0,0,0
Lesotho,1972,,,,LSO,333114189.330949,0.0,0,0
Lesotho,1973,,,,LSO,421072594.874098,0.0,0,0
Lesotho,1974,,,,LSO,467306740.332068,0.0,0,0
Lesotho,1975,,,,LSO,404157255.412463,0.0,0,0
Lesotho,1976,,,,LSO,448813112.562869,0.0,0,0
Lesotho,1977,,,,LSO,546694921.250926,0.0,0,0
Lesotho,1978,,,,LSO,646832345.915048,0.0,0,0
Lesotho,1979,0.0,,,LSO,665551148.644027,0.0,0,0
Lesotho,1980,,,,LSO,647283238.941542,0.0,0,0
Lesotho,1981,,,,LSO,651779515.140733,0.0,0,0
Lesotho,1982,,,,LSO,680830657.075131,0.0,0,0
Lesotho,1983,,,,LSO,694353079.769469,0.0,0,0
Lesotho,1984,,,,LSO,732784813.254431,0.0,0,0
Lesotho,1985,0.2,,,LSO,751912323.939007,0.026598845853765186,0,0
Lesotho,1986,0.04,,,LSO,787138333.758753,0.005081698893889653,0,0
Lesotho,1987,0.0,,,LSO,792882304.40291,0.0,0,0
Lesotho,1988,0.01,,,LSO,861085398.600682,0.0011613249993845708,0,0
Lesotho,1989,,,,LSO,910987401.97772,0.0,0,0
Lesotho,1990,8.12,1.93,,LSO,966060902.402024,0.8405267183270067,0,0
Lesotho,1991,3.7,0.56,,LSO,1033362571.71292,0.35805438490643365,0,0
Lesotho,1992,5.58,0.97,,LSO,1105247043.49934,0.5048645036256395,0,0
Lesotho,1993,12.05,0.98,,LSO,1144038630.18996,1.0532861113264311,1,0
Lesotho,1994,2.88,0.76,,LSO,1212450693.47103,0.2375354326166513,0,0
Lesotho,1995,,,,LSO,1252351695.56175,0.0,0,0
Lesotho,1996,,,,LSO,1322446271.54381,0.0,0,0
Lesotho,1997,,,,LSO,1371424437.09695,0.0,0,0
Lesotho,1998,0.06,,,LSO,1392512225.79035,0.004308759297674799,0,0
Lesotho,1999,,,,LSO,1399140932.84008,0.0,0,0
Lesotho,2000,,,,LSO,1453365294.1512,0.0,0,0
Lesotho,2001,3.0,,3.0,LSO,1505128088.4482,0.1993185844463926,0,0
Lesotho,2002,,,,LSO,1516022748.40945,0.0,0,0
Lesotho,2003,,,,LSO,1585150007.49012,0.0,0,0
Lesotho,2004,,,,LSO,1611976676.82948,0.0,0,0
Lesotho,2005,,,,LSO,1667849758.72804,0.0,0,0
Lesotho,2006,18.28,,6.0,LSO,1738401391.78308,1.0515408056162556,1,0
Lesotho,2007,5.85,,5.85,LSO,1811204148.77671,0.3229895428381775,0,0
Lesotho,2008,1.44,,1.44,LSO,1911244554.99023,0.07534357632256856,0,0
Lesotho,2009,0.0,,,LSO,1887282177.32009,0.0,0,0
Lesotho,2010,,,,LSO,1986735734.7651,0.0,0,0
Lesotho,2011,,,,LSO,2078451680.28081,0.0,0,0
Lesotho,2012,,,,LSO,2210102550.34645,0.0,0,0
Lesotho,2013,0.07,,,LSO,2249719203.36981,0.003111499421578852,0,0
Lesotho,2014,0.22,,,LSO,2288201773.07605,0.009614536733106891,0,0
Lesotho,2015,0.13,0.0,,LSO,2359686724.53829,0.005509205889414687,0,0
Lesotho,2016,0.38,,,LSO,2444845631.39553,0.015542903614045115,0,0
Lesotho,2017,0.18,,,LSO,2368122098.53455,0.0076009594315845554,0,0
Lesotho,2018,1.53,,,LSO,2333058897.5103,0.06557914168530952,0,0
Lesotho,2019,0.3,,,LSO,2299976266.27346,0.01304361285806116,0,0
Lesotho,2020,4.73,0.35,0.37,LSO,2112391171.33041,0.22391686086346346,0,0
Lesotho,2021,9.77,0.54,1.13,LSO,2160272945.18777,0.4522576659474294,0,0
Lesotho,2022,12.66,0.51,2.02,LSO,2211855514.87917,0.5723701170730221,0,0
Lesotho,2023,11.0,1.0,,LSO,2249331685.70891,0.48903414600382455,0,0
Liberia,1960,,,,LBR,2785350370.18069,0.0,0,0
Liberia,1961,,,,LBR,2853312513.1916,0.0,0,0
Liberia,1962,,,,LBR,2891678326.53536,0.0,0,0
Liberia,1963,122.0,60.0,,LBR,2957448411.79038,4.125177619789609,1,0
Liberia,1964,,,,LBR,3109815009.49354,0.0,0,0
Liberia,1965,,,,LBR,3258892894.70375,0.0,0,0
Liberia,1966,,,,LBR,3509914203.82905,0.0,0,0
Liberia,1967,,,,LBR,3746685675.02189,0.0,0,0
Liberia,1968,112.0,,,LBR,3925360307.76188,2.8532412624271672,1,0
Liberia,1969,5.0,,,LBR,4211459133.73098,0.11872369744617331,0,0
Liberia,1970,,,,LBR,4492076771.58861,0.0,0,0
Liberia,1971,0.08,,,LBR,4712405513.2375,0.0016976467703230123,0,0
Liberia,1972,0.08,,,LBR,4907522457.65882,0.0016301504616682847,0,0
Liberia,1973,0.13,,,LBR,4796809968.86456,0.0027101344611066996,0,0
Liberia,1974,0.24,,,LBR,5024811956.3808,0.004776298139778822,0,0
Liberia,1975,0.05,,,LBR,4850521857.01522,0.0010308169197853615,0,0
Liberia,1976,0.05,,,LBR,5108120174.19861,0.0009788336666892196,0,0
Liberia,1977,0.13,,,LBR,5189236333.32571,0.0025051855735521065,0,0
Liberia,1978,1.28,,,LBR,5439161404.64176,0.02353303946648196,0,0
Liberia,1979,1.8,,,LBR,5616740217.43511,0.03204705808562341,0,0
Liberia,1980,37.3,2.3,,LBR,5386545754.30036,0.6924660385595253,0,0
Liberia,1981,43.9,12.3,,LBR,5271448731.19689,0.832788143043031,0,0
Liberia,1982,60.65,20.3,,LBR,5143197691.97722,1.1792274696072218,1,0
Liberia,1983,71.3,17.3,,LBR,5045638801.43654,1.4131015478099669,1,0
Liberia,1984,113.25,86.3,,LBR,4939311262.94449,2.2928297888335116,1,0
Liberia,1985,469.55,129.8,,LBR,4897657154.03558,9.587237024402564,1,1
Liberia,1986,838.92,289.0,,LBR,4815445174.02703,17.421442248473017,1,1
Liberia,1987,1447.11,370.9,,LBR,4767213639.19741,30.355467774748817,1,1
Liberia,1988,1700.48,406.4,,LBR,4669871991.41282,36.413846099570236,1,1
Liberia,1989,1199.75,455.5,1.25,LBR,3424489545.49759,35.034418533337124,1,1
Liberia,1990,1871.89,500.3,2.32,LBR,1676942910.41919,111.62514766421468,1,1
Liberia,1991,2112.63,543.4,3.43,LBR,1438394191.91654,146.87420262627015,1,1
Liberia,1992,2171.68,581.2,4.44,LBR,933723838.507843,232.582687775274,1,1
Liberia,1993,2282.08,613.42,5.45,LBR,625824712.107485,364.6516278200363,1,1
Liberia,1994,2527.86,652.9,6.46,LBR,489630570.966971,516.2790376850309,1,1
Liberia,1995,2713.56,682.7,7.47,LBR,468741927.114726,578.9027699533794,1,1
Liberia,1996,2781.98,730.4,8.48,LBR,525559090.742512,529.3372427579185,1,1
Liberia,1997,2802.94,775.1,9.49,LBR,1084122317.29609,258.54462686376706,1,1
Liberia,1998,3032.01,852.9,10.44,LBR,1411615367.79969,214.7900957415934,1,1
Liberia,1999,3090.94,886.1,11.46,LBR,1718520972.07064,179.8604759693876,1,1
Liberia,2000,3430.87,1000.7,42.46,LBR,2210291803.5902,155.2224911854264,1,1
Liberia,2001,3797.13,1045.76,148.99,LBR,2274838397.37873,166.91867010752892,1,1
Liberia,2002,4032.18,1136.81,29.49,LBR,2360440967.03039,170.8231663625455,1,1
Liberia,2003,4486.22,1244.73,28.71,LBR,1648882904.55436,272.07632437747185,1,1
Liberia,2004,4785.77,1329.87,51.72,LBR,1692081112.12779,282.83336807547596,1,1
Liberia,2005,4852.95,1378.72,25.2,LBR,1781443510.53791,272.41672111930416,1,1
Liberia,2006,5241.38,1435.99,44.41,LBR,1924741222.72585,272.3160879038623,1,1
Liberia,2007,4955.22,1507.78,250.66,LBR,2108270598.33452,235.0371913318194,1,1
Liberia,2008,4076.04,1529.32,11.1,LBR,2258921103.43636,180.4418929815374,1,1
Liberia,2009,1765.68,20.5,5.1,LBR,2378656131.45291,74.23014939622664,1,1
Liberia,2010,2883.47,,,LBR,2523749998.53307,114.25339283510716,1,1
Liberia,2011,185.63,,185.63,LBR,2730716886.49046,6.797848613247242,1,1
Liberia,2012,121.04,,8.37,LBR,2949005327.42991,4.104434769044234,1,0
Liberia,2013,92.02,,22.99,LBR,3205193907.94462,2.870965147285246,1,0
Liberia,2014,78.61,,,LBR,3227674916.86578,2.435499299797326,1,0
Liberia,2015,78.6,,,LBR,3227075700.0,2.4356416553847806,1,0
Liberia,2016,88.6,,3.76,LBR,3176896008.31,2.7888857478571407,1,0
Liberia,2017,405.41,,395.41,LBR,3254893758.73415,12.455398856326012,1,1
Liberia,2018,85.88,,,LBR,3292571599.13518,2.608295595532594,1,0
Liberia,2019,65.29,,,LBR,3211334057.92828,2.033111436625824,1,0
Liberia,2020,85.0,,,LBR,3115556299.79146,2.728244712049963,1,0
Liberia,2021,25.0,,,LBR,3270920145.66908,0.7643109243465236,0,0
Liberia,2022,12.0,,,LBR,3428189426.39464,0.3500390004008666,0,0
Liberia,2023,25.0,,,LBR,3588757484.77383,0.6966199333911121,0,0
Libya,1960,,,,LBY,4206979769.71443,0.0,0,0
Libya,1961,,,,LBY,4623294238.63811,0.0,0,0
Libya,1962,,,,LBY,6127004092.17358,0.0,0,0
Libya,1963,,,,LBY,8272704007.27891,0.0,0,0
Libya,1964,,,,LBY,12001351827.4839,0.0,0,0
Libya,1965,,,,LBY,15379597827.5084,0.0,0,0
Libya,1966,,,,LBY,18238997837.3163,0.0,0,0
Libya,1967,,,,LBY,20265366359.0823,0.0,0,0
Libya,1968,,,,LBY,27128012832.1743,0.0,0,0
Libya,1969,,,,LBY,30678497533.51,0.0,0,0
Libya,1970,,,,LBY,32197312918.5276,0.0,0,0
Libya,1971,,,,LBY,30498091672.3913,0.0,0,0
Libya,1972,,,,LBY,33281298886.212,0.0,0,0
Libya,1973,,,,LBY,33925831081.5749,0.0,0,0
Libya,1974,,,,LBY,41455139017.5464,0.0,0,0
Libya,1975,,,,LBY,43125063344.1066,0.0,0,0
Libya,1976,,,,LBY,52992488552.4777,0.0,0,0
Libya,1977,,,,LBY,57683765284.0683,0.0,0,0
Libya,1978,,,,LBY,59590166894.8703,0.0,0,0
Libya,1979,,,,LBY,64928319576.7224,0.0,0,0
Libya,1980,,,,LBY,65373260707.1559,0.0,0,0
Libya,1981,,,,LBY,52828013781.8676,0.0,0,0
Libya,1982,,,,LBY,54310397842.6176,0.0,0,0
Libya,1983,,,,LBY,52967721371.2717,0.0,0,0
Libya,1984,,,,LBY,50297204631.8625,0.0,0,0
Libya,1985,,,,LBY,54485341416.0667,0.0,0,0
Libya,1986,,,,LBY,48299889590.7404,0.0,0,0
Libya,1987,,,,LBY,41198814142.543,0.0,0,0
Libya,1988,,,,LBY,44321281890.3532,0.0,0,0
Libya,1989,,,,LBY,47512155858.1689,0.0,0,0
Libya,1990,,,,LBY,49279670598.2636,0.0,0,0
Libya,1991,,,,LBY,56994467920.7338,0.0,0,0
Libya,1992,,,,LBY,55448621740.5463,0.0,0,0
Libya,1993,,,,LBY,53361983286.4069,0.0,0,0
Libya,1994,,,,LBY,54394423864.3042,0.0,0,0
Libya,1995,,,,LBY,53186646293.0975,0.0,0,0
Libya,1996,,,,LBY,54321714851.0961,0.0,0,0
Libya,1997,,,,LBY,57153327139.4503,0.0,0,0
Libya,1998,,,,LBY,55123101078.1761,0.0,0,0
Libya,1999,,,,LBY,55536336508.487,0.0,0,0
Libya,2000,,,,LBY,57579668503.4421,0.0,0,0
Libya,2001,,,,LBY,56564631725.4858,0.0,0,0
Libya,2002,,,,LBY,56022234980.534,0.0,0,0
Libya,2003,,,,LBY,63314109952.651,0.0,0,0
Libya,2004,441.0,,,LBY,66138956972.5768,0.6667779780422783,0,0
Libya,2005,,,,LBY,73990151521.3885,0.0,0,0
Libya,2006,,,,LBY,78799900129.0316,0.0,0,0
Libya,2007,,,,LBY,83709120342.1548,0.0,0,0
Libya,2008,4500.0,,,LBY,83573471186.9254,5.384483779469961,1,1
Libya,2009,,,,LBY,79896086548.9669,0.0,0,0
Libya,2010,,,,LBY,83912660700.3206,0.0,0,0
Libya,2011,3200.0,,,LBY,41672273290.5727,7.678966726117912,1,1
Libya,2012,3200.0,,,LBY,77854953189.632,4.110207339288653,1,0
Libya,2013,3280.0,80.0,,LBY,63842648630.664,5.137631458517836,1,1
Libya,2014,3320.0,120.0,,LBY,49131511071.1064,6.757374091741397,1,1
Libya,2015,3400.0,200.0,,LBY,48717501321.3052,6.979011459508305,1,1
Libya,2016,3450.0,250.0,,LBY,47991152062.8031,7.188825130693247,1,1
Libya,2017,3500.0,300.0,,LBY,63584342257.9606,5.504499811919984,1,1
Libya,2018,,,,LBY,68633808773.5188,0.0,0,0
Libya,2019,,,,LBY,60949510655.8708,0.0,0,0
Libya,2020,,,,LBY,42996651437.748,0.0,0,0
Libya,2021,,,,LBY,55164567212.7209,0.0,0,0
Libya,2022,,,,LBY,50586008471.7998,0.0,0,0
Libya,2023,,,,LBY,55745806520.295,0.0,0,0
Lithuania,1960,,,,LTU,,,0,0
Lithuania,1961,,,,LTU,,,0,0
Lithuania,1962,,,,LTU,,,0,0
Lithuania,1963,,,,LTU,,,0,0
Lithuania,1964,,,,LTU,,,0,0
Lithuania,1965,,,,LTU,,,0,0
Lithuania,1966,,,,LTU,,,0,0
Lithuania,1967,,,,LTU,,,0,0
Lithuania,1968,,,,LTU,,,0,0
Lithuania,1969,,,,LTU,,,0,0
Lithuania,1970,,,,LTU,,,0,0
Lithuania,1971,,,,LTU,,,0,0
Lithuania,1972,,,,LTU,,,0,0
Lithuania,1973,,,,LTU,,,0,0
Lithuania,1974,,,,LTU,,,0,0
Lithuania,1975,,,,LTU,,,0,0
Lithuania,1976,,,,LTU,,,0,0
Lithuania,1977,,,,LTU,,,0,0
Lithuania,1978,,,,LTU,,,0,0
Lithuania,1979,,,,LTU,,,0,0
Lithuania,1980,,,,LTU,,,0,0
Lithuania,1981,,,,LTU,,,0,0
Lithuania,1982,,,,LTU,,,0,0
Lithuania,1983,,,,LTU,,,0,0
Lithuania,1984,,,,LTU,,,0,0
Lithuania,1985,,,,LTU,,,0,0
Lithuania,1986,,,,LTU,,,0,0
Lithuania,1987,,,,LTU,,,0,0
Lithuania,1988,,,,LTU,,,0,0
Lithuania,1989,,,,LTU,,,0,0
Lithuania,1990,,,,LTU,30815380533.6334,0.0,0,0
Lithuania,1991,,,,LTU,29066402990.0376,0.0,0,0
Lithuania,1992,,,,LTU,22887185266.0768,0.0,0,0
Lithuania,1993,63.8,,,LTU,19173313226.3411,0.3327541737144778,0,0
Lithuania,1994,,,,LTU,17300837252.2606,0.0,0,0
Lithuania,1995,,,,LTU,17870049092.5502,0.0,0,0
Lithuania,1996,,,,LTU,18768366411.8313,0.0,0,0
Lithuania,1997,,,,LTU,20326259134.8192,0.0,0,0
Lithuania,1998,,,,LTU,21843195078.8693,0.0,0,0
Lithuania,1999,,,,LTU,21603573442.0349,0.0,0,0
Lithuania,2000,,,,LTU,22342117970.7075,0.0,0,0
Lithuania,2001,,,,LTU,23790809196.6404,0.0,0,0
Lithuania,2002,,,,LTU,25389513378.757,0.0,0,0
Lithuania,2003,,,,LTU,28068588415.9846,0.0,0,0
Lithuania,2004,,,,LTU,29893617960.0569,0.0,0,0
Lithuania,2005,,,,LTU,32204827116.6036,0.0,0,0
Lithuania,2006,,,,LTU,34586529059.4547,0.0,0,0
Lithuania,2007,,,,LTU,38417999935.5475,0.0,0,0
Lithuania,2008,,,,LTU,39416661070.6359,0.0,0,0
Lithuania,2009,,,,LTU,33567775753.9873,0.0,0,0
Lithuania,2010,,,,LTU,33711177146.509,0.0,0,0
Lithuania,2011,,,,LTU,35842949499.0897,0.0,0,0
Lithuania,2012,,,,LTU,37413912227.1865,0.0,0,0
Lithuania,2013,,,,LTU,38928020774.4147,0.0,0,0
Lithuania,2014,,,,LTU,40396597406.9714,0.0,0,0
Lithuania,2015,,,,LTU,41540954817.2039,0.0,0,0
Lithuania,2016,,,,LTU,42650896790.5078,0.0,0,0
Lithuania,2017,,,,LTU,44618059836.1503,0.0,0,0
Lithuania,2018,,,,LTU,46812540124.5928,0.0,0,0
Lithuania,2019,,,,LTU,49002127329.2631,0.0,0,0
Lithuania,2020,,,,LTU,49023107998.6089,0.0,0,0
Lithuania,2021,,,,LTU,52158046400.3588,0.0,0,0
Lithuania,2022,,,,LTU,53443909218.4902,0.0,0,0
Lithuania,2023,,,,LTU,53839146914.2133,0.0,0,0
North Macedonia,1960,,,,MKD,,,0,0
North Macedonia,1961,,,,MKD,,,0,0
North Macedonia,1962,,,,MKD,,,0,0
North Macedonia,1963,,,,MKD,,,0,0
North Macedonia,1964,,,,MKD,,,0,0
North Macedonia,1965,,,,MKD,,,0,0
North Macedonia,1966,,,,MKD,,,0,0
North Macedonia,1967,,,,MKD,,,0,0
North Macedonia,1968,,,,MKD,,,0,0
North Macedonia,1969,,,,MKD,,,0,0
North Macedonia,1970,,,,MKD,,,0,0
North Macedonia,1971,,,,MKD,,,0,0
North Macedonia,1972,,,,MKD,,,0,0
North Macedonia,1973,,,,MKD,,,0,0
North Macedonia,1974,,,,MKD,,,0,0
North Macedonia,1975,,,,MKD,,,0,0
North Macedonia,1976,,,,MKD,,,0,0
North Macedonia,1977,,,,MKD,,,0,0
North Macedonia,1978,,,,MKD,,,0,0
North Macedonia,1979,,,,MKD,,,0,0
North Macedonia,1980,,,,MKD,,,0,0
North Macedonia,1981,,,,MKD,,,0,0
North Macedonia,1982,,,,MKD,,,0,0
North Macedonia,1983,,,,MKD,,,0,0
North Macedonia,1984,,,,MKD,,,0,0
North Macedonia,1985,,,,MKD,,,0,0
North Macedonia,1986,,,,MKD,,,0,0
North Macedonia,1987,,,,MKD,,,0,0
North Macedonia,1988,,,,MKD,,,0,0
North Macedonia,1989,,,,MKD,,,0,0
North Macedonia,1990,,,,MKD,7293742777.22762,0.0,0,0
North Macedonia,1991,,,,MKD,6843662857.59735,0.0,0,0
North Macedonia,1992,1618.98,191.29,,MKD,6394362794.22171,25.31886369448723,1,1
North Macedonia,1993,692.52,82.5,,MKD,5916750488.0266,11.704397564193629,1,1
North Macedonia,1994,515.61,,,MKD,5812724181.91604,8.870367556818087,1,1
North Macedonia,1995,614.21,46.0,,MKD,5747928135.67601,10.685763382943952,1,1
North Macedonia,1996,387.14,,,MKD,5816047055.53344,6.656411069296138,1,1
North Macedonia,1997,665.99,124.29,,MKD,5899797047.66049,11.28835440642983,1,1
North Macedonia,1998,5.19,,,MKD,6099135593.62124,0.08509402554401224,0,0
North Macedonia,1999,0.05,,,MKD,6363778789.48482,0.0007856967008755462,0,0
North Macedonia,2000,71.63,24.05,1.58,MKD,6653275727.54115,1.0766125279234788,1,0
North Macedonia,2001,38.71,27.32,5.53,MKD,6449202687.04079,0.6002292357439001,0,0
North Macedonia,2002,41.55,20.45,,MKD,6545532200.7983,0.6347841355807938,0,0
North Macedonia,2003,43.57,34.65,,MKD,6691013307.97393,0.6511719226156075,0,0
North Macedonia,2004,56.9,43.22,,MKD,7003757263.7722,0.812421074247137,0,0
North Macedonia,2005,1.18,,,MKD,7334620965.18469,0.016088084245949673,0,0
North Macedonia,2006,,,,MKD,7711402289.66945,0.0,0,0
North Macedonia,2007,,,,MKD,8210598903.42197,0.0,0,0
North Macedonia,2008,0.17,,,MKD,8659882989.55735,0.0019630750231267218,0,0
North Macedonia,2009,0.55,,,MKD,8628827362.55974,0.0063739831252904175,0,0
North Macedonia,2010,2.76,,,MKD,8918648175.61246,0.030946393956284367,0,0
North Macedonia,2011,1.45,,,MKD,9127334379.6944,0.01588634687500677,0,0
North Macedonia,2012,0.06,,,MKD,9085697011.49163,0.0006603786140360143,0,0
North Macedonia,2013,0.42,,,MKD,9351477059.69398,0.004491269104538061,0,0
North Macedonia,2014,0.37,,,MKD,9690853712.45803,0.0038180330750875774,0,0
North Macedonia,2015,0.34,,,MKD,10064519962.5655,0.003378203841461031,0,0
North Macedonia,2016,0.18,,,MKD,10351178142.8536,0.0017389324917016435,0,0
North Macedonia,2017,0.54,,,MKD,10463154366.0785,0.005160967535284365,0,0
North Macedonia,2018,0.59,,,MKD,10764555646.4726,0.005480950810945318,0,0
North Macedonia,2019,0.45,,,MKD,11185494933.6944,0.004023067398157336,0,0
North Macedonia,2020,,,,MKD,10661068595.4055,0.0,0,0
North Macedonia,2021,,,,MKD,11141955229.994,0.0,0,0
North Macedonia,2022,0.0,,,MKD,11449348867.2054,0.0,0,0
North Macedonia,2023,0.0,,,MKD,11741875752.5034,0.0,0,0
Madagascar,1960,,,,MDG,4151435154.88261,0.0,0,0
Madagascar,1961,,,,MDG,4236482815.08598,0.0,0,0
Madagascar,1962,,,,MDG,4332696292.69223,0.0,0,0
Madagascar,1963,,,,MDG,4292428143.03736,0.0,0,0
Madagascar,1964,,,,MDG,4462516417.17832,0.0,0,0
Madagascar,1965,,,,MDG,4442334514.27688,0.0,0,0
Madagascar,1966,,,,MDG,4534048838.45828,0.0,0,0
Madagascar,1967,,,,MDG,4784716703.26725,0.0,0,0
Madagascar,1968,,,,MDG,5111454772.34536,0.0,0,0
Madagascar,1969,,,,MDG,5301663360.44596,0.0,0,0
Madagascar,1970,,,,MDG,5581403272.41878,0.0,0,0
Madagascar,1971,,,,MDG,5800716980.83221,0.0,0,0
Madagascar,1972,0.07,,,MDG,5726895807.58357,0.0012223026636403237,0,0
Madagascar,1973,0.07,,,MDG,5576938281.89963,0.001255168991688329,0,0
Madagascar,1974,0.51,,,MDG,5688860706.2927,0.008964888161804815,0,0
Madagascar,1975,0.58,,,MDG,5760465920.10296,0.010068630003970815,0,0
Madagascar,1976,0.51,,,MDG,5583685378.33593,0.009133752449211099,0,0
Madagascar,1977,0.69,0.13,,MDG,5715683720.68839,0.012072046560282683,0,0
Madagascar,1978,0.91,0.14,,MDG,5563543310.52298,0.01635648271630798,0,0
Madagascar,1979,2.08,0.19,,MDG,6111811047.75423,0.03403246572493911,0,0
Madagascar,1980,48.57,,1.16,MDG,6170038735.21433,0.7871911682303695,0,0
Madagascar,1981,279.04,,2.04,MDG,5565374939.11029,5.013858060830109,1,1
Madagascar,1982,247.95,,2.78,MDG,5459632815.26647,4.541514207817623,1,0
Madagascar,1983,242.47,,3.59,MDG,5508769510.5709,4.4015274106988675,1,0
Madagascar,1984,377.18,,3.18,MDG,5605733876.77473,6.728467820470479,1,1
Madagascar,1985,326.34,,3.34,MDG,5670555451.89363,5.75499177758718,1,1
Madagascar,1986,398.35,,3.35,MDG,5781711090.7885,6.889828871502359,1,1
Madagascar,1987,359.79,,3.35,MDG,5849641181.11071,6.150633668981459,1,1
Madagascar,1988,349.72,52.38,3.35,MDG,6048934315.21165,5.781514259801702,1,1
Madagascar,1989,792.52,65.45,2.64,MDG,6295421169.5666,12.58883208372475,1,1
Madagascar,1990,660.3,,4.3,MDG,6492398920.48671,10.170354719215249,1,1
Madagascar,1991,641.14,44.01,6.12,MDG,6082965417.7811,10.539925118197866,1,1
Madagascar,1992,867.11,47.52,7.8,MDG,6154798240.80708,14.088357831958689,1,1
Madagascar,1993,1309.29,52.16,9.73,MDG,6284044275.81625,20.83514918949124,1,1
Madagascar,1994,1410.29,61.91,8.07,MDG,6281398611.31878,22.451846909679077,1,1
Madagascar,1995,1697.03,71.08,11.38,MDG,6386837686.07253,26.570739439654652,1,1
Madagascar,1996,1779.39,72.57,14.42,MDG,6524423229.10942,27.272755575712182,1,1
Madagascar,1997,1658.52,75.49,12.03,MDG,6765402319.37305,24.51472834439941,1,1
Madagascar,1998,816.03,33.49,13.24,MDG,7030408175.56267,11.607149679253013,1,1
Madagascar,1999,818.55,38.78,13.44,MDG,7360783017.34648,11.120420179089622,1,1
Madagascar,2000,883.57,43.74,13.65,MDG,7688842733.27739,11.491586323854696,1,1
Madagascar,2001,912.11,46.32,30.0,MDG,8148653656.69862,11.19338283877359,1,1
Madagascar,2002,1225.3,,14.77,MDG,7137571065.48697,17.16690438186765,1,1
Madagascar,2003,835.74,49.53,15.34,MDG,7835974694.57165,10.665424948078975,1,1
Madagascar,2004,1694.03,18.0,24.89,MDG,8247912168.09114,20.538894758769707,1,1
Madagascar,2005,444.23,18.0,26.74,MDG,8640170094.37648,5.141449706981237,1,1
Madagascar,2006,2932.85,18.0,28.87,MDG,9106610406.88934,32.20572604908231,1,1
Madagascar,2007,533.95,18.0,42.11,MDG,9626649240.51396,5.5465820625608755,1,1
Madagascar,2008,409.57,18.0,,MDG,10272850829.8606,3.98691664839017,1,0
Madagascar,2009,394.68,18.0,,MDG,9864124029.23054,4.0011662346340895,1,0
Madagascar,2010,393.07,18.0,,MDG,9925206605.67835,3.9603205818921605,1,0
Madagascar,2011,393.13,18.0,,MDG,10081868751.8746,3.899376292980429,1,0
Madagascar,2012,471.54,18.0,,MDG,10385448752.8756,4.540391187905448,1,0
Madagascar,2013,341.72,18.0,,MDG,10624353147.1587,3.216384049615172,1,0
Madagascar,2014,227.22,18.0,,MDG,10979121878.0735,2.0695644198447516,1,0
Madagascar,2015,190.53,18.0,,MDG,11323020701.3017,1.6826781918547278,1,0
Madagascar,2016,184.67,18.0,0.45,MDG,11775165456.5346,1.5683006806288047,1,0
Madagascar,2017,107.22,18.0,0.44,MDG,12238318933.7165,0.8761007175961847,0,0
Madagascar,2018,103.89,18.0,0.45,MDG,12629254472.2012,0.8226138781879546,0,0
Madagascar,2019,103.88,18.0,0.43,MDG,13186360203.1442,0.7877837280315648,0,0
Madagascar,2020,105.11,18.0,,MDG,12245161113.1284,0.8583798859723327,0,0
Madagascar,2021,106.31,18.0,,MDG,12814644792.2069,0.8295977120228208,0,0
Madagascar,2022,103.21,18.0,,MDG,13344855250.4054,0.773406665440336,0,0
Madagascar,2023,296.0,18.0,,MDG,13909458168.1836,2.1280483856450165,1,0
Malawi,1960,,,,MWI,944667422.058223,0.0,0,0
Malawi,1961,,,,MWI,1016836214.17842,0.0,0,0
Malawi,1962,,,,MWI,1023632388.93377,0.0,0,0
Malawi,1963,,,,MWI,1009392858.66876,0.0,0,0
Malawi,1964,,,,MWI,1036253845.01772,0.0,0,0
Malawi,1965,,,,MWI,1177355281.64236,0.0,0,0
Malawi,1966,,,,MWI,1333343510.54967,0.0,0,0
Malawi,1967,,,,MWI,1430431584.18858,0.0,0,0
Malawi,1968,,,,MWI,1402923252.38422,0.0,0,0
Malawi,1969,,,,MWI,1485448247.1066,0.0,0,0
Malawi,1970,,,,MWI,1492567970.51197,0.0,0,0
Malawi,1971,,,,MWI,1734641056.59672,0.0,0,0
Malawi,1972,,,,MWI,1842732594.91417,0.0,0,0
Malawi,1973,,,,MWI,1885127635.57549,0.0,0,0
Malawi,1974,,,,MWI,2020403708.86032,0.0,0,0
Malawi,1975,,,,MWI,2143382122.79433,0.0,0,0
Malawi,1976,,,,MWI,2250502600.78848,0.0,0,0
Malawi,1977,,,,MWI,2361183024.64384,0.0,0,0
Malawi,1978,,,,MWI,2591281916.72248,0.0,0,0
Malawi,1979,,,,MWI,2705198653.51164,0.0,0,0
Malawi,1980,3.96,1.09,,MWI,2716201951.98732,0.145791810402855,0,0
Malawi,1981,0.38,,,MWI,2572511628.92944,0.014771556160394828,0,0
Malawi,1982,71.05,,,MWI,2636913267.76854,2.6944382611463484,1,0
Malawi,1983,87.0,,,MWI,2734972402.75698,3.1810193006810574,1,0
Malawi,1984,,,,MWI,2881575238.57261,0.0,0,0
Malawi,1985,1.7,0.1,,MWI,3013291524.42244,0.056416711965027684,0,0
Malawi,1986,1.1,0.86,,MWI,3006818901.87136,0.03658351353702715,0,0
Malawi,1987,28.08,12.58,,MWI,3055686904.136,0.9189423157847928,0,0
Malawi,1988,55.0,,,MWI,3152774981.35474,1.744494939387226,1,0
Malawi,1989,47.01,6.14,,MWI,3195170015.77883,1.4712832108416367,1,0
Malawi,1990,76.35,9.28,,MWI,3377048507.13521,2.260849965248755,1,0
Malawi,1991,7.63,1.1,,MWI,3671872668.53471,0.2077958766213103,0,0
Malawi,1992,5.22,0.71,,MWI,3402615041.17122,0.15341141847780743,0,0
Malawi,1993,8.28,1.73,,MWI,3732391067.02738,0.22184170552617116,0,0
Malawi,1994,15.91,4.83,,MWI,3350187439.57544,0.4748988015433617,0,0
Malawi,1995,8.65,4.93,,MWI,3910634175.56103,0.22119174567790012,0,0
Malawi,1996,20.2,8.63,,MWI,4196762833.85435,0.4813233627845515,0,0
Malawi,1997,20.1,9.44,,MWI,4355921668.87641,0.46144080467784687,0,0
Malawi,1998,51.21,12.79,,MWI,4525595860.28364,1.1315637008027144,1,0
Malawi,1999,71.55,13.69,,MWI,4663277073.69729,1.5343287321178067,1,0
Malawi,2000,109.19,14.42,,MWI,4736773940.3021,2.3051553942858445,1,0
Malawi,2001,202.14,6.57,,MWI,4501121160.06136,4.490881111879343,1,0
Malawi,2002,108.69,5.7,,MWI,4577640221.16799,2.3743674633361125,1,0
Malawi,2003,123.91,5.74,,MWI,4838823865.43116,2.5607462359855724,1,0
Malawi,2004,85.1,,,MWI,5101112194.50269,1.6682636404607925,1,0
Malawi,2005,95.67,,,MWI,5267853576.27553,1.8161097041660839,1,0
Malawi,2006,2680.86,,,MWI,5515442681.93082,48.60643387307394,1,1
Malawi,2007,79.09,,,MWI,6044925172.60306,1.308370207102867,1,0
Malawi,2008,15.68,,,MWI,6506741521.33369,0.2409808342407624,0,0
Malawi,2009,11.05,,,MWI,7048630103.04233,0.15676805050715598,0,0
Malawi,2010,0.82,,,MWI,7533157578.1417,0.010885209707803297,0,0
Malawi,2011,0.97,,,MWI,7904743381.9111,0.012271113091662272,0,0
Malawi,2012,1.49,,,MWI,8054933506.22505,0.01849798013662672,0,0
Malawi,2013,6.36,,,MWI,8490733601.03182,0.074905188395348,0,0
Malawi,2014,11.56,0.7,,MWI,8968360291.15986,0.12889758690219802,0,0
Malawi,2015,2.63,,,MWI,9219474379.31534,0.028526572034308428,0,0
Malawi,2016,3.33,,,MWI,9449961238.71922,0.03523823977558795,0,0
Malawi,2017,11.99,,,MWI,9827959688.35226,0.12199887240288655,0,0
Malawi,2018,5.0,,,MWI,10255826273.6659,0.04875277590103691,0,0
Malawi,2019,5.35,,,MWI,10842133933.7208,0.0493445297088669,0,0
Malawi,2020,5.73,,,MWI,10928176721.5316,0.052433266280460834,0,0
Malawi,2021,5.66,,,MWI,11426314939.9064,0.04953478028364553,0,0
Malawi,2022,2.11,,,MWI,11531564448.65,0.018297604018915385,0,0
Malawi,2023,810.0,431.0,,MWI,11755940188.7261,6.89013372811123,1,1
Malaysia,1960,,,,MYS,10075053649.8072,0.0,0,0
Malaysia,1961,,,,MYS,10840555621.6448,0.0,0,0
Malaysia,1962,,,,MYS,11536630907.8954,0.0,0,0
Malaysia,1963,,,,MYS,12383281583.8406,0.0,0,0
Malaysia,1964,,,,MYS,13046897050.9237,0.0,0,0
Malaysia,1965,,,,MYS,14049533276.9683,0.0,0,0
Malaysia,1966,,,,MYS,15147744693.7571,0.0,0,0
Malaysia,1967,,,,MYS,15732015396.7718,0.0,0,0
Malaysia,1968,,,,MYS,16987114742.2068,0.0,0,0
Malaysia,1969,,,,MYS,17817535562.9787,0.0,0,0
Malaysia,1970,,,,MYS,18884189212.4274,0.0,0,0
Malaysia,1971,,,,MYS,20779153503.2444,0.0,0,0
Malaysia,1972,,,,MYS,22729992899.4898,0.0,0,0
Malaysia,1973,,,,MYS,25389647919.0597,0.0,0,0
Malaysia,1974,,,,MYS,27501726905.7384,0.0,0,0
Malaysia,1975,,,,MYS,27722034464.7822,0.0,0,0
Malaysia,1976,,,,MYS,30927669086.1643,0.0,0,0
Malaysia,1977,,,,MYS,33325509326.093,0.0,0,0
Malaysia,1978,,,,MYS,35542952796.7525,0.0,0,0
Malaysia,1979,,,,MYS,38865898972.0635,0.0,0,0
Malaysia,1980,,,,MYS,41758231849.7993,0.0,0,0
Malaysia,1981,,,,MYS,44657131817.3834,0.0,0,0
Malaysia,1982,,,,MYS,47311173244.6651,0.0,0,0
Malaysia,1983,,,,MYS,50269176995.279,0.0,0,0
Malaysia,1984,,,,MYS,54170965009.8042,0.0,0,0
Malaysia,1985,,,,MYS,53615577053.7607,0.0,0,0
Malaysia,1986,,,,MYS,54280729183.0432,0.0,0,0
Malaysia,1987,,,,MYS,57098947792.52,0.0,0,0
Malaysia,1988,,,,MYS,62773281162.3831,0.0,0,0
Malaysia,1989,,,,MYS,68460289886.5035,0.0,0,0
Malaysia,1990,,,,MYS,74627553679.509,0.0,0,0
Malaysia,1991,,,,MYS,81751102498.1732,0.0,0,0
Malaysia,1992,,,,MYS,89014784403.7144,0.0,0,0
Malaysia,1993,,,,MYS,97822746879.1401,0.0,0,0
Malaysia,1994,,,,MYS,106834219205.048,0.0,0,0
Malaysia,1995,,,,MYS,117335045630.591,0.0,0,0
Malaysia,1996,,,,MYS,129071719045.017,0.0,0,0
Malaysia,1997,,,,MYS,138523307832.505,0.0,0,0
Malaysia,1998,,,,MYS,128328802476.716,0.0,0,0
Malaysia,1999,,,,MYS,136205126470.557,0.0,0,0
Malaysia,2000,,,,MYS,148271359064.948,0.0,0,0
Malaysia,2001,,,,MYS,149038923296.259,0.0,0,0
Malaysia,2002,,,,MYS,157073594223.932,0.0,0,0
Malaysia,2003,,,,MYS,166165798103.902,0.0,0,0
Malaysia,2004,,,,MYS,177437551536.374,0.0,0,0
Malaysia,2005,,,,MYS,186898768708.901,0.0,0,0
Malaysia,2006,,,,MYS,197336779111.682,0.0,0,0
Malaysia,2007,,,,MYS,209766600383.972,0.0,0,0
Malaysia,2008,,,,MYS,219902039818.778,0.0,0,0
Malaysia,2009,,,,MYS,216573759299.08,0.0,0,0
Malaysia,2010,,,,MYS,232654030399.227,0.0,0,0
Malaysia,2011,,,,MYS,244970531973.676,0.0,0,0
Malaysia,2012,,,,MYS,258378881826.473,0.0,0,0
Malaysia,2013,,,,MYS,270506469604.101,0.0,0,0
Malaysia,2014,,,,MYS,286755041078.03,0.0,0,0
Malaysia,2015,,,,MYS,301355266964.947,0.0,0,0
Malaysia,2016,,,,MYS,314764917575.088,0.0,0,0
Malaysia,2017,,,,MYS,333061328477.268,0.0,0,0
Malaysia,2018,,,,MYS,349191778300.005,0.0,0,0
Malaysia,2019,,,,MYS,364602265936.14,0.0,0,0
Malaysia,2020,,,,MYS,344706479641.244,0.0,0,0
Malaysia,2021,,,,MYS,356134704342.139,0.0,0,0
Malaysia,2022,,,,MYS,388299855024.742,0.0,0,0
Malaysia,2023,,,,MYS,402034268648.217,0.0,0,0
Maldives,1960,,,,MDV,,,0,0
Maldives,1961,,,,MDV,,,0,0
Maldives,1962,,,,MDV,,,0,0
Maldives,1963,,,,MDV,,,0,0
Maldives,1964,,,,MDV,,,0,0
Maldives,1965,,,,MDV,,,0,0
Maldives,1966,,,,MDV,,,0,0
Maldives,1967,,,,MDV,,,0,0
Maldives,1968,,,,MDV,,,0,0
Maldives,1969,,,,MDV,,,0,0
Maldives,1970,,,,MDV,187964776.564389,0.0,0,0
Maldives,1971,,,,MDV,197752527.971145,0.0,0,0
Maldives,1972,,,,MDV,202546528.636027,0.0,0,0
Maldives,1973,,,,MDV,205742529.120788,0.0,0,0
Maldives,1974,,,,MDV,217527780.737129,0.0,0,0
Maldives,1975,,,,MDV,200149528.334716,0.0,0,0
Maldives,1976,,,,MDV,201348028.485371,0.0,0,0
Maldives,1977,,,,MDV,224004421.481143,0.0,0,0
Maldives,1978,0.01,,,MDV,256898849.939706,0.003892582626332112,0,0
Maldives,1979,0.02,,,MDV,284295074.104839,0.007034944260984499,0,0
Maldives,1980,,,,MDV,337096793.412458,0.0,0,0
Maldives,1981,,,,MDV,376755239.718251,0.0,0,0
Maldives,1982,,,,MDV,365406574.444485,0.0,0,0
Maldives,1983,,,,MDV,424808146.800603,0.0,0,0
Maldives,1984,,,,MDV,539317202.008688,0.0,0,0
Maldives,1985,,,,MDV,622458576.945265,0.0,0,0
Maldives,1986,,,,MDV,680724366.619139,0.0,0,0
Maldives,1987,,,,MDV,740826580.813539,0.0,0,0
Maldives,1988,,,,MDV,805503273.326515,0.0,0,0
Maldives,1989,,,,MDV,880631019.745342,0.0,0,0
Maldives,1990,,,,MDV,1029918209.68972,0.0,0,0
Maldives,1991,,,,MDV,1044776799.05973,0.0,0,0
Maldives,1992,,,,MDV,1114472035.60832,0.0,0,0
Maldives,1993,,,,MDV,1176400673.07978,0.0,0,0
Maldives,1994,,,,MDV,1267565681.28595,0.0,0,0
Maldives,1995,,,,MDV,1432169026.60643,0.0,0,0
Maldives,1996,,,,MDV,1544718134.83043,0.0,0,0
Maldives,1997,,,,MDV,1674442652.47933,0.0,0,0
Maldives,1998,,,,MDV,1799936819.86027,0.0,0,0
Maldives,1999,,,,MDV,1911094724.79954,0.0,0,0
Maldives,2000,,,,MDV,1984591804.63877,0.0,0,0
Maldives,2001,,,,MDV,1906326757.09611,0.0,0,0
Maldives,2002,,,,MDV,2044885954.92519,0.0,0,0
Maldives,2003,0.6,,0.51,MDV,2326058788.83095,0.02579470488368667,0,0
Maldives,2004,0.55,,,MDV,2463875271.81491,0.022322558543917917,0,0
Maldives,2005,0.31,0.15,,MDV,2188480301.91021,0.014165080660283632,0,0
Maldives,2006,0.2,0.03,,MDV,2705624149.59562,0.007392009715388289,0,0
Maldives,2007,0.0,0.0,,MDV,2898626608.24578,0.0,0,0
Maldives,2008,10.21,2.44,,MDV,3158820509.47837,0.3232219104999423,0,0
Maldives,2009,9.77,0.29,,MDV,2895352810.97153,0.3374372878834651,0,0
Maldives,2010,5.12,1.15,,MDV,3091816044.31985,0.16559846791034807,0,0
Maldives,2011,6.45,0.09,,MDV,3365238508.40701,0.1916654639451755,0,0
Maldives,2012,6.62,1.42,,MDV,3445643747.5744,0.19212665281082014,0,0
Maldives,2013,15.72,3.46,,MDV,3685976098.72391,0.42648133300273666,0,0
Maldives,2014,9.56,1.79,,MDV,3975719121.76918,0.24045964282672555,0,0
Maldives,2015,3.29,1.13,,MDV,4129505319.12921,0.07967055968567595,0,0
Maldives,2016,1.76,0.48,,MDV,4392772972.49748,0.04006580834063374,0,0
Maldives,2017,0.51,0.05,,MDV,4703536561.40931,0.010842904978869555,0,0
Maldives,2018,1.62,0.64,,MDV,5106580520.20896,0.031723772759265335,0,0
Maldives,2019,101.03,7.14,86.96,MDV,5460112147.97969,1.8503282947655642,1,0
Maldives,2020,118.03,13.58,33.6,MDV,3663253190.26213,3.2219995143593714,1,0
Maldives,2021,254.12,34.09,93.3,MDV,5037261439.19069,5.04480466355997,1,1
Maldives,2022,90.74,37.23,,MDV,5733717715.04974,1.5825683179663275,1,0
Maldives,2023,150.0,100.0,,MDV,6017127527.21638,2.4928838440190484,1,0
Mali,1960,,,,MLI,,,0,0
Mali,1961,,,,MLI,,,0,0
Mali,1962,,,,MLI,,,0,0
Mali,1963,,,,MLI,,,0,0
Mali,1964,26.0,,,MLI,,,0,0
Mali,1965,,,,MLI,,,0,0
Mali,1966,,,,MLI,,,0,0
Mali,1967,,,,MLI,3078971539.67314,0.0,0,0
Mali,1968,,,,MLI,3193152434.19734,0.0,0,0
Mali,1969,,,,MLI,3200528597.78485,0.0,0,0
Mali,1970,10.94,5.76,,MLI,3396943593.19419,0.32205421432132103,0,0
Mali,1971,16.11,6.69,,MLI,3484210939.02589,0.4623715464398378,0,0
Mali,1972,21.45,6.02,,MLI,3687828798.79168,0.5816430526012517,0,0
Mali,1973,28.14,6.85,,MLI,3634166619.19235,0.7743178271296152,0,0
Mali,1974,34.27,7.53,,MLI,3578606531.31402,0.9576353169907305,0,0
Mali,1975,39.0,1.72,,MLI,3994621299.01535,0.9763128236865223,0,0
Mali,1976,60.12,1.46,,MLI,4538826076.33938,1.3245715739891828,1,0
Mali,1977,85.92,1.63,,MLI,4826980130.67253,1.7799948968927906,1,0
Mali,1978,116.98,1.74,,MLI,4756338418.91021,2.459454935647807,1,0
Mali,1979,141.37,1.9,,MLI,5250792007.98366,2.69235573957322,1,0
Mali,1980,76.15,2.04,,MLI,5023651153.86416,1.5158297753502632,1,0
Mali,1981,7.31,1.63,,MLI,5136656281.80608,0.14231047590028273,0,0
Mali,1982,10.71,1.55,,MLI,4704706961.24235,0.22764435889906864,0,0
Mali,1983,16.53,2.11,,MLI,4596435346.07736,0.35962650957566183,0,0
Mali,1984,90.9,4.71,36.16,MLI,4467248183.98982,2.0348097140825243,1,0
Mali,1985,98.72,18.57,58.69,MLI,5056556735.99026,1.9523166683240425,1,0
Mali,1986,58.1,26.29,,MLI,5017992440.65494,1.1578335497136958,1,0
Mali,1987,81.52,29.94,,MLI,4979274371.19993,1.6371863432854956,1,0
Mali,1988,57.83,1.83,,MLI,5517319744.4247,1.048153862361117,1,0
Mali,1989,36.07,5.43,0.64,MLI,5715665208.30713,0.6310726518337003,0,0
Mali,1990,85.03,4.33,0.94,MLI,5413448188.78719,1.5707179053846234,1,0
Mali,1991,204.11,6.41,27.78,MLI,6098639579.86163,3.346811978756596,1,0
Mali,1992,335.23,6.88,41.5,MLI,5790098351.70751,5.789711670461351,1,1
Mali,1993,259.18,25.53,,MLI,6041865012.11619,4.289735031819605,1,0
Mali,1994,707.51,2.24,0.39,MLI,6379707258.43114,11.09000728936247,1,1
Mali,1995,369.97,2.42,0.8,MLI,6426195785.11791,5.757216436772657,1,1
Mali,1996,477.21,0.77,5.46,MLI,6835267858.3163,6.981584480546589,1,1
Mali,1997,674.83,,67.49,MLI,7116972455.44015,9.481981337221082,1,1
Mali,1998,598.82,,84.93,MLI,7590483163.61291,7.889089364832663,1,1
Mali,1999,589.65,,80.54,MLI,7947682136.69548,7.419144221653121,1,1
Mali,2000,586.02,,76.21,MLI,7889185607.25096,7.428143146504099,1,1
Mali,2001,587.2,,93.95,MLI,9136152788.53972,6.427213003011252,1,1
Mali,2002,663.22,,50.76,MLI,9413551548.83962,7.045374921028112,1,1
Mali,2003,211.48,,56.48,MLI,10335808731.4098,2.046090494663732,1,0
Mali,2004,130.12,,69.98,MLI,10488502207.7151,1.2405965830305756,1,0
Mali,2005,117.49,,60.19,MLI,10754740076.8785,1.092448531160604,1,0
Mali,2006,1994.52,,70.76,MLI,11151547252.0302,17.885589819268237,1,1
Mali,2007,138.08,,104.61,MLI,11347819622.1347,1.2167976280717883,1,0
Mali,2008,50.34,,7.32,MLI,11760733949.9903,0.4280345105506066,0,0
Mali,2009,501.01,,7.32,MLI,12402250894.7379,4.039669929694548,1,0
Mali,2010,0.81,,,MLI,13093898208.5229,0.006186087497402156,0,0
Mali,2011,142.15,0.01,0.76,MLI,13478253743.0442,1.0546618479664709,1,0
Mali,2012,160.82,0.56,9.57,MLI,13333713052.1392,1.206115651140391,1,0
Mali,2013,164.74,0.06,11.13,MLI,13772483870.2363,1.1961531525625486,1,0
Mali,2014,100.24,0.19,37.96,MLI,14668058747.8836,0.6833896817768286,0,0
Mali,2015,112.14,0.29,38.99,MLI,15583181170.4105,0.7196219999863221,0,0
Mali,2016,105.53,0.27,23.29,MLI,16518961030.4362,0.6388416305696277,0,0
Mali,2017,99.49,0.13,20.38,MLI,17406945659.5901,0.571553458864206,0,0
Mali,2018,87.14,0.12,18.93,MLI,18254289663.7678,0.47736724685026044,0,0
Mali,2019,31.06,,2.04,MLI,19167003985.7703,0.16204932196528538,0,0
Mali,2020,36.8,,2.08,MLI,18942920942.0007,0.19426782233148718,0,0
Mali,2021,65.6,,16.8,MLI,19530329790.4298,0.3358878252641957,0,0
Mali,2022,311.27,,0.48,MLI,20253575064.0712,1.536864474618987,1,0
Mali,2023,8.0,,,MLI,21218443430.5972,0.03770304841713282,0,0
Marshall Islands,1960,,,,MHL,,,0,0
Marshall Islands,1961,,,,MHL,,,0,0
Marshall Islands,1962,,,,MHL,,,0,0
Marshall Islands,1963,,,,MHL,,,0,0
Marshall Islands,1964,,,,MHL,,,0,0
Marshall Islands,1965,,,,MHL,,,0,0
Marshall Islands,1966,,,,MHL,,,0,0
Marshall Islands,1967,,,,MHL,,,0,0
Marshall Islands,1968,,,,MHL,,,0,0
Marshall Islands,1969,,,,MHL,,,0,0
Marshall Islands,1970,,,,MHL,45931280.0,0.0,0,0
Marshall Islands,1971,,,,MHL,46992252.0,0.0,0,0
Marshall Islands,1972,,,,MHL,47500634.0,0.0,0,0
Marshall Islands,1973,,,,MHL,63614160.0,0.0,0,0
Marshall Islands,1974,,,,MHL,73361848.0,0.0,0,0
Marshall Islands,1975,,,,MHL,73406056.0,0.0,0,0
Marshall Islands,1976,,,,MHL,73671297.0,0.0,0,0
Marshall Islands,1977,,,,MHL,75461688.0,0.0,0,0
Marshall Islands,1978,,,,MHL,79705581.0,0.0,0,0
Marshall Islands,1979,,,,MHL,81407557.0,0.0,0,0
Marshall Islands,1980,,,,MHL,75550102.0,0.0,0,0
Marshall Islands,1981,,,,MHL,80412894.0,0.0,0,0
Marshall Islands,1982,,,,MHL,84297825.0,0.0,0,0
Marshall Islands,1983,,,,MHL,97370735.0,0.0,0,0
Marshall Islands,1984,,,,MHL,101135112.0,0.0,0,0
Marshall Islands,1985,,,,MHL,94806793.0,0.0,0,0
Marshall Islands,1986,,,,MHL,118074749.0,0.0,0,0
Marshall Islands,1987,,,,MHL,129130978.0,0.0,0,0
Marshall Islands,1988,,,,MHL,139189050.0,0.0,0,0
Marshall Islands,1989,,,,MHL,136834516.0,0.0,0,0
Marshall Islands,1990,,,,MHL,140496545.0,0.0,0,0
Marshall Islands,1991,,,,MHL,140619900.0,0.0,0,0
Marshall Islands,1992,,,,MHL,150661400.0,0.0,0,0
Marshall Islands,1993,,,,MHL,159710500.0,0.0,0,0
Marshall Islands,1994,,,,MHL,169097800.0,0.0,0,0
Marshall Islands,1995,,,,MHL,182986300.0,0.0,0,0
Marshall Islands,1996,,,,MHL,164133300.0,0.0,0,0
Marshall Islands,1997,,,,MHL,153553800.0,0.0,0,0
Marshall Islands,1998,,,,MHL,152518700.0,0.0,0,0
Marshall Islands,1999,,,,MHL,150483000.0,0.0,0,0
Marshall Islands,2000,,,,MHL,154176500.0,0.0,0,0
Marshall Islands,2001,,,,MHL,164861000.0,0.0,0,0
Marshall Islands,2002,,,,MHL,170855000.0,0.0,0,0
Marshall Islands,2003,,,,MHL,168186800.0,0.0,0,0
Marshall Islands,2004,,,,MHL,167500000.0,0.0,0,0
Marshall Islands,2005,,,,MHL,170500000.0,0.0,0,0
Marshall Islands,2006,,,,MHL,170800000.0,0.0,0,0
Marshall Islands,2007,,,,MHL,177100000.0,0.0,0,0
Marshall Islands,2008,,,,MHL,163700000.0,0.0,0,0
Marshall Islands,2009,,,,MHL,169700000.0,0.0,0,0
Marshall Islands,2010,,,,MHL,179100000.0,0.0,0,0
Marshall Islands,2011,,,,MHL,178200000.0,0.0,0,0
Marshall Islands,2012,,,,MHL,175900000.0,0.0,0,0
Marshall Islands,2013,,,,MHL,182600000.0,0.0,0,0
Marshall Islands,2014,,,,MHL,180300000.0,0.0,0,0
Marshall Islands,2015,,,,MHL,183700000.0,0.0,0,0
Marshall Islands,2016,,,,MHL,188300000.0,0.0,0,0
Marshall Islands,2017,,,,MHL,195000000.0,0.0,0,0
Marshall Islands,2018,,,,MHL,205700000.0,0.0,0,0
Marshall Islands,2019,,,,MHL,227200000.0,0.0,0,0
Marshall Islands,2020,,,,MHL,220900000.0,0.0,0,0
Marshall Islands,2021,,,,MHL,225670100.0,0.0,0,0
Marshall Islands,2022,,,,MHL,224089100.0,0.0,0,0
Marshall Islands,2023,,,,MHL,212000000.0,0.0,0,0
Mauritania,1960,,,,MRT,,,0,0
Mauritania,1961,,,,MRT,1067389946.31794,0.0,0,0
Mauritania,1962,,,,MRT,1075145691.10065,0.0,0,0
Mauritania,1963,,,,MRT,1053817299.49442,0.0,0,0
Mauritania,1964,,,,MRT,1345628650.25443,0.0,0,0
Mauritania,1965,,,,MRT,1562790649.16277,0.0,0,0
Mauritania,1966,,,,MRT,1566400101.18171,0.0,0,0
Mauritania,1967,,,,MRT,1622275674.48886,0.0,0,0
Mauritania,1968,,,,MRT,1787690082.85207,0.0,0,0
Mauritania,1969,1.0,1.0,,MRT,1810009967.19102,0.05524831454668253,0,0
Mauritania,1970,,,,MRT,2026956515.67232,0.0,0,0
Mauritania,1971,0.01,,,MRT,2064311022.40111,0.00048442312672285535,0,0
Mauritania,1972,0.29,,,MRT,2049181524.50044,0.014151991735856476,0,0
Mauritania,1973,0.69,0.03,,MRT,1955231532.48207,0.035289938226603736,0,0
Mauritania,1974,0.24,,,MRT,2193038739.0819,0.010943719129214938,0,0
Mauritania,1975,0.74,0.01,,MRT,2080439918.44761,0.03556940017533291,0,0
Mauritania,1976,0.54,0.08,,MRT,2258236496.88823,0.023912464471462617,0,0
Mauritania,1977,3.86,1.78,,MRT,2215813408.72516,0.17420239379365438,0,0
Mauritania,1978,32.38,21.67,,MRT,2204629891.9375,1.4687272507016318,1,0
Mauritania,1979,23.58,2.54,,MRT,2310232542.03484,1.0206764717819647,1,0
Mauritania,1980,54.27,21.75,,MRT,2388115337.57515,2.272503306105173,1,0
Mauritania,1981,36.07,6.82,3.94,MRT,2470512204.51564,1.4600211216957644,1,0
Mauritania,1982,46.33,7.13,6.66,MRT,2412704093.49485,1.9202520576358815,1,0
Mauritania,1983,68.49,6.3,9.46,MRT,2502826843.48923,2.736505730636843,1,0
Mauritania,1984,112.44,13.39,8.49,MRT,2422064013.76914,4.642321563789902,1,0
Mauritania,1985,87.5,6.48,1.02,MRT,2494599030.24547,3.5075777284892933,1,0
Mauritania,1986,97.92,4.28,1.64,MRT,2637129925.42273,3.7131276337969394,1,0
Mauritania,1987,112.65,13.31,2.34,MRT,2687245524.58842,4.192024843626953,1,0
Mauritania,1988,147.23,21.7,2.83,MRT,2733476842.20953,5.386180622660433,1,1
Mauritania,1989,294.01,40.98,3.03,MRT,2864071033.2823,10.265457685351361,1,1
Mauritania,1990,277.05,31.33,3.58,MRT,2813339613.23359,9.847726833148483,1,1
Mauritania,1991,309.55,48.16,2.32,MRT,2863644580.52619,10.809651522575498,1,1
Mauritania,1992,404.12,65.58,2.37,MRT,2917312880.6116,13.852473715992996,1,1
Mauritania,1993,696.29,74.56,,MRT,3088665261.64444,22.543394671045945,1,1
Mauritania,1994,328.63,15.95,,MRT,2994129490.4365,10.97581120154194,1,1
Mauritania,1995,312.26,8.62,,MRT,3288147029.98539,9.496533979546147,1,1
Mauritania,1996,382.95,,,MRT,3479478605.01407,11.005959325289528,1,1
Mauritania,1997,291.4,,,MRT,3338744254.03104,8.727832317440235,1,1
Mauritania,1998,402.24,,0.3,MRT,3431488052.09143,11.722028283177089,1,1
Mauritania,1999,489.1,0.07,0.6,MRT,3557532727.38488,13.748292355402569,1,1
Mauritania,2000,543.61,0.01,1.47,MRT,3418147674.46376,15.903642901715232,1,1
Mauritania,2001,361.2,,,MRT,3390819795.19187,10.652291239781482,1,1
Mauritania,2002,404.5,0.14,10.21,MRT,3437663426.84245,11.766713310021157,1,1
Mauritania,2003,399.13,,15.54,MRT,3675834015.3124,10.858216076605922,1,1
Mauritania,2004,291.61,,20.08,MRT,3849802340.96431,7.574674598149802,1,1
Mauritania,2005,301.53,,23.62,MRT,4179587468.01261,7.214348361116539,1,1
Mauritania,2006,1197.54,1.02,28.9,MRT,4945839545.86186,24.213078262960856,1,1
Mauritania,2007,1253.64,,62.66,MRT,4848435056.58765,25.85659053629394,1,1
Mauritania,2008,1267.69,10.0,,MRT,4832382896.8187,26.233227520827413,1,1
Mauritania,2009,1191.89,,,MRT,4837112633.71603,24.640526079384482,1,1
Mauritania,2010,1169.99,,,MRT,4963856086.88709,23.570183734591684,1,1
Mauritania,2011,1057.29,,,MRT,5170987043.87509,20.44657994748478,1,1
Mauritania,2012,1054.82,,,MRT,5402130846.39324,19.52599872149072,1,1
Mauritania,2013,1055.38,,,MRT,5626363205.90498,18.757765209547046,1,1
Mauritania,2014,1048.4,,,MRT,5866880289.55903,17.869803852411664,1,1
Mauritania,2015,1045.02,,,MRT,6182303676.55144,16.903407769560168,1,1
Mauritania,2016,1044.22,,,MRT,6260256913.89463,16.680146108418576,1,1
Mauritania,2017,1045.51,,,MRT,6652809184.23378,15.715316207741406,1,1
Mauritania,2018,1045.0,,,MRT,6970292790.3702,14.992196618249931,1,1
Mauritania,2019,1045.15,,,MRT,7189230027.94751,14.537718169220765,1,1
Mauritania,2020,1184.63,,18.57,MRT,7163301538.8176,16.537486151888828,1,1
Mauritania,2021,278.61,,31.5,MRT,7216504489.52491,3.8607334119228405,1,0
Mauritania,2022,348.32,,25.3,MRT,7706938495.42044,4.519563769802707,1,0
Mauritania,2023,321.0,,21.0,MRT,8231741703.46659,3.899539265971125,1,0
Mauritius,1960,,,,MUS,965665103.121351,0.0,0,0
Mauritius,1961,,,,MUS,1186310839.87355,0.0,0,0
Mauritius,1962,,,,MUS,1195878281.42274,0.0,0,0
Mauritius,1963,,,,MUS,1362039895.5513,0.0,0,0
Mauritius,1964,,,,MUS,1268202252.37774,0.0,0,0
Mauritius,1965,,,,MUS,1308746423.43444,0.0,0,0
Mauritius,1966,,,,MUS,1262047674.03788,0.0,0,0
Mauritius,1967,,,,MUS,1317377476.70898,0.0,0,0
Mauritius,1968,,,,MUS,1226614703.81838,0.0,0,0
Mauritius,1969,,,,MUS,1287123250.09451,0.0,0,0
Mauritius,1970,,,,MUS,1281944599.50946,0.0,0,0
Mauritius,1971,0.03,,,MUS,1336729315.3383,0.0022442838393506455,0,0
Mauritius,1972,0.07,,,MUS,1448297584.80905,0.004833260839085712,0,0
Mauritius,1973,,,,MUS,1621828058.47954,0.0,0,0
Mauritius,1974,,,,MUS,1764740728.22208,0.0,0,0
Mauritius,1975,,,,MUS,1780730872.41629,0.0,0,0
Mauritius,1976,,,,MUS,2203697975.98197,0.0,0,0
Mauritius,1977,0.39,,,MUS,2347987724.55224,0.01660996758721866,0,0
Mauritius,1978,0.31,,,MUS,2437934581.20463,0.012715681642565778,0,0
Mauritius,1979,0.67,,,MUS,2523665178.44202,0.026548688222326835,0,0
Mauritius,1980,2.3,,,MUS,2269752701.24713,0.10133262530037966,0,0
Mauritius,1981,3.04,,,MUS,2403267565.12349,0.12649444631620915,0,0
Mauritius,1982,,,,MUS,2535377007.92481,0.0,0,0
Mauritius,1983,,,,MUS,2545107665.96174,0.0,0,0
Mauritius,1984,0.16,,,MUS,2664686641.29586,0.006004458367464575,0,0
Mauritius,1985,,,,MUS,2850001619.88986,0.0,0,0
Mauritius,1986,,,,MUS,3127649727.35757,0.0,0,0
Mauritius,1987,,,,MUS,3405730310.25514,0.0,0,0
Mauritius,1988,0.11,,,MUS,3637025264.91513,0.0030244497078731965,0,0
Mauritius,1989,3.04,,,MUS,3799423847.87669,0.08001213135772957,0,0
Mauritius,1990,7.6,2.31,3.26,MUS,4072478438.63667,0.18661854481282966,0,0
Mauritius,1991,11.07,2.15,6.33,MUS,4253111031.30466,0.26028006131324133,0,0
Mauritius,1992,10.27,0.1,7.68,MUS,4530103333.16682,0.22670564542775323,0,0
Mauritius,1993,12.75,0.11,9.88,MUS,4760326036.51855,0.26783879722080284,0,0
Mauritius,1994,2.76,0.94,,MUS,4957219922.06001,0.05567636787139073,0,0
Mauritius,1995,0.85,0.11,,MUS,5169772453.58552,0.016441729450016287,0,0
Mauritius,1996,0.06,0.0,,MUS,5458651269.65547,0.0010991726167512985,0,0
Mauritius,1997,0.63,,,MUS,5769110827.99179,0.010920227029497041,0,0
Mauritius,1998,,,,MUS,6119407786.24471,0.0,0,0
Mauritius,1999,,,,MUS,6279181383.40497,0.0,0,0
Mauritius,2000,,,,MUS,6794249555.80586,0.0,0,0
Mauritius,2001,,,,MUS,7021689826.80183,0.0,0,0
Mauritius,2002,,,,MUS,7135084405.96558,0.0,0,0
Mauritius,2003,,,,MUS,7557869943.06927,0.0,0,0
Mauritius,2004,,,,MUS,7885127212.19229,0.0,0,0
Mauritius,2005,,,,MUS,8025288740.59791,0.0,0,0
Mauritius,2006,,,,MUS,8415762744.17286,0.0,0,0
Mauritius,2007,,,,MUS,8900830661.908,0.0,0,0
Mauritius,2008,,,,MUS,9387088070.31371,0.0,0,0
Mauritius,2009,,,,MUS,9702824740.03021,0.0,0,0
Mauritius,2010,,,,MUS,10129431413.6242,0.0,0,0
Mauritius,2011,0.02,,,MUS,10549352323.5511,0.00018958509855956395,0,0
Mauritius,2012,3.7,0.15,,MUS,10919700091.2128,0.033883714471035976,0,0
Mauritius,2013,4.26,1.17,,MUS,11290702454.7202,0.03773015910289144,0,0
Mauritius,2014,6.74,4.62,,MUS,11726268292.6522,0.05747779115904548,0,0
Mauritius,2015,7.57,4.3,1.95,MUS,12162211503.0793,0.06224196971153957,0,0
Mauritius,2016,18.94,4.2,12.5,MUS,12634806000.0366,0.1499033701027553,0,0
Mauritius,2017,9.48,4.59,1.1,MUS,13134438955.5367,0.07217666496522712,0,0
Mauritius,2018,0.1,0.1,,MUS,13675143575.8358,0.0007312537484191509,0,0
Mauritius,2019,11.72,,,MUS,14066792766.4264,0.08331678865684611,0,0
Mauritius,2020,5.8,5.31,,MUS,12069668892.3557,0.04805434226678263,0,0
Mauritius,2021,6.21,0.2,,MUS,12472565404.1389,0.049789275892987275,0,0
Mauritius,2022,7.36,6.09,,MUS,13513082163.7098,0.05446573854013649,0,0
Mauritius,2023,,,,MUS,14148086474.4567,0.0,0,0
Mexico,1960,,,,MEX,152252652595.644,0.0,0,0
Mexico,1961,,,,MEX,159865285226.527,0.0,0,0
Mexico,1962,,,,MEX,167322065046.917,0.0,0,0
Mexico,1963,,,,MEX,180886675665.215,0.0,0,0
Mexico,1964,,,,MEX,202422104044.408,0.0,0,0
Mexico,1965,,,,MEX,216794073426.443,0.0,0,0
Mexico,1966,,,,MEX,230010142142.228,0.0,0,0
Mexico,1967,,,,MEX,243477063178.675,0.0,0,0
Mexico,1968,,,,MEX,266420585700.657,0.0,0,0
Mexico,1969,,,,MEX,275528493190.141,0.0,0,0
Mexico,1970,,,,MEX,293444689470.87,0.0,0,0
Mexico,1971,,,,MEX,304485451085.435,0.0,0,0
Mexico,1972,,,,MEX,329540972149.707,0.0,0,0
Mexico,1973,,,,MEX,355446582960.301,0.0,0,0
Mexico,1974,,,,MEX,375980117953.589,0.0,0,0
Mexico,1975,,,,MEX,397578239615.233,0.0,0,0
Mexico,1976,,,,MEX,415141036248.196,0.0,0,0
Mexico,1977,,,,MEX,429216973061.487,0.0,0,0
Mexico,1978,0.6,,,MEX,467661689800.004,0.00012829787281840225,0,0
Mexico,1979,1.9,1.9,,MEX,513016316142.586,0.0003703585909871764,0,0
Mexico,1980,,,,MEX,557939217930.27,0.0,0,0
Mexico,1981,11.3,6.6,,MEX,611422385100.004,0.001848149540378993,0,0
Mexico,1982,19357.7,554.9,,MEX,611119202960.532,3.1675816937551184,1,0
Mexico,1983,24667.8,87.8,,MEX,582860269028.285,4.232197888719521,1,0
Mexico,1984,19223.9,10.9,,MEX,603338559528.223,3.1862541679802487,1,0
Mexico,1985,28600.0,,,MEX,614917928406.528,4.651027182458774,1,0
Mexico,1986,45500.0,,,MEX,590751900354.136,7.702048858873628,1,1
Mexico,1987,52300.0,,,MEX,602941257824.805,8.674145171070158,1,1
Mexico,1988,51902.9,,,MEX,610286657404.856,8.504675527514985,1,1
Mexico,1989,50635.5,3.3,,MEX,632412287302.93,8.006722990147285,1,1
Mexico,1990,54300.0,,,MEX,665614206217.349,8.157878767129098,1,1
Mexico,1991,,,,MEX,692078394532.559,0.0,0,0
Mexico,1992,,,,MEX,716775997855.793,0.0,0,0
Mexico,1993,,,,MEX,737325961805.099,0.0,0,0
Mexico,1994,,,,MEX,769725007515.6,0.0,0,0
Mexico,1995,,,,MEX,724231953293.782,0.0,0,0
Mexico,1996,,,,MEX,769266848267.796,0.0,0,0
Mexico,1997,,,,MEX,824645415959.505,0.0,0,0
Mexico,1998,,,,MEX,875650385836.062,0.0,0,0
Mexico,1999,,,,MEX,899774820102.317,0.0,0,0
Mexico,2000,,,,MEX,945027051109.809,0.0,0,0
Mexico,2001,,,,MEX,940766441508.274,0.0,0,0
Mexico,2002,0.0,0.0,,MEX,938540700981.551,0.0,0,0
Mexico,2003,,,,MEX,949667522087.641,0.0,0,0
Mexico,2004,,,,MEX,983527357532.924,0.0,0,0
Mexico,2005,,,,MEX,1004311721038.6,0.0,0,0
Mexico,2006,,,,MEX,1052569034983.79,0.0,0,0
Mexico,2007,,,,MEX,1074439987400.41,0.0,0,0
Mexico,2008,,,,MEX,1084575522256.88,0.0,0,0
Mexico,2009,,,,MEX,1016298775542.76,0.0,0,0
Mexico,2010,,,,MEX,1066822388040.15,0.0,0,0
Mexico,2011,,,,MEX,1103564231719.43,0.0,0,0
Mexico,2012,,,,MEX,1142776194745.57,0.0,0,0
Mexico,2013,32.0,32.0,,MEX,1152513808415.91,0.0027765394016391774,0,0
Mexico,2014,91.0,91.0,,MEX,1181370028573.8,0.0077029209984156325,0,0
Mexico,2015,,,,MEX,1213294467653.78,0.0,0,0
Mexico,2016,123.0,123.0,,MEX,1234800029897.25,0.009961127066885078,0,0
Mexico,2017,,,,MEX,1257912134548.83,0.0,0,0
Mexico,2018,15.0,15.0,,MEX,1282719194726.5,0.0011693907802789436,0,0
Mexico,2019,6.0,6.0,,MEX,1277682078136.65,0.0004696003882867559,0,0
Mexico,2020,8.0,8.0,,MEX,1170944075330.45,0.0006832094007343891,0,0
Mexico,2021,3.0,3.0,,MEX,1241768434190.09,0.00024159093735996512,0,0
Mexico,2022,22.0,22.0,,MEX,1287835026633.04,0.0017082933407641158,0,0
Mexico,2023,10.0,10.0,,MEX,1327845439047.71,0.0007530996986495426,0,0
Micronesia,1960,,,,FSM,,,0,0
Micronesia,1961,,,,FSM,,,0,0
Micronesia,1962,,,,FSM,,,0,0
Micronesia,1963,,,,FSM,,,0,0
Micronesia,1964,,,,FSM,,,0,0
Micronesia,1965,,,,FSM,,,0,0
Micronesia,1966,,,,FSM,,,0,0
Micronesia,1967,,,,FSM,,,0,0
Micronesia,1968,,,,FSM,,,0,0
Micronesia,1969,,,,FSM,,,0,0
Micronesia,1970,,,,FSM,100099376.013948,0.0,0,0
Micronesia,1971,,,,FSM,102403237.761822,0.0,0,0
Micronesia,1972,,,,FSM,103495793.744613,0.0,0,0
Micronesia,1973,,,,FSM,138611924.677428,0.0,0,0
Micronesia,1974,,,,FSM,159857358.947503,0.0,0,0
Micronesia,1975,,,,FSM,159976113.930306,0.0,0,0
Micronesia,1976,,,,FSM,160546145.908557,0.0,0,0
Micronesia,1977,,,,FSM,164441339.507481,0.0,0,0
Micronesia,1978,,,,FSM,173716175.041465,0.0,0,0
Micronesia,1979,,,,FSM,177397609.411317,0.0,0,0
Micronesia,1980,,,,FSM,164631348.000019,0.0,0,0
Micronesia,1981,,,,FSM,180639647.354504,0.0,0,0
Micronesia,1982,,,,FSM,175904966.369011,0.0,0,0
Micronesia,1983,,,,FSM,179299926.656296,0.0,0,0
Micronesia,1984,,,,FSM,172213099.772864,0.0,0,0
Micronesia,1985,,,,FSM,200715532.067362,0.0,0,0
Micronesia,1986,,,,FSM,216731321.458696,0.0,0,0
Micronesia,1987,,,,FSM,219331577.265039,0.0,0,0
Micronesia,1988,,,,FSM,224922127.248677,0.0,0,0
Micronesia,1989,,,,FSM,232852907.458022,0.0,0,0
Micronesia,1990,,,,FSM,241563764.409272,0.0,0,0
Micronesia,1991,,,,FSM,259505475.630252,0.0,0,0
Micronesia,1992,,,,FSM,269906611.764706,0.0,0,0
Micronesia,1993,,,,FSM,291878752.941177,0.0,0,0
Micronesia,1994,,,,FSM,290318621.84874,0.0,0,0
Micronesia,1995,,,,FSM,310682914.285714,0.0,0,0
Micronesia,1996,,,,FSM,300309045.378151,0.0,0,0
Micronesia,1997,,,,FSM,281656557.983193,0.0,0,0
Micronesia,1998,,,,FSM,289646642.016807,0.0,0,0
Micronesia,1999,,,,FSM,292916218.487395,0.0,0,0
Micronesia,2000,,,,FSM,306462262.184874,0.0,0,0
Micronesia,2001,,,,FSM,312040376.470588,0.0,0,0
Micronesia,2002,,,,FSM,313423401.680672,0.0,0,0
Micronesia,2003,,,,FSM,318948292.436975,0.0,0,0
Micronesia,2004,,,,FSM,308772635.294118,0.0,0,0
Micronesia,2005,,,,FSM,317243697.478992,0.0,0,0
Micronesia,2006,,,,FSM,315932773.109244,0.0,0,0
Micronesia,2007,,,,FSM,310689075.630252,0.0,0,0
Micronesia,2008,,,,FSM,302823529.411765,0.0,0,0
Micronesia,2009,,,,FSM,306756302.521008,0.0,0,0
Micronesia,2010,,,,FSM,312000000.0,0.0,0,0
Micronesia,2011,,,,FSM,323798319.327731,0.0,0,0
Micronesia,2012,,,,FSM,318554621.84874,0.0,0,0
Micronesia,2013,,,,FSM,306756302.521008,0.0,0,0
Micronesia,2014,,,,FSM,298890756.302521,0.0,0,0
Micronesia,2015,,,,FSM,312000000.0,0.0,0,0
Micronesia,2016,,,,FSM,315932773.109244,0.0,0,0
Micronesia,2017,,,,FSM,322487394.957983,0.0,0,0
Micronesia,2018,,,,FSM,323798319.327731,0.0,0,0
Micronesia,2019,,,,FSM,335596638.655462,0.0,0,0
Micronesia,2020,,,,FSM,328693310.92437,0.0,0,0
Micronesia,2021,,,,FSM,338881815.12605,0.0,0,0
Micronesia,2022,,,,FSM,328328611.764706,0.0,0,0
Micronesia,2023,,,,FSM,332041936.134454,0.0,0,0
Moldova,1960,,,,MDA,,,0,0
Moldova,1961,,,,MDA,,,0,0
Moldova,1962,,,,MDA,,,0,0
Moldova,1963,,,,MDA,,,0,0
Moldova,1964,,,,MDA,,,0,0
Moldova,1965,,,,MDA,,,0,0
Moldova,1966,,,,MDA,,,0,0
Moldova,1967,,,,MDA,,,0,0
Moldova,1968,,,,MDA,,,0,0
Moldova,1969,,,,MDA,,,0,0
Moldova,1970,,,,MDA,,,0,0
Moldova,1971,,,,MDA,,,0,0
Moldova,1972,,,,MDA,,,0,0
Moldova,1973,,,,MDA,,,0,0
Moldova,1974,,,,MDA,,,0,0
Moldova,1975,,,,MDA,,,0,0
Moldova,1976,,,,MDA,,,0,0
Moldova,1977,,,,MDA,,,0,0
Moldova,1978,,,,MDA,,,0,0
Moldova,1979,,,,MDA,,,0,0
Moldova,1980,,,,MDA,,,0,0
Moldova,1981,,,,MDA,,,0,0
Moldova,1982,,,,MDA,,,0,0
Moldova,1983,,,,MDA,,,0,0
Moldova,1984,,,,MDA,,,0,0
Moldova,1985,,,,MDA,,,0,0
Moldova,1986,,,,MDA,,,0,0
Moldova,1987,,,,MDA,,,0,0
Moldova,1988,,,,MDA,,,0,0
Moldova,1989,,,,MDA,,,0,0
Moldova,1990,,,,MDA,11137693132.5555,0.0,0,0
Moldova,1991,,,,MDA,9355662201.10612,0.0,0,0
Moldova,1992,,,,MDA,6633164508.28943,0.0,0,0
Moldova,1993,5.87,,,MDA,6553566538.6324,0.08956954912103408,0,0
Moldova,1994,24.99,,0.08,MDA,4528514463.37445,0.5518365945855576,0,0
Moldova,1995,46.75,,0.15,MDA,4465115303.68557,1.047005437046875,1,0
Moldova,1996,119.64,,0.27,MDA,4202697785.43658,2.8467428805988173,1,0
Moldova,1997,16.12,,0.49,MDA,4271918931.24013,0.3773479848158166,0,0
Moldova,1998,104.63,16.03,0.51,MDA,3992441789.3799,2.6207019543358445,1,0
Moldova,1999,239.37,17.05,0.42,MDA,3857966190.08457,6.204564483100169,1,1
Moldova,2000,132.74,41.75,0.51,MDA,3939281163.91139,3.369650311230891,1,0
Moldova,2001,40.5,32.03,0.51,MDA,4179577330.63921,0.9689975037214126,0,0
Moldova,2002,134.31,68.0,,MDA,4505584348.12398,2.9809673867480377,1,0
Moldova,2003,124.69,87.53,,MDA,4802952913.19777,2.5961112310173022,1,0
Moldova,2004,155.79,,,MDA,5158371415.97847,3.0201392539790364,1,0
Moldova,2005,134.01,81.79,,MDA,5545249279.88205,2.4166632235305108,1,0
Moldova,2006,243.23,92.13,,MDA,5811421236.26146,4.185378930756568,1,0
Moldova,2007,28.33,,,MDA,5985763886.4747,0.4732896341603758,0,0
Moldova,2008,27.91,,,MDA,6452653478.32394,0.4325352367635516,0,0
Moldova,2009,,,,MDA,6065494252.61994,0.0,0,0
Moldova,2010,,,,MDA,6496144351.04957,0.0,0,0
Moldova,2011,,,,MDA,6874100822.53274,0.0,0,0
Moldova,2012,,,,MDA,6833561915.89765,0.0,0,0
Moldova,2013,,,,MDA,7451580071.77113,0.0,0,0
Moldova,2014,,,,MDA,7824131195.57662,0.0,0,0
Moldova,2015,,,,MDA,7797667196.73087,0.0,0,0
Moldova,2016,,,,MDA,8159947934.63828,0.0,0,0
Moldova,2017,,,,MDA,8500675703.95748,0.0,0,0
Moldova,2018,,,,MDA,8847128857.51461,0.0,0,0
Moldova,2019,,,,MDA,9161406662.06896,0.0,0,0
Moldova,2020,,,,MDA,8403210632.93021,0.0,0,0
Moldova,2021,,,,MDA,9573777856.36482,0.0,0,0
Moldova,2022,9.0,,,MDA,9128802925.53684,0.09858904911643422,0,0
Moldova,2023,9.0,,,MDA,9237254992.07154,0.09743154224631474,0,0
Mongolia,1960,,,,MNG,,,0,0
Mongolia,1961,,,,MNG,,,0,0
Mongolia,1962,,,,MNG,,,0,0
Mongolia,1963,,,,MNG,,,0,0
Mongolia,1964,,,,MNG,,,0,0
Mongolia,1965,,,,MNG,,,0,0
Mongolia,1966,,,,MNG,,,0,0
Mongolia,1967,,,,MNG,,,0,0
Mongolia,1968,,,,MNG,,,0,0
Mongolia,1969,,,,MNG,,,0,0
Mongolia,1970,,,,MNG,,,0,0
Mongolia,1971,,,,MNG,,,0,0
Mongolia,1972,,,,MNG,,,0,0
Mongolia,1973,,,,MNG,,,0,0
Mongolia,1974,,,,MNG,,,0,0
Mongolia,1975,,,,MNG,,,0,0
Mongolia,1976,,,,MNG,,,0,0
Mongolia,1977,,,,MNG,,,0,0
Mongolia,1978,,,,MNG,,,0,0
Mongolia,1979,,,,MNG,,,0,0
Mongolia,1980,,,,MNG,,,0,0
Mongolia,1981,,,,MNG,2484401291.11981,0.0,0,0
Mongolia,1982,,,,MNG,2691653428.46928,0.0,0,0
Mongolia,1983,,,,MNG,2848685511.08964,0.0,0,0
Mongolia,1984,,,,MNG,3017709971.3509,0.0,0,0
Mongolia,1985,,,,MNG,3190107887.21565,0.0,0,0
Mongolia,1986,,,,MNG,3489180326.59186,0.0,0,0
Mongolia,1987,,,,MNG,3609858808.62016,0.0,0,0
Mongolia,1988,,,,MNG,3794249397.05414,0.0,0,0
Mongolia,1989,,,,MNG,3952780563.85351,0.0,0,0
Mongolia,1990,,,,MNG,3826905840.8639,0.0,0,0
Mongolia,1991,,,,MNG,3494212069.76499,0.0,0,0
Mongolia,1992,7.68,6.89,,MNG,3170771527.90814,0.24221234271857936,0,0
Mongolia,1993,18.03,15.97,,MNG,3070296387.65315,0.587239722930516,0,0
Mongolia,1994,16.56,2.95,,MNG,3135828262.42822,0.5280901444257284,0,0
Mongolia,1995,4.11,3.32,,MNG,3335782058.86711,0.12320948813412075,0,0
Mongolia,1996,4.52,3.6,,MNG,3410339918.29364,0.13253810788050646,0,0
Mongolia,1997,63.68,2.9,,MNG,3543231097.14284,1.7972296543499442,1,0
Mongolia,1998,68.63,2.12,,MNG,3661572769.35615,1.8743311774210043,1,0
Mongolia,1999,87.55,0.92,,MNG,3773996564.97664,2.3198219312778283,1,0
Mongolia,2000,77.33,0.47,,MNG,3817248910.66296,2.025804494540277,1,0
Mongolia,2001,77.19,,,MNG,3929961221.71521,1.964141518076121,1,0
Mongolia,2002,18.47,,2.14,MNG,4115965440.05725,0.44874040535537385,0,0
Mongolia,2003,11018.5,,,MNG,4404273778.31917,250.17745386857078,1,1
Mongolia,2004,27.29,,,MNG,4872245746.85238,0.5601113206908781,0,0
Mongolia,2005,20.87,,,MNG,5225662152.64429,0.39937522538534875,0,0
Mongolia,2006,37.93,,,MNG,5672782077.14901,0.6686313608412509,0,0
Mongolia,2007,25.61,,,MNG,6254129712.42599,0.4094894282271902,0,0
Mongolia,2008,26.13,,,MNG,6810770268.31901,0.3836570456875686,0,0
Mongolia,2009,9.7,,,MNG,6724368909.15607,0.14425145513346593,0,0
Mongolia,2010,10.64,,,MNG,7152385862.09146,0.1487615490153199,0,0
Mongolia,2011,10.62,,,MNG,8389088993.66654,0.12659300679749275,0,0
Mongolia,2012,15.79,,4.77,MNG,9422609644.69237,0.16757565680219277,0,0
Mongolia,2013,18.01,,13.93,MNG,10520241544.9149,0.1711937879288083,0,0
Mongolia,2014,8.83,,8.83,MNG,11349786311.9875,0.07779882155731749,0,0
Mongolia,2015,8.94,,8.94,MNG,11619892590.6941,0.07693702786168335,0,0
Mongolia,2016,26.93,,18.0,MNG,11793003947.8926,0.2283557278450023,0,0
Mongolia,2017,2200.15,,2190.0,MNG,12457761002.7432,17.66087822294493,1,1
Mongolia,2018,10.23,,10.23,MNG,13422599720.3616,0.07621474388811177,0,0
Mongolia,2019,4.47,,4.29,MNG,14174566537.4555,0.031535355865650455,0,0
Mongolia,2020,1806.13,,1800.0,MNG,13528524951.0287,13.350531610341326,1,1
Mongolia,2021,0.04,,,MNG,13749955731.6936,0.00029091002749776233,0,0
Mongolia,2022,,,,MNG,14441951078.838,0.0,0,0
Mongolia,2023,,,,MNG,15513848972.8704,0.0,0,0
Montenegro,1960,,,,MNE,,,0,0
Montenegro,1961,,,,MNE,,,0,0
Montenegro,1962,,,,MNE,,,0,0
Montenegro,1963,,,,MNE,,,0,0
Montenegro,1964,,,,MNE,,,0,0
Montenegro,1965,,,,MNE,,,0,0
Montenegro,1966,,,,MNE,,,0,0
Montenegro,1967,,,,MNE,,,0,0
Montenegro,1968,,,,MNE,,,0,0
Montenegro,1969,,,,MNE,,,0,0
Montenegro,1970,,,,MNE,,,0,0
Montenegro,1971,,,,MNE,,,0,0
Montenegro,1972,,,,MNE,,,0,0
Montenegro,1973,,,,MNE,,,0,0
Montenegro,1974,,,,MNE,,,0,0
Montenegro,1975,,,,MNE,,,0,0
Montenegro,1976,,,,MNE,,,0,0
Montenegro,1977,,,,MNE,,,0,0
Montenegro,1978,,,,MNE,,,0,0
Montenegro,1979,,,,MNE,,,0,0
Montenegro,1980,,,,MNE,,,0,0
Montenegro,1981,,,,MNE,,,0,0
Montenegro,1982,,,,MNE,,,0,0
Montenegro,1983,,,,MNE,,,0,0
Montenegro,1984,,,,MNE,,,0,0
Montenegro,1985,,,,MNE,,,0,0
Montenegro,1986,,,,MNE,,,0,0
Montenegro,1987,,,,MNE,,,0,0
Montenegro,1988,,,,MNE,,,0,0
Montenegro,1989,,,,MNE,,,0,0
Montenegro,1990,,,,MNE,,,0,0
Montenegro,1991,,,,MNE,,,0,0
Montenegro,1992,,,,MNE,,,0,0
Montenegro,1993,,,,MNE,,,0,0
Montenegro,1994,,,,MNE,,,0,0
Montenegro,1995,,,,MNE,,,0,0
Montenegro,1996,,,,MNE,,,0,0
Montenegro,1997,,,,MNE,2711170862.4031,0.0,0,0
Montenegro,1998,,,,MNE,2844018352.0146,0.0,0,0
Montenegro,1999,,,,MNE,2576680772.82447,0.0,0,0
Montenegro,2000,,,,MNE,2656557790.7931,0.0,0,0
Montenegro,2001,,,,MNE,2685775700.69989,0.0,0,0
Montenegro,2002,,,,MNE,2736911154.52922,0.0,0,0
Montenegro,2003,4.0,,,MNE,2804859323.26213,0.14260964772193596,0,0
Montenegro,2004,209.0,,,MNE,2929003840.60977,7.13553178395593,1,1
Montenegro,2005,4.0,,,MNE,3051453835.71426,0.13108505700410544,0,0
Montenegro,2006,4.0,,,MNE,3312854184.87227,0.12074180681617362,0,0
Montenegro,2007,209.0,,,MNE,3549310814.19746,5.888467112093627,1,1
Montenegro,2008,4.0,,,MNE,3794163580.97893,0.10542508024833136,0,0
Montenegro,2009,4.0,,,MNE,3566724394.35399,0.11214771756213827,0,0
Montenegro,2010,4.0,,,MNE,3665722319.08448,0.10911901262065607,0,0
Montenegro,2011,19.0,,,MNE,3790715683.41507,0.5012246126273134,0,0
Montenegro,2012,5.0,,,MNE,3696428119.37129,0.13526571702550594,0,0
Montenegro,2013,4.0,,,MNE,3821593813.9709,0.10466837122712744,0,0
Montenegro,2014,4.0,,,MNE,3912177393.20714,0.10224485236649415,0,0
Montenegro,2015,4.0,,,MNE,4010884106.80136,0.09972863571941898,0,0
Montenegro,2016,4.0,,,MNE,4148830669.34239,0.09641270803259896,0,0
Montenegro,2017,4.0,,,MNE,4282285485.12352,0.09340806477979649,0,0
Montenegro,2018,4.0,,,MNE,4484962679.88169,0.08918691827566148,0,0
Montenegro,2019,4.0,,,MNE,4682028157.33813,0.08543306160452732,0,0
Montenegro,2020,4.0,,,MNE,3980069528.1716,0.10050075687591206,0,0
Montenegro,2021,4.0,,,MNE,4499319776.55507,0.08890232743276191,0,0
Montenegro,2022,4.0,,,MNE,4847546740.62484,0.08251596558065179,0,0
Montenegro,2023,4.0,,,MNE,5161588407.08774,0.07749552433331024,0,0
Morocco,1960,,,,MAR,,,0,0
Morocco,1961,,,,MAR,,,0,0
Morocco,1962,,,,MAR,,,0,0
Morocco,1963,,,,MAR,,,0,0
Morocco,1964,,,,MAR,,,0,0
Morocco,1965,,,,MAR,,,0,0
Morocco,1966,,,,MAR,11518527478.3275,0.0,0,0
Morocco,1967,,,,MAR,12673702326.064,0.0,0,0
Morocco,1968,,,,MAR,13927351920.6705,0.0,0,0
Morocco,1969,,,,MAR,15091980118.0894,0.0,0,0
Morocco,1970,0.02,,,MAR,15803334620.7818,0.00012655556868168492,0,0
Morocco,1971,,,,MAR,16687830454.1668,0.0,0,0
Morocco,1972,0.13,,,MAR,17094552490.3422,0.0007604761813650592,0,0
Morocco,1973,0.15,,,MAR,17703000748.8839,0.0008473139787301702,0,0
Morocco,1974,0.35,,,MAR,18693669512.4496,0.0018722915785309418,0,0
Morocco,1975,0.24,,,MAR,20106578472.1074,0.0011936391879550118,0,0
Morocco,1976,0.99,0.78,,MAR,22280658838.1136,0.004443315645166167,0,0
Morocco,1977,0.23,,,MAR,23630681317.068,0.0009733109126814523,0,0
Morocco,1978,0.53,0.28,,MAR,24158274887.3154,0.002193865259304103,0,0
Morocco,1979,0.26,,,MAR,25316371177.7963,0.0010270034286273728,0,0
Morocco,1980,5.38,,,MAR,26238435140.8487,0.0205042715814415,0,0
Morocco,1981,51.47,49.04,,MAR,25780985097.3851,0.19964326345784386,0,0
Morocco,1982,27.38,22.1,,MAR,28090283843.6343,0.09747142518178839,0,0
Morocco,1983,1277.71,48.07,,MAR,28479775173.6037,4.486376708423729,1,0
Morocco,1984,1638.37,40.54,,MAR,30307717167.6808,5.405784905987926,1,1
Morocco,1985,1265.68,509.43,,MAR,32128499365.9112,3.939430801249636,1,0
Morocco,1986,1489.01,,,MAR,35107166524.2736,4.241327761300466,1,0
Morocco,1987,3879.15,0.15,,MAR,34993066802.2243,11.085481652478158,1,1
Morocco,1988,940.0,0.0,,MAR,39148576061.2285,2.401109042969627,1,0
Morocco,1989,1668.48,750.21,,MAR,40262823843.6365,4.143971636166552,1,0
Morocco,1990,6349.64,284.09,,MAR,41636515790.1878,15.250171344779954,1,1
Morocco,1991,3954.76,251.25,,MAR,44641043473.6915,8.859022308317403,1,1
Morocco,1992,1546.15,296.15,,MAR,43704591004.544,3.537729022196422,1,0
Morocco,1993,247.24,0.87,,MAR,43380918430.9002,0.5699279981677177,0,0
Morocco,1994,231.41,14.63,,MAR,47974090254.8843,0.482364540464506,0,0
Morocco,1995,230.32,2.54,,MAR,45380875814.1028,0.5075265645896251,0,0
Morocco,1996,277.51,2.73,,MAR,50995795428.8466,0.5441821186752622,0,0
Morocco,1997,315.9,0.09,,MAR,50199902853.4782,0.6292840863099644,0,0
Morocco,1998,333.36,6.12,,MAR,53833649265.2898,0.6192409479008508,0,0
Morocco,1999,552.37,7.18,,MAR,54747239388.7725,1.0089458503605926,1,0
Morocco,2000,774.36,4.29,,MAR,56160912155.7573,1.378823758866988,1,0
Morocco,2001,657.22,4.99,,MAR,60497559620.7789,1.0863578698375576,1,0
Morocco,2002,654.66,2.41,,MAR,62754238001.606,1.0432124121772397,1,0
Morocco,2003,19.37,0.31,,MAR,66626866131.8459,0.02907235643001622,0,0
Morocco,2004,22.58,,,MAR,69672633474.8662,0.03240870751375508,0,0
Morocco,2005,3.36,,,MAR,71896757928.9618,0.00467336789138653,0,0
Morocco,2006,3.62,,,MAR,77498104932.5221,0.0046710819614904754,0,0
Morocco,2007,1.82,0.28,,MAR,80164867241.3167,0.0022703212300237904,0,0
Morocco,2008,0.81,0.19,,MAR,84721870674.8237,0.0009560695408968382,0,0
Morocco,2009,,,,MAR,87895356582.8232,0.0,0,0
Morocco,2010,,,,MAR,90971304769.4422,0.0,0,0
Morocco,2011,0.0,,,MAR,95997146621.9656,0.0,0,0
Morocco,2012,,,,MAR,98936909179.3524,0.0,0,0
Morocco,2013,,,,MAR,103015299181.348,0.0,0,0
Morocco,2014,,,,MAR,105816536606.04,0.0,0,0
Morocco,2015,,,,MAR,110413823841.592,0.0,0,0
Morocco,2016,,,,MAR,110989284688.174,0.0,0,0
Morocco,2017,0.01,,,MAR,116603009678.139,8.576107964625566e-06,0,0
Morocco,2018,0.01,,,MAR,120177639735.159,8.321015475122877e-06,0,0
Morocco,2019,0.06,,,MAR,123651944968.713,4.8523296592853016e-05,0,0
Morocco,2020,20.8,,,MAR,114775951852.213,0.01812226312597464,0,0
Morocco,2021,11.72,,,MAR,124135631043.727,0.009441286036457662,0,0
Morocco,2022,0.15,,,MAR,126385828220.594,0.0001186841927705611,0,0
Morocco,2023,0.15,,,MAR,131006044306.041,0.00011449853386122213,0,0
Mozambique,1960,,,,MOZ,,,0,0
Mozambique,1961,,,,MOZ,,,0,0
Mozambique,1962,,,,MOZ,,,0,0
Mozambique,1963,,,,MOZ,,,0,0
Mozambique,1964,,,,MOZ,,,0,0
Mozambique,1965,,,,MOZ,,,0,0
Mozambique,1966,,,,MOZ,,,0,0
Mozambique,1967,,,,MOZ,,,0,0
Mozambique,1968,,,,MOZ,,,0,0
Mozambique,1969,,,,MOZ,,,0,0
Mozambique,1970,,,,MOZ,,,0,0
Mozambique,1971,,,,MOZ,,,0,0
Mozambique,1972,,,,MOZ,,,0,0
Mozambique,1973,,,,MOZ,,,0,0
Mozambique,1974,,,,MOZ,,,0,0
Mozambique,1975,,,,MOZ,,,0,0
Mozambique,1976,,,,MOZ,,,0,0
Mozambique,1977,,,,MOZ,,,0,0
Mozambique,1978,,,,MOZ,,,0,0
Mozambique,1979,,,,MOZ,,,0,0
Mozambique,1980,750.0,,,MOZ,2851825334.41874,26.298945834733782,1,1
Mozambique,1981,,,,MOZ,2994416685.38902,0.0,0,0
Mozambique,1982,,,,MOZ,2787801950.80273,0.0,0,0
Mozambique,1983,,,,MOZ,2350116987.73375,0.0,0,0
Mozambique,1984,143.27,1.27,,MOZ,2197359386.36591,6.520098664285692,1,1
Mozambique,1985,286.95,158.71,,MOZ,2219332908.17081,12.929560902897899,1,1
Mozambique,1986,591.94,334.89,,MOZ,2168288339.46096,27.29987470887554,1,1
Mozambique,1987,1098.14,346.14,,MOZ,2487026734.53926,44.154732426044404,1,1
Mozambique,1988,801.96,393.72,0.2,MOZ,2690962806.90192,29.801972659863292,1,1
Mozambique,1989,1018.16,197.91,0.41,MOZ,2865875511.88992,35.52701419778585,1,1
Mozambique,1990,3172.87,609.28,0.61,MOZ,2894534061.64812,109.61591511531215,1,1
Mozambique,1991,1183.69,258.15,1.02,MOZ,3037102925.87601,38.97431298475277,1,1
Mozambique,1992,1184.02,365.75,3.45,MOZ,2806992350.59937,42.181091079467286,1,1
Mozambique,1993,1491.07,103.64,4.79,MOZ,3114089525.00613,47.881410859473114,1,1
Mozambique,1994,1210.24,26.95,8.05,MOZ,3314642610.85013,36.511930307008306,1,1
Mozambique,1995,1831.68,19.29,10.37,MOZ,3385008953.52437,54.111526000334784,1,1
Mozambique,1996,2163.55,15.87,12.76,MOZ,3747066497.85064,57.73983464774476,1,1
Mozambique,1997,1672.55,7.48,9.45,MOZ,4189780379.08586,39.91975351139819,1,1
Mozambique,1998,2317.66,5.48,10.36,MOZ,4624228447.72781,50.11992867996866,1,1
Mozambique,1999,1876.25,4.7,11.55,MOZ,5170672900.3853,36.286379667532024,1,1
Mozambique,2000,1245.93,18.85,10.39,MOZ,5210292403.59676,23.91286138067629,1,1
Mozambique,2001,2835.84,0.84,35.0,MOZ,5879902615.65954,48.22937020159998,1,1
Mozambique,2002,852.54,,22.0,MOZ,6448401314.435,13.220951340164818,1,1
Mozambique,2003,911.64,,8.8,MOZ,6913827631.93056,13.185749609806821,1,1
Mozambique,2004,1011.58,,10.07,MOZ,7481086789.73586,13.521832167324938,1,1
Mozambique,2005,1028.45,,11.84,MOZ,7953294766.92377,12.931118865066168,1,1
Mozambique,2006,2838.03,,15.09,MOZ,8741520167.29262,32.46609223209035,1,1
Mozambique,2007,1058.8,0.15,30.0,MOZ,9410189984.44687,11.251632557365802,1,1
Mozambique,2008,884.8,,,MOZ,10057425620.5829,8.797479925570851,1,1
Mozambique,2009,918.66,2.02,,MOZ,10653727556.9369,8.622897432756654,1,1
Mozambique,2010,1569.16,,63.4,MOZ,11365367724.1329,13.806504444797593,1,1
Mozambique,2011,878.98,0.57,,MOZ,12176179697.5618,7.218848783711775,1,1
Mozambique,2012,480.87,5.56,13.33,MOZ,13149604768.3812,3.6569159945877074,1,0
Mozambique,2013,671.81,,,MOZ,14013719723.4859,4.793944885839974,1,0
Mozambique,2014,368.82,0.02,,MOZ,15093136077.3533,2.443627342321527,1,0
Mozambique,2015,820.63,0.03,,MOZ,16208985769.615,5.062809059517682,1,1
Mozambique,2016,1734.95,1.36,4.32,MOZ,16970320249.5828,10.223437003451082,1,1
Mozambique,2017,4742.35,62.28,2054.0,MOZ,17418032489.647,27.226668699916463,1,1
Mozambique,2018,5019.38,121.92,2000.0,MOZ,18025039081.8692,27.846707999922344,1,1
Mozambique,2019,3094.84,2.36,0.17,MOZ,18442825951.8799,16.780725513947274,1,1
Mozambique,2020,3433.14,2.57,102.63,MOZ,18217911539.7402,18.844860413944893,1,1
Mozambique,2021,4190.58,90.07,281.0,MOZ,18651030677.5113,22.468356159281004,1,1
Mozambique,2022,3890.27,,,MOZ,19465951656.6009,19.984997746980486,1,1
Mozambique,2023,3671.5,,,MOZ,20537327379.1707,17.87720442984074,1,1
Myanmar,1960,,,,MMR,2819978877.23355,0.0,0,0
Myanmar,1961,,,,MMR,2833276800.0935,0.0,0,0
Myanmar,1962,,,,MMR,2949069211.3481,0.0,0,0
Myanmar,1963,,,,MMR,3342749157.91689,0.0,0,0
Myanmar,1964,384.0,,,MMR,3145726892.78789,12.207035546549982,1,1
Myanmar,1965,,,,MMR,3482088443.98083,0.0,0,0
Myanmar,1966,,,,MMR,3313145218.39439,0.0,0,0
Myanmar,1967,,,,MMR,3116832787.04718,0.0,0,0
Myanmar,1968,,,,MMR,3492702255.79267,0.0,0,0
Myanmar,1969,,,,MMR,3607672972.16754,0.0,0,0
Myanmar,1970,,,,MMR,3787310936.31627,0.0,0,0
Myanmar,1971,,,,MMR,3943725455.64312,0.0,0,0
Myanmar,1972,,,,MMR,4039788351.92398,0.0,0,0
Myanmar,1973,,,,MMR,4000678162.32036,0.0,0,0
Myanmar,1974,,,,MMR,4214409419.87952,0.0,0,0
Myanmar,1975,,,,MMR,4389421587.10075,0.0,0,0
Myanmar,1976,0.03,,,MMR,4656315811.771,0.0006442861956261874,0,0
Myanmar,1977,0.06,,,MMR,4933473074.38092,0.0012161817667876728,0,0
Myanmar,1978,0.1,,,MMR,5255027822.25503,0.0019029394968471957,0,0
Myanmar,1979,0.13,,,MMR,5528356400.98051,0.002351512648080055,0,0
Myanmar,1980,0.16,,,MMR,5967227079.11638,0.0026813124065607472,0,0
Myanmar,1981,0.2,,,MMR,6346489388.2095,0.0031513485293390665,0,0
Myanmar,1982,0.23,,,MMR,6702138810.88653,0.003431740321856697,0,0
Myanmar,1983,0.23,,,MMR,6996435937.60731,0.0032873880651676057,0,0
Myanmar,1984,381.23,,,MMR,7341551093.93539,5.192771869624681,1,1
Myanmar,1985,3.94,,,MMR,7550858733.14669,0.05217949559437821,0,0
Myanmar,1986,57.91,,44.24,MMR,7471019822.19073,0.7751284480332035,0,0
Myanmar,1987,1448.79,40.04,,MMR,7171758277.44955,20.201322241374044,1,1
Myanmar,1988,257.87,78.8,,MMR,6357588759.57883,4.056097519857246,1,0
Myanmar,1989,332.65,57.31,,MMR,6592520573.15596,5.045869729318938,1,1
Myanmar,1990,579.91,117.06,,MMR,6778227478.72962,8.555481529939552,1,1
Myanmar,1991,884.74,175.31,6.24,MMR,6734127184.6481,13.138153998887283,1,1
Myanmar,1992,1129.17,224.17,10.25,MMR,7384707336.70028,15.290653353157103,1,1
Myanmar,1993,1398.91,258.18,10.06,MMR,7830700106.7998,17.864430777846472,1,1
Myanmar,1994,1811.41,320.43,10.18,MMR,8416276599.95319,21.522700430378855,1,1
Myanmar,1995,1710.59,325.78,11.18,MMR,9001043827.20066,19.00435141567349,1,1
Myanmar,1996,1656.81,309.37,23.94,MMR,9580955459.25851,17.29274295288524,1,1
Myanmar,1997,1740.89,295.35,25.64,MMR,10122431105.6912,17.19833883602535,1,1
Myanmar,1998,1989.34,298.18,35.64,MMR,10716234490.6459,18.5637968424121,1,1
Myanmar,1999,2372.5,293.45,57.73,MMR,11889140284.792,19.955185515262063,1,1
Myanmar,2000,2451.91,326.94,37.28,MMR,13523413252.0595,18.13085168884117,1,1
Myanmar,2001,2488.87,370.65,52.34,MMR,15057508855.1318,16.529095376568613,1,1
Myanmar,2002,3094.95,452.14,54.41,MMR,16868251605.3361,18.34778181172579,1,1
Myanmar,2003,3740.97,530.91,56.47,MMR,19203491833.0403,19.480675871476283,1,1
Myanmar,2004,4167.65,586.3,58.54,MMR,21808380518.714,19.110314020904465,1,1
Myanmar,2005,4020.28,567.92,61.02,MMR,24767548771.8286,16.232046364526774,1,1
Myanmar,2006,4343.45,603.07,63.52,MMR,28006178558.385,15.508899191459232,1,1
Myanmar,2007,4800.29,634.64,66.41,MMR,31364521323.4726,15.304840620690602,1,1
Myanmar,2008,8885.14,635.8,69.53,MMR,34581048770.2412,25.693668399224855,1,1
Myanmar,2009,9233.08,648.26,70.28,MMR,38229352561.0607,24.151808444186276,1,1
Myanmar,2010,10166.22,652.28,217.19,MMR,41912536386.4647,24.255797612103226,1,1
Myanmar,2011,10596.04,653.65,73.51,MMR,44256068472.7859,23.942569608314294,1,1
Myanmar,2012,10975.02,642.44,73.59,MMR,47501220126.7123,23.104711775241746,1,1
Myanmar,2013,2591.75,222.12,74.87,MMR,51503673421.485,5.032165334674632,1,1
Myanmar,2014,668.78,218.9,86.2,MMR,55711475876.2459,1.2004349004962414,1,0
Myanmar,2015,647.69,225.5,96.16,MMR,59607290407.6191,1.0865952731131212,1,0
Myanmar,2016,664.82,231.88,119.49,MMR,63101751663.2419,1.0535682171676888,1,0
Myanmar,2017,660.93,228.91,123.27,MMR,66973743448.908,0.9868494218248397,0,0
Myanmar,2018,799.7,241.34,216.06,MMR,71172235145.7539,1.123612316463423,1,0
Myanmar,2019,633.43,227.79,105.4,MMR,75854734833.6027,0.8350566400232123,0,0
Myanmar,2020,920.51,308.94,130.36,MMR,68991135073.5064,1.3342438836804837,1,0
Myanmar,2021,720.67,263.74,114.35,MMR,60700903302.881,1.1872475709365522,1,0
Myanmar,2022,596.23,212.33,108.45,MMR,63151698289.3327,0.9441234616816513,0,0
Myanmar,2023,1175.45,375.0,140.0,MMR,63756973610.2966,1.8436414613791636,1,0
Namibia,1960,,,,NAM,,,0,0
Namibia,1961,,,,NAM,,,0,0
Namibia,1962,,,,NAM,,,0,0
Namibia,1963,,,,NAM,,,0,0
Namibia,1964,,,,NAM,,,0,0
Namibia,1965,,,,NAM,,,0,0
Namibia,1966,,,,NAM,,,0,0
Namibia,1967,,,,NAM,,,0,0
Namibia,1968,,,,NAM,,,0,0
Namibia,1969,,,,NAM,,,0,0
Namibia,1970,,,,NAM,,,0,0
Namibia,1971,,,,NAM,,,0,0
Namibia,1972,,,,NAM,,,0,0
Namibia,1973,,,,NAM,,,0,0
Namibia,1974,,,,NAM,,,0,0
Namibia,1975,,,,NAM,,,0,0
Namibia,1976,,,,NAM,,,0,0
Namibia,1977,,,,NAM,,,0,0
Namibia,1978,,,,NAM,,,0,0
Namibia,1979,,,,NAM,,,0,0
Namibia,1980,,,,NAM,3477739161.30949,0.0,0,0
Namibia,1981,,,,NAM,3511523641.00858,0.0,0,0
Namibia,1982,,,,NAM,3497544590.4164,0.0,0,0
Namibia,1983,,,,NAM,3433768600.46996,0.0,0,0
Namibia,1984,,,,NAM,3425634293.66579,0.0,0,0
Namibia,1985,,,,NAM,3441535103.59146,0.0,0,0
Namibia,1986,,,,NAM,3605602362.64102,0.0,0,0
Namibia,1987,,,,NAM,3733737146.75807,0.0,0,0
Namibia,1988,,,,NAM,3764097990.89465,0.0,0,0
Namibia,1989,,,,NAM,3834060337.80812,0.0,0,0
Namibia,1990,,,,NAM,3912561187.29612,0.0,0,0
Namibia,1991,,,,NAM,4232045772.77894,0.0,0,0
Namibia,1992,,,,NAM,4536302039.10592,0.0,0,0
Namibia,1993,,,,NAM,4464649372.02005,0.0,0,0
Namibia,1994,,,,NAM,4541882425.73877,0.0,0,0
Namibia,1995,,,,NAM,4718971067.42416,0.0,0,0
Namibia,1996,,,,NAM,4869568737.86144,0.0,0,0
Namibia,1997,6.32,,,NAM,5075069422.96386,0.12453031620420862,0,0
Namibia,1998,,,,NAM,5242119678.32805,0.0,0,0
Namibia,1999,,,,NAM,5418741285.63406,0.0,0,0
Namibia,2000,,,,NAM,5607973667.33031,0.0,0,0
Namibia,2001,,,,NAM,5674032719.94258,0.0,0,0
Namibia,2002,,,,NAM,5945742924.34569,0.0,0,0
Namibia,2003,,,,NAM,6197830193.6963,0.0,0,0
Namibia,2004,,,,NAM,6958275950.69608,0.0,0,0
Namibia,2005,,,,NAM,7134269025.97086,0.0,0,0
Namibia,2006,,,,NAM,7638888381.86825,0.0,0,0
Namibia,2007,,,,NAM,8049405616.20712,0.0,0,0
Namibia,2008,,,,NAM,8262699735.19694,0.0,0,0
Namibia,2009,,,,NAM,8287154923.12437,0.0,0,0
Namibia,2010,,,,NAM,8787636883.68937,0.0,0,0
Namibia,2011,,,,NAM,9235045191.83414,0.0,0,0
Namibia,2012,,,,NAM,9702493818.43111,0.0,0,0
Namibia,2013,,,,NAM,10247261642.7308,0.0,0,0
Namibia,2014,,,,NAM,10871578021.6669,0.0,0,0
Namibia,2015,,,,NAM,11335161083.5061,0.0,0,0
Namibia,2016,,,,NAM,11338991738.8743,0.0,0,0
Namibia,2017,,,,NAM,11222512162.9739,0.0,0,0
Namibia,2018,,,,NAM,11341464002.1253,0.0,0,0
Namibia,2019,,,,NAM,11246291861.588,0.0,0,0
Namibia,2020,,,,NAM,10335184546.1643,0.0,0,0
Namibia,2021,,,,NAM,10707646943.9364,0.0,0,0
Namibia,2022,,,,NAM,11285723332.8927,0.0,0,0
Namibia,2023,,,,NAM,11773828665.0454,0.0,0,0
Nauru,1960,,,,NRU,,,0,0
Nauru,1961,,,,NRU,,,0,0
Nauru,1962,,,,NRU,,,0,0
Nauru,1963,,,,NRU,,,0,0
Nauru,1964,,,,NRU,,,0,0
Nauru,1965,,,,NRU,,,0,0
Nauru,1966,,,,NRU,,,0,0
Nauru,1967,,,,NRU,,,0,0
Nauru,1968,,,,NRU,,,0,0
Nauru,1969,,,,NRU,,,0,0
Nauru,1970,,,,NRU,265130983.762139,0.0,0,0
Nauru,1971,,,,NRU,272815506.001545,0.0,0,0
Nauru,1972,,,,NRU,280722756.597865,0.0,0,0
Nauru,1973,,,,NRU,288859190.57555,0.0,0,0
Nauru,1974,,,,NRU,297231448.398974,0.0,0,0
Nauru,1975,,,,NRU,305846367.763416,0.0,0,0
Nauru,1976,,,,NRU,297231448.398974,0.0,0,0
Nauru,1977,,,,NRU,288859190.57555,0.0,0,0
Nauru,1978,,,,NRU,280722756.597865,0.0,0,0
Nauru,1979,,,,NRU,272815506.001545,0.0,0,0
Nauru,1980,,,,NRU,265130983.762139,0.0,0,0
Nauru,1981,,,,NRU,257662913.863681,0.0,0,0
Nauru,1982,,,,NRU,250405201.442499,0.0,0,0
Nauru,1983,,,,NRU,243351919.924339,0.0,0,0
Nauru,1984,,,,NRU,236497311.02435,0.0,0,0
Nauru,1985,,,,NRU,229835780.459472,0.0,0,0
Nauru,1986,,,,NRU,223361887.229355,0.0,0,0
Nauru,1987,,,,NRU,217070346.832083,0.0,0,0
Nauru,1988,,,,NRU,210956024.832731,0.0,0,0
Nauru,1989,,,,NRU,205013926.144296,0.0,0,0
Nauru,1990,,,,NRU,199239202.531043,0.0,0,0
Nauru,1991,,,,NRU,161396098.985432,0.0,0,0
Nauru,1992,,,,NRU,135152666.22375,0.0,0,0
Nauru,1993,,,,NRU,113369618.391946,0.0,0,0
Nauru,1994,15.02,,,NRU,108986614.557434,13.781508913725116,1,1
Nauru,1995,75.83,,,NRU,100351115.302983,75.56468084191378,1,1
Nauru,1996,69.76,,,NRU,88449902.8357614,78.86950438999823,1,1
Nauru,1997,66.51,,,NRU,80530467.448872,82.58985959845143,1,1
Nauru,1998,65.0,,,NRU,71037539.4601017,91.50091697152224,1,1
Nauru,1999,78.93,,,NRU,66371651.8998459,118.92125288535007,1,1
Nauru,2000,87.57,,,NRU,61821104.5195479,141.6506558408549,1,1
Nauru,2001,83.92,,,NRU,57641293.4319715,145.59007094287838,1,1
Nauru,2002,85.38,,,NRU,51893687.4550086,164.52868197894733,1,1
Nauru,2003,109.14,,,NRU,52041366.0031789,209.71778487392757,1,1
Nauru,2004,293.3,,,NRU,49795903.1503652,589.004278352664,1,1
Nauru,2005,109.79,,,NRU,49795903.1503652,220.47998540858836,1,1
Nauru,2006,108.22,,,NRU,54004007.6419454,200.39253515686224,1,1
Nauru,2007,111.0,,,NRU,42081044.9158016,263.7767199509798,1,1
Nauru,2008,127.15,,,NRU,50497253.8989619,251.79587043368684,1,1
Nauru,2009,145.26,,,NRU,47691850.9045751,304.5803365666086,1,1
Nauru,2010,160.31,,,NRU,47691850.9045751,336.13709042401916,1,1
Nauru,2011,182.38,,,NRU,54705358.390542,333.38598880568094,1,1
Nauru,2012,187.9,,,NRU,68031022.6138793,276.19752398322134,1,1
Nauru,2013,158.42,,,NRU,70836425.608266,223.64200146981128,1,1
Nauru,2014,150.6,,,NRU,82058037.5858134,183.528639522372,1,1
Nauru,2015,135.38,,,NRU,84863440.5801997,159.52688115686274,1,1
Nauru,2016,155.08,,,NRU,88370194.3231835,175.4890335907245,1,1
Nauru,2017,154.45,,,NRU,82759388.3344102,186.62535225116187,1,1
Nauru,2018,161.11,,,NRU,82058037.5858134,196.33664749966368,1,1
Nauru,2019,168.0,,,NRU,89071545.0717802,188.61242371468197,1,1
Nauru,2020,181.0,,,NRU,90474246.568973,200.05692986016163,1,1
Nauru,2021,167.7,,,NRU,97487754.0549406,172.02160581675756,1,1
Nauru,2022,1.2,,,NRU,97487754.0549406,1.2309238341091775,1,0
Nauru,2023,1.2,,,NRU,96786403.3063439,1.239843572037505,1,0
Nepal,1960,,,,NPL,3312007761.75636,0.0,0,0
Nepal,1961,,,,NPL,3375209678.85925,0.0,0,0
Nepal,1962,,,,NPL,3439686985.43509,0.0,0,0
Nepal,1963,,,,NPL,3504872894.04063,0.0,0,0
Nepal,1964,,,,NPL,3768875641.6126,0.0,0,0
Nepal,1965,,,,NPL,3723528943.78579,0.0,0,0
Nepal,1966,,,,NPL,3985689329.11524,0.0,0,0
Nepal,1967,,,,NPL,3923054320.96154,0.0,0,0
Nepal,1968,,,,NPL,3949553904.15476,0.0,0,0
Nepal,1969,,,,NPL,4125839146.34731,0.0,0,0
Nepal,1970,,,,NPL,4232120437.9241,0.0,0,0
Nepal,1971,,,,NPL,4181530376.86702,0.0,0,0
Nepal,1972,,,,NPL,4311902146.17686,0.0,0,0
Nepal,1973,,,,NPL,4291354368.62072,0.0,0,0
Nepal,1974,,,,NPL,4563151175.75162,0.0,0,0
Nepal,1975,,,,NPL,4629612136.04912,0.0,0,0
Nepal,1976,,,,NPL,4833247300.78379,0.0,0,0
Nepal,1977,,,,NPL,4979065088.23782,0.0,0,0
Nepal,1978,,,,NPL,5198429819.63444,0.0,0,0
Nepal,1979,,,,NPL,5321574269.33285,0.0,0,0
Nepal,1980,,,,NPL,5198145984.11468,0.0,0,0
Nepal,1981,,,,NPL,5631773977.62426,0.0,0,0
Nepal,1982,,,,NPL,5844619815.88407,0.0,0,0
Nepal,1983,,,,NPL,5670601763.15115,0.0,0,0
Nepal,1984,,,,NPL,6219580092.51561,0.0,0,0
Nepal,1985,,,,NPL,6601767395.36014,0.0,0,0
Nepal,1986,1.84,,,NPL,6903181024.46915,0.026654378517351644,0,0
Nepal,1987,4.58,0.2,,NPL,7020232622.83629,0.06524000337398513,0,0
Nepal,1988,5.64,,,NPL,7560566498.87752,0.07459758472909858,0,0
Nepal,1989,7.97,,,NPL,7887912410.008,0.10104067572920623,0,0
Nepal,1990,10.43,,,NPL,8253520017.23047,0.12637032415533977,0,0
Nepal,1991,19.86,0.19,,NPL,8779116585.00696,0.22621866115683045,0,0
Nepal,1992,14.1,0.53,,NPL,9139622809.39563,0.1542733249943865,0,0
Nepal,1993,9.58,1.55,,NPL,9491484580.52648,0.10093257718244758,0,0
Nepal,1994,7.83,3.07,0.23,NPL,10271305209.265,0.07623179177790497,0,0
Nepal,1995,10.47,4.9,0.46,NPL,10627560489.2414,0.09851743502753145,0,0
Nepal,1996,12.18,5.71,0.46,NPL,11193827112.9875,0.10880997068346987,0,0
Nepal,1997,10.45,4.55,0.46,NPL,11758960072.8988,0.08886840277725241,0,0
Nepal,1998,10.59,3.82,0.46,NPL,12113656106.9535,0.08742199635270405,0,0
Nepal,1999,3.33,0.38,0.46,NPL,12648180059.6101,0.026327898435236637,0,0
Nepal,2000,0.42,0.12,,NPL,13432367221.0195,0.0031267757431673497,0,0
Nepal,2001,0.68,0.08,,NPL,14077106359.8202,0.004830538198822598,0,0
Nepal,2002,0.9,,,NPL,14094019042.6825,0.006385687413039736,0,0
Nepal,2003,1.2,,,NPL,14650033415.89,0.008191107596371984,0,0
Nepal,2004,1.7,,,NPL,15336036356.9726,0.01108500241150698,0,0
Nepal,2005,,,,NPL,15869604827.464,0.0,0,0
Nepal,2006,,,,NPL,16403555897.1058,0.0,0,0
Nepal,2007,,,,NPL,16963173094.5667,0.0,0,0
Nepal,2008,,,,NPL,17998713599.3171,0.0,0,0
Nepal,2009,,,,NPL,18814609456.1982,0.0,0,0
Nepal,2010,0.37,,,NPL,19720799061.8121,0.001876191724484827,0,0
Nepal,2011,,,,NPL,20395607080.0478,0.0,0,0
Nepal,2012,4.66,,,NPL,21348110877.0432,0.021828629366035166,0,0
Nepal,2013,,,,NPL,22100664484.6361,0.0,0,0
Nepal,2014,,,,NPL,23429242138.2095,0.0,0,0
Nepal,2015,,,,NPL,24360801286.7638,0.0,0,0
Nepal,2016,,,,NPL,24466311259.2881,0.0,0,0
Nepal,2017,114.7,,114.7,NPL,26662720369.2492,0.4301886619652151,0,0
Nepal,2018,,,,NPL,28695053195.3456,0.0,0,0
Nepal,2019,,,,NPL,30605298792.5448,0.0,0,0
Nepal,2020,2.03,,,NPL,29880069318.7261,0.006793826273782374,0,0
Nepal,2021,16.13,,1.16,NPL,31325711777.1674,0.05149124819489908,0,0
Nepal,2022,4.26,,,NPL,33089761144.5103,0.012874072984073951,0,0
Nepal,2023,4.0,,,NPL,33745781686.0998,0.011853333365359965,0,0
Nicaragua,1960,,,,NIC,2980615373.71111,0.0,0,0
Nicaragua,1961,,,,NIC,3204094266.12794,0.0,0,0
Nicaragua,1962,,,,NIC,3553045710.92612,0.0,0,0
Nicaragua,1963,,,,NIC,3939101155.23994,0.0,0,0
Nicaragua,1964,,,,NIC,4399916077.86226,0.0,0,0
Nicaragua,1965,,,,NIC,4819014940.50278,0.0,0,0
Nicaragua,1966,,,,NIC,4978097196.75715,0.0,0,0
Nicaragua,1967,,,,NIC,5325046369.09554,0.0,0,0
Nicaragua,1968,,,,NIC,5396559614.61793,0.0,0,0
Nicaragua,1969,,,,NIC,5733181024.61445,0.0,0,0
Nicaragua,1970,,,,NIC,5810798353.78582,0.0,0,0
Nicaragua,1971,,,,NIC,6002831090.09635,0.0,0,0
Nicaragua,1972,,,,NIC,6136137334.27084,0.0,0,0
Nicaragua,1973,0.13,,,NIC,6529894124.45404,0.0019908439175630468,0,0
Nicaragua,1974,,,,NIC,7456644456.86985,0.0,0,0
Nicaragua,1975,1.16,1.04,,NIC,7445217380.81752,0.015580471874316536,0,0
Nicaragua,1976,4.88,4.72,,NIC,7833072592.58392,0.06229994605973924,0,0
Nicaragua,1977,11.85,11.34,,NIC,8488581747.41852,0.13959929176159172,0,0
Nicaragua,1978,93.01,51.15,,NIC,7823178769.93958,1.1889029093568615,1,0
Nicaragua,1979,429.05,167.72,,NIC,5751695780.71855,7.459539175182167,1,1
Nicaragua,1980,626.51,26.93,,NIC,6016948591.65853,10.412420688927755,1,1
Nicaragua,1981,204.39,7.64,,NIC,6339655005.17507,3.2239924701447653,1,0
Nicaragua,1982,111.73,8.29,,NIC,6287900475.9331,1.7769047145012218,1,0
Nicaragua,1983,322.65,63.03,,NIC,6577974631.78335,4.905005234301528,1,0
Nicaragua,1984,500.15,13.05,,NIC,6474957371.46333,7.724375178194677,1,1
Nicaragua,1985,714.63,26.96,,NIC,6210659227.69296,11.506507985714421,1,1
Nicaragua,1986,1070.86,311.62,,NIC,6147477622.39866,17.41950220523398,1,1
Nicaragua,1987,1758.35,665.84,,NIC,6104054733.3848,28.806262014380163,1,1
Nicaragua,1988,3945.04,1008.42,,NIC,5344110782.05487,73.82032597915361,1,1
Nicaragua,1989,3849.02,1246.93,,NIC,5251218575.72005,73.2976535731465,1,1
Nicaragua,1990,4200.45,1598.82,,NIC,5248461700.60458,80.03202156388303,1,1
Nicaragua,1991,5117.89,1765.89,,NIC,5238527333.8895,97.69711359318366,1,1
Nicaragua,1992,4741.04,1791.97,0.71,NIC,5258766205.00338,90.15498721904015,1,1
Nicaragua,1993,5243.02,1767.29,1.43,NIC,5238102616.97418,100.0938771800668,1,1
Nicaragua,1994,6471.9,1801.89,,NIC,5412936135.83752,119.56357580410713,1,1
Nicaragua,1995,8193.28,431.28,,NIC,5732943936.85449,142.91575306238613,1,1
Nicaragua,1996,4255.55,335.33,0.98,NIC,6096657285.16644,69.80136492753213,1,1
Nicaragua,1997,2460.16,91.7,1.44,NIC,6338490397.92159,38.81302716505958,1,1
Nicaragua,1998,2907.14,96.86,2.51,NIC,6573754971.11657,44.22343109491065,1,1
Nicaragua,1999,3287.82,103.7,2.53,NIC,7036282429.22732,46.72666330650755,1,1
Nicaragua,2000,2830.87,101.88,3.34,NIC,7324881903.35865,38.64731250755008,1,1
Nicaragua,2001,2516.04,92.17,4.12,NIC,7541760192.38638,33.36144263165532,1,1
Nicaragua,2002,2659.58,84.61,10.96,NIC,7598620454.41747,35.0008270047736,1,1
Nicaragua,2003,2558.7,84.79,12.62,NIC,7790161379.81727,32.84527592238427,1,1
Nicaragua,2004,2799.96,83.39,14.29,NIC,8203988039.95305,34.12925502041595,1,1
Nicaragua,2005,2269.53,83.39,14.51,NIC,8555315487.40164,26.527718391473204,1,1
Nicaragua,2006,3431.65,85.19,17.09,NIC,8910613085.37027,38.511940392005044,1,1
Nicaragua,2007,3504.79,1.95,17.6,NIC,9362947172.55444,37.43255126199551,1,1
Nicaragua,2008,3002.63,,18.13,NIC,9684631534.27819,31.004070618199215,1,1
Nicaragua,2009,979.01,,18.14,NIC,9365749046.00831,10.453088110632805,1,1
Nicaragua,2010,983.28,,18.4,NIC,9778787862.00226,10.055233980693677,1,1
Nicaragua,2011,994.45,,18.84,NIC,10396483140.3717,9.565253812977817,1,1
Nicaragua,2012,1021.78,,18.86,NIC,11071852873.3639,9.228626966839004,1,1
Nicaragua,2013,1132.61,,19.14,NIC,11617373486.8649,9.749277676925661,1,1
Nicaragua,2014,1038.54,,19.11,NIC,12173318263.9174,8.531281097597752,1,1
Nicaragua,2015,1170.58,,18.58,NIC,12756696261.0676,9.176200295467684,1,1
Nicaragua,2016,1062.68,,18.0,NIC,13338803114.2245,7.966831738199645,1,1
Nicaragua,2017,1114.15,37.94,18.55,NIC,13956550774.5717,7.982989622550141,1,1
Nicaragua,2018,1113.2,,18.11,NIC,13487142194.6088,8.253787080594273,1,1
Nicaragua,2019,1138.04,,17.95,NIC,13096437236.4148,8.689691550887337,1,1
Nicaragua,2020,1153.91,,18.52,NIC,12803529948.2066,9.012436450477699,1,1
Nicaragua,2021,1161.17,,18.74,NIC,14142060746.7673,8.210755283775946,1,1
Nicaragua,2022,1172.52,,17.95,NIC,14644142761.6099,8.006750679007308,1,1
Nicaragua,2023,1168.0,,19.0,NIC,15292555226.1826,7.637703331620151,1,1
Niger,1960,,,,NER,2602180352.66278,0.0,0,0
Niger,1961,,,,NER,2720485699.01606,0.0,0,0
Niger,1962,,,,NER,3000116629.79646,0.0,0,0
Niger,1963,,,,NER,3282974505.52137,0.0,0,0
Niger,1964,,,,NER,3287276511.73776,0.0,0,0
Niger,1965,,,,NER,3514748216.63627,0.0,0,0
Niger,1966,,,,NER,3501304403.14799,0.0,0,0
Niger,1967,,,,NER,3505606409.36438,0.0,0,0
Niger,1968,,,,NER,3519050222.85266,0.0,0,0
Niger,1969,,,,NER,3325997034.48358,0.0,0,0
Niger,1970,,,,NER,3427632150.81039,0.0,0,0
Niger,1971,0.12,,,NER,3622298371.03122,0.0033128137913674294,0,0
Niger,1972,0.26,,,NER,3435160573.56497,0.007568787380735888,0,0
Niger,1973,0.38,,,NER,2849548703.9568,0.013335444994231654,0,0
Niger,1974,0.53,,,NER,3099603386.06155,0.01709896183438598,0,0
Niger,1975,0.77,0.17,,NER,3013025467.74032,0.025555708315252883,0,0
Niger,1976,0.85,0.52,,NER,3033459908.97494,0.02802080876312719,0,0
Niger,1977,0.24,,,NER,3268995364.33056,0.007341705118910388,0,0
Niger,1978,0.79,,,NER,3709414436.8571,0.021297161949618885,0,0
Niger,1979,1.33,0.25,,NER,3974526140.88837,0.03346310862866092,0,0
Niger,1980,1.57,0.05,,NER,3876950088.1899,0.040495749604375575,0,0
Niger,1981,2.57,0.63,,NER,3870062063.28482,0.06640720375989637,0,0
Niger,1982,1.17,0.58,,NER,3954215023.32994,0.029588679247258408,0,0
Niger,1983,35.12,2.73,,NER,3801438868.18018,0.9238607069015581,0,0
Niger,1984,62.3,,,NER,3162043118.60555,1.9702451125168112,1,0
Niger,1985,40.47,5.51,,NER,3406093636.53018,1.1881646342884211,1,0
Niger,1986,78.03,0.03,,NER,3622453380.98841,2.1540649883728524,1,0
Niger,1987,115.84,0.12,,NER,3625651332.08849,3.1950121340893665,1,0
Niger,1988,187.12,0.04,,NER,3874775278.55005,4.829183282856619,1,0
Niger,1989,446.41,36.03,,NER,3911858659.29872,11.411710874033165,1,1
Niger,1990,317.41,57.08,,NER,3860672838.20896,8.221623880133096,1,1
Niger,1991,243.82,0.48,,NER,3843705601.8807,6.343357823260462,1,1
Niger,1992,133.58,0.62,0.96,NER,3920608632.47669,3.407124059603371,1,0
Niger,1993,200.02,1.06,0.83,NER,3933219484.77413,5.085401431938813,1,1
Niger,1994,290.1,1.1,1.05,NER,4006172005.58166,7.241326622916184,1,1
Niger,1995,131.94,,1.11,NER,4104613431.71867,3.214431814222138,1,0
Niger,1996,171.0,,1.34,NER,4108739820.30038,4.161860022265868,1,0
Niger,1997,117.08,,2.02,NER,4171499823.06338,2.806664388493758,1,0
Niger,1998,119.55,,2.82,NER,4587507438.32542,2.605990324969138,1,0
Niger,1999,151.14,,5.26,NER,4577434991.48422,3.301849185868903,1,0
Niger,2000,162.83,0.03,4.46,NER,4522117708.50312,3.600746608028893,1,0
Niger,2001,229.55,0.31,11.92,NER,4850791323.99035,4.73221758406148,1,0
Niger,2002,190.05,,,NER,5089376067.96136,3.734249492710958,1,0
Niger,2003,81.39,,0.97,NER,5199846593.3602,1.5652384842262212,1,0
Niger,2004,585.23,0.12,0.95,NER,5218763717.35798,11.213958548333647,1,1
Niger,2005,113.03,0.07,9.87,NER,5601396628.31908,2.017889599685768,1,0
Niger,2006,1407.4,0.11,8.67,NER,5933618261.55882,23.719085690393946,1,1
Niger,2007,90.25,0.15,9.33,NER,6120095511.70958,1.4746501885031802,1,0
Niger,2008,113.89,0.23,15.49,NER,6593265446.85522,1.7273686448392875,1,0
Niger,2009,74.25,0.23,12.42,NER,6722664934.31258,1.1044727161847219,1,0
Niger,2010,91.33,0.66,13.98,NER,7299346341.92573,1.2512079263237852,1,0
Niger,2011,96.38,,14.72,NER,7471447186.58798,1.2899776655453319,1,0
Niger,2012,98.5,,15.42,NER,8259606009.352,1.1925508297668515,1,0
Niger,2013,102.37,,15.76,NER,8698614858.59842,1.1768540355457762,1,0
Niger,2014,108.45,,15.76,NER,9276388744.59484,1.1690971884203494,1,0
Niger,2015,233.81,,,NER,9683867926.44282,2.4144278069051026,1,0
Niger,2016,53.56,,0.18,NER,10098470683.508,0.5303773381000138,0,0
Niger,2017,885.32,,800.0,NER,10657116598.5285,8.307312693963038,1,1
Niger,2018,283.32,,161.0,NER,11391880476.6275,2.487034520606867,1,0
Niger,2019,162.63,,13.03,NER,12084371848.8128,1.345787783052846,1,0
Niger,2020,73.97,,5.06,NER,12622708625.7688,0.5860073474958689,0,0
Niger,2021,81.0,,10.75,NER,12763477152.9842,0.6346233007598684,0,0
Niger,2022,57.96,,,NER,14323371862.6454,0.4046533215489338,0,0
Niger,2023,572.0,,,NER,14700817032.8862,3.890940202305883,1,0
Nigeria,1960,,,,NGA,65552393151.3156,0.0,0,0
Nigeria,1961,,,,NGA,65678119684.6865,0.0,0,0
Nigeria,1962,,,,NGA,68372888067.7336,0.0,0,0
Nigeria,1963,,,,NGA,74238337576.4471,0.0,0,0
Nigeria,1964,,,,NGA,77913498064.0268,0.0,0,0
Nigeria,1965,,,,NGA,81719554395.1141,0.0,0,0
Nigeria,1966,,,,NGA,78246053144.3214,0.0,0,0
Nigeria,1967,290.0,,,NGA,65927285449.685,0.43987856927815555,0,0
Nigeria,1968,,,,NGA,65104275426.988,0.0,0,0
Nigeria,1969,,,,NGA,80857806917.1098,0.0,0,0
Nigeria,1970,114.16,1.6,,NGA,101078114311.67,0.11294235233553385,0,0
Nigeria,1971,0.25,,,NGA,115469142733.257,0.0002165080592808419,0,0
Nigeria,1972,9.73,7.6,,NGA,119353827264.414,0.008152231246380025,0,0
Nigeria,1973,7.5,6.17,,NGA,125790293297.222,0.00596230424733864,0,0
Nigeria,1974,6.1,5.75,,NGA,139829338541.938,0.00436246074222147,0,0
Nigeria,1975,4.03,3.96,,NGA,132519413714.691,0.003041063861538378,0,0
Nigeria,1976,2.64,2.64,,NGA,144502285208.406,0.0018269607267404138,0,0
Nigeria,1977,0.32,0.07,,NGA,153207273164.642,0.00020886736862427973,0,0
Nigeria,1978,0.47,,,NGA,144376163268.452,0.0003255385025892989,0,0
Nigeria,1979,0.03,,,NGA,154135170311.463,1.946343585268605e-05,0,0
Nigeria,1980,0.3,,,NGA,160616293802.862,0.00018678055189607067,0,0
Nigeria,1981,4.54,2.87,,NGA,139530778712.904,0.003253762389831868,0,0
Nigeria,1982,1747.21,18.58,,NGA,130037957319.982,1.3436153843148064,1,0
Nigeria,1983,1953.21,16.74,,NGA,115832500285.95,1.6862365874674263,1,0
Nigeria,1984,7051.84,75.36,,NGA,114540246019.734,6.156648204496651,1,1
Nigeria,1985,1190.5,227.26,,NGA,121313042218.617,0.9813454334568678,0,0
Nigeria,1986,10987.0,,,NGA,121386976784.846,9.051218088637349,1,1
Nigeria,1987,11725.44,,,NGA,125271512342.595,9.360021109933626,1,1
Nigeria,1988,13305.81,,,NGA,134458956986.486,9.895815271969811,1,1
Nigeria,1989,13221.0,,,NGA,137039737057.541,9.647566672175307,1,1
Nigeria,1990,7802.47,,,NGA,153178750575.345,5.093702599540496,1,1
Nigeria,1991,9127.0,,,NGA,153727670613.164,5.937122421484501,1,1
Nigeria,1992,18444.18,,,NGA,160847095650.819,11.466902728564179,1,1
Nigeria,1993,6334.48,1518.24,,NGA,157573666209.803,4.020011815658267,1,0
Nigeria,1994,9647.15,1864.01,,NGA,154713823159.567,6.235480322950996,1,1
Nigeria,1995,13164.65,2063.51,,NGA,154601400724.996,8.515220391448585,1,1
Nigeria,1996,15537.05,2060.81,,NGA,161088358074.5,9.64504833602838,1,1
Nigeria,1997,15807.48,1976.92,,NGA,165819683303.955,9.532933416007177,1,1
Nigeria,1998,17877.35,2392.63,,NGA,170099910681.009,10.509911456406154,1,1
Nigeria,1999,18328.91,2683.22,,NGA,171093510004.065,10.712802606927944,1,1
Nigeria,2000,25957.78,2557.78,,NGA,179675448843.378,14.447037793475747,1,1
Nigeria,2001,26012.77,12.77,,NGA,190308075298.043,13.668768369004411,1,1
Nigeria,2002,26303.8,3.8,,NGA,219480696548.107,11.98456192899615,1,1
Nigeria,2003,27803.84,3.84,,NGA,235606371240.474,11.800971193441,1,1
Nigeria,2004,29341.5,11.5,,NGA,257401275803.853,11.399127649374607,1,1
Nigeria,2005,30096.0,,,NGA,273974099482.97,10.984979987814777,1,1
Nigeria,2006,10886.66,,,NGA,290575362867.529,3.746587423161248,1,0
Nigeria,2007,,,,NGA,309727563830.114,0.0,0,0
Nigeria,2008,,,,NGA,330679000570.877,0.0,0,0
Nigeria,2009,,,,NGA,357255424171.506,0.0,0,0
Nigeria,2010,,,,NGA,385856064172.751,0.0,0,0
Nigeria,2011,0.0,,,NGA,406337011591.485,0.0,0,0
Nigeria,2012,,,,NGA,423525315758.166,0.0,0,0
Nigeria,2013,23.52,,22.99,NGA,451780110047.004,0.00520607248458834,0,0
Nigeria,2014,0.54,,0.1,NGA,480286163931.207,0.00011243297029005109,0,0
Nigeria,2015,,,,NGA,493026682800.63,0.0,0,0
Nigeria,2016,,,,NGA,485055087455.971,0.0,0,0
Nigeria,2017,,,,NGA,488964081501.001,0.0,0,0
Nigeria,2018,,,,NGA,498365674277.795,0.0,0,0
Nigeria,2019,0.71,,,NGA,509371727741.802,0.00013938739850121706,0,0
Nigeria,2020,0.01,,,NGA,476930359899.737,2.0967421747070697e-06,0,0
Nigeria,2021,,,,NGA,482220722032.144,0.0,0,0
Nigeria,2022,6.85,,,NGA,503047012789.736,0.0013617017546753963,0,0
Nigeria,2023,,,,NGA,519727567204.567,0.0,0,0
Pakistan,1960,15.0,,,PAK,18921911099.4869,0.07927317658947648,0,0
Pakistan,1961,,,,PAK,20054831466.1635,0.0,0,0
Pakistan,1962,,,,PAK,20953861208.7756,0.0,0,0
Pakistan,1963,,,,PAK,22774506905.7757,0.0,0,0
Pakistan,1964,,,,PAK,24498481838.7543,0.0,0,0
Pakistan,1965,,,,PAK,27051068282.3803,0.0,0,0
Pakistan,1966,,,,PAK,28617312097.6994,0.0,0,0
Pakistan,1967,,,,PAK,30162822259.833,0.0,0,0
Pakistan,1968,,,,PAK,32344565831.098,0.0,0,0
Pakistan,1969,,,,PAK,34126072054.2236,0.0,0,0
Pakistan,1970,,,,PAK,38000562580.8228,0.0,0,0
Pakistan,1971,,,,PAK,38178546784.2244,0.0,0,0
Pakistan,1972,234.0,,,PAK,38489093528.9446,0.6079644349743574,0,0
Pakistan,1973,107.0,,,PAK,41208064651.9774,0.25965791139105465,0,0
Pakistan,1974,650.0,,,PAK,42666909141.7874,1.5234288423376765,1,0
Pakistan,1975,182.0,,,PAK,44463790022.8473,0.4093218322290588,0,0
Pakistan,1976,186.0,,,PAK,46756427335.2631,0.39780627092464177,0,0
Pakistan,1977,228.0,,,PAK,48602230016.4329,0.46911427710808934,0,0
Pakistan,1978,312.0,,,PAK,52513996839.0732,0.5941273161060471,0,0
Pakistan,1979,80.0,,,PAK,54487701574.7253,0.14682212258538144,0,0
Pakistan,1980,195.0,,,PAK,60054003904.3132,0.324707741902942,0,0
Pakistan,1981,260.0,,,PAK,64810739569.0917,0.4011680806740774,0,0
Pakistan,1982,35.0,,,PAK,69047733113.396,0.05068957143389495,0,0
Pakistan,1983,28.0,,,PAK,73728049698.119,0.03797740495597886,0,0
Pakistan,1984,25.0,,,PAK,77462527003.7113,0.0322736695625773,0,0
Pakistan,1985,,,,PAK,83343570902.3902,0.0,0,0
Pakistan,1986,,,,PAK,87928845524.5354,0.0,0,0
Pakistan,1987,,,,PAK,93602316255.4105,0.0,0,0
Pakistan,1988,,,,PAK,100739753814.043,0.0,0,0
Pakistan,1989,19.72,0.12,,PAK,105736212788.011,0.01865018566490209,0,0
Pakistan,1990,16.08,0.34,,PAK,110450553630.166,0.014558550837003923,0,0
Pakistan,1991,10.13,0.09,,PAK,116041083242.324,0.008729666870521987,0,0
Pakistan,1992,0.0,0.0,,PAK,124983090542.903,0.0,0,0
Pakistan,1993,0.0,0.0,,PAK,127179977939.619,0.0,0,0
Pakistan,1994,0.01,0.01,,PAK,131933222221.385,7.579592032717826e-06,0,0
Pakistan,1995,0.0,0.0,,PAK,138480552374.263,0.0,0,0
Pakistan,1996,0.01,0.01,,PAK,145192124911.514,6.887425889037994e-06,0,0
Pakistan,1997,0.0,0.0,,PAK,146664948034.581,0.0,0,0
Pakistan,1998,2496.64,164.64,35.71,PAK,150405247842.758,1.659942080352227,1,0
Pakistan,1999,5622.0,,,PAK,155910279560.875,3.605920030311341,1,0
Pakistan,2000,1007.89,95.89,53.62,PAK,162552194688.572,0.6200408440691809,0,0
Pakistan,2001,14797.78,157.72,388.06,PAK,168487544527.033,8.782714497703283,1,1
Pakistan,2002,941.76,0.28,500.0,PAK,172859487443.654,0.5448124450253157,0,0
Pakistan,2003,745.97,,,PAK,182196165734.208,0.40943232641253186,0,0
Pakistan,2004,481.83,,,PAK,196464413110.888,0.24525052266236463,0,0
Pakistan,2005,0.0,,,PAK,210760292372.08,0.0,0,0
Pakistan,2006,,,,PAK,223514741630.685,0.0,0,0
Pakistan,2007,1.3,,,PAK,233449556918.441,0.0005568654818454737,0,0
Pakistan,2008,4.81,,,PAK,238399717138.761,0.002017619843567319,0,0
Pakistan,2009,,,,PAK,246678267936.347,0.0,0,0
Pakistan,2010,,,,PAK,250382678707.751,0.0,0,0
Pakistan,2011,,,,PAK,257093227079.837,0.0,0,0
Pakistan,2012,,,,PAK,264876940258.885,0.0,0,0
Pakistan,2013,,,,PAK,276443758787.987,0.0,0,0
Pakistan,2014,,,,PAK,287823367553.405,0.0,0,0
Pakistan,2015,,,,PAK,299963590534.773,0.0,0,0
Pakistan,2016,,,,PAK,319682711890.74,0.0,0,0
Pakistan,2017,,,,PAK,333853050597.697,0.0,0,0
Pakistan,2018,,,,PAK,354390697428.203,0.0,0,0
Pakistan,2019,,,,PAK,363242090361.647,0.0,0,0
Pakistan,2020,1656.56,,700.0,PAK,358614068499.253,0.46193391322667826,0,0
Pakistan,2021,6153.73,,4000.0,PAK,381973779235.3,1.6110346663898194,1,0
Pakistan,2022,,,,PAK,400224894618.857,0.0,0,0
Pakistan,2023,3000.0,,3000.0,PAK,398564217461.774,0.7527017902172134,0,0
Palau,1960,,,,PLW,,,0,0
Palau,1961,,,,PLW,,,0,0
Palau,1962,,,,PLW,,,0,0
Palau,1963,,,,PLW,,,0,0
Palau,1964,,,,PLW,,,0,0
Palau,1965,,,,PLW,,,0,0
Palau,1966,,,,PLW,,,0,0
Palau,1967,,,,PLW,,,0,0
Palau,1968,,,,PLW,,,0,0
Palau,1969,,,,PLW,,,0,0
Palau,1970,,,,PLW,146752830.714773,0.0,0,0
Palau,1971,,,,PLW,146938237.671082,0.0,0,0
Palau,1972,,,,PLW,147439739.844141,0.0,0,0
Palau,1973,,,,PLW,147737604.320433,0.0,0,0
Palau,1974,,,,PLW,147893518.695942,0.0,0,0
Palau,1975,,,,PLW,147930886.418985,0.0,0,0
Palau,1976,,,,PLW,147869459.494894,0.0,0,0
Palau,1977,,,,PLW,149984146.982929,0.0,0,0
Palau,1978,,,,PLW,149251332.107799,0.0,0,0
Palau,1979,,,,PLW,148692912.838032,0.0,0,0
Palau,1980,,,,PLW,148136586.07115,0.0,0,0
Palau,1981,,,,PLW,147582337.551658,0.0,0,0
Palau,1982,,,,PLW,147030159.133559,0.0,0,0
Palau,1983,,,,PLW,149870794.421566,0.0,0,0
Palau,1984,,,,PLW,156797818.006789,0.0,0,0
Palau,1985,,,,PLW,165322141.19531,0.0,0,0
Palau,1986,,,,PLW,174309890.13214,0.0,0,0
Palau,1987,,,,PLW,183786257.330108,0.0,0,0
Palau,1988,,,,PLW,193777808.920727,0.0,0,0
Palau,1989,,,,PLW,204312551.858663,0.0,0,0
Palau,1990,,,,PLW,215420017.418198,0.0,0,0
Palau,1991,,,,PLW,225986875.097626,0.0,0,0
Palau,1992,,,,PLW,211523630.927991,0.0,0,0
Palau,1993,,,,PLW,185506137.0433,0.0,0,0
Palau,1994,,,,PLW,199048162.294643,0.0,0,0
Palau,1995,,,,PLW,220744392.307671,0.0,0,0
Palau,1996,,,,PLW,243701806.769796,0.0,0,0
Palau,1997,,,,PLW,249306951.929721,0.0,0,0
Palau,1998,,,,PLW,254293048.107332,0.0,0,0
Palau,1999,,,,PLW,240561265.591229,0.0,0,0
Palau,2000,,,,PLW,234297230.216297,0.0,0,0
Palau,2001,,,,PLW,251508442.867897,0.0,0,0
Palau,2002,,,,PLW,263367004.758067,0.0,0,0
Palau,2003,,,,PLW,257763189.460007,0.0,0,0
Palau,2004,,,,PLW,266714048.894488,0.0,0,0
Palau,2005,,,,PLW,274408269.826706,0.0,0,0
Palau,2006,,,,PLW,275034203.191757,0.0,0,0
Palau,2007,,,,PLW,276923855.753246,0.0,0,0
Palau,2008,,,,PLW,261544895.86188,0.0,0,0
Palau,2009,,,,PLW,245341943.275143,0.0,0,0
Palau,2010,,,,PLW,237916711.7575,0.0,0,0
Palau,2011,,,,PLW,248730840.471263,0.0,0,0
Palau,2012,,,,PLW,253858001.908852,0.0,0,0
Palau,2013,,,,PLW,250320025.314726,0.0,0,0
Palau,2014,,,,PLW,260868320.140666,0.0,0,0
Palau,2015,,,,PLW,283224750.0,0.0,0,0
Palau,2016,,,,PLW,287944709.951285,0.0,0,0
Palau,2017,,,,PLW,278092878.361503,0.0,0,0
Palau,2018,,,,PLW,276931490.588704,0.0,0,0
Palau,2019,,,,PLW,277764180.223659,0.0,0,0
Palau,2020,,,,PLW,261077754.760105,0.0,0,0
Palau,2021,,,,PLW,229971280.110212,0.0,0,0
Palau,2022,,,,PLW,228906790.097914,0.0,0,0
Palau,2023,,,,PLW,231705973.218968,0.0,0,0
Panama,1960,,,,PAN,2863868500.89091,0.0,0,0
Panama,1961,,,,PAN,3176791808.78013,0.0,0,0
Panama,1962,,,,PAN,3438709932.73256,0.0,0,0
Panama,1963,,,,PAN,3732334111.31252,0.0,0,0
Panama,1964,,,,PAN,3897756024.90608,0.0,0,0
Panama,1965,,,,PAN,4254791890.19387,0.0,0,0
Panama,1966,,,,PAN,4577364762.66833,0.0,0,0
Panama,1967,,,,PAN,4968863620.63068,0.0,0,0
Panama,1968,,,,PAN,5315560545.62547,0.0,0,0
Panama,1969,,,,PAN,5764267697.78353,0.0,0,0
Panama,1970,15.0,,,PAN,6165416120.33112,0.24329258086142627,0,0
Panama,1971,,,,PAN,6758291016.74331,0.0,0,0
Panama,1972,,,,PAN,7068010822.59997,0.0,0,0
Panama,1973,,,,PAN,7447160849.30988,0.0,0,0
Panama,1974,,,,PAN,7629491145.23181,0.0,0,0
Panama,1975,,,,PAN,7762314439.76189,0.0,0,0
Panama,1976,,,,PAN,7891515164.23244,0.0,0,0
Panama,1977,,,,PAN,7977850383.28967,0.0,0,0
Panama,1978,,,,PAN,8759092863.64932,0.0,0,0
Panama,1979,,,,PAN,9154544103.2961,0.0,0,0
Panama,1980,0.8,0.8,,PAN,10352368753.8696,0.007727699998137807,0,0
Panama,1981,0.1,0.1,,PAN,11305491618.9702,0.000884525886801806,0,0
Panama,1982,1.5,1.5,,PAN,11910160913.3553,0.01259428827966543,0,0
Panama,1983,218.7,1.7,,PAN,11375232192.4905,1.9225981175520754,1,0
Panama,1984,218.25,1.2,,PAN,11683441125.3705,1.8680284143861678,1,0
Panama,1985,603.2,3.0,,PAN,12260864084.3264,4.9197185112841835,1,0
Panama,1986,662.7,12.2,,PAN,12698305749.8015,5.21880645384806,1,1
Panama,1987,3072.91,,,PAN,12468586353.5904,24.64521568730314,1,1
Panama,1988,3531.86,,,PAN,10800308977.5736,32.70147184986803,1,1
Panama,1989,3860.92,,,PAN,10969036481.16,35.19835134682403,1,1
Panama,1990,4898.9,,,PAN,11857417978.5654,41.315065462444856,1,1
Panama,1991,4988.97,,,PAN,12974268895.1904,38.452802545578706,1,1
Panama,1992,4424.7,,,PAN,14038376851.2514,31.518601095293835,1,1
Panama,1993,4406.08,,,PAN,14804274862.072,29.762214232378327,1,1
Panama,1994,4663.97,,,PAN,15226218483.1841,30.63117743352303,1,1
Panama,1995,4084.52,,,PAN,15492932940.2149,26.363762211852343,1,1
Panama,1996,4588.04,,,PAN,16124998544.7039,28.452963808216264,1,1
Panama,1997,1499.91,212.2,,PAN,17368081132.8196,8.636014471199669,1,1
Panama,1998,265.76,127.8,,PAN,18824824096.4283,1.4117528994622774,1,0
Panama,1999,160.16,1.9,,PAN,19805907259.4786,0.8086476317481064,0,0
Panama,2000,598.4,1.9,,PAN,20639538981.1271,2.8992895652716855,1,0
Panama,2001,365.55,1.6,,PAN,20835595644.0282,1.754449482728238,1,0
Panama,2002,534.21,,,PAN,21358328178.3601,2.5011789103477335,1,0
Panama,2003,176.36,,,PAN,22446932329.0813,0.7856752870035405,0,0
Panama,2004,16.31,,,PAN,24282115701.6943,0.06716877639645691,0,0
Panama,2005,,,,PAN,26291748117.2201,0.0,0,0
Panama,2006,202.93,,,PAN,28883388489.0221,0.7025837708658351,0,0
Panama,2007,0.01,,,PAN,32682439460.4496,3.0597471195812734e-05,0,0
Panama,2008,28.0,,,PAN,36015209193.4566,0.07774493228568326,0,0
Panama,2009,,,,PAN,36595725406.4936,0.0,0,0
Panama,2010,,,,PAN,38818327825.9763,0.0,0,0
Panama,2011,,,,PAN,43441154827.5517,0.0,0,0
Panama,2012,,,,PAN,47623362287.1202,0.0,0,0
Panama,2013,,,,PAN,50635232250.8688,0.0,0,0
Panama,2014,,,,PAN,52977523789.5376,0.0,0,0
Panama,2015,,,,PAN,55767806100.0,0.0,0,0
Panama,2016,,,,PAN,58317491835.7804,0.0,0,0
Panama,2017,,,,PAN,61667283244.4831,0.0,0,0
Panama,2018,,,,PAN,64083556965.6452,0.0,0,0
Panama,2019,,,,PAN,66072040231.8554,0.0,0,0
Panama,2020,,,,PAN,54297264368.6321,0.0,0,0
Panama,2021,,,,PAN,63238394459.0666,0.0,0,0
Panama,2022,,,,PAN,70219029318.5391,0.0,0,0
Panama,2023,,,,PAN,75251163819.299,0.0,0,0
Papua New Guinea,1960,,,,PNG,2618701702.09897,0.0,0,0
Papua New Guinea,1961,,,,PNG,2780566580.04829,0.0,0,0
Papua New Guinea,1962,,,,PNG,2957802655.29699,0.0,0,0
Papua New Guinea,1963,,,,PNG,3078259812.44171,0.0,0,0
Papua New Guinea,1964,,,,PNG,3342075344.62979,0.0,0,0
Papua New Guinea,1965,,,,PNG,3685257013.25121,0.0,0,0
Papua New Guinea,1966,,,,PNG,3899508937.02793,0.0,0,0
Papua New Guinea,1967,,,,PNG,4058236946.00848,0.0,0,0
Papua New Guinea,1968,,,,PNG,4235159448.26456,0.0,0,0
Papua New Guinea,1969,,,,PNG,4585553584.23864,0.0,0,0
Papua New Guinea,1970,,,,PNG,5082756253.20918,0.0,0,0
Papua New Guinea,1971,,,,PNG,5402725547.07875,0.0,0,0
Papua New Guinea,1972,,,,PNG,5707631246.82483,0.0,0,0
Papua New Guinea,1973,,,,PNG,6080297606.58948,0.0,0,0
Papua New Guinea,1974,,,,PNG,6239025757.38609,0.0,0,0
Papua New Guinea,1975,,,,PNG,6184129557.72027,0.0,0,0
Papua New Guinea,1976,,,,PNG,5974583505.41329,0.0,0,0
Papua New Guinea,1977,,,,PNG,6024460260.61675,0.0,0,0
Papua New Guinea,1978,,,,PNG,6539543138.53288,0.0,0,0
Papua New Guinea,1979,,,,PNG,6659373433.70064,0.0,0,0
Papua New Guinea,1980,,,,PNG,6505978016.35071,0.0,0,0
Papua New Guinea,1981,,,,PNG,6488097664.83673,0.0,0,0
Papua New Guinea,1982,,,,PNG,6510997034.98872,0.0,0,0
Papua New Guinea,1983,,,,PNG,6720857086.48885,0.0,0,0
Papua New Guinea,1984,,,,PNG,6697016428.59007,0.0,0,0
Papua New Guinea,1985,,,,PNG,6964909833.10925,0.0,0,0
Papua New Guinea,1986,,,,PNG,7291777026.36941,0.0,0,0
Papua New Guinea,1987,,,,PNG,7493795332.02432,0.0,0,0
Papua New Guinea,1988,,,,PNG,7711807859.64617,0.0,0,0
Papua New Guinea,1989,,,,PNG,7602332586.60826,0.0,0,0
Papua New Guinea,1990,,,,PNG,7373337464.29462,0.0,0,0
Papua New Guinea,1991,,,,PNG,8077262449.85336,0.0,0,0
Papua New Guinea,1992,,,,PNG,9195889413.93028,0.0,0,0
Papua New Guinea,1993,,,,PNG,10869751500.9507,0.0,0,0
Papua New Guinea,1994,,,,PNG,11515643989.6531,0.0,0,0
Papua New Guinea,1995,,,,PNG,11134194181.0049,0.0,0,0
Papua New Guinea,1996,9.45,,,PNG,11995278888.5184,0.07878099448813415,0,0
Papua New Guinea,1997,,,,PNG,11526936460.3395,0.0,0,0
Papua New Guinea,1998,0.21,,,PNG,11092473174.6015,0.0018931756398639593,0,0
Papua New Guinea,1999,,,,PNG,11298300003.6359,0.0,0,0
Papua New Guinea,2000,,,,PNG,11016425270.6953,0.0,0,0
Papua New Guinea,2001,,,,PNG,11003063602.1014,0.0,0,0
Papua New Guinea,2002,1.12,,,PNG,10985579675.3822,0.010195183441342015,0,0
Papua New Guinea,2003,,,,PNG,11223318880.0206,0.0,0,0
Papua New Guinea,2004,,,,PNG,11528725110.7168,0.0,0,0
Papua New Guinea,2005,,,,PNG,12260199191.5266,0.0,0,0
Papua New Guinea,2006,,,,PNG,12923469113.2424,0.0,0,0
Papua New Guinea,2007,,,,PNG,13933462679.345,0.0,0,0
Papua New Guinea,2008,12.0,,12.0,PNG,13892155836.0293,0.08637968175449058,0,0
Papua New Guinea,2009,,,,PNG,14836880985.9851,0.0,0,0
Papua New Guinea,2010,,,,PNG,16339627662.3714,0.0,0,0
Papua New Guinea,2011,,,,PNG,16520596167.0901,0.0,0,0
Papua New Guinea,2012,,,,PNG,17289980088.7062,0.0,0,0
Papua New Guinea,2013,0.46,0.16,,PNG,17951312547.2223,0.0025624867195083076,0,0
Papua New Guinea,2014,0.74,,0.65,PNG,20382597142.1943,0.003630548132986034,0,0
Papua New Guinea,2015,1.81,,1.81,PNG,21723437010.0982,0.008332014860993758,0,0
Papua New Guinea,2016,2.85,,2.81,PNG,22915960976.066,0.012436746610699025,0,0
Papua New Guinea,2017,4.44,,4.19,PNG,23725951011.6612,0.018713686114490244,0,0
Papua New Guinea,2018,5.15,,5.12,PNG,23659695751.3327,0.021766974749495297,0,0
Papua New Guinea,2019,6.6,,6.13,PNG,24719771866.5529,0.026699275525799385,0,0
Papua New Guinea,2020,14.45,,7.46,PNG,23936789891.162,0.06036732605208381,0,0
Papua New Guinea,2021,54.25,,36.12,PNG,23814565624.2584,0.22780176156032397,0,0
Papua New Guinea,2022,1.34,,1.34,PNG,25173667563.9887,0.005323022545657549,0,0
Papua New Guinea,2023,,,,PNG,26132900873.2365,0.0,0,0
Paraguay,1960,,,,PRY,2840643135.31984,0.0,0,0
Paraguay,1961,,,,PRY,3036655622.09727,0.0,0,0
Paraguay,1962,,,,PRY,3136873107.86776,0.0,0,0
Paraguay,1963,,,,PRY,3284628970.20977,0.0,0,0
Paraguay,1964,,,,PRY,3422993221.92201,0.0,0,0
Paraguay,1965,,,,PRY,3634122579.76438,0.0,0,0
Paraguay,1966,,,,PRY,3706496252.14829,0.0,0,0
Paraguay,1967,,,,PRY,4045654269.62756,0.0,0,0
Paraguay,1968,,,,PRY,4228804025.8008,0.0,0,0
Paraguay,1969,,,,PRY,4427606505.78894,0.0,0,0
Paraguay,1970,1.53,1.53,,PRY,4673490344.84267,0.03273784446111884,0,0
Paraguay,1971,1.6,1.6,,PRY,4932315341.17476,0.0324391262384071,0,0
Paraguay,1972,1.92,1.92,,PRY,5259391843.88932,0.03650612194318193,0,0
Paraguay,1973,1.76,1.76,,PRY,5643475390.31597,0.031186456540948256,0,0
Paraguay,1974,1.72,1.72,,PRY,6116484715.65794,0.02812072750867624,0,0
Paraguay,1975,1.7,1.7,,PRY,6535613449.24659,0.026011330278353166,0,0
Paraguay,1976,1.8,1.8,,PRY,7027480419.00606,0.025613731987524844,0,0
Paraguay,1977,2.27,2.27,,PRY,7835224752.93087,0.02897172795395405,0,0
Paraguay,1978,4.74,4.14,,PRY,8777702779.1326,0.0540004613880125,0,0
Paraguay,1979,3.34,2.92,,PRY,9818926783.49676,0.03401593752194723,0,0
Paraguay,1980,1.85,1.42,,PRY,10968933818.4602,0.016865814222404525,0,0
Paraguay,1981,1.32,0.89,,PRY,11974835380.5032,0.011023116043408453,0,0
Paraguay,1982,6.63,5.78,,PRY,11807472959.5198,0.05615088023262885,0,0
Paraguay,1983,15.98,14.88,,PRY,11448216675.5201,0.1395850589915046,0,0
Paraguay,1984,26.92,25.33,,PRY,11770667082.9813,0.22870411515522743,0,0
Paraguay,1985,64.28,43.23,,PRY,12303070325.3867,0.5224712067796752,0,0
Paraguay,1986,468.64,,,PRY,12913897548.8793,3.6289586333342854,1,0
Paraguay,1987,482.5,,,PRY,13893068567.8455,3.4729548597831816,1,0
Paraguay,1988,512.82,,,PRY,14714895264.957,3.485040095536817,1,0
Paraguay,1989,1110.45,,,PRY,15735403256.8771,7.057016473439802,1,1
Paraguay,1990,1130.4,,0.0,PRY,16384218445.3751,6.8993220748902235,1,1
Paraguay,1991,489.98,44.0,,PRY,16956625718.4736,2.8896079216172437,1,0
Paraguay,1992,346.26,,0.2,PRY,17244282666.9241,2.007969868553327,1,0
Paraguay,1993,125.66,55.0,0.19,PRY,18095522437.8594,0.69442593012454,0,0
Paraguay,1994,105.48,70.32,,PRY,19057827421.2949,0.5534733716926118,0,0
Paraguay,1995,67.35,47.29,,PRY,20358106834.2346,0.3308264395525369,0,0
Paraguay,1996,63.25,42.95,0.49,PRY,20678499692.6975,0.30587325453952735,0,0
Paraguay,1997,71.57,41.42,1.09,PRY,21555788371.9567,0.33202218710362724,0,0
Paraguay,1998,77.28,41.2,1.59,PRY,21570454446.6117,0.35826783432529485,0,0
Paraguay,1999,65.59,32.26,0.0,PRY,21275784844.5439,0.30828474944284057,0,0
Paraguay,2000,66.23,31.2,2.51,PRY,20783433276.2554,0.31866727272469597,0,0
Paraguay,2001,51.55,31.77,0.01,PRY,20610088070.713,0.2501202315251273,0,0
Paraguay,2002,203.53,32.03,0.01,PRY,20605676606.0528,0.9877375244267118,0,0
Paraguay,2003,359.98,26.83,0.56,PRY,21495995447.7688,1.6746374964336186,1,0
Paraguay,2004,285.19,7.62,,PRY,22368177914.5133,1.27498091748885,1,0
Paraguay,2005,145.6,7.14,,PRY,22845400902.1597,0.6373274017976881,0,0
Paraguay,2006,7.85,7.14,,PRY,23943606096.665,0.03278537062591166,0,0
Paraguay,2007,7.85,7.14,,PRY,25241738121.227,0.031099284693864065,0,0
Paraguay,2008,8.71,7.16,,PRY,26881515165.6739,0.032401447412168764,0,0
Paraguay,2009,7.18,7.18,,PRY,26811317495.2227,0.0267797358383427,0,0
Paraguay,2010,7.23,7.23,,PRY,29786095177.4635,0.024273070897424313,0,0
Paraguay,2011,7.16,7.16,,PRY,31062837784.8467,0.023050051156281812,0,0
Paraguay,2012,7.16,7.16,,PRY,30842899501.4209,0.023214419252866113,0,0
Paraguay,2013,7.15,7.15,,PRY,33400724748.6239,0.021406721123003708,0,0
Paraguay,2014,0.04,0.04,,PRY,35171376876.62,0.00011372884303141911,0,0
Paraguay,2015,0.03,0.03,,PRY,36211447840.0971,8.284672883689799e-05,0,0
Paraguay,2016,0.04,0.04,,PRY,37756961788.4686,0.00010594072749840919,0,0
Paraguay,2017,0.59,0.04,,PRY,39573101423.9502,0.0014909117020656957,0,0
Paraguay,2018,0.04,0.04,,PRY,40841122661.179,9.794050063668176e-05,0,0
Paraguay,2019,0.04,0.04,,PRY,40677000526.59,9.833566753244885e-05,0,0
Paraguay,2020,0.04,0.04,,PRY,40343536418.7875,9.914847222310556e-05,0,0
Paraguay,2021,0.03,0.03,,PRY,41955105419.3976,7.150500445681098e-05,0,0
Paraguay,2022,0.03,0.03,,PRY,41943325612.1227,7.152508667869966e-05,0,0
Paraguay,2023,0.03,0.03,,PRY,44160385148.2395,6.79341901101965e-05,0,0
Peru,1960,,,,PER,27514598739.2362,0.0,0,0
Peru,1961,,,,PER,29536122813.8214,0.0,0,0
Peru,1962,,,,PER,32500159377.7442,0.0,0,0
Peru,1963,,,,PER,33906847467.0061,0.0,0,0
Peru,1964,,,,PER,36127022963.5927,0.0,0,0
Peru,1965,,,,PER,38157987897.8373,0.0,0,0
Peru,1966,,,,PER,41301794164.4427,0.0,0,0
Peru,1967,,,,PER,42892972386.2168,0.0,0,0
Peru,1968,248.0,75.0,,PER,42958271665.5281,0.5773044174842997,0,0
Peru,1969,100.0,,,PER,44468022472.7392,0.22488069952133422,0,0
Peru,1970,346.8,,,PER,45964792097.9186,0.7544905223572281,0,0
Peru,1971,,,,PER,48074824231.8113,0.0,0,0
Peru,1972,,,,PER,49746643129.8434,0.0,0,0
Peru,1973,,,,PER,52869207462.2149,0.0,0,0
Peru,1974,,,,PER,57831952689.8792,0.0,0,0
Peru,1975,,,,PER,60319225840.9985,0.0,0,0
Peru,1976,387.0,,,PER,61192111990.3475,0.632434455050425,0,0
Peru,1977,,,,PER,61405711440.1431,0.0,0,0
Peru,1978,864.0,,,PER,59783063686.1708,1.4452253643867086,1,0
Peru,1979,1189.0,,,PER,62228639707.1274,1.9106957915132075,1,0
Peru,1980,386.01,0.01,,PER,65927096478.7269,0.5855103904425037,0,0
Peru,1981,33.93,2.43,,PER,69587396442.536,0.048758829521691874,0,0
Peru,1982,88.31,8.67,,PER,69432408996.4596,0.12718844308643099,0,0
Peru,1983,2788.24,,0.08,PER,62205824296.2837,4.482281251864345,1,0
Peru,1984,3144.01,,0.18,PER,64450388680.324,4.878186252055656,1,0
Peru,1985,4685.83,,0.34,PER,65778796308.2426,7.123617735481165,1,1
Peru,1986,7594.88,,0.68,PER,71979080889.6031,10.551510113957331,1,1
Peru,1987,9564.92,,1.89,PER,78979871696.2567,12.110579309099252,1,1
Peru,1988,10564.76,,3.48,PER,71523166041.881,14.77110226610175,1,1
Peru,1989,12315.68,116.0,4.67,PER,62717204194.5052,19.63684471936172,1,1
Peru,1990,13385.91,369.0,7.2,PER,59592279647.2189,22.46249024075504,1,1
Peru,1991,16014.73,763.0,8.73,PER,60914786737.8504,26.290381790090034,1,1
Peru,1992,10953.55,,5.07,PER,60585536757.2262,18.079479998489145,1,1
Peru,1993,12415.16,,6.41,PER,63762386032.6397,19.47097775425896,1,1
Peru,1994,11652.11,,7.67,PER,71610493993.7311,16.271511827610137,1,1
Peru,1995,14234.73,,9.81,PER,76917830598.9662,18.506411178205173,1,1
Peru,1996,17878.04,,11.14,PER,79070739970.4791,22.610184256116398,1,1
Peru,1997,11589.39,,13.95,PER,84192012966.592,13.765426899341099,1,1
Peru,1998,1068.93,35.78,11.08,PER,83862369616.8153,1.2746241310425221,1,0
Peru,1999,597.54,11.52,7.24,PER,85116037105.7632,0.7020298645453978,0,0
Peru,2000,615.78,11.18,6.71,PER,87409379264.7108,0.7044781752026521,0,0
Peru,2001,1841.57,16.03,4.74,PER,87949475111.0632,2.093895384451644,1,0
Peru,2002,656.09,19.01,0.19,PER,92745825187.2292,0.7074065044712562,0,0
Peru,2003,644.85,11.88,6.41,PER,96608710264.5646,0.6674863976902986,0,0
Peru,2004,667.95,12.32,7.67,PER,101398766434.291,0.6587358243976752,0,0
Peru,2005,666.89,11.05,9.81,PER,107771740073.589,0.6187985825826253,0,0
Peru,2006,713.46,1.86,11.14,PER,115885765581.756,0.615658011506739,0,0
Peru,2007,3063.62,1.86,13.95,PER,125757364463.195,2.4361356593924324,1,0
Peru,2008,1560.69,1.86,11.08,PER,137234696225.05,1.1372415598462344,1,0
Peru,2009,593.74,1.86,7.24,PER,138738546494.974,0.42795604754408256,0,0
Peru,2010,2426.0,1.86,6.71,PER,150298879148.001,1.6141171602557929,1,0
Peru,2011,585.27,,4.74,PER,159808578409.161,0.3662319043358998,0,0
Peru,2012,558.41,,0.19,PER,169620385179.423,0.32921160944736605,0,0
Peru,2013,547.36,,,PER,179547449111.361,0.30485534754688165,0,0
Peru,2014,1040.75,,,PER,183824551906.256,0.5661648507816005,0,0
Peru,2015,900.89,,,PER,189802976285.619,0.47464482255764223,0,0
Peru,2016,1164.69,,,PER,197306492869.139,0.5902948164875982,0,0
Peru,2017,558.0,,,PER,202276318741.548,0.27586027048127487,0,0
Peru,2018,62.0,,,PER,210305376512.78,0.029480939112477865,0,0
Peru,2019,66.0,,,PER,215017545590.315,0.03069516946572979,0,0
Peru,2020,71.0,,,PER,191509018299.917,0.037073972092953274,0,0
Peru,2021,76.0,,,PER,217203104601.484,0.03499029175455015,0,0
Peru,2022,89.43,,,PER,223324321983.196,0.040044899366907805,0,0
Peru,2023,20.0,,,PER,222541124000.612,0.008987102985938454,0,0
Philippines,1960,,,,PHL,31344414578.2009,0.0,0,0
Philippines,1961,,,,PHL,33129626605.0432,0.0,0,0
Philippines,1962,,,,PHL,34735185774.0934,0.0,0,0
Philippines,1963,,,,PHL,37172298520.2165,0.0,0,0
Philippines,1964,,,,PHL,38437083908.9934,0.0,0,0
Philippines,1965,,,,PHL,40491580379.5156,0.0,0,0
Philippines,1966,,,,PHL,42289875657.1023,0.0,0,0
Philippines,1967,,,,PHL,44498543744.5452,0.0,0,0
Philippines,1968,,,,PHL,46740451307.7078,0.0,0,0
Philippines,1969,,,,PHL,48932332357.9901,0.0,0,0
Philippines,1970,274.9,,,PHL,50739152607.185,0.5417906801247452,0,0
Philippines,1971,,,,PHL,53473489811.5011,0.0,0,0
Philippines,1972,,,,PHL,56377307514.7893,0.0,0,0
Philippines,1973,,,,PHL,61328367803.6852,0.0,0,0
Philippines,1974,,,,PHL,63410224488.9803,0.0,0,0
Philippines,1975,,,,PHL,66866781055.7536,0.0,0,0
Philippines,1976,0.12,0.12,,PHL,72736616790.959,0.00016497880337887222,0,0
Philippines,1977,0.14,0.14,,PHL,76782933144.9968,0.0001823321853772168,0,0
Philippines,1978,0.18,0.18,,PHL,80769798287.5113,0.00022285557698097132,0,0
Philippines,1979,0.55,0.55,,PHL,85289329758.5592,0.0006448637849036501,0,0
Philippines,1980,0.49,0.49,,PHL,89724981380.6129,0.0005461132367600307,0,0
Philippines,1981,0.48,0.48,,PHL,92795557533.1733,0.0005172661415697683,0,0
Philippines,1982,0.72,0.72,,PHL,96227514092.1276,0.0007482267486518218,0,0
Philippines,1983,4259.18,,,PHL,98052903642.7771,4.343757136980762,1,0
Philippines,1984,5870.58,,,PHL,91150588918.0784,6.440528876095561,1,1
Philippines,1985,5568.06,,0.68,PHL,84899137702.1736,6.558441169959546,1,1
Philippines,1986,10821.05,,1.83,PHL,87879678171.1382,12.313483873856395,1,1
Philippines,1987,12854.3,,3.28,PHL,91712822474.0122,14.015815513302298,1,1
Philippines,1988,3098.96,,4.62,PHL,97854767009.256,3.1668973262251723,1,0
Philippines,1989,6499.39,,5.95,PHL,103906025758.682,6.255065529206745,1,1
Philippines,1990,14073.75,,7.41,PHL,107109108270.262,13.139638847975982,1,1
Philippines,1991,12434.84,,5.92,PHL,106641694746.423,11.660392334881841,1,1
Philippines,1992,8353.63,,,PHL,107087061460.264,7.800783667128375,1,1
Philippines,1993,281.13,28.19,,PHL,109423583330.152,0.2569190218819436,0,0
Philippines,1994,585.0,,,PHL,114209405300.726,0.5122170091505426,0,0
Philippines,1995,,,,PHL,119491847401.125,0.0,0,0
Philippines,1996,1.84,,,PHL,126494485337.077,0.0014546088670164934,0,0
Philippines,1997,0.13,0.13,,PHL,133055010091.644,9.770394959983858e-05,0,0
Philippines,1998,0.6,0.05,,PHL,132370986792.543,0.0004532715321827611,0,0
Philippines,1999,,,,PHL,136800717247.312,0.0,0,0
Philippines,2000,,,,PHL,142796015521.852,0.0,0,0
Philippines,2001,,,,PHL,147150196386.034,0.0,0,0
Philippines,2002,,,,PHL,152618672919.07,0.0,0,0
Philippines,2003,,,,PHL,160382249186.079,0.0,0,0
Philippines,2004,,,,PHL,170918125627.487,0.0,0,0
Philippines,2005,,,,PHL,179365762735.543,0.0,0,0
Philippines,2006,1.84,,,PHL,188901594317.393,0.0009740521283840657,0,0
Philippines,2007,,,,PHL,201216639993.9,0.0,0,0
Philippines,2008,0.54,,,PHL,209958471374.167,0.00025719371857954994,0,0
Philippines,2009,,,,PHL,212999348337.291,0.0,0,0
Philippines,2010,,,,PHL,228621785456.625,0.0,0,0
Philippines,2011,,,,PHL,237442546234.973,0.0,0,0
Philippines,2012,,,,PHL,253818843989.004,0.0,0,0
Philippines,2013,,,,PHL,270952964501.391,0.0,0,0
Philippines,2014,,,,PHL,288153024771.696,0.0,0,0
Philippines,2015,,,,PHL,306445871242.322,0.0,0,0
Philippines,2016,,,,PHL,328355086268.976,0.0,0,0
Philippines,2017,,,,PHL,351113338965.581,0.0,0,0
Philippines,2018,,,,PHL,373379140695.818,0.0,0,0
Philippines,2019,,,,PHL,396224439236.642,0.0,0,0
Philippines,2020,,,,PHL,358510629276.391,0.0,0,0
Philippines,2021,,,,PHL,378998554988.857,0.0,0,0
Philippines,2022,,,,PHL,407730367707.393,0.0,0,0
Philippines,2023,,,,PHL,430232801525.374,0.0,0,0
Poland,1960,88.97,,,POL,,,0,0
Poland,1961,90.97,,,POL,,,0,0
Poland,1962,92.96,,,POL,,,0,0
Poland,1963,94.96,,,POL,,,0,0
Poland,1964,96.95,,,POL,,,0,0
Poland,1965,98.95,,,POL,,,0,0
Poland,1966,100.95,,,POL,,,0,0
Poland,1967,102.94,,,POL,,,0,0
Poland,1968,104.94,,,POL,,,0,0
Poland,1969,106.93,,,POL,,,0,0
Poland,1970,108.93,,,POL,,,0,0
Poland,1971,110.93,,,POL,,,0,0
Poland,1972,112.92,,,POL,,,0,0
Poland,1973,114.92,,,POL,,,0,0
Poland,1974,116.91,,,POL,,,0,0
Poland,1975,118.91,,,POL,,,0,0
Poland,1976,7.05,,,POL,,,0,0
Poland,1977,,,,POL,,,0,0
Poland,1978,,,,POL,,,0,0
Poland,1979,,,,POL,,,0,0
Poland,1980,,,,POL,,,0,0
Poland,1981,3863.58,,,POL,,,0,0
Poland,1982,1956.0,,,POL,,,0,0
Poland,1983,2225.0,,,POL,,,0,0
Poland,1984,1390.0,,,POL,,,0,0
Poland,1985,13050.0,,,POL,,,0,0
Poland,1986,6993.4,,,POL,,,0,0
Poland,1987,24730.5,,,POL,,,0,0
Poland,1988,13090.8,3354.0,,POL,,,0,0
Poland,1989,10933.7,200.0,,POL,,,0,0
Poland,1990,21380.5,,,POL,194797367584.792,10.9757643365963,1,1
Poland,1991,48597.6,,,POL,181131204775.169,26.830053971275834,1,1
Poland,1992,16190.0,,,POL,185686615837.644,8.718991364544983,1,1
Poland,1993,13360.3,,,POL,192628157713.225,6.9357980466646705,1,1
Poland,1994,14254.6,7.0,,POL,202823584825.574,7.028078126248875,1,1
Poland,1995,760.8,5.2,,POL,218906804615.997,0.34754515801122937,0,0
Poland,1996,29.2,4.0,,POL,232246717071.23,0.012572836493979103,0,0
Poland,1997,29.0,3.8,,POL,247015068311.447,0.011740174475281638,0,0
Poland,1998,2.8,2.8,,POL,258431144714.153,0.0010834607427433098,0,0
Poland,1999,96.0,96.0,,POL,270575301764.16,0.03547995673443836,0,0
Poland,2000,120.8,120.8,,POL,283174187558.032,0.04265925543628301,0,0
Poland,2001,2.9,2.9,,POL,286667833930.23,0.0010116237877967886,0,0
Poland,2002,2.2,2.2,,POL,292117946677.278,0.0007531204518668225,0,0
Poland,2003,,,,POL,302410346199.761,0.0,0,0
Poland,2004,,,,POL,317805438387.054,0.0,0,0
Poland,2005,,,,POL,328168510412.522,0.0,0,0
Poland,2006,,,,POL,348521872927.444,0.0,0,0
Poland,2007,,,,POL,372083512402.176,0.0,0,0
Poland,2008,,,,POL,388394800371.402,0.0,0,0
Poland,2009,,,,POL,398551823849.317,0.0,0,0
Poland,2010,,,,POL,411181642127.603,0.0,0,0
Poland,2011,,,,POL,432791139408.41,0.0,0,0
Poland,2012,,,,POL,439333996551.267,0.0,0,0
Poland,2013,,,,POL,442340098156.254,0.0,0,0
Poland,2014,,,,POL,459682079851.439,0.0,0,0
Poland,2015,,,,POL,480054118583.367,0.0,0,0
Poland,2016,,,,POL,494605411858.337,0.0,0,0
Poland,2017,,,,POL,520089746650.75,0.0,0,0
Poland,2018,,,,POL,552573816155.989,0.0,0,0
Poland,2019,,,,POL,577884228677.544,0.0,0,0
Poland,2020,,,,POL,566120997479.772,0.0,0,0
Poland,2021,,,,POL,605337233054.782,0.0,0,0
Poland,2022,,,,POL,637150470884.733,0.0,0,0
Poland,2023,,,,POL,638740867489.057,0.0,0,0
Portugal,1960,,,,PRT,36024040678.7342,0.0,0,0
Portugal,1961,,,,PRT,38017936914.6732,0.0,0,0
Portugal,1962,,,,PRT,40532613040.1372,0.0,0,0
Portugal,1963,,,,PRT,42913377694.5161,0.0,0,0
Portugal,1964,,,,PRT,45621532604.8967,0.0,0,0
Portugal,1965,,,,PRT,49029000161.2664,0.0,0,0
Portugal,1966,,,,PRT,51028357933.1227,0.0,0,0
Portugal,1967,,,,PRT,54878183558.609,0.0,0,0
Portugal,1968,,,,PRT,59748902049.2682,0.0,0,0
Portugal,1969,,,,PRT,61016021944.6935,0.0,0,0
Portugal,1970,,,,PRT,66576926207.4632,0.0,0,0
Portugal,1971,,,,PRT,70992076013.4684,0.0,0,0
Portugal,1972,,,,PRT,76682585127.1815,0.0,0,0
Portugal,1973,,,,PRT,85271549891.6412,0.0,0,0
Portugal,1974,,,,PRT,86246084032.3519,0.0,0,0
Portugal,1975,,,,PRT,82496423036.3738,0.0,0,0
Portugal,1976,,,,PRT,88188866127.4689,0.0,0,0
Portugal,1977,,,,PRT,93129733594.4814,0.0,0,0
Portugal,1978,,,,PRT,95752235290.7646,0.0,0,0
Portugal,1979,,,,PRT,101151643830.927,0.0,0,0
Portugal,1980,,,,PRT,105793836908.303,0.0,0,0
Portugal,1981,,,,PRT,107505690554.857,0.0,0,0
Portugal,1982,,,,PRT,109801339942.75,0.0,0,0
Portugal,1983,,,,PRT,109611260054.699,0.0,0,0
Portugal,1984,,,,PRT,107550590438.34,0.0,0,0
Portugal,1985,,,,PRT,110570008320.31,0.0,0,0
Portugal,1986,,,,PRT,115148663807.605,0.0,0,0
Portugal,1987,,,,PRT,122496753631.096,0.0,0,0
Portugal,1988,,,,PRT,131670667026.502,0.0,0,0
Portugal,1989,,,,PRT,140151100100.585,0.0,0,0
Portugal,1990,,,,PRT,145687801786.27,0.0,0,0
Portugal,1991,,,,PRT,152051745327.928,0.0,0,0
Portugal,1992,,,,PRT,153708313966.776,0.0,0,0
Portugal,1993,,,,PRT,150567626889.127,0.0,0,0
Portugal,1994,,,,PRT,152020360998.271,0.0,0,0
Portugal,1995,,,,PRT,158531058877.056,0.0,0,0
Portugal,1996,,,,PRT,164086378007.658,0.0,0,0
Portugal,1997,,,,PRT,171307602359.378,0.0,0,0
Portugal,1998,,,,PRT,179544008821.687,0.0,0,0
Portugal,1999,,,,PRT,186558035204.778,0.0,0,0
Portugal,2000,,,,PRT,193677420299.115,0.0,0,0
Portugal,2001,,,,PRT,197441874347.86,0.0,0,0
Portugal,2002,,,,PRT,198964002685.767,0.0,0,0
Portugal,2003,,,,PRT,197112600768.677,0.0,0,0
Portugal,2004,,,,PRT,200638423891.103,0.0,0,0
Portugal,2005,,,,PRT,202207110531.023,0.0,0,0
Portugal,2006,,,,PRT,205493047516.038,0.0,0,0
Portugal,2007,,,,PRT,210643893867.297,0.0,0,0
Portugal,2008,,,,PRT,211316368904.681,0.0,0,0
Portugal,2009,,,,PRT,204718906458.637,0.0,0,0
Portugal,2010,,,,PRT,208276152407.912,0.0,0,0
Portugal,2011,,,,PRT,204707283345.749,0.0,0,0
Portugal,2012,,,,PRT,196414790526.28,0.0,0,0
Portugal,2013,52712.0,,,PRT,194481859660.111,27.10381322562571,1,1
Portugal,2014,,,,PRT,195923731482.461,0.0,0,0
Portugal,2015,,,,PRT,199038523119.639,0.0,0,0
Portugal,2016,,,,PRT,203027536357.754,0.0,0,0
Portugal,2017,,,,PRT,209757330876.906,0.0,0,0
Portugal,2018,,,,PRT,215937376369.165,0.0,0,0
Portugal,2019,,,,PRT,221866335067.158,0.0,0,0
Portugal,2020,,,,PRT,203663019645.466,0.0,0,0
Portugal,2021,,,,PRT,214984151437.597,0.0,0,0
Portugal,2022,,,,PRT,230002603240.143,0.0,0,0
Portugal,2023,,,,PRT,237132655096.059,0.0,0,0
Puerto Rico,1960,,,,PRI,14872866396.2782,0.0,0,0
Puerto Rico,1961,,,,PRI,15920174750.9808,0.0,0,0
Puerto Rico,1962,,,,PRI,17245260651.1686,0.0,0,0
Puerto Rico,1963,,,,PRI,18737156256.8692,0.0,0,0
Puerto Rico,1964,,,,PRI,20060172567.7053,0.0,0,0
Puerto Rico,1965,,,,PRI,21906679850.7348,0.0,0,0
Puerto Rico,1966,,,,PRI,23549494281.4411,0.0,0,0
Puerto Rico,1967,,,,PRI,25015031909.1869,0.0,0,0
Puerto Rico,1968,,,,PRI,26310919276.8857,0.0,0,0
Puerto Rico,1969,,,,PRI,28777629536.6528,0.0,0,0
Puerto Rico,1970,,,,PRI,31194351251.4781,0.0,0,0
Puerto Rico,1971,,,,PRI,33180011638.8544,0.0,0,0
Puerto Rico,1972,,,,PRI,35560204651.063,0.0,0,0
Puerto Rico,1973,,,,PRI,37816462599.5297,0.0,0,0
Puerto Rico,1974,,,,PRI,38919711945.4414,0.0,0,0
Puerto Rico,1975,,,,PRI,38664956204.6133,0.0,0,0
Puerto Rico,1976,,,,PRI,41078843372.9853,0.0,0,0
Puerto Rico,1977,,,,PRI,43523314808.4812,0.0,0,0
Puerto Rico,1978,,,,PRI,46540327586.3428,0.0,0,0
Puerto Rico,1979,,,,PRI,50220189697.6778,0.0,0,0
Puerto Rico,1980,,,,PRI,52351266023.4768,0.0,0,0
Puerto Rico,1981,,,,PRI,52952230929.6783,0.0,0,0
Puerto Rico,1982,,,,PRI,52127953622.9345,0.0,0,0
Puerto Rico,1983,,,,PRI,50907130172.6374,0.0,0,0
Puerto Rico,1984,,,,PRI,53925254341.0198,0.0,0,0
Puerto Rico,1985,,,,PRI,55595558165.2215,0.0,0,0
Puerto Rico,1986,,,,PRI,58362753380.9773,0.0,0,0
Puerto Rico,1987,,,,PRI,61729699983.6625,0.0,0,0
Puerto Rico,1988,,,,PRI,65364574807.8781,0.0,0,0
Puerto Rico,1989,,,,PRI,68198098011.2531,0.0,0,0
Puerto Rico,1990,,,,PRI,66260903262.1266,0.0,0,0
Puerto Rico,1991,,,,PRI,67787813677.7899,0.0,0,0
Puerto Rico,1992,,,,PRI,70881684617.9023,0.0,0,0
Puerto Rico,1993,,,,PRI,74173803638.2829,0.0,0,0
Puerto Rico,1994,,,,PRI,77278688339.3385,0.0,0,0
Puerto Rico,1995,,,,PRI,80794086619.0355,0.0,0,0
Puerto Rico,1996,,,,PRI,82663425484.3649,0.0,0,0
Puerto Rico,1997,,,,PRI,86697472737.6136,0.0,0,0
Puerto Rico,1998,,,,PRI,91492472088.4549,0.0,0,0
Puerto Rico,1999,,,,PRI,96423641766.2393,0.0,0,0
Puerto Rico,2000,,,,PRI,99578589112.8593,0.0,0,0
Puerto Rico,2001,,,,PRI,105865455033.218,0.0,0,0
Puerto Rico,2002,,,,PRI,106835668972.022,0.0,0,0
Puerto Rico,2003,,,,PRI,106892740374.551,0.0,0,0
Puerto Rico,2004,,,,PRI,116244440860.349,0.0,0,0
Puerto Rico,2005,,,,PRI,113934735057.689,0.0,0,0
Puerto Rico,2006,,,,PRI,112328922886.154,0.0,0,0
Puerto Rico,2007,,,,PRI,111022754694.512,0.0,0,0
Puerto Rico,2008,,,,PRI,108975346085.071,0.0,0,0
Puerto Rico,2009,,,,PRI,106847683983.96,0.0,0,0
Puerto Rico,2010,,,,PRI,106406131528.656,0.0,0,0
Puerto Rico,2011,,,,PRI,106024654228.865,0.0,0,0
Puerto Rico,2012,,,,PRI,106055693105.528,0.0,0,0
Puerto Rico,2013,,,,PRI,105730285957.27,0.0,0,0
Puerto Rico,2014,,,,PRI,104471711252.84,0.0,0,0
Puerto Rico,2015,1103.0,,,PRI,103375500000.0,1.066983956546764,1,0
Puerto Rico,2016,25904.0,,,PRI,102069149649.478,25.37887313547584,1,1
Puerto Rico,2017,46602.0,,,PRI,99124231779.4147,47.013731318196115,1,1
Puerto Rico,2018,49951.0,,,PRI,94801000739.6964,52.69037205330241,1,1
Puerto Rico,2019,53300.0,,,PRI,96389357184.3707,55.29656131853784,1,1
Puerto Rico,2020,56649.0,,,PRI,92359439312.9166,61.33536585044812,1,1
Puerto Rico,2021,59998.0,,,PRI,92715228856.7798,64.7121306173777,1,1
Puerto Rico,2022,61226.0,,,PRI,95456906860.8231,64.13993708099926,1,1
Puerto Rico,2023,,,,PRI,96155166598.5367,0.0,0,0
Republic of Congo (Brazzaville),1960,,,,COG,1260529281.26532,0.0,0,0
Republic of Congo (Brazzaville),1961,,,,COG,1365792636.82329,0.0,0,0
Republic of Congo (Brazzaville),1962,,,,COG,1436845387.19425,0.0,0,0
Republic of Congo (Brazzaville),1963,,,,COG,1378950570.28956,0.0,0,0
Republic of Congo (Brazzaville),1964,,,,COG,1431582304.19978,0.0,0,0
Republic of Congo (Brazzaville),1965,,,,COG,1484213965.735,0.0,0,0
Republic of Congo (Brazzaville),1966,,,,COG,1504384173.23264,0.0,0,0
Republic of Congo (Brazzaville),1967,,,,COG,1536221035.11639,0.0,0,0
Republic of Congo (Brazzaville),1968,,,,COG,1653455074.05444,0.0,0,0
Republic of Congo (Brazzaville),1969,,,,COG,1778266546.9019,0.0,0,0
Republic of Congo (Brazzaville),1970,1.55,0.99,,COG,1891337095.13146,0.08195260400644049,0,0
Republic of Congo (Brazzaville),1971,3.94,2.66,,COG,2037973138.2197,0.1933293391414296,0,0
Republic of Congo (Brazzaville),1972,7.57,4.86,,COG,2213596509.60999,0.3419774094843394,0,0
Republic of Congo (Brazzaville),1973,12.5,8.15,,COG,2395801820.82719,0.5217459929838508,0,0
Republic of Congo (Brazzaville),1974,14.66,8.67,,COG,2584723272.00207,0.567178705697368,0,0
Republic of Congo (Brazzaville),1975,17.59,9.62,,COG,2784563654.65878,0.6316968179402411,0,0
Republic of Congo (Brazzaville),1976,27.1,13.09,,COG,2810078242.50247,0.9643859587292676,0,0
Republic of Congo (Brazzaville),1977,40.8,16.79,,COG,2558479910.86763,1.5946969068115109,1,0
Republic of Congo (Brazzaville),1978,49.96,21.06,,COG,2721192760.53148,1.835959610235118,1,0
Republic of Congo (Brazzaville),1979,25.61,10.11,,COG,2988229521.67918,0.8570292145969074,0,0
Republic of Congo (Brazzaville),1980,14.27,6.75,,COG,3515251773.33714,0.4059453182909011,0,0
Republic of Congo (Brazzaville),1981,13.01,1.66,,COG,4134629379.92641,0.31465940002176346,0,0
Republic of Congo (Brazzaville),1982,34.58,19.73,,COG,5110306815.46562,0.6766716999329381,0,0
Republic of Congo (Brazzaville),1983,53.62,26.67,1.29,COG,5409462277.44975,0.991226063698123,0,0
Republic of Congo (Brazzaville),1984,78.89,38.68,1.83,COG,5786833455.26737,1.3632671582796576,1,0
Republic of Congo (Brazzaville),1985,171.32,99.72,6.8,COG,5718221236.28327,2.9960365806230085,1,0
Republic of Congo (Brazzaville),1986,870.73,140.56,2.76,COG,5325863974.44945,16.34908447112583,1,1
Republic of Congo (Brazzaville),1987,371.21,268.33,3.44,COG,5335949916.71488,6.95677444117651,1,1
Republic of Congo (Brazzaville),1988,661.8,436.75,11.41,COG,5430196848.65541,12.187403485453215,1,1
Republic of Congo (Brazzaville),1989,2287.15,659.78,19.75,COG,5571375261.41265,41.05180305912622,1,1
Republic of Congo (Brazzaville),1990,2823.26,950.07,18.3,COG,5627089212.71733,50.17265398279768,1,1
Republic of Congo (Brazzaville),1991,2613.31,665.1,17.81,COG,5761878676.24506,45.355172276953596,1,1
Republic of Congo (Brazzaville),1992,3385.5,673.66,8.12,COG,5912375954.28022,57.26124363842412,1,1
Republic of Congo (Brazzaville),1993,3386.24,683.36,8.95,COG,5854453399.81827,57.840412567040225,1,1
Republic of Congo (Brazzaville),1994,2227.38,671.82,6.57,COG,5532863840.08629,40.257271177764274,1,1
Republic of Congo (Brazzaville),1995,2191.02,540.52,8.89,COG,5753366411.51292,38.082399821009204,1,1
Republic of Congo (Brazzaville),1996,2729.95,627.94,12.01,COG,6000213536.40355,45.49754743622502,1,1
Republic of Congo (Brazzaville),1997,1956.95,694.76,14.87,COG,5962723473.06651,32.81973428483645,1,1
Republic of Congo (Brazzaville),1998,3137.82,1835.14,18.18,COG,6185583409.39015,50.72795551081841,1,1
Republic of Congo (Brazzaville),1999,2147.26,886.1,20.77,COG,6025859314.29582,35.63408782056718,1,1
Republic of Congo (Brazzaville),2000,2132.69,927.61,23.29,COG,6482377234.59307,32.89981318302404,1,1
Republic of Congo (Brazzaville),2001,2085.08,974.77,75.0,COG,6728876234.42485,30.987046385736082,1,1
Republic of Congo (Brazzaville),2002,2166.57,1044.56,28.17,COG,7037184600.05768,30.787454403032736,1,1
Republic of Congo (Brazzaville),2003,2677.88,1129.97,28.88,COG,7094415494.39314,37.746309080943774,1,1
Republic of Congo (Brazzaville),2004,6311.13,2931.13,32.0,COG,7341062186.80916,85.97025661136884,1,1
Republic of Congo (Brazzaville),2005,4049.03,2783.49,34.16,COG,7910417276.44806,51.18604820071007,1,1
Republic of Congo (Brazzaville),2006,3576.92,2832.2,36.85,COG,8542162055.68026,41.873708045862514,1,1
Republic of Congo (Brazzaville),2007,5019.35,1119.66,64.0,COG,7977183901.13328,62.92132740335753,1,1
Republic of Congo (Brazzaville),2008,2329.14,810.77,20.61,COG,8480255108.6285,27.46544732634451,1,1
Republic of Congo (Brazzaville),2009,976.11,176.08,21.98,COG,9467126891.81813,10.310519877404339,1,1
Republic of Congo (Brazzaville),2010,2619.77,109.89,35.88,COG,10407332392.13,25.17234869889487,1,1
Republic of Congo (Brazzaville),2011,282.8,106.99,,COG,10636909752.5259,2.6586669115326913,1,0
Republic of Congo (Brazzaville),2012,239.83,108.57,,COG,11694979455.2472,2.05070903217701,1,0
Republic of Congo (Brazzaville),2013,265.35,113.41,,COG,11611660392.4682,2.285202899768899,1,0
Republic of Congo (Brazzaville),2014,260.78,100.0,,COG,12383378937.2556,2.1058872648679032,1,0
Republic of Congo (Brazzaville),2015,252.06,83.2,,COG,12434793867.3568,2.027054108727088,1,0
Republic of Congo (Brazzaville),2016,688.37,79.61,64.36,COG,11354801748.8219,6.0623691652865785,1,1
Republic of Congo (Brazzaville),2017,747.28,,135.95,COG,10719526284.7166,6.971203578887968,1,1
Republic of Congo (Brazzaville),2018,588.81,18.81,465.0,COG,10472514332.3273,5.622432028404292,1,1
Republic of Congo (Brazzaville),2019,1819.0,17.8,1632.0,COG,10590275024.738,17.17613561263487,1,1
Republic of Congo (Brazzaville),2020,2472.66,1233.0,1155.66,COG,9926500702.40064,24.909684430909355,1,1
Republic of Congo (Brazzaville),2021,2043.0,19.0,1964.0,COG,10027261669.7995,20.374455831278322,1,1
Republic of Congo (Brazzaville),2022,648.22,364.0,49.8,COG,10175199489.7639,6.37058762977669,1,1
Republic of Congo (Brazzaville),2023,570.0,372.0,,COG,10369226732.5707,5.497034780902006,1,1
Romania,1960,272.76,,,ROU,,,0,0
Romania,1961,279.62,,,ROU,,,0,0
Romania,1962,286.49,,,ROU,,,0,0
Romania,1963,293.35,,,ROU,,,0,0
Romania,1964,300.22,,,ROU,,,0,0
Romania,1965,307.08,,,ROU,,,0,0
Romania,1966,313.95,,,ROU,,,0,0
Romania,1967,309.66,,,ROU,,,0,0
Romania,1968,316.32,,,ROU,,,0,0
Romania,1969,322.99,,,ROU,,,0,0
Romania,1970,329.37,,,ROU,,,0,0
Romania,1971,340.21,,,ROU,,,0,0
Romania,1972,341.17,,,ROU,,,0,0
Romania,1973,347.19,,,ROU,,,0,0
Romania,1974,354.14,,,ROU,,,0,0
Romania,1975,350.9,,,ROU,,,0,0
Romania,1976,54.33,,,ROU,,,0,0
Romania,1977,,,,ROU,,,0,0
Romania,1978,,,,ROU,,,0,0
Romania,1979,,,,ROU,,,0,0
Romania,1980,95.0,,,ROU,,,0,0
Romania,1981,1359.1,,,ROU,,,0,0
Romania,1982,2021.5,,,ROU,,,0,0
Romania,1983,693.0,,,ROU,,,0,0
Romania,1984,,,,ROU,,,0,0
Romania,1985,,,,ROU,,,0,0
Romania,1986,1839.79,,,ROU,,,0,0
Romania,1987,177.0,,,ROU,,,0,0
Romania,1988,,,,ROU,,,0,0
Romania,1989,,,,ROU,,,0,0
Romania,1990,,,,ROU,116460149704.559,0.0,0,0
Romania,1991,,,,ROU,101415582149.459,0.0,0,0
Romania,1992,,,,ROU,92524246376.2034,0.0,0,0
Romania,1993,,,,ROU,93938788972.5597,0.0,0,0
Romania,1994,,,,ROU,97632408355.8641,0.0,0,0
Romania,1995,,,,ROU,103718335742.553,0.0,0,0
Romania,1996,,,,ROU,107771339314.171,0.0,0,0
Romania,1997,0.2,,,ROU,102545439457.276,0.00019503548968974576,0,0
Romania,1998,65.2,64.99,,ROU,100463958892.948,0.06489889580150388,0,0
Romania,1999,66.24,61.79,,ROU,100085550636.348,0.06618337969751216,0,0
Romania,2000,148.59,23.59,,ROU,102548919722.127,0.14489669945098282,0,0
Romania,2001,149.3,29.3,,ROU,107900062083.039,0.1383687804415719,0,0
Romania,2002,123.92,36.41,,ROU,114053593614.452,0.10865067559282746,0,0
Romania,2003,39.27,29.93,,ROU,116723756275.208,0.033643536888420804,0,0
Romania,2004,73.29,42.69,,ROU,128895841498.556,0.056859863862109984,0,0
Romania,2005,269.8,39.73,,ROU,134912890211.095,0.19998089106078026,0,0
Romania,2006,264.27,36.45,,ROU,145744791283.304,0.18132380421493238,0,0
Romania,2007,261.19,33.72,,ROU,156287689281.09,0.16712128844021668,0,0
Romania,2008,18.33,11.81,,ROU,170834114652.888,0.01072970702441026,0,0
Romania,2009,39.4,0.44,,ROU,161409698529.133,0.024409933454456367,0,0
Romania,2010,39.31,0.35,,ROU,155105339843.99,0.02534406619368442,0,0
Romania,2011,39.3,0.34,,ROU,162078238594.701,0.02424754880158531,0,0
Romania,2012,1.25,,,ROU,165163587446.019,0.0007568254112962652,0,0
Romania,2013,1.19,,,ROU,165624017079.639,0.0007184948300268541,0,0
Romania,2014,1.87,,,ROU,172441103432.375,0.001084428226668907,0,0
Romania,2015,1.8,,,ROU,177885131240.315,0.001011888957469008,0,0
Romania,2016,1.78,,,ROU,182972525962.275,0.0009728236469594336,0,0
Romania,2017,1.86,,,ROU,197967999561.02,0.0009395457872607787,0,0
Romania,2018,4.9,,,ROU,208647427408.285,0.002348459341610569,0,0
Romania,2019,4.71,,,ROU,216910469745.256,0.0021714027937570365,0,0
Romania,2020,4.71,,,ROU,209105975817.662,0.002252446388288332,0,0
Romania,2021,,,,ROU,220789460074.341,0.0,0,0
Romania,2022,,,,ROU,230035489109.198,0.0,0,0
Romania,2023,,,,ROU,235229078939.709,0.0,0,0
Rwanda,1960,,,,RWA,1006931676.24387,0.0,0,0
Rwanda,1961,,,,RWA,963658525.179547,0.0,0,0
Rwanda,1962,,,,RWA,1072877639.38359,0.0,0,0
Rwanda,1963,,,,RWA,967516287.18583,0.0,0,0
Rwanda,1964,,,,RWA,846915452.784701,0.0,0,0
Rwanda,1965,,,,RWA,906280239.212677,0.0,0,0
Rwanda,1966,,,,RWA,969800612.983897,0.0,0,0
Rwanda,1967,,,,RWA,1036872193.18976,0.0,0,0
Rwanda,1968,,,,RWA,1109596137.31907,0.0,0,0
Rwanda,1969,,,,RWA,1231733491.31494,0.0,0,0
Rwanda,1970,,,,RWA,1305655056.03203,0.0,0,0
Rwanda,1971,,,,RWA,1321409621.35682,0.0,0,0
Rwanda,1972,,,,RWA,1324885830.74437,0.0,0,0
Rwanda,1973,,,,RWA,1370436573.36866,0.0,0,0
Rwanda,1974,,,,RWA,1389757311.24332,0.0,0,0
Rwanda,1975,,,,RWA,1360380267.86007,0.0,0,0
Rwanda,1976,0.05,,,RWA,1625716687.04386,0.003075566634609506,0,0
Rwanda,1977,0.0,,,RWA,1658135257.63872,0.0,0,0
Rwanda,1978,,,,RWA,1809868575.57509,0.0,0,0
Rwanda,1979,0.01,,,RWA,2024698311.10363,0.0004939007428987859,0,0
Rwanda,1980,0.02,,,RWA,2205941454.75741,0.0009066423751576591,0,0
Rwanda,1981,,,,RWA,2325860832.62297,0.0,0,0
Rwanda,1982,,,,RWA,2367978600.8775,0.0,0,0
Rwanda,1983,,,,RWA,2509592007.58403,0.0,0,0
Rwanda,1984,0.48,,,RWA,2403165900.34874,0.01997365225306933,0,0
Rwanda,1985,,,,RWA,2508971246.95827,0.0,0,0
Rwanda,1986,0.62,,,RWA,2646265603.11841,0.023429243053659468,0,0
Rwanda,1987,3.33,,0.84,RWA,2645629543.83744,0.12586796241963236,0,0
Rwanda,1988,7.22,,1.68,RWA,2764651786.98466,0.2611540460172991,0,0
Rwanda,1989,85.6,,0.26,RWA,2763641741.5481,3.0973623937250903,1,0
Rwanda,1990,21.89,,0.88,RWA,2697333931.27348,0.8115420840631762,0,0
Rwanda,1991,13.24,,1.11,RWA,2629512715.69592,0.5035153441536386,0,0
Rwanda,1992,21.37,,1.67,RWA,2783936772.6836,0.7676180080555567,0,0
Rwanda,1993,34.29,0.97,2.27,RWA,2558195917.60239,1.340397729667926,1,0
Rwanda,1994,56.46,1.72,1.95,RWA,1272751916.2858,4.436056962676908,1,0
Rwanda,1995,141.68,1.85,3.1,RWA,1721067047.97258,8.232102297635603,1,1
Rwanda,1996,75.82,1.71,4.17,RWA,1940429017.80541,3.9073833314320896,1,0
Rwanda,1997,96.58,1.48,5.26,RWA,2209173633.92301,4.3717704447022125,1,0
Rwanda,1998,164.74,1.58,6.21,RWA,2404877024.71686,6.8502463247323755,1,1
Rwanda,1999,87.63,1.36,7.31,RWA,2509534587.02338,3.4918825368308664,1,0
Rwanda,2000,93.53,1.26,7.98,RWA,2719605115.77427,3.4391022232421435,1,0
Rwanda,2001,109.06,1.19,16.0,RWA,2950351652.85545,3.696508512619099,1,0
Rwanda,2002,115.82,1.42,8.81,RWA,3339564215.20993,3.46811717147111,1,0
Rwanda,2003,121.78,1.71,8.81,RWA,3413114360.36071,3.5680023328351016,1,0
Rwanda,2004,132.12,1.84,8.81,RWA,3667311764.89072,3.6026388938311866,1,0
Rwanda,2005,201.22,,9.04,RWA,4011228564.29967,5.01641820640384,1,1
Rwanda,2006,1294.57,,9.34,RWA,4381347663.23333,29.547301412840593,1,1
Rwanda,2007,234.18,,160.0,RWA,4715788995.12731,4.965871039649389,1,0
Rwanda,2008,33.78,,18.61,RWA,5242129868.154,0.6443945657511061,0,0
Rwanda,2009,6.57,,,RWA,5569671641.16985,0.11796027527791642,0,0
Rwanda,2010,5.5,,,RWA,5978187921.45189,0.09200112261884609,0,0
Rwanda,2011,5.39,,,RWA,6453955353.40313,0.08351467750947311,0,0
Rwanda,2012,3.85,,,RWA,7011674431.72186,0.054908425048687745,0,0
Rwanda,2013,4.47,,,RWA,7342614847.08613,0.060877495185164054,0,0
Rwanda,2014,4.98,,,RWA,7758827558.48585,0.0641849552971874,0,0
Rwanda,2015,4.52,,,RWA,8447064078.84373,0.05350971601269913,0,0
Rwanda,2016,4.48,,,RWA,8925061966.17873,0.050195729922961126,0,0
Rwanda,2017,1.52,,,RWA,9344891026.00495,0.016265572233749397,0,0
Rwanda,2018,1.22,,,RWA,10099102466.8293,0.01208028143101938,0,0
Rwanda,2019,1.18,,,RWA,11036918642.0266,0.010691389855015986,0,0
Rwanda,2020,7.21,,6.0,RWA,10730411838.5598,0.06719220201866645,0,0
Rwanda,2021,1.25,,,RWA,11632990181.3646,0.010745302630809663,0,0
Rwanda,2022,7.93,,7.0,RWA,12775928435.8846,0.06206985300361014,0,0
Rwanda,2023,1.2,,,RWA,13869502290.8789,0.008652076872211662,0,0
Samoa,1960,,,,WSM,,,0,0
Samoa,1961,,,,WSM,,,0,0
Samoa,1962,,,,WSM,,,0,0
Samoa,1963,,,,WSM,,,0,0
Samoa,1964,,,,WSM,,,0,0
Samoa,1965,,,,WSM,,,0,0
Samoa,1966,,,,WSM,,,0,0
Samoa,1967,,,,WSM,,,0,0
Samoa,1968,,,,WSM,,,0,0
Samoa,1969,,,,WSM,,,0,0
Samoa,1970,,,,WSM,340680797.831927,0.0,0,0
Samoa,1971,,,,WSM,386718743.924115,0.0,0,0
Samoa,1972,,,,WSM,392857136.650874,0.0,0,0
Samoa,1973,,,,WSM,421502969.090635,0.0,0,0
Samoa,1974,0.35,0.35,,WSM,376488089.236962,0.09296442835930185,0,0
Samoa,1975,,,,WSM,362165172.589415,0.0,0,0
Samoa,1976,,,,WSM,395926332.80042,0.0,0,0
Samoa,1977,,,,WSM,392857136.650874,0.0,0,0
Samoa,1978,,,,WSM,417410707.557907,0.0,0,0
Samoa,1979,,,,WSM,462946425.49521,0.0,0,0
Samoa,1980,,,,WSM,434275788.370464,0.0,0,0
Samoa,1981,0.66,,,WSM,395064496.158969,0.16706132958463177,0,0
Samoa,1982,2.17,,,WSM,391269845.941022,0.5546044558534916,0,0
Samoa,1983,2.76,,,WSM,392956359.667481,0.702368070168277,0,0
Samoa,1984,1.56,,,WSM,398015901.274528,0.39194413966993835,0,0
Samoa,1985,1.69,,,WSM,413616120.207007,0.4085914251006917,0,0
Samoa,1986,,,,WSM,436383943.251631,0.0,0,0
Samoa,1987,,,,WSM,438492096.849798,0.0,0,0
Samoa,1988,0.05,,,WSM,432167726.720698,0.011569582110955285,0,0
Samoa,1989,0.15,,,WSM,448189539.764517,0.03346798322843755,0,0
Samoa,1990,,,,WSM,428373059.396072,0.0,0,0
Samoa,1991,0.01,,,WSM,418520425.969748,0.0023893696411182645,0,0
Samoa,1992,,,,WSM,417683438.918314,0.0,0,0
Samoa,1993,0.3,0.02,,WSM,434808422.364804,0.06899590361391394,0,0
Samoa,1994,,,,WSM,423755155.368834,0.0,0,0
Samoa,1995,,,,WSM,452035062.253032,0.0,0,0
Samoa,1996,0.0,,,WSM,484486518.417844,0.0,0,0
Samoa,1997,0.02,,,WSM,487603825.819919,0.004101690540751902,0,0
Samoa,1998,,,,WSM,498306192.056756,0.0,0,0
Samoa,1999,,,,WSM,509196346.865605,0.0,0,0
Samoa,2000,,,,WSM,535129944.383763,0.0,0,0
Samoa,2001,0.02,,,WSM,574676737.921687,0.0034802174301207687,0,0
Samoa,2002,0.06,,,WSM,607157232.67461,0.009882118958822553,0,0
Samoa,2003,,,,WSM,638806086.213381,0.0,0,0
Samoa,2004,,,,WSM,658527692.510763,0.0,0,0
Samoa,2005,,,,WSM,702248686.864592,0.0,0,0
Samoa,2006,12.15,,12.15,WSM,717221521.755092,1.6940372857563013,1,0
Samoa,2007,19.0,,,WSM,720707093.19579,2.6362998476606343,1,0
Samoa,2008,,,,WSM,746336191.822415,0.0,0,0
Samoa,2009,0.01,,,WSM,742293455.836928,0.0013471760961067758,0,0
Samoa,2010,,,,WSM,787756851.010821,0.0,0,0
Samoa,2011,,,,WSM,818078226.23594,0.0,0,0
Samoa,2012,0.0,,,WSM,787546481.622133,0.0,0,0
Samoa,2013,,,,WSM,788391466.046139,0.0,0,0
Samoa,2014,,,,WSM,793594248.721633,0.0,0,0
Samoa,2015,,,,WSM,824150498.653536,0.0,0,0
Samoa,2016,,,,WSM,889949544.378272,0.0,0,0
Samoa,2017,,,,WSM,902464748.18719,0.0,0,0
Samoa,2018,,,,WSM,896962897.99084,0.0,0,0
Samoa,2019,,,,WSM,936894420.746212,0.0,0,0
Samoa,2020,9.71,,7.71,WSM,907769700.504801,1.0696545604684065,1,0
Samoa,2021,18.44,,16.44,WSM,861986282.12791,2.1392451808489095,1,0
Samoa,2022,,,,WSM,881527968.925758,0.0,0,0
Samoa,2023,,,,WSM,1015816470.59538,0.0,0,0
Senegal,1960,,,,SEN,3845391101.77094,0.0,0,0
Senegal,1961,,,,SEN,3960500894.65365,0.0,0,0
Senegal,1962,,,,SEN,3955105291.97973,0.0,0,0
Senegal,1963,,,,SEN,4028847382.54161,0.0,0,0
Senegal,1964,,,,SEN,4185324877.91611,0.0,0,0
Senegal,1965,,,,SEN,4241081336.12329,0.0,0,0
Senegal,1966,,,,SEN,4363087108.93029,0.0,0,0
Senegal,1967,,,,SEN,4309866483.6694,0.0,0,0
Senegal,1968,,,,SEN,4580990423.65839,0.0,0,0
Senegal,1969,,,,SEN,4280745764.02574,0.0,0,0
Senegal,1970,,,,SEN,4647265164.70415,0.0,0,0
Senegal,1971,0.24,0.01,,SEN,4640738106.81172,0.005171591123569884,0,0
Senegal,1972,0.01,,,SEN,4936966115.3942,0.0002025535473864911,0,0
Senegal,1973,0.21,0.19,,SEN,4661323443.12333,0.00450515830026352,0,0
Senegal,1974,0.12,0.11,,SEN,4857135177.50285,0.00247059214155317,0,0
Senegal,1975,0.05,0.02,,SEN,5223152496.43671,0.0009572762815964215,0,0
Senegal,1976,,,,SEN,5689084008.34184,0.0,0,0
Senegal,1977,,,,SEN,5536451271.68326,0.0,0,0
Senegal,1978,,,,SEN,5317543794.14988,0.0,0,0
Senegal,1979,,,,SEN,5689861492.96184,0.0,0,0
Senegal,1980,,,,SEN,5916759625.81974,0.0,0,0
Senegal,1981,102.15,0.15,,SEN,6223261363.46036,1.6414223030993011,1,0
Senegal,1982,152.16,0.16,,SEN,6721768519.10687,2.26368997336757,1,0
Senegal,1983,148.39,0.09,,SEN,6342159311.79994,2.3397393963899984,1,0
Senegal,1984,106.37,9.83,,SEN,6591776709.80046,1.613677232753534,1,0
Senegal,1985,145.33,1.27,0.89,SEN,6820055505.01507,2.130921073782065,1,0
Senegal,1986,94.03,,1.59,SEN,7033317655.08876,1.336922411459224,1,0
Senegal,1987,80.03,2.26,1.66,SEN,7473312400.54532,1.07087721897134,1,0
Senegal,1988,5.03,,1.8,SEN,7412287163.3226,0.06786029587317383,0,0
Senegal,1989,1060.06,17.06,2.2,SEN,7706835393.86617,13.754802663148824,1,1
Senegal,1990,161.8,17.8,,SEN,7649320651.26936,2.1152205192646782,1,0
Senegal,1991,263.42,30.42,,SEN,7852789724.13743,3.3544766796736654,1,0
Senegal,1992,207.95,,,SEN,7956464848.37129,2.613597922732832,1,0
Senegal,1993,363.66,31.0,,SEN,8064689718.09751,4.509286937399852,1,0
Senegal,1994,677.0,4.0,0.91,SEN,8060857301.03684,8.398610404788084,1,1
Senegal,1995,331.12,,0.12,SEN,8501672122.84215,3.8947632326392867,1,0
Senegal,1996,240.99,1.23,,SEN,8673403962.06847,2.7784938999027977,1,0
Senegal,1997,11.09,,,SEN,8937561242.89432,0.12408306582309515,0,0
Senegal,1998,427.0,,,SEN,9464741444.3125,4.511480873643838,1,0
Senegal,1999,9.05,,,SEN,10059440324.3535,0.08996524367355024,0,0
Senegal,2000,32.67,,,SEN,10450471990.9721,0.3126174590795784,0,0
Senegal,2001,40.23,,,SEN,10900976316.0181,0.3690495129402793,0,0
Senegal,2002,44.84,,,SEN,10908464913.3606,0.4110569209887665,0,0
Senegal,2003,41.82,,,SEN,11518679089.4187,0.3630624629382785,0,0
Senegal,2004,463.0,,,SEN,12053525217.1809,3.84119991170755,1,0
Senegal,2005,56.09,,,SEN,12573060904.8807,0.4461125291950713,0,0
Senegal,2006,2506.41,,21.0,SEN,12866110160.1646,19.480713042238825,1,1
Senegal,2007,161.6,,6.0,SEN,13229850430.9674,1.221480173515336,1,0
Senegal,2008,7.53,,,SEN,13719774159.3291,0.05488428535742179,0,0
Senegal,2009,4.57,,,SEN,14097356679.2382,0.032417424798015085,0,0
Senegal,2010,26.83,,,SEN,14575382431.8826,0.18407750277146284,0,0
Senegal,2011,214.76,,57.04,SEN,14769831308.7257,1.4540450429729985,1,0
Senegal,2012,,,,SEN,15361066998.8901,0.0,0,0
Senegal,2013,0.31,,,SEN,15731635117.4164,0.0019705516793788384,0,0
Senegal,2014,,,,SEN,16710783797.4248,0.0,0,0
Senegal,2015,1.12,,,SEN,17774766696.1759,0.006301067232803451,0,0
Senegal,2016,,,,SEN,18904543055.9123,0.0,0,0
Senegal,2017,,,,SEN,20304894471.2858,0.0,0,0
Senegal,2018,,,,SEN,21565674310.6847,0.0,0,0
Senegal,2019,,,,SEN,22560634320.1241,0.0,0,0
Senegal,2020,45.59,,,SEN,22863414676.3243,0.1994015357960056,0,0
Senegal,2021,68.9,,,SEN,24359596784.0565,0.28284540426012084,0,0
Senegal,2022,,,,SEN,25297546478.4826,0.0,0,0
Senegal,2023,,,,SEN,26374572022.2517,0.0,0,0
Serbia,1960,,,,SRB,,,0,0
Serbia,1961,,,,SRB,,,0,0
Serbia,1962,,,,SRB,,,0,0
Serbia,1963,,,,SRB,,,0,0
Serbia,1964,,,,SRB,,,0,0
Serbia,1965,,,,SRB,,,0,0
Serbia,1966,,,,SRB,,,0,0
Serbia,1967,,,,SRB,,,0,0
Serbia,1968,,,,SRB,,,0,0
Serbia,1969,,,,SRB,,,0,0
Serbia,1970,,,,SRB,,,0,0
Serbia,1971,,,,SRB,,,0,0
Serbia,1972,,,,SRB,,,0,0
Serbia,1973,,,,SRB,,,0,0
Serbia,1974,,,,SRB,,,0,0
Serbia,1975,,,,SRB,,,0,0
Serbia,1976,,,,SRB,,,0,0
Serbia,1977,,,,SRB,,,0,0
Serbia,1978,,,,SRB,,,0,0
Serbia,1979,,,,SRB,,,0,0
Serbia,1980,,,,SRB,,,0,0
Serbia,1981,,,,SRB,,,0,0
Serbia,1982,,,,SRB,,,0,0
Serbia,1983,,,,SRB,,,0,0
Serbia,1984,,,,SRB,,,0,0
Serbia,1985,,,,SRB,,,0,0
Serbia,1986,,,,SRB,,,0,0
Serbia,1987,,,,SRB,,,0,0
Serbia,1988,,,,SRB,,,0,0
Serbia,1989,,,,SRB,,,0,0
Serbia,1990,,,,SRB,,,0,0
Serbia,1991,,,,SRB,,,0,0
Serbia,1992,6996.48,,,SRB,,,0,0
Serbia,1993,3982.29,,,SRB,,,0,0
Serbia,1994,6438.49,1249.0,,SRB,,,0,0
Serbia,1995,7408.84,720.0,,SRB,22980131320.201,32.240198703682594,1,1
Serbia,1996,6917.88,,,SRB,24396847807.3336,28.3556304266509,1,1
Serbia,1997,7231.49,,,SRB,26576270301.9253,27.210326798475254,1,1
Serbia,1998,9178.74,,,SRB,27996144670.7069,32.78572856356167,1,1
Serbia,1999,9811.98,30.0,,SRB,25105401187.8126,39.083143609603894,1,1
Serbia,2000,11058.1,350.87,,SRB,26625555756.526,41.531903037515484,1,1
Serbia,2001,16761.32,260.86,,SRB,28430375122.4264,58.95567655306231,1,1
Serbia,2002,10373.82,417.86,36.16,SRB,30290019038.036,34.248311257161355,1,1
Serbia,2003,4166.58,1070.51,81.54,SRB,31671150000.8568,13.155758473839066,1,1
Serbia,2004,3228.65,,130.33,SRB,33788958112.2477,9.555340502877744,1,1
Serbia,2005,1629.65,1038.08,169.09,SRB,35783687980.3426,4.554170047802875,1,0
Serbia,2006,1924.79,1130.64,184.63,SRB,37179490290.6082,5.177020946105373,1,1
Serbia,2007,3118.12,1761.35,191.67,SRB,40091414081.4273,7.777525616000899,1,1
Serbia,2008,198.72,,198.72,SRB,42160489173.533,0.4713417796982063,0,0
Serbia,2009,1013.77,,205.77,SRB,40835549106.7566,2.4825673271827338,1,0
Serbia,2010,45.0,,,SRB,41493398701.5159,0.10845098595974013,0,0
Serbia,2011,45.0,,,SRB,41515918199.5454,0.10839215884304529,0,0
Serbia,2012,45.0,,,SRB,41331605760.2741,0.10887551831642549,0,0
Serbia,2013,45.0,,,SRB,41518250531.7903,0.1083860697972901,0,0
Serbia,2014,49.0,,,SRB,40769149019.8676,0.12018892024486788,0,0
Serbia,2015,45.0,,,SRB,41297410634.9586,0.10896566953741918,0,0
Serbia,2016,45.0,,,SRB,42526090399.794,0.10581739251586124,0,0
Serbia,2017,45.0,,,SRB,43531153349.2666,0.10337424243954277,0,0
Serbia,2018,45.0,,,SRB,45555069182.0072,0.09878154244527756,0,0
Serbia,2019,45.0,,,SRB,47719029694.9033,0.09430200129322054,0,0
Serbia,2020,45.0,,,SRB,47265687464.123,0.09520648574964075,0,0
Serbia,2021,45.0,,,SRB,51022863667.9918,0.08819575532415652,0,0
Serbia,2022,45.0,,,SRB,52402255080.2826,0.0858741669247974,0,0
Serbia,2023,27.78,,,SRB,54366256509.8452,0.05109787170093146,0,0
Seychelles,1960,,,,SYC,132183659.739565,0.0,0,0
Seychelles,1961,,,,SYC,125730088.176742,0.0,0,0
Seychelles,1962,,,,SYC,136302204.82927,0.0,0,0
Seychelles,1963,,,,SYC,150117255.121941,0.0,0,0
Seychelles,1964,,,,SYC,159003065.394021,0.0,0,0
Seychelles,1965,,,,SYC,157316724.88424,0.0,0,0
Seychelles,1966,,,,SYC,179178255.41322,0.0,0,0
Seychelles,1967,,,,SYC,180082638.782421,0.0,0,0
Seychelles,1968,,,,SYC,193684704.863561,0.0,0,0
Seychelles,1969,,,,SYC,193684704.863561,0.0,0,0
Seychelles,1970,,,,SYC,210868159.822469,0.0,0,0
Seychelles,1971,,,,SYC,244294507.642715,0.0,0,0
Seychelles,1972,,,,SYC,259705357.489746,0.0,0,0
Seychelles,1973,,,,SYC,283219564.440439,0.0,0,0
Seychelles,1974,,,,SYC,286909489.57767,0.0,0,0
Seychelles,1975,,,,SYC,296025766.309996,0.0,0,0
Seychelles,1976,,,,SYC,344211797.726032,0.0,0,0
Seychelles,1977,,,,SYC,322904306.721377,0.0,0,0
Seychelles,1978,,,,SYC,391204032.824694,0.0,0,0
Seychelles,1979,,,,SYC,452992130.247515,0.0,0,0
Seychelles,1980,,,,SYC,429886464.866273,0.0,0,0
Seychelles,1981,,,,SYC,413220699.015675,0.0,0,0
Seychelles,1982,,,,SYC,404662590.787714,0.0,0,0
Seychelles,1983,,,,SYC,402168917.272196,0.0,0,0
Seychelles,1984,0.8,,,SYC,419484794.190246,0.1907101308747753,0,0
Seychelles,1985,,,,SYC,462665475.16642,0.0,0,0
Seychelles,1986,2.6,1.2,,SYC,466190739.137488,0.5577116364023725,0,0
Seychelles,1987,5.4,2.5,,SYC,488915450.900807,1.1044854463181144,1,0
Seychelles,1988,7.7,3.1,,SYC,514957094.274002,1.4952702051528453,1,0
Seychelles,1989,7.1,1.6,,SYC,567923802.361715,1.2501677109630909,1,0
Seychelles,1990,10.5,2.8,,SYC,610261194.745671,1.7205747457653637,1,0
Seychelles,1991,16.1,8.9,,SYC,627107005.020014,2.5673449460967466,1,0
Seychelles,1992,16.6,9.7,,SYC,672089666.127958,2.4699085310500153,1,0
Seychelles,1993,16.7,9.6,,SYC,721174866.337827,2.315665836332274,1,0
Seychelles,1994,20.6,11.5,,SYC,703602944.474698,2.9277876338877076,1,0
Seychelles,1995,22.3,12.8,,SYC,707015676.972428,3.154102621244939,1,0
Seychelles,1996,24.5,12.3,,SYC,777702722.229699,3.1503040043061317,1,0
Seychelles,1997,29.0,11.9,6.02,SYC,872533006.069359,3.3236565033385963,1,0
Seychelles,1998,26.7,10.4,10.63,SYC,894062242.634693,2.9863692623142586,1,0
Seychelles,1999,24.5,8.9,,SYC,910799133.493907,2.689945466462601,1,0
Seychelles,2000,61.94,,6.04,SYC,949537227.205275,6.523177630676457,1,1
Seychelles,2001,113.34,1.6,6.04,SYC,927971690.1167,12.21373466530499,1,1
Seychelles,2002,132.4,3.5,,SYC,939226436.101185,14.096707131626804,1,1
Seychelles,2003,131.34,7.1,6.04,SYC,883932969.017981,14.858592744415247,1,1
Seychelles,2004,144.9,20.2,10.63,SYC,858736866.549886,16.873620505214728,1,1
Seychelles,2005,172.6,26.6,,SYC,936072662.702788,18.43873952067353,1,1
Seychelles,2006,155.24,23.4,6.04,SYC,1024120860.74662,15.158367137138931,1,1
Seychelles,2007,172.3,33.3,,SYC,1115022508.93326,15.45260285057735,1,1
Seychelles,2008,217.6,,,SYC,1084627594.53557,20.06218550000794,1,1
Seychelles,2009,483.0,,,SYC,1057735598.8393,45.66358554349662,1,1
Seychelles,2010,463.8,,,SYC,1105387984.2341,41.95811847198223,1,1
Seychelles,2011,76.4,32.4,6.0,SYC,1210507986.73155,6.3113999112294135,1,1
Seychelles,2012,37.7,33.4,,SYC,1248162998.34204,3.0204388409268392,1,0
Seychelles,2013,35.2,33.4,,SYC,1263811654.24036,2.785225146634503,1,0
Seychelles,2014,,,,SYC,1315169064.95728,0.0,0,0
Seychelles,2015,30.0,,,SYC,1432403352.12944,2.094382141412989,1,0
Seychelles,2016,,,,SYC,1605975218.58763,0.0,0,0
Seychelles,2017,,,,SYC,1717657339.98638,0.0,0,0
Seychelles,2018,6.0,,6.0,SYC,1802500555.76177,0.33287090984913953,0,0
Seychelles,2019,,,,SYC,1901895701.03715,0.0,0,0
Seychelles,2020,,,,SYC,1678615792.63838,0.0,0,0
Seychelles,2021,,,,SYC,1687886479.31967,0.0,0,0
Seychelles,2022,,,,SYC,1854657827.16819,0.0,0,0
Seychelles,2023,,,,SYC,1950725578.14848,0.0,0,0
Sierra Leone,1960,,,,SLE,2005356249.07876,0.0,0,0
Sierra Leone,1961,,,,SLE,2041634016.8749,0.0,0,0
Sierra Leone,1962,,,,SLE,2134343944.58291,0.0,0,0
Sierra Leone,1963,,,,SLE,2170621713.2559,0.0,0,0
Sierra Leone,1964,,,,SLE,2315732958.05168,0.0,0,0
Sierra Leone,1965,,,,SLE,2482006192.12045,0.0,0,0
Sierra Leone,1966,,,,SLE,2524200297.23393,0.0,0,0
Sierra Leone,1967,,,,SLE,2525116116.33552,0.0,0,0
Sierra Leone,1968,,,,SLE,2576121538.21916,0.0,0,0
Sierra Leone,1969,,,,SLE,2795747409.3316,0.0,0,0
Sierra Leone,1970,0.03,0.03,,SLE,3036754625.67978,0.000987896741683055,0,0
Sierra Leone,1971,0.08,0.08,,SLE,3142006005.27901,0.0025461440832891093,0,0
Sierra Leone,1972,0.09,0.09,,SLE,3170291431.93802,0.0028388557308430917,0,0
Sierra Leone,1973,0.09,0.09,,SLE,3241832807.34461,0.002776207329264433,0,0
Sierra Leone,1974,0.82,0.66,,SLE,3355291389.44335,0.02443901005378969,0,0
Sierra Leone,1975,5.35,5.04,,SLE,3411298468.53725,0.1568317767953637,0,0
Sierra Leone,1976,18.69,17.8,,SLE,3395975722.69911,0.5503572912807884,0,0
Sierra Leone,1977,65.52,12.93,,SLE,3397560821.63871,1.9284422984486387,1,0
Sierra Leone,1978,25.92,2.18,,SLE,3479317420.56144,0.7449737079699218,0,0
Sierra Leone,1979,40.32,14.86,,SLE,3636278670.42028,1.108825908420815,1,0
Sierra Leone,1980,60.9,16.4,,SLE,3812401964.96231,1.5974181253629185,1,0
Sierra Leone,1981,129.44,,,SLE,3922253603.97286,3.3001435671801005,1,0
Sierra Leone,1982,174.21,,,SLE,4109806182.32945,4.238886027011066,1,0
Sierra Leone,1983,55.7,25.05,,SLE,4023385111.53585,1.384406375623774,1,0
Sierra Leone,1984,59.0,,,SLE,4188063642.81064,1.408765602243921,1,0
Sierra Leone,1985,220.48,34.18,,SLE,3965621323.24253,5.5597845086157225,1,1
Sierra Leone,1986,269.13,38.07,,SLE,4014638262.38105,6.703717306783728,1,1
Sierra Leone,1987,350.72,56.22,9.0,SLE,4304947544.40648,8.146905307956628,1,1
Sierra Leone,1988,468.03,66.93,9.0,SLE,4000157258.03699,11.700290008840248,1,1
Sierra Leone,1989,771.54,310.16,9.0,SLE,4029358405.59328,19.147961594307443,1,1
Sierra Leone,1990,886.14,345.92,9.0,SLE,4164341831.33004,21.279232971059383,1,1
Sierra Leone,1991,977.0,371.14,9.0,SLE,4262285540.81822,22.921974387770554,1,1
Sierra Leone,1992,1004.94,378.89,,SLE,3451901036.4416,29.11265385046915,1,1
Sierra Leone,1993,446.73,439.46,0.67,SLE,3499349141.24849,12.766088262933852,1,1
Sierra Leone,1994,715.7,317.11,0.83,SLE,3431203339.79824,20.85857144339584,1,1
Sierra Leone,1995,609.93,89.81,0.11,SLE,3156715557.04632,19.32166484365478,1,1
Sierra Leone,1996,144.86,89.86,1.95,SLE,3212078685.59765,4.509852160519126,1,0
Sierra Leone,1997,178.16,89.69,1.95,SLE,3023302224.4158,5.892894152665345,1,1
Sierra Leone,1998,144.08,88.59,5.0,SLE,3077268543.10996,4.682074313033121,1,0
Sierra Leone,1999,165.97,88.67,7.07,SLE,3016360576.09675,5.502326257518242,1,1
Sierra Leone,2000,107.22,15.43,9.26,SLE,3217030909.61881,3.332886845426817,1,0
Sierra Leone,2001,208.43,3.99,24.44,SLE,3012895640.5399,6.91792962210434,1,1
Sierra Leone,2002,89.01,0.51,14.82,SLE,3812040149.67774,2.3349701604670843,1,0
Sierra Leone,2003,109.48,12.77,18.73,SLE,4173559981.29382,2.623180222416757,1,0
Sierra Leone,2004,100.79,0.95,21.66,SLE,4443958500.36539,2.2680229797760907,1,0
Sierra Leone,2005,294.07,212.19,24.16,SLE,4637426225.10187,6.341232953922414,1,1
Sierra Leone,2006,519.82,212.45,27.17,SLE,4836052320.36646,10.748849796575605,1,1
Sierra Leone,2007,1176.07,211.76,23.83,SLE,5017392581.4315,23.439864051149417,1,1
Sierra Leone,2008,219.53,211.1,8.43,SLE,5202336667.33238,4.21983454816601,1,0
Sierra Leone,2009,232.78,211.1,0.84,SLE,5281974205.57014,4.407064308540552,1,0
Sierra Leone,2010,222.8,211.1,0.84,SLE,5617678842.06416,3.9660508595064927,1,0
Sierra Leone,2011,219.73,208.0,0.84,SLE,6072747634.58121,3.6182962510865653,1,0
Sierra Leone,2012,220.69,209.6,0.84,SLE,6715143020.4477,3.286452713337542,1,0
Sierra Leone,2013,205.52,195.44,0.84,SLE,7699806185.67422,2.6691580936462755,1,0
Sierra Leone,2014,205.98,195.44,0.84,SLE,7098065167.70102,2.9019175667376196,1,0
Sierra Leone,2015,202.24,193.44,0.87,SLE,6788352974.78329,2.9792204493676357,1,0
Sierra Leone,2016,202.44,193.44,5.32,SLE,7225348888.80731,2.8018024197225557,1,0
Sierra Leone,2017,202.78,193.44,0.93,SLE,7457128029.04966,2.719277437775765,1,0
Sierra Leone,2018,203.02,193.44,0.96,SLE,7672926606.69678,2.645926520694309,1,0
Sierra Leone,2019,196.95,187.0,0.98,SLE,8095145458.32686,2.432939605765978,1,0
Sierra Leone,2020,196.92,179.43,12.06,SLE,7993685031.06354,2.4634445719936036,1,0
Sierra Leone,2021,203.11,168.03,14.46,SLE,8465060863.02376,2.3993920810091867,1,0
Sierra Leone,2022,167.22,164.93,2.29,SLE,8914856495.10508,1.875745280833362,1,0
Sierra Leone,2023,207.0,205.0,2.0,SLE,9423896753.16695,2.19654358936431,1,0
Sint Maarten,1960,,,,SXM,,,0,0
Sint Maarten,1961,,,,SXM,,,0,0
Sint Maarten,1962,,,,SXM,,,0,0
Sint Maarten,1963,,,,SXM,,,0,0
Sint Maarten,1964,,,,SXM,,,0,0
Sint Maarten,1965,,,,SXM,,,0,0
Sint Maarten,1966,,,,SXM,,,0,0
Sint Maarten,1967,,,,SXM,,,0,0
Sint Maarten,1968,,,,SXM,,,0,0
Sint Maarten,1969,,,,SXM,,,0,0
Sint Maarten,1970,,,,SXM,,,0,0
Sint Maarten,1971,,,,SXM,,,0,0
Sint Maarten,1972,,,,SXM,,,0,0
Sint Maarten,1973,,,,SXM,,,0,0
Sint Maarten,1974,,,,SXM,,,0,0
Sint Maarten,1975,,,,SXM,,,0,0
Sint Maarten,1976,,,,SXM,,,0,0
Sint Maarten,1977,,,,SXM,,,0,0
Sint Maarten,1978,,,,SXM,,,0,0
Sint Maarten,1979,,,,SXM,,,0,0
Sint Maarten,1980,,,,SXM,,,0,0
Sint Maarten,1981,,,,SXM,,,0,0
Sint Maarten,1982,,,,SXM,,,0,0
Sint Maarten,1983,,,,SXM,,,0,0
Sint Maarten,1984,,,,SXM,,,0,0
Sint Maarten,1985,,,,SXM,,,0,0
Sint Maarten,1986,,,,SXM,,,0,0
Sint Maarten,1987,,,,SXM,,,0,0
Sint Maarten,1988,,,,SXM,,,0,0
Sint Maarten,1989,,,,SXM,,,0,0
Sint Maarten,1990,,,,SXM,,,0,0
Sint Maarten,1991,,,,SXM,,,0,0
Sint Maarten,1992,,,,SXM,,,0,0
Sint Maarten,1993,,,,SXM,,,0,0
Sint Maarten,1994,,,,SXM,,,0,0
Sint Maarten,1995,,,,SXM,,,0,0
Sint Maarten,1996,,,,SXM,,,0,0
Sint Maarten,1997,,,,SXM,,,0,0
Sint Maarten,1998,,,,SXM,,,0,0
Sint Maarten,1999,,,,SXM,,,0,0
Sint Maarten,2000,,,,SXM,,,0,0
Sint Maarten,2001,,,,SXM,,,0,0
Sint Maarten,2002,,,,SXM,,,0,0
Sint Maarten,2003,,,,SXM,,,0,0
Sint Maarten,2004,,,,SXM,,,0,0
Sint Maarten,2005,,,,SXM,,,0,0
Sint Maarten,2006,,,,SXM,,,0,0
Sint Maarten,2007,,,,SXM,,,0,0
Sint Maarten,2008,,,,SXM,,,0,0
Sint Maarten,2009,,,,SXM,1257551799.47476,0.0,0,0
Sint Maarten,2010,413.41,,,SXM,1297793365.1585,31.854839999856992,1,1
Sint Maarten,2011,,,,SXM,1357491904.26446,0.0,0,0
Sint Maarten,2012,,,,SXM,1376368434.1966,0.0,0,0
Sint Maarten,2013,,,,SXM,1394353867.67664,0.0,0,0
Sint Maarten,2014,,,,SXM,1416389988.22102,0.0,0,0
Sint Maarten,2015,,,,SXM,1417888715.0838,0.0,0,0
Sint Maarten,2016,,,,SXM,1431610451.70303,0.0,0,0
Sint Maarten,2017,,,,SXM,1323735540.53767,0.0,0,0
Sint Maarten,2018,,,,SXM,1232967219.66025,0.0,0,0
Sint Maarten,2019,,,,SXM,1368162086.82719,0.0,0,0
Sint Maarten,2020,,,,SXM,1185966832.34776,0.0,0,0
Sint Maarten,2021,,,,SXM,1240255611.86927,0.0,0,0
Sint Maarten,2022,,,,SXM,1412651157.56389,0.0,0,0
Sint Maarten,2023,,,,SXM,1466331869.0583,0.0,0,0
Slovak Republic,1960,,,,SVK,,,0,0
Slovak Republic,1961,,,,SVK,,,0,0
Slovak Republic,1962,,,,SVK,,,0,0
Slovak Republic,1963,,,,SVK,,,0,0
Slovak Republic,1964,,,,SVK,,,0,0
Slovak Republic,1965,,,,SVK,,,0,0
Slovak Republic,1966,,,,SVK,,,0,0
Slovak Republic,1967,,,,SVK,,,0,0
Slovak Republic,1968,,,,SVK,,,0,0
Slovak Republic,1969,,,,SVK,,,0,0
Slovak Republic,1970,,,,SVK,,,0,0
Slovak Republic,1971,,,,SVK,,,0,0
Slovak Republic,1972,,,,SVK,,,0,0
Slovak Republic,1973,,,,SVK,,,0,0
Slovak Republic,1974,,,,SVK,,,0,0
Slovak Republic,1975,,,,SVK,,,0,0
Slovak Republic,1976,,,,SVK,,,0,0
Slovak Republic,1977,,,,SVK,,,0,0
Slovak Republic,1978,,,,SVK,,,0,0
Slovak Republic,1979,,,,SVK,,,0,0
Slovak Republic,1980,,,,SVK,,,0,0
Slovak Republic,1981,,,,SVK,,,0,0
Slovak Republic,1982,,,,SVK,,,0,0
Slovak Republic,1983,,,,SVK,,,0,0
Slovak Republic,1984,,,,SVK,,,0,0
Slovak Republic,1985,,,,SVK,,,0,0
Slovak Republic,1986,,,,SVK,,,0,0
Slovak Republic,1987,,,,SVK,,,0,0
Slovak Republic,1988,,,,SVK,,,0,0
Slovak Republic,1989,,,,SVK,,,0,0
Slovak Republic,1990,,,,SVK,45559569012.8021,0.0,0,0
Slovak Republic,1991,,,,SVK,38919807326.2816,0.0,0,0
Slovak Republic,1992,,,,SVK,36303816917.8241,0.0,0,0
Slovak Republic,1993,,,,SVK,36994071827.2028,0.0,0,0
Slovak Republic,1994,,,,SVK,39289750244.661,0.0,0,0
Slovak Republic,1995,,,,SVK,41585644560.5088,0.0,0,0
Slovak Republic,1996,,,,SVK,44130510842.8744,0.0,0,0
Slovak Republic,1997,,,,SVK,46551440140.7428,0.0,0,0
Slovak Republic,1998,,,,SVK,48332548393.0038,0.0,0,0
Slovak Republic,1999,,,,SVK,48103809189.8384,0.0,0,0
Slovak Republic,2000,,,,SVK,48483456226.779,0.0,0,0
Slovak Republic,2001,,,,SVK,49901675269.4696,0.0,0,0
Slovak Republic,2002,,,,SVK,52105958758.2435,0.0,0,0
Slovak Republic,2003,,,,SVK,54636588083.9574,0.0,0,0
Slovak Republic,2004,,,,SVK,57581226217.4214,0.0,0,0
Slovak Republic,2005,,,,SVK,61315329710.646,0.0,0,0
Slovak Republic,2006,,,,SVK,66788144152.8851,0.0,0,0
Slovak Republic,2007,,,,SVK,74013706023.7143,0.0,0,0
Slovak Republic,2008,,,,SVK,77983340266.5833,0.0,0,0
Slovak Republic,2009,,,,SVK,73690093871.6194,0.0,0,0
Slovak Republic,2010,,,,SVK,78694079820.7688,0.0,0,0
Slovak Republic,2011,,,,SVK,80710556384.8384,0.0,0,0
Slovak Republic,2012,,,,SVK,81977043067.5237,0.0,0,0
Slovak Republic,2013,,,,SVK,82553606913.1151,0.0,0,0
Slovak Republic,2014,,,,SVK,84789118561.7889,0.0,0,0
Slovak Republic,2015,,,,SVK,89178548717.3324,0.0,0,0
Slovak Republic,2016,,,,SVK,90915584911.6973,0.0,0,0
Slovak Republic,2017,,,,SVK,93529165482.8938,0.0,0,0
Slovak Republic,2018,,,,SVK,97328432250.4869,0.0,0,0
Slovak Republic,2019,,,,SVK,99543529164.3085,0.0,0,0
Slovak Republic,2020,,,,SVK,96969818857.1148,0.0,0,0
Slovak Republic,2021,,,,SVK,102454294896.646,0.0,0,0
Slovak Republic,2022,,,,SVK,103012252413.418,0.0,0,0
Slovak Republic,2023,,,,SVK,105188526684.47,0.0,0,0
Slovenia,1960,,,,SVN,,,0,0
Slovenia,1961,,,,SVN,,,0,0
Slovenia,1962,,,,SVN,,,0,0
Slovenia,1963,,,,SVN,,,0,0
Slovenia,1964,,,,SVN,,,0,0
Slovenia,1965,,,,SVN,,,0,0
Slovenia,1966,,,,SVN,,,0,0
Slovenia,1967,,,,SVN,,,0,0
Slovenia,1968,,,,SVN,,,0,0
Slovenia,1969,,,,SVN,,,0,0
Slovenia,1970,,,,SVN,,,0,0
Slovenia,1971,,,,SVN,,,0,0
Slovenia,1972,,,,SVN,,,0,0
Slovenia,1973,,,,SVN,,,0,0
Slovenia,1974,,,,SVN,,,0,0
Slovenia,1975,,,,SVN,,,0,0
Slovenia,1976,,,,SVN,,,0,0
Slovenia,1977,,,,SVN,,,0,0
Slovenia,1978,,,,SVN,,,0,0
Slovenia,1979,,,,SVN,,,0,0
Slovenia,1980,,,,SVN,,,0,0
Slovenia,1981,,,,SVN,,,0,0
Slovenia,1982,,,,SVN,,,0,0
Slovenia,1983,,,,SVN,,,0,0
Slovenia,1984,,,,SVN,,,0,0
Slovenia,1985,,,,SVN,,,0,0
Slovenia,1986,,,,SVN,,,0,0
Slovenia,1987,,,,SVN,,,0,0
Slovenia,1988,,,,SVN,,,0,0
Slovenia,1989,,,,SVN,,,0,0
Slovenia,1990,,,,SVN,27206131640.8496,0.0,0,0
Slovenia,1991,,,,SVN,24784756707.8199,0.0,0,0
Slovenia,1992,928.54,,,SVN,23430592692.7454,3.9629385913378763,1,0
Slovenia,1993,677.28,,,SVN,24096822864.4667,2.8106609896639965,1,0
Slovenia,1994,714.43,,,SVN,25380577956.4315,2.8148689175888593,1,0
Slovenia,1995,764.09,,,SVN,26422998604.2834,2.8917611185739314,1,0
Slovenia,1996,1681.0,,,SVN,27192863782.3938,6.18176891353523,1,1
Slovenia,1997,,,,SVN,28599098754.7261,0.0,0,0
Slovenia,1998,,,,SVN,29475325366.1332,0.0,0,0
Slovenia,1999,,,,SVN,31028087570.9532,0.0,0,0
Slovenia,2000,,,,SVN,32113425072.0193,0.0,0,0
Slovenia,2001,,,,SVN,33021812643.9619,0.0,0,0
Slovenia,2002,633.0,,,SVN,34105781287.8601,1.8559903221607634,1,0
Slovenia,2003,,,,SVN,35195471631.5843,0.0,0,0
Slovenia,2004,,,,SVN,36795465565.4736,0.0,0,0
Slovenia,2005,,,,SVN,38213609800.3921,0.0,0,0
Slovenia,2006,,,,SVN,40471568430.3753,0.0,0,0
Slovenia,2007,,,,SVN,43360927307.906,0.0,0,0
Slovenia,2008,,,,SVN,44823161262.4126,0.0,0,0
Slovenia,2009,,,,SVN,41420820595.9101,0.0,0,0
Slovenia,2010,,,,SVN,41881476947.431,0.0,0,0
Slovenia,2011,,,,SVN,42155984116.073,0.0,0,0
Slovenia,2012,,,,SVN,40926910455.6051,0.0,0,0
Slovenia,2013,,,,SVN,40589764218.782,0.0,0,0
Slovenia,2014,,,,SVN,41711191731.4298,0.0,0,0
Slovenia,2015,,,,SVN,42709468274.8137,0.0,0,0
Slovenia,2016,,,,SVN,44005450729.606,0.0,0,0
Slovenia,2017,,,,SVN,46282469720.8281,0.0,0,0
Slovenia,2018,,,,SVN,48309217703.4135,0.0,0,0
Slovenia,2019,,,,SVN,50002578162.6734,0.0,0,0
Slovenia,2020,,,,SVN,47959972369.9892,0.0,0,0
Slovenia,2021,,,,SVN,51996698295.6593,0.0,0,0
Slovenia,2022,,,,SVN,53384233078.3164,0.0,0,0
Slovenia,2023,,,,SVN,54652553125.6646,0.0,0,0
Solomon Islands,1960,,,,SLB,,,0,0
Solomon Islands,1961,,,,SLB,,,0,0
Solomon Islands,1962,,,,SLB,,,0,0
Solomon Islands,1963,,,,SLB,,,0,0
Solomon Islands,1964,,,,SLB,,,0,0
Solomon Islands,1965,,,,SLB,,,0,0
Solomon Islands,1966,,,,SLB,,,0,0
Solomon Islands,1967,,,,SLB,,,0,0
Solomon Islands,1968,,,,SLB,,,0,0
Solomon Islands,1969,,,,SLB,,,0,0
Solomon Islands,1970,,,,SLB,,,0,0
Solomon Islands,1971,,,,SLB,,,0,0
Solomon Islands,1972,,,,SLB,,,0,0
Solomon Islands,1973,,,,SLB,,,0,0
Solomon Islands,1974,,,,SLB,,,0,0
Solomon Islands,1975,,,,SLB,,,0,0
Solomon Islands,1976,,,,SLB,,,0,0
Solomon Islands,1977,,,,SLB,,,0,0
Solomon Islands,1978,,,,SLB,,,0,0
Solomon Islands,1979,,,,SLB,,,0,0
Solomon Islands,1980,,,,SLB,526652578.341882,0.0,0,0
Solomon Islands,1981,,,,SLB,517188529.391036,0.0,0,0
Solomon Islands,1982,,,,SLB,508553727.895836,0.0,0,0
Solomon Islands,1983,,,,SLB,528339476.723672,0.0,0,0
Solomon Islands,1984,,,,SLB,529238712.106486,0.0,0,0
Solomon Islands,1985,,,,SLB,512661246.685371,0.0,0,0
Solomon Islands,1986,,,,SLB,511628592.269686,0.0,0,0
Solomon Islands,1987,,,,SLB,554714423.044186,0.0,0,0
Solomon Islands,1988,,,,SLB,561649442.396255,0.0,0,0
Solomon Islands,1989,,,,SLB,585599616.44526,0.0,0,0
Solomon Islands,1990,0.31,,,SLB,598482808.000127,0.051797644954228034,0,0
Solomon Islands,1991,0.24,,,SLB,634391790.743472,0.037831510984518466,0,0
Solomon Islands,1992,9.81,0.33,,SLB,714959534.283423,1.3721056269054714,1,0
Solomon Islands,1993,,,,SLB,743557912.883408,0.0,0,0
Solomon Islands,1994,1.18,1.18,,SLB,803786112.792286,0.14680522358128062,0,0
Solomon Islands,1995,76.09,17.86,,SLB,884877004.332566,8.598935177142751,1,1
Solomon Islands,1996,71.01,0.4,,SLB,899122706.550892,7.897698443452746,1,1
Solomon Islands,1997,81.09,1.51,,SLB,890904028.4635,9.10199049608655,1,1
Solomon Islands,1998,74.86,1.74,,SLB,902410152.843686,8.295562695532652,1,1
Solomon Islands,1999,71.08,1.74,,SLB,898026872.644284,7.9151306230627005,1,1
Solomon Islands,2000,78.87,3.7,,SLB,769815580.39287,10.24531095613176,1,1
Solomon Islands,2001,86.22,4.27,,SLB,708564391.548454,12.168266007776653,1,1
Solomon Islands,2002,98.93,4.8,,SLB,688724702.709347,14.364229947150605,1,1
Solomon Islands,2003,113.77,8.43,,SLB,733653435.607267,15.507321914989621,1,1
Solomon Islands,2004,88.9,12.7,,SLB,790024731.941432,11.252812273551779,1,1
Solomon Islands,2005,93.35,15.47,,SLB,848163277.481457,11.006135549418532,1,1
Solomon Islands,2006,95.23,15.72,,SLB,883254017.822883,10.781722820206436,1,1
Solomon Islands,2007,21.18,6.02,,SLB,915402123.41043,2.3137372591065892,1,0
Solomon Islands,2008,12.41,9.25,,SLB,972394202.454103,1.2762313852427305,1,0
Solomon Islands,2009,10.46,7.28,,SLB,1000251965.11083,1.045736510884136,1,0
Solomon Islands,2010,13.11,12.31,,SLB,1097358149.86722,1.1946874410680148,1,0
Solomon Islands,2011,25.3,23.71,,SLB,1178894466.85833,2.146078441391171,1,0
Solomon Islands,2012,0.0,,,SLB,1207965042.16349,0.0,0,0
Solomon Islands,2013,,,,SLB,1271231571.58946,0.0,0,0
Solomon Islands,2014,,,,SLB,1286352300.29305,0.0,0,0
Solomon Islands,2015,,,,SLB,1307908813.59962,0.0,0,0
Solomon Islands,2016,,,,SLB,1380562408.99877,0.0,0,0
Solomon Islands,2017,,,,SLB,1423021077.98042,0.0,0,0
Solomon Islands,2018,,,,SLB,1462095137.08983,0.0,0,0
Solomon Islands,2019,,,,SLB,1487670872.02155,0.0,0,0
Solomon Islands,2020,,,,SLB,1437368862.92689,0.0,0,0
Solomon Islands,2021,,,,SLB,1434092017.05313,0.0,0,0
Solomon Islands,2022,,,,SLB,1397028143.8117,0.0,0,0
Solomon Islands,2023,,,,SLB,1436719369.01707,0.0,0,0
Somalia,1960,,,,SOM,917045732.27398,0.0,0,0
Somalia,1961,,,,SOM,887131872.87034,0.0,0,0
Somalia,1962,,,,SOM,949911138.760042,0.0,0,0
Somalia,1963,,,,SOM,976592267.239141,0.0,0,0
Somalia,1964,,,,SOM,916916392.314922,0.0,0,0
Somalia,1965,,,,SOM,862417802.402844,0.0,0,0
Somalia,1966,,,,SOM,940886220.381401,0.0,0,0
Somalia,1967,,,,SOM,996783740.230726,0.0,0,0
Somalia,1968,,,,SOM,1017018224.13508,0.0,0,0
Somalia,1969,,,,SOM,999733290.377919,0.0,0,0
Somalia,1970,,,,SOM,1045535150.53668,0.0,0,0
Somalia,1971,,,,SOM,1067892505.95689,0.0,0,0
Somalia,1972,,,,SOM,1226805081.24814,0.0,0,0
Somalia,1973,,,,SOM,1077756045.11294,0.0,0,0
Somalia,1974,0.56,,,SOM,1085866066.19681,0.051571737752278336,0,0
Somalia,1975,1.5,,,SOM,1245436210.76508,0.12043972923177974,0,0
Somalia,1976,3.59,0.44,,SOM,1222421286.0677,0.2936794410336519,0,0
Somalia,1977,7.47,0.44,,SOM,1389224692.68366,0.5377099931595437,0,0
Somalia,1978,11.36,0.47,,SOM,1469791647.97166,0.7728986632681587,0,0
Somalia,1979,17.92,0.02,,SOM,1396493891.65707,1.283213632874273,1,0
Somalia,1980,20.18,0.18,,SOM,1421532243.67638,1.4195949539498518,1,0
Somalia,1981,49.69,4.21,,SOM,1510579931.09983,3.289465123756906,1,0
Somalia,1982,88.15,44.95,,SOM,1552377825.19655,5.678385671918441,1,1
Somalia,1983,157.93,83.21,,SOM,1372667072.79999,11.505338995117851,1,1
Somalia,1984,257.1,129.64,73.0,SOM,1417493799.80225,18.1376454723024,1,1
Somalia,1985,343.85,12.94,75.0,SOM,1552579747.39023,22.14701052090793,1,1
Somalia,1986,381.09,30.86,76.0,SOM,1519262585.4291,25.083879748961568,1,1
Somalia,1987,436.42,,76.0,SOM,1672521530.45046,26.093535542257506,1,1
Somalia,1988,576.03,,,SOM,1729642283.89566,33.30341801673651,1,1
Somalia,1989,577.08,,,SOM,1795501262.06265,32.1403282856542,1,1
Somalia,1990,1142.35,,,SOM,1837281328.3018,62.176106750939155,1,1
Somalia,1991,1330.11,,,SOM,1891491615.50305,70.32069236247985,1,1
Somalia,1992,1453.82,,,SOM,1730935688.55732,83.9904110597958,1,1
Somalia,1993,1613.13,,,SOM,1800010346.16042,89.61781822204232,1,1
Somalia,1994,1820.65,,,SOM,1478762688.89017,123.11982265162644,1,1
Somalia,1995,1977.77,,,SOM,1537774139.79522,128.612515246444,1,1
Somalia,1996,2037.39,,,SOM,1661503678.51954,122.62326146731064,1,1
Somalia,1997,2052.41,,,SOM,1681117593.96895,122.08604605430757,1,1
Somalia,1998,2172.72,,,SOM,1791844290.88289,121.25607180573945,1,1
Somalia,1999,2199.75,,,SOM,1922976751.05888,114.39295866623014,1,1
Somalia,2000,4366.2,,43.0,SOM,2059706442.19302,211.98166450123833,1,1
Somalia,2001,4369.22,,44.0,SOM,2206158044.12576,198.04655480751842,1,1
Somalia,2002,4419.43,,46.0,SOM,2374493799.80543,186.12093240092418,1,1
Somalia,2003,4476.35,,47.0,SOM,2555674023.594,175.15340214261704,1,1
Somalia,2004,4517.59,,49.0,SOM,2737390479.44266,165.03272126963026,1,1
Somalia,2005,4492.77,,50.0,SOM,2932027546.45904,153.23082504548233,1,1
Somalia,2006,4555.27,,55.0,SOM,3122209723.1084,145.898911475584,1,1
Somalia,2007,4621.32,,57.0,SOM,3331221429.82625,138.72749372415745,1,1
Somalia,2008,4630.38,,59.0,SOM,3554225115.76716,130.27818579804725,1,1
Somalia,2009,4653.18,,60.0,SOM,3792157453.24332,122.70534800764332,1,1
Somalia,2010,4651.76,,62.0,SOM,4046017818.73271,114.97131768581829,1,1
Somalia,2011,4661.28,,64.0,SOM,4316872490.4943,107.97817193498491,1,1
Somalia,2012,4671.65,,66.0,SOM,4605859127.18598,101.42841695755935,1,1
Somalia,2013,4682.27,,68.0,SOM,5110628982.78644,91.61827273650204,1,1
Somalia,2014,4649.14,,70.0,SOM,5569461554.68178,83.4755739734276,1,1
Somalia,2015,4628.31,,72.0,SOM,6152149099.99942,75.23078398734576,1,1
Somalia,2016,4618.59,,75.0,SOM,6584944951.37236,70.13862734019433,1,1
Somalia,2017,4669.36,,77.0,SOM,7555288980.07671,61.80253346117003,1,1
Somalia,2018,4670.5,2.3,79.0,SOM,7710498420.37372,60.57325668673992,1,1
Somalia,2019,4683.23,2.3,82.0,SOM,7926418061.75208,59.083812682027585,1,1
Somalia,2020,4715.89,2.4,83.9,SOM,7707287719.38668,61.18741341571812,1,1
Somalia,2021,3017.4,2.4,,SOM,7972973226.06415,37.84535473085411,1,1
Somalia,2022,2958.5,2.5,,SOM,8189695542.68927,36.124664031509404,1,1
Somalia,2023,2762.5,2.5,,SOM,8531635197.8089,32.37949040190405,1,1
South Africa,1960,,,,ZAF,65652787805.9248,0.0,0,0
South Africa,1961,,,,ZAF,68176962953.7039,0.0,0,0
South Africa,1962,,,,ZAF,72388888580.9052,0.0,0,0
South Africa,1963,,,,ZAF,77726634753.2789,0.0,0,0
South Africa,1964,,,,ZAF,83897825365.4676,0.0,0,0
South Africa,1965,,,,ZAF,89034719819.5419,0.0,0,0
South Africa,1966,,,,ZAF,92986424438.8101,0.0,0,0
South Africa,1967,,,,ZAF,99678213920.999,0.0,0,0
South Africa,1968,,,,ZAF,103818221927.864,0.0,0,0
South Africa,1969,,,,ZAF,108714188432.46,0.0,0,0
South Africa,1970,,,,ZAF,114420228110.938,0.0,0,0
South Africa,1971,,,,ZAF,119316194615.533,0.0,0,0
South Africa,1972,,,,ZAF,121290674451.497,0.0,0,0
South Africa,1973,,,,ZAF,126836017069.922,0.0,0,0
South Africa,1974,,,,ZAF,134587120944.563,0.0,0,0
South Africa,1975,,,,ZAF,136868956455.659,0.0,0,0
South Africa,1976,,,,ZAF,139948316809.936,0.0,0,0
South Africa,1977,,,,ZAF,139816794618.765,0.0,0,0
South Africa,1978,,,,ZAF,144031543620.374,0.0,0,0
South Africa,1979,,,,ZAF,149491087027.625,0.0,0,0
South Africa,1980,,,,ZAF,159388269160.579,0.0,0,0
South Africa,1981,,,,ZAF,167932741243.855,0.0,0,0
South Africa,1982,,,,ZAF,167288855024.707,0.0,0,0
South Africa,1983,,,,ZAF,164199769714.136,0.0,0,0
South Africa,1984,,,,ZAF,172572564947.995,0.0,0,0
South Africa,1985,13628.0,,,ZAF,170481777771.837,7.993816217847593,1,1
South Africa,1986,16900.0,,,ZAF,170512207473.79,9.91131382930325,1,1
South Africa,1987,16900.0,,,ZAF,174094206899.749,9.707387914252514,1,1
South Africa,1988,,,,ZAF,181406354481.02,0.0,0,0
South Africa,1989,7500.0,,,ZAF,185750664997.127,4.037670605440901,1,0
South Africa,1990,,,,ZAF,185160422891.731,0.0,0,0
South Africa,1991,,,,ZAF,183275036203.752,0.0,0,0
South Africa,1992,,,,ZAF,179358388483.382,0.0,0,0
South Africa,1993,5000.0,,,ZAF,181570878123.149,2.7537455629909937,1,0
South Africa,1994,,,,ZAF,187381146228.486,0.0,0,0
South Africa,1995,,,,ZAF,193189961762.588,0.0,0,0
South Africa,1996,,,,ZAF,201497130113.101,0.0,0,0
South Africa,1997,,,,ZAF,206736055498.991,0.0,0,0
South Africa,1998,,,,ZAF,207769735777.192,0.0,0,0
South Africa,1999,,,,ZAF,212756209430.574,0.0,0,0
South Africa,2000,,,,ZAF,221691970228.101,0.0,0,0
South Africa,2001,,,,ZAF,227677653424.683,0.0,0,0
South Africa,2002,,,,ZAF,236102579035.79,0.0,0,0
South Africa,2003,,,,ZAF,243065422272.369,0.0,0,0
South Africa,2004,0.05,,,ZAF,254135982543.496,1.967450634088873e-05,0,0
South Africa,2005,0.07,,,ZAF,267546870424.295,2.6163639996606567e-05,0,0
South Africa,2006,,,,ZAF,282539679229.874,0.0,0,0
South Africa,2007,1222.45,,,ZAF,297685145427.081,0.41065199885811676,0,0
South Africa,2008,,,,ZAF,307184409060.741,0.0,0,0
South Africa,2009,,,,ZAF,302459639039.778,0.0,0,0
South Africa,2010,,,,ZAF,311653604140.269,0.0,0,0
South Africa,2011,,,,ZAF,321528523981.702,0.0,0,0
South Africa,2012,,,,ZAF,329233094599.263,0.0,0,0
South Africa,2013,,,,ZAF,337416077838.151,0.0,0,0
South Africa,2014,,,,ZAF,342186555600.731,0.0,0,0
South Africa,2015,,,,ZAF,346709790458.563,0.0,0,0
South Africa,2016,,,,ZAF,349013858372.625,0.0,0,0
South Africa,2017,,,,ZAF,353055253707.071,0.0,0,0
South Africa,2018,,,,ZAF,358551560868.533,0.0,0,0
South Africa,2019,,,,ZAF,359483563936.676,0.0,0,0
South Africa,2020,,,,ZAF,337307318679.639,0.0,0,0
South Africa,2021,,,,ZAF,353695896167.047,0.0,0,0
South Africa,2022,,,,ZAF,360975440918.611,0.0,0,0
South Africa,2023,,,,ZAF,363885280375.697,0.0,0,0
South Sudan,1960,,,,SSD,,,0,0
South Sudan,1961,,,,SSD,,,0,0
South Sudan,1962,,,,SSD,,,0,0
South Sudan,1963,,,,SSD,,,0,0
South Sudan,1964,,,,SSD,,,0,0
South Sudan,1965,,,,SSD,,,0,0
South Sudan,1966,,,,SSD,,,0,0
South Sudan,1967,,,,SSD,,,0,0
South Sudan,1968,,,,SSD,,,0,0
South Sudan,1969,,,,SSD,,,0,0
South Sudan,1970,,,,SSD,,,0,0
South Sudan,1971,,,,SSD,,,0,0
South Sudan,1972,,,,SSD,,,0,0
South Sudan,1973,,,,SSD,,,0,0
South Sudan,1974,,,,SSD,,,0,0
South Sudan,1975,,,,SSD,,,0,0
South Sudan,1976,,,,SSD,,,0,0
South Sudan,1977,,,,SSD,,,0,0
South Sudan,1978,,,,SSD,,,0,0
South Sudan,1979,,,,SSD,,,0,0
South Sudan,1980,,,,SSD,,,0,0
South Sudan,1981,,,,SSD,,,0,0
South Sudan,1982,,,,SSD,,,0,0
South Sudan,1983,,,,SSD,,,0,0
South Sudan,1984,,,,SSD,,,0,0
South Sudan,1985,,,,SSD,,,0,0
South Sudan,1986,,,,SSD,,,0,0
South Sudan,1987,,,,SSD,,,0,0
South Sudan,1988,,,,SSD,,,0,0
South Sudan,1989,,,,SSD,,,0,0
South Sudan,1990,,,,SSD,,,0,0
South Sudan,1991,,,,SSD,,,0,0
South Sudan,1992,,,,SSD,,,0,0
South Sudan,1993,,,,SSD,,,0,0
South Sudan,1994,,,,SSD,,,0,0
South Sudan,1995,,,,SSD,,,0,0
South Sudan,1996,,,,SSD,,,0,0
South Sudan,1997,,,,SSD,,,0,0
South Sudan,1998,,,,SSD,,,0,0
South Sudan,1999,,,,SSD,,,0,0
South Sudan,2000,,,,SSD,,,0,0
South Sudan,2001,,,,SSD,,,0,0
South Sudan,2002,,,,SSD,,,0,0
South Sudan,2003,,,,SSD,,,0,0
South Sudan,2004,,,,SSD,,,0,0
South Sudan,2005,,,,SSD,,,0,0
South Sudan,2006,,,,SSD,,,0,0
South Sudan,2007,,,,SSD,,,0,0
South Sudan,2008,,,,SSD,20185217785.8109,0.0,0,0
South Sudan,2009,,,,SSD,21202884179.2359,0.0,0,0
South Sudan,2010,,,,SSD,22367646895.0144,0.0,0,0
South Sudan,2011,,,,SSD,21329717232.6938,0.0,0,0
South Sudan,2012,,,,SSD,11500530835.4315,0.0,0,0
South Sudan,2013,374.0,333.0,,SSD,13010519613.8763,2.8745969500027675,1,0
South Sudan,2014,1584.0,343.0,,SSD,13449448810.7001,11.777434319388634,1,1
South Sudan,2015,1728.0,20.0,,SSD,11997800760.2242,14.402639571485176,1,1
South Sudan,2016,2040.0,11.0,,SSD,,,0,0
South Sudan,2017,1869.0,11.0,,SSD,,,0,0
South Sudan,2018,719.0,11.0,,SSD,,,0,0
South Sudan,2019,627.0,,,SSD,,,0,0
South Sudan,2020,652.0,,,SSD,,,0,0
South Sudan,2021,,,,SSD,,,0,0
South Sudan,2022,,,,SSD,,,0,0
South Sudan,2023,36.0,,,SSD,,,0,0
Sri Lanka,1960,,,,LKA,,,0,0
Sri Lanka,1961,,,,LKA,6526664103.58491,0.0,0,0
Sri Lanka,1962,,,,LKA,6775853415.55026,0.0,0,0
Sri Lanka,1963,,,,LKA,6946384611.14003,0.0,0,0
Sri Lanka,1964,,,,LKA,7217740530.02289,0.0,0,0
Sri Lanka,1965,,,,LKA,7400851253.59807,0.0,0,0
Sri Lanka,1966,,,,LKA,7772654437.22202,0.0,0,0
Sri Lanka,1967,,,,LKA,8273137554.5471,0.0,0,0
Sri Lanka,1968,,,,LKA,8753070054.59681,0.0,0,0
Sri Lanka,1969,,,,LKA,9428528685.58867,0.0,0,0
Sri Lanka,1970,,,,LKA,9791209285.05024,0.0,0,0
Sri Lanka,1971,1.93,1.93,,LKA,9919171127.58101,0.019457270926937515,0,0
Sri Lanka,1972,0.38,0.38,,LKA,9878454922.75882,0.0038467554184462983,0,0
Sri Lanka,1973,0.21,0.21,,LKA,10575616895.2402,0.001985699766549934,0,0
Sri Lanka,1974,0.21,0.21,,LKA,10982337230.93,0.0019121612784623705,0,0
Sri Lanka,1975,0.02,0.02,,LKA,11655140816.1935,0.00017159809834482877,0,0
Sri Lanka,1976,0.55,0.3,,LKA,12043852197.4931,0.00456664521434829,0,0
Sri Lanka,1977,0.31,0.02,,LKA,12658159750.0751,0.0024490131750640985,0,0
Sri Lanka,1978,,,,LKA,13373831451.5399,0.0,0,0
Sri Lanka,1979,,,,LKA,14230232361.7166,0.0,0,0
Sri Lanka,1980,,,,LKA,15062135518.8953,0.0,0,0
Sri Lanka,1981,,,,LKA,15920605663.1758,0.0,0,0
Sri Lanka,1982,,,,LKA,16579956862.4954,0.0,0,0
Sri Lanka,1983,,,,LKA,17378114488.6136,0.0,0,0
Sri Lanka,1984,,,,LKA,18264250015.3876,0.0,0,0
Sri Lanka,1985,,,,LKA,19177354093.8569,0.0,0,0
Sri Lanka,1986,,,,LKA,20012632748.7716,0.0,0,0
Sri Lanka,1987,,,,LKA,20357972879.4177,0.0,0,0
Sri Lanka,1988,3.8,3.8,,LKA,20861361428.7856,0.01821549381123593,0,0
Sri Lanka,1989,6.66,6.66,,LKA,21341027006.6773,0.031207495299622565,0,0
Sri Lanka,1990,10.68,10.67,,LKA,22706851734.3915,0.04703426139795599,0,0
Sri Lanka,1991,15.59,15.59,,LKA,23751364017.6978,0.06563833550099885,0,0
Sri Lanka,1992,22.7,22.7,,LKA,24796421956.6643,0.09154546587274515,0,0
Sri Lanka,1993,33.01,33.01,,LKA,26507390755.7817,0.12453130639725439,0,0
Sri Lanka,1994,43.11,41.61,,LKA,27991783094.2506,0.15400948147835078,0,0
Sri Lanka,1995,84.1,74.54,,LKA,29531355022.9951,0.2847820560028962,0,0
Sri Lanka,1996,432.76,233.6,0.31,LKA,30653536829.2624,1.411778361532754,1,0
Sri Lanka,1997,288.05,239.44,0.25,LKA,32617018384.0492,0.8831279321989344,0,0
Sri Lanka,1998,345.14,288.88,,LKA,34149503893.2846,1.010673540320071,1,0
Sri Lanka,1999,393.58,335.05,,LKA,35618117138.1271,1.104999454276868,1,0
Sri Lanka,2000,336.77,285.68,,LKA,37755215976.773,0.8919827136128178,0,0
Sri Lanka,2001,280.82,247.08,,LKA,37171743798.187,0.7554663066780759,0,0
Sri Lanka,2002,301.5,268.79,,LKA,38645482886.293,0.7801687997717781,0,0
Sri Lanka,2003,4.44,,,LKA,40941128556.2398,0.010844840278159122,0,0
Sri Lanka,2004,,,,LKA,43170398094.3813,0.0,0,0
Sri Lanka,2005,231.73,2.35,2.38,LKA,45864985572.9226,0.5052438087690294,0,0
Sri Lanka,2006,,,,LKA,49382046547.0422,0.0,0,0
Sri Lanka,2007,1.31,,1.31,LKA,52738458384.8131,0.0024839558078118486,0,0
Sri Lanka,2008,7.91,,1.83,LKA,55876443144.8859,0.01415623392399837,0,0
Sri Lanka,2009,0.03,0.01,,LKA,57853861326.2277,5.1854792942575264e-05,0,0
Sri Lanka,2010,0.06,0.01,,LKA,62491407972.6572,9.60131991685204e-05,0,0
Sri Lanka,2011,0.13,0.05,0.0,LKA,67909089970.56,0.00019143239889734601,0,0
Sri Lanka,2012,0.05,,,LKA,73771125788.2825,6.777719529927764e-05,0,0
Sri Lanka,2013,12.87,0.47,0.7,LKA,76760144670.2947,0.016766513475554384,0,0
Sri Lanka,2014,115.16,44.29,13.02,LKA,81655890498.5574,0.14103085435340945,0,0
Sri Lanka,2015,76.81,0.78,4.6,LKA,85090300895.6546,0.09026880759793215,0,0
Sri Lanka,2016,143.96,60.92,4.06,LKA,89390445520.6344,0.16104629433440856,0,0
Sri Lanka,2017,194.87,160.43,15.59,LKA,95165677292.2796,0.2047692041338616,0,0
Sri Lanka,2018,188.79,167.93,6.12,LKA,97364084619.6196,0.19390106807614088,0,0
Sri Lanka,2019,228.48,178.4,18.31,LKA,97149412501.4789,0.23518412939092337,0,0
Sri Lanka,2020,330.47,201.3,44.18,LKA,92656723311.8673,0.35666057269011375,0,0
Sri Lanka,2021,310.32,185.23,42.31,LKA,96555233166.2537,0.32139117666017675,0,0
Sri Lanka,2022,25001.55,251.0,7384.0,LKA,89459202621.6389,27.94743220073424,1,1
Sri Lanka,2023,39746.31,251.0,7284.0,LKA,87644138317.9669,45.34965003113285,1,1
St. Kitts & Nevis,1960,,,,KNA,,,0,0
St. Kitts & Nevis,1961,,,,KNA,,,0,0
St. Kitts & Nevis,1962,,,,KNA,,,0,0
St. Kitts & Nevis,1963,,,,KNA,,,0,0
St. Kitts & Nevis,1964,,,,KNA,,,0,0
St. Kitts & Nevis,1965,,,,KNA,,,0,0
St. Kitts & Nevis,1966,,,,KNA,,,0,0
St. Kitts & Nevis,1967,,,,KNA,,,0,0
St. Kitts & Nevis,1968,,,,KNA,,,0,0
St. Kitts & Nevis,1969,,,,KNA,,,0,0
St. Kitts & Nevis,1970,,,,KNA,,,0,0
St. Kitts & Nevis,1971,,,,KNA,,,0,0
St. Kitts & Nevis,1972,,,,KNA,,,0,0
St. Kitts & Nevis,1973,,,,KNA,,,0,0
St. Kitts & Nevis,1974,,,,KNA,,,0,0
St. Kitts & Nevis,1975,,,,KNA,,,0,0
St. Kitts & Nevis,1976,,,,KNA,,,0,0
St. Kitts & Nevis,1977,,,,KNA,194002839.825459,0.0,0,0
St. Kitts & Nevis,1978,,,,KNA,201588164.973714,0.0,0,0
St. Kitts & Nevis,1979,,,,KNA,216904178.644145,0.0,0,0
St. Kitts & Nevis,1980,,,,KNA,235211153.856773,0.0,0,0
St. Kitts & Nevis,1981,,,,KNA,238849643.15553,0.0,0,0
St. Kitts & Nevis,1982,,,,KNA,240157913.520821,0.0,0,0
St. Kitts & Nevis,1983,,,,KNA,243007916.639823,0.0,0,0
St. Kitts & Nevis,1984,,,,KNA,264552530.635244,0.0,0,0
St. Kitts & Nevis,1985,,,,KNA,287171952.607537,0.0,0,0
St. Kitts & Nevis,1986,,,,KNA,318350193.838284,0.0,0,0
St. Kitts & Nevis,1987,,,,KNA,339203230.569898,0.0,0,0
St. Kitts & Nevis,1988,,,,KNA,370496000.519493,0.0,0,0
St. Kitts & Nevis,1989,0.2,,,KNA,390798418.410495,0.051177279788763075,0,0
St. Kitts & Nevis,1990,,,,KNA,409858640.19708,0.0,0,0
St. Kitts & Nevis,1991,,,,KNA,402216050.689402,0.0,0,0
St. Kitts & Nevis,1992,1.2,,,KNA,419386548.61501,0.28613221000122735,0,0
St. Kitts & Nevis,1993,1.1,,,KNA,447913009.509376,0.24558340049218286,0,0
St. Kitts & Nevis,1994,1.7,0.1,,KNA,471660098.86724,0.3604290471216022,0,0
St. Kitts & Nevis,1995,1.9,0.4,,KNA,497050234.845487,0.3822551256998468,0,0
St. Kitts & Nevis,1996,0.2,,,KNA,526092074.974665,0.038016159055357636,0,0
St. Kitts & Nevis,1997,0.2,0.1,,KNA,561992423.382491,0.03558766838816978,0,0
St. Kitts & Nevis,1998,0.9,0.5,,KNA,559256948.982336,0.16092781710405288,0,0
St. Kitts & Nevis,1999,0.7,0.5,,KNA,577264387.545673,0.12126159435820319,0,0
St. Kitts & Nevis,2000,1.6,1.4,,KNA,635237944.035906,0.25187412292071176,0,0
St. Kitts & Nevis,2001,1.9,1.5,,KNA,668609850.727648,0.28417170311389073,0,0
St. Kitts & Nevis,2002,2.0,1.5,,KNA,677754528.432512,0.29509208955424215,0,0
St. Kitts & Nevis,2003,2.9,2.9,,KNA,651095766.645498,0.44540298809513873,0,0
St. Kitts & Nevis,2004,5.1,3.9,,KNA,677115810.577404,0.7531946412019274,0,0
St. Kitts & Nevis,2005,4.7,3.9,,KNA,743018278.372433,0.6325550981458031,0,0
St. Kitts & Nevis,2006,5.5,5.2,,KNA,766426186.524481,0.7176163989047522,0,0
St. Kitts & Nevis,2007,2.7,2.6,,KNA,771029360.031988,0.3501812174685519,0,0
St. Kitts & Nevis,2008,11.1,11.0,,KNA,858287028.941268,1.2932736515536418,1,0
St. Kitts & Nevis,2009,12.1,10.6,,KNA,829064585.832369,1.4594761622644603,1,0
St. Kitts & Nevis,2010,3.5,0.2,,KNA,828615280.858431,0.42239143796311124,0,0
St. Kitts & Nevis,2011,753.0,,,KNA,842010736.012811,89.42878846957402,1,1
St. Kitts & Nevis,2012,758.0,,,KNA,835799755.490721,90.69157953449715,1,1
St. Kitts & Nevis,2013,17.46,,,KNA,883668355.018065,1.9758543916221898,1,0
St. Kitts & Nevis,2014,66.48,,,KNA,950623606.036342,6.993304140341166,1,1
St. Kitts & Nevis,2015,,,,KNA,957222222.222222,0.0,0,0
St. Kitts & Nevis,2016,44.98,,,KNA,994866931.117104,4.5212076704060715,1,0
St. Kitts & Nevis,2017,,,,KNA,997065001.528822,0.0,0,0
St. Kitts & Nevis,2018,,,,KNA,1017041453.06618,0.0,0,0
St. Kitts & Nevis,2019,,,,KNA,1046924638.78381,0.0,0,0
St. Kitts & Nevis,2020,,,,KNA,886725390.821136,0.0,0,0
St. Kitts & Nevis,2021,,,,KNA,889985054.357552,0.0,0,0
St. Kitts & Nevis,2022,,,,KNA,983259885.957027,0.0,0,0
St. Kitts & Nevis,2023,,,,KNA,1012966873.64566,0.0,0,0
St. Lucia,1960,,,,LCA,,,0,0
St. Lucia,1961,,,,LCA,,,0,0
St. Lucia,1962,,,,LCA,,,0,0
St. Lucia,1963,,,,LCA,,,0,0
St. Lucia,1964,,,,LCA,,,0,0
St. Lucia,1965,,,,LCA,,,0,0
St. Lucia,1966,,,,LCA,,,0,0
St. Lucia,1967,,,,LCA,,,0,0
St. Lucia,1968,,,,LCA,,,0,0
St. Lucia,1969,,,,LCA,,,0,0
St. Lucia,1970,,,,LCA,,,0,0
St. Lucia,1971,,,,LCA,,,0,0
St. Lucia,1972,,,,LCA,,,0,0
St. Lucia,1973,,,,LCA,,,0,0
St. Lucia,1974,,,,LCA,,,0,0
St. Lucia,1975,,,,LCA,,,0,0
St. Lucia,1976,,,,LCA,,,0,0
St. Lucia,1977,,,,LCA,483071666.370725,0.0,0,0
St. Lucia,1978,,,,LCA,532885730.443547,0.0,0,0
St. Lucia,1979,,,,LCA,553096670.870333,0.0,0,0
St. Lucia,1980,,,,LCA,540815003.817063,0.0,0,0
St. Lucia,1981,,,,LCA,574941799.663024,0.0,0,0
St. Lucia,1982,,,,LCA,586937052.519247,0.0,0,0
St. Lucia,1983,,,,LCA,616080730.927389,0.0,0,0
St. Lucia,1984,0.2,,,LCA,660842530.186584,0.030264395958827208,0,0
St. Lucia,1985,0.3,,,LCA,715611606.683218,0.04192218197668249,0,0
St. Lucia,1986,0.2,,,LCA,818674128.230424,0.024429744766981083,0,0
St. Lucia,1987,0.01,0.0,,LCA,850796701.904777,0.0011753689192273362,0,0
St. Lucia,1988,0.09,0.01,,LCA,969054583.354008,0.009287402541196366,0,0
St. Lucia,1989,0.11,,,LCA,1056085416.33001,0.010415824165270617,0,0
St. Lucia,1990,1.37,0.0,,LCA,1160539672.65499,0.11804852796335893,0,0
St. Lucia,1991,0.17,,,LCA,1164899565.29353,0.01459353278728056,0,0
St. Lucia,1992,0.35,,,LCA,1257544905.59482,0.02783200810109041,0,0
St. Lucia,1993,1.16,,,LCA,1264878904.44378,0.09170838377687233,0,0
St. Lucia,1994,0.42,,,LCA,1285098754.70856,0.032682313204423684,0,0
St. Lucia,1995,0.0,,,LCA,1307565183.52965,0.0,0,0
St. Lucia,1996,,,,LCA,1345779926.11894,0.0,0,0
St. Lucia,1997,,,,LCA,1336438462.00596,0.0,0,0
St. Lucia,1998,,,,LCA,1420453281.22774,0.0,0,0
St. Lucia,1999,,,,LCA,1458387956.43222,0.0,0,0
St. Lucia,2000,,,,LCA,1459098899.46569,0.0,0,0
St. Lucia,2001,,,,LCA,1409371875.70461,0.0,0,0
St. Lucia,2002,,,,LCA,1415241211.82979,0.0,0,0
St. Lucia,2003,0.09,0.09,,LCA,1475595751.12365,0.006099231441366376,0,0
St. Lucia,2004,0.0,,,LCA,1582833327.62538,0.0,0,0
St. Lucia,2005,,,,LCA,1576338887.67283,0.0,0,0
St. Lucia,2006,,,,LCA,1673997137.54872,0.0,0,0
St. Lucia,2007,0.73,0.0,,LCA,1702314784.0614,0.0428827856536826,0,0
St. Lucia,2008,56.56,0.76,,LCA,1786567823.16159,3.1658467854810515,1,0
St. Lucia,2009,4.65,1.49,,LCA,1736027614.08199,0.2678528821938651,0,0
St. Lucia,2010,8.79,3.98,,LCA,1741756827.17338,0.5046628704343822,0,0
St. Lucia,2011,5.52,1.69,,LCA,1817121648.89295,0.30377713035134246,0,0
St. Lucia,2012,0.26,,,LCA,1815145417.37838,0.014323921241280976,0,0
St. Lucia,2013,,,,LCA,1782131987.48386,0.0,0,0
St. Lucia,2014,,,,LCA,1805800308.13675,0.0,0,0
St. Lucia,2015,0.0,,,LCA,1807640740.74074,0.0,0,0
St. Lucia,2016,0.23,,,LCA,1869604354.17882,0.012302068054447921,0,0
St. Lucia,2017,0.19,,,LCA,1932793731.46772,0.009830329895354033,0,0
St. Lucia,2018,0.48,,,LCA,1988589215.44077,0.02413771513357062,0,0
St. Lucia,2019,,,,LCA,1968119316.49773,0.0,0,0
St. Lucia,2020,,,,LCA,1517409879.57457,0.0,0,0
St. Lucia,2021,1.42,,,LCA,1686550996.36471,0.08419549738257251,0,0
St. Lucia,2022,,,,LCA,2012825747.32479,0.0,0,0
St. Lucia,2023,,,,LCA,2091481905.7983,0.0,0,0
St. Vincent and the Grenadines,1960,,,,VCT,159345007.065528,0.0,0,0
St. Vincent and the Grenadines,1961,,,,VCT,166559007.177394,0.0,0,0
St. Vincent and the Grenadines,1962,,,,VCT,172712132.880992,0.0,0,0
St. Vincent and the Grenadines,1963,,,,VCT,161891132.892925,0.0,0,0
St. Vincent and the Grenadines,1964,,,,VCT,167832093.276674,0.0,0,0
St. Vincent and the Grenadines,1965,,,,VCT,169317298.32464,0.0,0,0
St. Vincent and the Grenadines,1966,,,,VCT,169317298.32464,0.0,0,0
St. Vincent and the Grenadines,1967,,,,VCT,153191834.631302,0.0,0,0
St. Vincent and the Grenadines,1968,,,,VCT,163164172.621043,0.0,0,0
St. Vincent and the Grenadines,1969,,,,VCT,167832046.546046,0.0,0,0
St. Vincent and the Grenadines,1970,,,,VCT,185867093.017141,0.0,0,0
St. Vincent and the Grenadines,1971,,,,VCT,191383722.401727,0.0,0,0
St. Vincent and the Grenadines,1972,,,,VCT,240820987.171077,0.0,0,0
St. Vincent and the Grenadines,1973,,,,VCT,214086642.797826,0.0,0,0
St. Vincent and the Grenadines,1974,,,,VCT,195202934.328404,0.0,0,0
St. Vincent and the Grenadines,1975,,,,VCT,180350510.363183,0.0,0,0
St. Vincent and the Grenadines,1976,,,,VCT,199065158.56316,0.0,0,0
St. Vincent and the Grenadines,1977,,,,VCT,225400306.904304,0.0,0,0
St. Vincent and the Grenadines,1978,,,,VCT,247438763.059867,0.0,0,0
St. Vincent and the Grenadines,1979,,,,VCT,255807678.655701,0.0,0,0
St. Vincent and the Grenadines,1980,,,,VCT,262056344.769229,0.0,0,0
St. Vincent and the Grenadines,1981,,,,VCT,274147373.235624,0.0,0,0
St. Vincent and the Grenadines,1982,,,,VCT,286420537.560707,0.0,0,0
St. Vincent and the Grenadines,1983,0.5,,,VCT,292631842.177506,0.17086315565641952,0,0
St. Vincent and the Grenadines,1984,0.36,,,VCT,311905567.345789,0.11541954927687836,0,0
St. Vincent and the Grenadines,1985,0.17,,,VCT,331179292.154605,0.051331711863385046,0,0
St. Vincent and the Grenadines,1986,0.13,,,VCT,349724473.169205,0.037172119761004804,0,0
St. Vincent and the Grenadines,1987,0.21,0.0,,VCT,351256283.751094,0.05978540732635248,0,0
St. Vincent and the Grenadines,1988,0.09,0.0,,VCT,400694532.739368,0.022461000249918695,0,0
St. Vincent and the Grenadines,1989,0.18,,,VCT,406326738.470468,0.04429932440025295,0,0
St. Vincent and the Grenadines,1990,1.04,,,VCT,423185993.807571,0.24575482535296372,0,0
St. Vincent and the Grenadines,1991,0.23,,,VCT,427991589.004869,0.053739373835541296,0,0
St. Vincent and the Grenadines,1992,0.08,,,VCT,455288638.440508,0.01757127089180669,0,0
St. Vincent and the Grenadines,1993,0.06,,,VCT,474641732.705092,0.012641113468477846,0,0
St. Vincent and the Grenadines,1994,0.1,,,VCT,468719991.550332,0.021334699138656606,0,0
St. Vincent and the Grenadines,1995,0.62,0.24,,VCT,505123833.920342,0.1227421789203821,0,0
St. Vincent and the Grenadines,1996,1.74,1.38,,VCT,511629384.408127,0.3400899270109164,0,0
St. Vincent and the Grenadines,1997,1.8,0.12,,VCT,529562766.24073,0.33990305111098984,0,0
St. Vincent and the Grenadines,1998,0.19,,,VCT,551222915.673932,0.03446881372261232,0,0
St. Vincent and the Grenadines,1999,0.45,,,VCT,566162769.409356,0.07948244291468658,0,0
St. Vincent and the Grenadines,2000,1.71,,,VCT,575442357.828232,0.2971626917513831,0,0
St. Vincent and the Grenadines,2001,64.03,0.95,,VCT,585502419.631668,10.935906984001953,1,1
St. Vincent and the Grenadines,2002,68.35,2.02,,VCT,616780702.911886,11.081734509090918,1,1
St. Vincent and the Grenadines,2003,67.53,4.17,,VCT,658051576.157716,10.262113555642484,1,1
St. Vincent and the Grenadines,2004,68.39,5.09,,VCT,685128416.494525,9.982070273762544,1,1
St. Vincent and the Grenadines,2005,69.18,6.22,,VCT,702178229.987386,9.85219949089603,1,1
St. Vincent and the Grenadines,2006,62.64,,,VCT,751309123.00666,8.337447008405983,1,1
St. Vincent and the Grenadines,2007,61.86,0.01,,VCT,776274889.240281,7.968826617661263,1,1
St. Vincent and the Grenadines,2008,0.45,0.1,,VCT,779416014.229364,0.05773553426983801,0,0
St. Vincent and the Grenadines,2009,1.33,0.57,,VCT,768674152.560189,0.17302520132493435,0,0
St. Vincent and the Grenadines,2010,0.18,,,VCT,734310821.044753,0.024512780533984504,0,0
St. Vincent and the Grenadines,2011,0.18,,,VCT,729858865.987443,0.02466230231463638,0,0
St. Vincent and the Grenadines,2012,0.18,,,VCT,738391734.91399,0.024377304280222868,0,0
St. Vincent and the Grenadines,2013,0.03,,,VCT,756574514.514743,0.00396524062395118,0,0
St. Vincent and the Grenadines,2014,0.02,,,VCT,765242794.423219,0.0026135496009569693,0,0
St. Vincent and the Grenadines,2015,0.02,,,VCT,786555555.555555,0.002542732024297219,0,0
St. Vincent and the Grenadines,2016,4.61,,,VCT,819195102.035842,0.5627475052699107,0,0
St. Vincent and the Grenadines,2017,4.3,,,VCT,831877075.602191,0.5169032933005463,0,0
St. Vincent and the Grenadines,2018,3.75,,,VCT,858294259.20171,0.43691309359191494,0,0
St. Vincent and the Grenadines,2019,3.75,,,VCT,864031342.481725,0.43401203354834506,0,0
St. Vincent and the Grenadines,2020,3.75,,,VCT,827146498.160775,0.4533658799666588,0,0
St. Vincent and the Grenadines,2021,5.12,,,VCT,844461993.24839,0.6063031895970721,0,0
St. Vincent and the Grenadines,2022,73.75,,,VCT,870731795.635827,8.469887096077176,1,1
St. Vincent and the Grenadines,2023,4.0,,,VCT,917110146.812992,0.4361526272389657,0,0
Sudan,1960,,,,SDN,9621210052.7813,0.0,0,0
Sudan,1961,,,,SDN,9623364370.0568,0.0,0,0
Sudan,1962,,,,SDN,10288901060.5718,0.0,0,0
Sudan,1963,,,,SDN,9995978959.51054,0.0,0,0
Sudan,1964,,,,SDN,9883979101.6659,0.0,0,0
Sudan,1965,,,,SDN,10553823687.5175,0.0,0,0
Sudan,1966,,,,SDN,10176508923.8016,0.0,0,0
Sudan,1967,,,,SDN,10321430684.7007,0.0,0,0
Sudan,1968,,,,SDN,10524063160.6711,0.0,0,0
Sudan,1969,,,,SDN,10670279283.5861,0.0,0,0
Sudan,1970,,,,SDN,11302501304.2396,0.0,0,0
Sudan,1971,,,,SDN,11556504009.1107,0.0,0,0
Sudan,1972,,,,SDN,10970475252.2477,0.0,0,0
Sudan,1973,,,,SDN,11039830075.6015,0.0,0,0
Sudan,1974,,,,SDN,12303370550.4611,0.0,0,0
Sudan,1975,0.17,,,SDN,14236656553.9736,0.0011941005906513297,0,0
Sudan,1976,23.05,13.3,,SDN,16609226650.6473,0.1387782856169386,0,0
Sudan,1977,176.36,123.4,,SDN,17642960631.5428,0.9996054725911276,0,0
Sudan,1978,248.97,130.4,,SDN,16596558979.2378,1.5001302397169198,1,0
Sudan,1979,955.98,,,SDN,15763644181.2978,6.064460660271611,1,1
Sudan,1980,613.67,473.3,,SDN,16003931008.687,3.834495410326984,1,0
Sudan,1981,899.52,,,SDN,17194233566.753,5.231521349921197,1,1
Sudan,1982,951.77,,15.52,SDN,18218780590.62,5.224114727469861,1,1
Sudan,1983,2062.86,,33.28,SDN,18594543247.9579,11.093899820456997,1,1
Sudan,1984,2987.74,,44.31,SDN,17663159912.4505,16.91509341934897,1,1
Sudan,1985,3627.68,,53.22,SDN,16553729141.1377,21.9145786974661,1,1
Sudan,1986,4705.84,,59.16,SDN,17449916752.4451,26.967693122894776,1,1
Sudan,1987,6436.74,,71.95,SDN,19931449274.84,32.2943901933176,1,1
Sudan,1988,6933.39,,77.32,SDN,19865457877.1765,34.901737693978845,1,1
Sudan,1989,9294.44,,78.71,SDN,21639720128.4311,42.95083275032104,1,1
Sudan,1990,10612.83,,85.1,SDN,20456015800.8977,51.881217258026666,1,1
Sudan,1991,13054.32,,93.03,SDN,21992448809.6895,59.35819204566472,1,1
Sudan,1992,12059.84,,96.88,SDN,23439081607.5571,51.451845263902044,1,1
Sudan,1993,12815.17,,101.96,SDN,24509954458.5396,52.28557246680244,1,1
Sudan,1994,14321.95,,93.7,SDN,24756580788.9443,57.85108259536326,1,1
Sudan,1995,15363.85,,97.95,SDN,26241255779.4056,58.54845564234659,1,1
Sudan,1996,15074.31,,101.04,SDN,27794508186.0374,54.23485063704994,1,1
Sudan,1997,13665.48,,103.21,SDN,32884421186.4108,41.55609102114025,1,1
Sudan,1998,13890.92,,104.76,SDN,34301247872.5417,40.49683571751261,1,1
Sudan,1999,13577.79,,107.28,SDN,35365991403.8139,38.39222219155931,1,1
Sudan,2000,13590.59,,24.46,SDN,37610270337.133,36.1353159075325,1,1
Sudan,2001,13621.28,,31.18,SDN,40055073506.847,34.006378736695076,1,1
Sudan,2002,12975.55,,38.42,SDN,42460970095.8851,30.558769549303026,1,1
Sudan,2003,14195.42,,36.56,SDN,45131259048.7124,31.453631693895755,1,1
Sudan,2004,15523.86,,46.46,SDN,47451406763.008,32.71527876408932,1,1
Sudan,2005,15542.09,,77.85,SDN,50129334265.0222,31.00398245433016,1,1
Sudan,2006,16677.43,,97.7,SDN,53403487491.79,31.22910278577576,1,1
Sudan,2007,18350.04,,100.21,SDN,56466323951.3765,32.49731648159234,1,1
Sudan,2008,19695.69,,193.32,SDN,58638439292.8844,33.58835984979909,1,1
Sudan,2009,20643.02,,244.81,SDN,57015500648.426,36.2059786641019,1,1
Sudan,2010,21902.23,,21.69,SDN,59215296613.7581,36.98745299354159,1,1
Sudan,2011,22913.32,,189.94,SDN,57312394053.386,39.97969440721049,1,1
Sudan,2012,23924.94,,312.64,SDN,47566600027.2224,50.29777193725795,1,1
Sudan,2013,24879.58,,492.8,SDN,48496595854.7667,51.30170388558232,1,1
Sudan,2014,25250.1,,638.02,SDN,50757206252.6521,49.746827818524125,1,1
Sudan,2015,25998.2,,275.82,SDN,51726758676.7677,50.26064007307828,1,1
Sudan,2016,26691.55,,275.4,SDN,53520457581.1072,49.8716774974326,1,1
Sudan,2017,27965.08,,311.19,SDN,53900054790.1369,51.883212566079415,1,1
Sudan,2018,27283.29,,331.02,SDN,52455031754.9093,52.012722301796224,1,1
Sudan,2019,27714.21,,352.85,SDN,51312429477.3951,54.01071491305838,1,1
Sudan,2020,32492.18,,381.39,SDN,49449890489.355,65.70728403735198,1,1
Sudan,2021,30692.22,,402.96,SDN,48525909156.8784,63.24913954888668,1,1
Sudan,2022,28518.89,,432.48,SDN,48061119947.9824,59.33879616385681,1,1
Sudan,2023,29377.33,,450.0,SDN,33915159966.5036,86.62005436216312,1,1
Suriname,1960,,,,SUR,1039858389.18455,0.0,0,0
Suriname,1961,,,,SUR,1089771591.7296,0.0,0,0
Suriname,1962,,,,SUR,1132272683.87584,0.0,0,0
Suriname,1963,,,,SUR,1195679954.17757,0.0,0,0
Suriname,1964,,,,SUR,1273399151.27813,0.0,0,0
Suriname,1965,,,,SUR,1426207049.44322,0.0,0,0
Suriname,1966,,,,SUR,1700038802.72792,0.0,0,0
Suriname,1967,,,,SUR,1905743497.97625,0.0,0,0
Suriname,1968,,,,SUR,2050580003.84585,0.0,0,0
Suriname,1969,,,,SUR,2142856103.91648,0.0,0,0
Suriname,1970,,,,SUR,2200713218.75969,0.0,0,0
Suriname,1971,,,,SUR,2286541034.28868,0.0,0,0
Suriname,1972,,,,SUR,2272821788.01739,0.0,0,0
Suriname,1973,,,,SUR,2231910996.00868,0.0,0,0
Suriname,1974,,,,SUR,2240838639.82062,0.0,0,0
Suriname,1975,,,,SUR,2303582121.69931,0.0,0,0
Suriname,1976,,,,SUR,2506297348.55636,0.0,0,0
Suriname,1977,,,,SUR,2761939678.05467,0.0,0,0
Suriname,1978,,,,SUR,2944227696.75827,0.0,0,0
Suriname,1979,,,,SUR,2926562330.77441,0.0,0,0
Suriname,1980,,,,SUR,2669024845.55855,0.0,0,0
Suriname,1981,,,,SUR,2858525609.60726,0.0,0,0
Suriname,1982,,,,SUR,2738467534.00317,0.0,0,0
Suriname,1983,,,,SUR,2631667300.03246,0.0,0,0
Suriname,1984,,,,SUR,2581665621.49604,0.0,0,0
Suriname,1985,,,,SUR,2633298934.01962,0.0,0,0
Suriname,1986,,,,SUR,2654365325.33021,0.0,0,0
Suriname,1987,,,,SUR,2489794675.33711,0.0,0,0
Suriname,1988,,,,SUR,2683998659.80501,0.0,0,0
Suriname,1989,,,,SUR,2796726603.44131,0.0,0,0
Suriname,1990,2.0,2.0,,SUR,2670873906.35377,0.07488185777854128,0,0
Suriname,1991,21.0,5.0,,SUR,2742987478.73293,0.7655886205394034,0,0
Suriname,1992,37.8,13.0,,SUR,2753959428.88201,1.3725692398941833,1,0
Suriname,1993,54.0,20.0,,SUR,2569444198.10301,2.1016218231112997,1,0
Suriname,1994,58.0,32.0,,SUR,2656805272.5068,2.1830730539492915,1,0
Suriname,1995,20.0,18.0,,SUR,2656805272.5068,0.7527838117066522,0,0
Suriname,1996,20.0,18.0,,SUR,2683373357.71967,0.7453304976164776,0,0
Suriname,1997,19.0,19.0,,SUR,2836325576.94385,0.6698807835901744,0,0
Suriname,1998,36.0,18.0,,SUR,2901561112.04282,1.2407114174015965,1,0
Suriname,1999,53.0,19.0,,SUR,2860939242.8352,1.8525384673138614,1,0
Suriname,2000,57.0,18.0,,SUR,2921018934.53474,1.9513738622539591,1,0
Suriname,2001,148.0,,,SUR,3043701742.07788,4.862500091712767,1,0
Suriname,2002,136.0,18.0,,SUR,3128925411.81216,4.346540172756427,1,0
Suriname,2003,107.0,,,SUR,3326047695.01974,3.2170314382507663,1,0
Suriname,2004,123.0,,,SUR,3608761755.24276,3.408371301355853,1,0
Suriname,2005,141.0,,,SUR,3771156041.83844,3.7389065431315975,1,0
Suriname,2006,148.0,,,SUR,3989639610.76687,3.7096082463336115,1,0
Suriname,2007,140.0,,,SUR,4193569551.84687,3.3384446894017357,1,0
Suriname,2008,150.0,,,SUR,4367326198.30964,3.434595750096639,1,0
Suriname,2009,117.0,,,SUR,4498944263.51763,2.600610124218791,1,0
Suriname,2010,48.0,,,SUR,4731486826.19641,1.0144802630378804,1,0
Suriname,2011,14.0,,,SUR,5008248887.00011,0.2795388231671102,0,0
Suriname,2012,27.0,,,SUR,5142988298.24504,0.5249866115622566,0,0
Suriname,2013,17.0,,,SUR,5293854859.13611,0.321127051125353,0,0
Suriname,2014,17.0,,,SUR,5307380818.79212,0.3203086528068085,0,0
Suriname,2015,17.21,,1.68,SUR,5126237646.22072,0.3357238034543315,0,0
Suriname,2016,16.99,,16.0,SUR,4874454256.1508,0.348551840004679,0,0
Suriname,2017,0.8,,,SUR,4950790053.58146,0.01615903706967478,0,0
Suriname,2018,,,,SUR,5195768566.26648,0.0,0,0
Suriname,2019,0.03,,,SUR,5256433828.6406,0.0005707291478975679,0,0
Suriname,2020,710.77,,13.24,SUR,4416708447.1504,16.092753427240122,1,1
Suriname,2021,1304.94,21.0,378.0,SUR,4309144555.20541,30.28304071219063,1,1
Suriname,2022,1443.76,39.0,390.0,SUR,4412832154.84564,32.71731054657578,1,1
Suriname,2023,1421.84,43.0,402.0,SUR,4519472310.29538,31.460310018075376,1,1
Syria,1960,,,,SYR,2416809459.5719,0.0,0,0
Syria,1961,,,,SYR,2678623972.66858,0.0,0,0
Syria,1962,,,,SYR,3335457317.12131,0.0,0,0
Syria,1963,,,,SYR,3046848645.11119,0.0,0,0
Syria,1964,,,,SYR,3329333067.50309,0.0,0,0
Syria,1965,3.6,,,SYR,3405886882.28154,0.10569934130015579,0,0
Syria,1966,,,,SYR,3145027774.76421,0.0,0,0
Syria,1967,,,,SYR,3404734187.56585,0.0,0,0
Syria,1968,,,,SYR,3531699456.73388,0.0,0,0
Syria,1969,,,,SYR,4194525816.31044,0.0,0,0
Syria,1970,,,,SYR,4119156358.57562,0.0,0,0
Syria,1971,,,,SYR,4488060363.59913,0.0,0,0
Syria,1972,,,,SYR,5639728751.47333,0.0,0,0
Syria,1973,,,,SYR,5049257331.96814,0.0,0,0
Syria,1974,,,,SYR,6351752284.1667,0.0,0,0
Syria,1975,,,,SYR,7390363889.77066,0.0,0,0
Syria,1976,,,,SYR,8296012086.33179,0.0,0,0
Syria,1977,,,,SYR,8146723865.7142,0.0,0,0
Syria,1978,,,,SYR,8956719228.20998,0.0,0,0
Syria,1979,,,,SYR,9036253893.88506,0.0,0,0
Syria,1980,,,,SYR,10347244177.0016,0.0,0,0
Syria,1981,,,,SYR,11149708543.4403,0.0,0,0
Syria,1982,,,,SYR,11460683575.745,0.0,0,0
Syria,1983,,,,SYR,11726610393.8307,0.0,0,0
Syria,1984,,,,SYR,10834141440.3693,0.0,0,0
Syria,1985,,,,SYR,11847221132.5117,0.0,0,0
Syria,1986,,,,SYR,10905020052.6496,0.0,0,0
Syria,1987,65.0,,,SYR,11088473279.7696,0.5861943151235207,0,0
Syria,1988,92.0,,,SYR,13085633737.1643,0.7030610962212114,0,0
Syria,1989,268.0,,,SYR,11299800376.4421,2.3717233143226863,1,0
Syria,1990,313.0,,,SYR,11722362728.3717,2.6701101753355947,1,0
Syria,1991,390.0,,,SYR,12621053937.7216,3.0900747427627606,1,0
Syria,1992,399.0,,,SYR,14258356769.5027,2.7983589304864633,1,0
Syria,1993,432.0,,,SYR,15135373404.835,2.8542407804884253,1,0
Syria,1994,1408.0,,,SYR,16227092308.8531,8.676847171392685,1,1
Syria,1995,7790.95,994.21,,SYR,17367303480.1649,44.8598713605598,1,1
Syria,1996,7875.81,1079.08,,SYR,19073739937.3351,41.291377705029014,1,1
Syria,1997,7875.08,1078.35,,SYR,20031967344.1722,39.312564086677476,1,1
Syria,1998,7926.13,1129.39,,SYR,21391197330.6904,37.05323211912133,1,1
Syria,1999,7862.72,1065.98,,SYR,20631071856.7183,38.111059156820225,1,1
Syria,2000,11665.73,1059.98,,SYR,20770464164.8342,56.16499423133195,1,1
Syria,2001,12099.24,976.23,,SYR,21558371666.9433,56.12316267166164,1,1
Syria,2002,70.0,,,SYR,23252547295.167,0.30104228629845375,0,0
Syria,2003,,,,SYR,23389919092.1457,0.0,0,0
Syria,2004,2600.0,,,SYR,25004416047.1727,10.398163248823352,1,1
Syria,2005,13450.0,,,SYR,26558566638.7706,50.642793276221035,1,1
Syria,2006,,,,SYR,27898712655.2553,0.0,0,0
Syria,2007,,,,SYR,29481891562.6198,0.0,0,0
Syria,2008,420.23,11.12,14.05,SYR,30801684271.5309,1.3643085108446695,1,0
Syria,2009,470.61,11.12,14.79,SYR,32622770589.0401,1.4425813366020648,1,0
Syria,2010,459.38,11.12,15.44,SYR,34316384709.2057,1.3386608289094244,1,0
Syria,2011,471.65,11.12,16.03,SYR,35294477374.6878,1.3363280464332759,1,0
Syria,2012,1060.04,12.63,19.43,SYR,25998298625.553,4.077343734170806,1,0
Syria,2013,1666.66,14.25,30.67,SYR,19160679076.5945,8.698334716309136,1,1
Syria,2014,2090.13,15.22,37.01,SYR,17185147685.8779,12.162420935826985,1,1
Syria,2015,2383.21,15.98,45.56,SYR,16466861435.0236,14.47276403827093,1,1
Syria,2016,2672.37,16.89,52.52,SYR,15412046167.2679,17.339488676562485,1,1
Syria,2017,2985.86,18.58,59.79,SYR,15300563702.0073,19.514705851054895,1,1
Syria,2018,3187.6,18.3,60.83,SYR,15513736241.5028,20.546952393533928,1,1
Syria,2019,3358.97,18.45,62.21,SYR,15703116792.1143,21.390466902002462,1,1
Syria,2020,3597.94,20.03,69.24,SYR,15853068144.9249,22.69554364561173,1,1
Syria,2021,3609.33,20.11,73.82,SYR,16136789237.2306,22.3670889353416,1,1
Syria,2022,3481.58,19.58,67.32,SYR,16104116653.7273,21.619192625471868,1,1
Syria,2023,4122.0,22.0,60.0,SYR,,,0,0
Tajikistan,1960,,,,TJK,,,0,0
Tajikistan,1961,,,,TJK,,,0,0
Tajikistan,1962,,,,TJK,,,0,0
Tajikistan,1963,,,,TJK,,,0,0
Tajikistan,1964,,,,TJK,,,0,0
Tajikistan,1965,,,,TJK,,,0,0
Tajikistan,1966,,,,TJK,,,0,0
Tajikistan,1967,,,,TJK,,,0,0
Tajikistan,1968,,,,TJK,,,0,0
Tajikistan,1969,,,,TJK,,,0,0
Tajikistan,1970,,,,TJK,,,0,0
Tajikistan,1971,,,,TJK,,,0,0
Tajikistan,1972,,,,TJK,,,0,0
Tajikistan,1973,,,,TJK,,,0,0
Tajikistan,1974,,,,TJK,,,0,0
Tajikistan,1975,,,,TJK,,,0,0
Tajikistan,1976,,,,TJK,,,0,0
Tajikistan,1977,,,,TJK,,,0,0
Tajikistan,1978,,,,TJK,,,0,0
Tajikistan,1979,,,,TJK,,,0,0
Tajikistan,1980,,,,TJK,,,0,0
Tajikistan,1981,,,,TJK,,,0,0
Tajikistan,1982,,,,TJK,,,0,0
Tajikistan,1983,,,,TJK,,,0,0
Tajikistan,1984,,,,TJK,,,0,0
Tajikistan,1985,,,,TJK,6548213772.00103,0.0,0,0
Tajikistan,1986,,,,TJK,6777401245.71111,0.0,0,0
Tajikistan,1987,,,,TJK,6696072427.74077,0.0,0,0
Tajikistan,1988,,,,TJK,7626826568.47547,0.0,0,0
Tajikistan,1989,,,,TJK,7131082790.90936,0.0,0,0
Tajikistan,1990,,,,TJK,7088296320.45359,0.0,0,0
Tajikistan,1991,,,,TJK,6585027345.76362,0.0,0,0
Tajikistan,1992,,,,TJK,4675369345.99069,0.0,0,0
Tajikistan,1993,0.31,,,TJK,3908608780.50055,0.007931210755769226,0,0
Tajikistan,1994,78.56,2.34,,TJK,3076075187.91428,2.5539037637525137,1,0
Tajikistan,1995,185.08,27.91,,TJK,2694139780.48735,6.869725221403337,1,1
Tajikistan,1996,601.03,76.44,5.66,TJK,2244218479.30012,26.78126062786172,1,1
Tajikistan,1997,154.53,89.95,6.1,TJK,2281936478.83437,6.77187999899695,1,1
Tajikistan,1998,306.86,79.62,6.37,TJK,2403172744.02642,12.76895307516963,1,1
Tajikistan,1999,136.89,75.15,6.37,TJK,2492079338.5006,5.493003287863303,1,1
Tajikistan,2000,166.33,72.63,10.89,TJK,2699528109.30372,6.161447233194432,1,1
Tajikistan,2001,189.24,53.74,4.49,TJK,2958165475.04676,6.397208053312456,1,1
Tajikistan,2002,96.24,35.87,0.73,TJK,3277647457.55418,2.9362523348321132,1,0
Tajikistan,2003,108.63,5.89,1.74,TJK,3638188647.66711,2.985826479054517,1,0
Tajikistan,2004,106.98,4.24,1.74,TJK,4012922039.84883,2.665887822830219,1,0
Tajikistan,2005,106.17,3.44,4.49,TJK,4281787756.98917,2.4795717589387403,1,0
Tajikistan,2006,102.91,0.18,0.75,TJK,4581513037.47047,2.2462011819749907,1,0
Tajikistan,2007,,,,TJK,4938871059.83241,0.0,0,0
Tajikistan,2008,,,,TJK,5329041788.19322,0.0,0,0
Tajikistan,2009,,,,TJK,5536874479.12428,0.0,0,0
Tajikistan,2010,363.79,363.79,,TJK,5896771269.65215,6.169308310672527,1,1
Tajikistan,2011,299.32,299.32,,TJK,6333132378.96151,4.726255225523672,1,0
Tajikistan,2012,18.39,18.39,,TJK,6808117273.38834,0.2701187312369468,0,0
Tajikistan,2013,0.79,,,TJK,7311917934.39479,0.010804278810131211,0,0
Tajikistan,2014,0.59,,,TJK,7801816486.46336,0.007562341424252762,0,0
Tajikistan,2015,0.12,,,TJK,8271431485.07484,0.0014507766910302135,0,0
Tajikistan,2016,0.12,,,TJK,8842160257.54501,0.0013571344163051567,0,0
Tajikistan,2017,0.75,,,TJK,9469953672.84779,0.007919785311626147,0,0
Tajikistan,2018,0.1,,,TJK,10189670046.8255,0.0009813860462651006,0,0
Tajikistan,2019,,,,TJK,10943705646.9105,0.0,0,0
Tajikistan,2020,42.27,,39.27,TJK,11425228817.4554,0.3699707084677388,0,0
Tajikistan,2021,40.0,,,TJK,12499200274.9255,0.32002047427181024,0,0
Tajikistan,2022,,,,TJK,13499136339.2248,0.0,0,0
Tajikistan,2023,,,,TJK,14619564549.6174,0.0,0,0
Tanzania,1960,,,,TZA,8038068840.54701,0.0,0,0
Tanzania,1961,,,,TZA,8129565884.88482,0.0,0,0
Tanzania,1962,,,,TZA,8869091956.87428,0.0,0,0
Tanzania,1963,,,,TZA,9424297384.73177,0.0,0,0
Tanzania,1964,,,,TZA,9943685369.9958,0.0,0,0
Tanzania,1965,,,,TZA,10377699460.845,0.0,0,0
Tanzania,1966,,,,TZA,11586045113.7292,0.0,0,0
Tanzania,1967,,,,TZA,12225972344.4658,0.0,0,0
Tanzania,1968,,,,TZA,12994443432.1294,0.0,0,0
Tanzania,1969,,,,TZA,13418275376.6682,0.0,0,0
Tanzania,1970,,,,TZA,7187762855.63836,0.0,0,0
Tanzania,1971,2.26,,2.18,TZA,7468190603.76476,0.030261680772591965,0,0
Tanzania,1972,72.71,,4.01,TZA,7999575904.34943,0.9089231837961188,0,0
Tanzania,1973,151.96,0.99,5.95,TZA,8494906638.14644,1.788836610841872,1,0
Tanzania,1974,219.88,1.84,8.01,TZA,8674437206.56045,2.5348042156983444,1,0
Tanzania,1975,305.0,3.03,8.63,TZA,9020497424.96321,3.3811882608152732,1,0
Tanzania,1976,495.2,3.59,7.26,TZA,9318716167.23332,5.3140367311672545,1,1
Tanzania,1977,842.79,5.39,8.28,TZA,9323337584.19363,9.039573997929974,1,1
Tanzania,1978,1359.96,2.07,9.0,TZA,9517636648.2159,14.288841340196857,1,1
Tanzania,1979,1413.08,3.96,10.01,TZA,9755594117.19275,14.48481745985784,1,1
Tanzania,1980,2060.84,10.24,10.93,TZA,10022700328.2642,20.56172421107307,1,1
Tanzania,1981,2322.98,21.47,9.67,TZA,9924596037.39251,23.406292722119872,1,1
Tanzania,1982,2622.61,36.55,9.37,TZA,9888107299.54427,26.522871572407723,1,1
Tanzania,1983,3172.8,54.61,21.44,TZA,9849382580.7354,32.21318670477621,1,1
Tanzania,1984,3538.06,92.2,30.08,TZA,10309641477.2411,34.31797320799557,1,1
Tanzania,1985,5334.93,156.77,40.98,TZA,10437986617.413,51.11071891105983,1,1
Tanzania,1986,1412.64,114.38,46.91,TZA,11011628451.3937,12.828620273881539,1,1
Tanzania,1987,769.97,166.16,59.41,TZA,11539803390.9647,6.672297385957737,1,1
Tanzania,1988,1189.88,207.44,69.11,TZA,12377066378.3137,9.613586641862334,1,1
Tanzania,1989,1174.28,280.35,64.58,TZA,12842994037.8272,9.143350814781401,1,1
Tanzania,1990,1696.15,349.26,72.11,TZA,13747792168.7767,12.337617409231799,1,1
Tanzania,1991,1670.07,384.33,83.48,TZA,14032644802.1466,11.901320268182989,1,1
Tanzania,1992,2647.43,304.59,85.32,TZA,14114640651.4198,18.756623461991527,1,1
Tanzania,1993,2089.78,379.38,91.3,TZA,14284835102.5474,14.629360332114244,1,1
Tanzania,1994,2179.76,409.5,49.53,TZA,14508773000.5317,15.023737706283768,1,1
Tanzania,1995,2538.0,441.35,53.41,TZA,15026723409.8503,16.88990960155887,1,1
Tanzania,1996,2372.65,140.41,47.35,TZA,15709592840.2077,15.103192196855375,1,1
Tanzania,1997,4263.43,163.46,46.97,TZA,16263399690.2487,26.214875617650176,1,1
Tanzania,1998,1946.26,181.32,36.48,TZA,16866529754.0874,11.539184576651563,1,1
Tanzania,1999,2030.75,196.93,51.27,TZA,17686894781.2905,11.481664956520023,1,1
Tanzania,2000,1996.36,187.65,55.77,TZA,18486481203.1543,10.799026478112914,1,1
Tanzania,2001,1418.05,204.12,66.58,TZA,19608760036.0732,7.231716831616524,1,1
Tanzania,2002,1966.63,231.06,34.63,TZA,20999647619.2893,9.365061907960518,1,1
Tanzania,2003,1653.83,266.07,40.47,TZA,22400909970.0774,7.382869723636881,1,1
Tanzania,2004,1737.89,66.71,48.49,TZA,24081832736.0715,7.21660190504049,1,1
Tanzania,2005,1260.15,,62.39,TZA,25882267435.0187,4.868777448358398,1,0
Tanzania,2006,5950.41,,67.71,TZA,27572954444.2321,21.58060360210963,1,1
Tanzania,2007,907.56,,87.27,TZA,29439239572.2798,3.0828241937830656,1,0
Tanzania,2008,1102.78,,95.67,TZA,31113277454.4947,3.5444031944654215,1,0
Tanzania,2009,1165.5,,108.25,TZA,32752668789.9028,3.5584886455399554,1,0
Tanzania,2010,1224.09,,123.14,TZA,34828049320.6343,3.5146671257145976,1,0
Tanzania,2011,1246.49,,90.19,TZA,37500111399.4432,3.323963458995239,1,0
Tanzania,2012,1259.69,,55.6,TZA,39187673997.6272,3.2145056633784233,1,0
Tanzania,2013,1080.14,,66.21,TZA,41845219654.6812,2.5812745372437433,1,0
Tanzania,2014,993.78,15.0,71.32,TZA,44662433111.6494,2.225091493595297,1,0
Tanzania,2015,1075.07,,80.25,TZA,47413919817.124,2.267414303956637,1,0
Tanzania,2016,1145.78,,88.21,TZA,50669888784.2555,2.2612640909447284,1,0
Tanzania,2017,1420.98,,102.48,TZA,54078588995.422,2.6276203325502676,1,0
Tanzania,2018,1250.0,,103.05,TZA,57054358529.8858,2.190893092497454,1,0
Tanzania,2019,1328.52,,110.31,TZA,60363511324.6004,2.200866004722588,1,0
Tanzania,2020,1486.85,,124.14,TZA,61565931105.4141,2.415053217426686,1,0
Tanzania,2021,1688.38,,135.79,TZA,64226431583.1539,2.628793097144212,1,0
Tanzania,2022,1492.41,,130.19,TZA,67159014151.451,2.2222035550349957,1,0
Tanzania,2023,1574.0,,135.0,TZA,70563656177.7408,2.23061004100368,1,0
Thailand,1960,,,,THA,15908737340.2353,0.0,0,0
Thailand,1961,,,,THA,16761787111.17,0.0,0,0
Thailand,1962,,,,THA,18028015159.5532,0.0,0,0
Thailand,1963,,,,THA,19470225866.57,0.0,0,0
Thailand,1964,,,,THA,20800236244.6861,0.0,0,0
Thailand,1965,,,,THA,22502041173.2635,0.0,0,0
Thailand,1966,,,,THA,25004834864.431,0.0,0,0
Thailand,1967,,,,THA,27159247018.8168,0.0,0,0
Thailand,1968,,,,THA,29365194461.0555,0.0,0,0
Thailand,1969,,,,THA,31288808475.0258,0.0,0,0
Thailand,1970,,,,THA,34858219809.2807,0.0,0,0
Thailand,1971,,,,THA,36564659955.112,0.0,0,0
Thailand,1972,,,,THA,38129081870.5821,0.0,0,0
Thailand,1973,,,,THA,42032139795.4529,0.0,0,0
Thailand,1974,,,,THA,43909401662.1724,0.0,0,0
Thailand,1975,,,,THA,46091876857.8254,0.0,0,0
Thailand,1976,,,,THA,50390779136.4035,0.0,0,0
Thailand,1977,,,,THA,55350976954.6822,0.0,0,0
Thailand,1978,,,,THA,61049773246.5485,0.0,0,0
Thailand,1979,,,,THA,64329224521.7896,0.0,0,0
Thailand,1980,,,,THA,67657323331.0857,0.0,0,0
Thailand,1981,,,,THA,71653751952.2629,0.0,0,0
Thailand,1982,,,,THA,75488910649.6862,0.0,0,0
Thailand,1983,,,,THA,79704364262.1512,0.0,0,0
Thailand,1984,,,,THA,84289302223.7249,0.0,0,0
Thailand,1985,,,,THA,88206428692.9568,0.0,0,0
Thailand,1986,,,,THA,93087620536.4652,0.0,0,0
Thailand,1987,,,,THA,101948580888.596,0.0,0,0
Thailand,1988,,,,THA,115495624611.618,0.0,0,0
Thailand,1989,,,,THA,129575125644.17,0.0,0,0
Thailand,1990,,,,THA,144044991708.439,0.0,0,0
Thailand,1991,6.81,,,THA,156372737078.559,0.004354979088572692,0,0
Thailand,1992,,,,THA,169012952179.513,0.0,0,0
Thailand,1993,,,,THA,182959758879.242,0.0,0,0
Thailand,1994,,,,THA,197591095927.872,0.0,0,0
Thailand,1995,,,,THA,213636116013.334,0.0,0,0
Thailand,1996,,,,THA,225710710647.58,0.0,0,0
Thailand,1997,,,,THA,219495596601.21,0.0,0,0
Thailand,1998,5.69,,,THA,202739225305.456,0.002806560985634226,0,0
Thailand,1999,,,,THA,212009086618.729,0.0,0,0
Thailand,2000,,,,THA,221454615181.944,0.0,0,0
Thailand,2001,,,,THA,229082063572.247,0.0,0,0
Thailand,2002,,,,THA,243168402250.2,0.0,0,0
Thailand,2003,,,,THA,260650370324.981,0.0,0,0
Thailand,2004,,,,THA,277043563911.345,0.0,0,0
Thailand,2005,,,,THA,288645146658.334,0.0,0,0
Thailand,2006,0.01,0.01,,THA,302984491694.587,3.30049896087756e-06,0,0
Thailand,2007,,,,THA,319452158416.903,0.0,0,0
Thailand,2008,4.39,1.62,,THA,324964940636.733,0.0013509149606718432,0,0
Thailand,2009,8.3,4.51,,THA,322720673508.111,0.002571883576523149,0,0
Thailand,2010,2.16,0.72,,THA,346967938038.265,0.0006225359069810613,0,0
Thailand,2011,4.65,0.73,,THA,349882927003.633,0.0013290159768074986,0,0
Thailand,2012,1.91,0.65,,THA,375224234353.836,0.0005090289552563581,0,0
Thailand,2013,,,,THA,385308369004.167,0.0,0,0
Thailand,2014,,,,THA,389101609925.933,0.0,0,0
Thailand,2015,,,,THA,401296238228.084,0.0,0,0
Thailand,2016,,,,THA,415081396923.293,0.0,0,0
Thailand,2017,,,,THA,432422173710.333,0.0,0,0
Thailand,2018,,,,THA,450682801200.339,0.0,0,0
Thailand,2019,,,,THA,460212749509.626,0.0,0,0
Thailand,2020,,,,THA,432171696151.217,0.0,0,0
Thailand,2021,,,,THA,438907447802.797,0.0,0,0
Thailand,2022,,,,THA,450485133397.502,0.0,0,0
Thailand,2023,,,,THA,460615797952.808,0.0,0,0
Togo,1960,,,,TGO,751799608.802967,0.0,0,0
Togo,1961,,,,TGO,843288489.197374,0.0,0,0
Togo,1962,,,,TGO,875111269.151055,0.0,0,0
Togo,1963,,,,TGO,918864157.138121,0.0,0,0
Togo,1964,,,,TGO,1050133194.11949,0.0,0,0
Togo,1965,,,,TGO,1212480768.96413,0.0,0,0
Togo,1966,,,,TGO,1326559678.66618,0.0,0,0
Togo,1967,,,,TGO,1399525389.9264,0.0,0,0
Togo,1968,,,,TGO,1469833232.9129,0.0,0,0
Togo,1969,,,,TGO,1629028935.24816,0.0,0,0
Togo,1970,0.15,0.15,,TGO,1670150555.7528,0.008981226242348513,0,0
Togo,1971,2.24,2.22,,TGO,1670150555.7528,0.13411964521907113,0,0
Togo,1972,1.88,1.87,,TGO,1797502166.89901,0.10458958184419397,0,0
Togo,1973,2.29,2.27,,TGO,1866481024.99761,0.12269077313566219,0,0
Togo,1974,0.79,0.78,,TGO,1956685236.76107,0.04037440387232127,0,0
Togo,1975,0.64,0.61,,TGO,2004438945.79606,0.031929134152091865,0,0
Togo,1976,5.11,5.09,,TGO,1963317428.07886,0.2602737553753711,0,0
Togo,1977,9.47,7.99,,TGO,2099946364.04109,0.45096389899102673,0,0
Togo,1978,44.64,39.74,,TGO,2331894564.36933,1.914323258096065,1,0
Togo,1979,333.34,28.34,,TGO,2211388254.51892,15.073789024556298,1,1
Togo,1980,117.74,27.8,,TGO,2533741349.79365,4.646883155993363,1,0
Togo,1981,343.04,50.89,,TGO,2449743109.32361,14.003100924925782,1,1
Togo,1982,196.68,101.24,,TGO,2361983449.79753,8.326900005030073,1,1
Togo,1983,338.23,54.13,,TGO,2234105481.95261,15.139392599510865,1,1
Togo,1984,70.0,,,TGO,2358222441.68117,2.96833745463372,1,0
Togo,1985,30.27,0.27,,TGO,2489234719.56146,1.216036389100856,1,0
Togo,1986,10.78,1.77,,TGO,2528726535.78596,0.426301533496956,0,0
Togo,1987,118.49,21.42,,TGO,2541627142.2248,4.661974135839626,1,0
Togo,1988,208.68,3.56,,TGO,2710451415.19353,7.699086537033535,1,1
Togo,1989,298.96,1.65,,TGO,2820496330.37214,10.599552879423701,1,1
Togo,1990,191.91,1.41,,TGO,2813624018.04055,6.820740751767146,1,1
Togo,1991,49.73,6.02,,TGO,2793929564.4821,1.779930340127177,1,0
Togo,1992,145.49,17.66,,TGO,2682711978.72178,5.423243387809413,1,1
Togo,1993,119.43,31.09,,TGO,2277734406.57613,5.243368131736049,1,1
Togo,1994,197.0,45.67,,TGO,2618994013.03133,7.521972139676035,1,1
Togo,1995,561.95,60.85,,TGO,2824475891.85099,19.895726553067945,1,1
Togo,1996,120.83,74.4,,TGO,3074052559.0876,3.9306419678088775,1,0
Togo,1997,147.97,,,TGO,3516020702.28262,4.208450760939407,1,0
Togo,1998,52.53,,,TGO,3435156565.94966,1.529187942136137,1,0
Togo,1999,69.53,,,TGO,3520408613.43467,1.975054819905221,1,0
Togo,2000,126.8,,,TGO,3492826929.75804,3.6302972506222595,1,0
Togo,2001,157.81,,1.98,TGO,3521588220.24187,4.481216716165676,1,0
Togo,2002,260.85,,2.92,TGO,3656346110.13786,7.134171441722864,1,1
Togo,2003,379.01,,2.46,TGO,3902058836.57049,9.713077528403211,1,1
Togo,2004,527.51,,0.54,TGO,3863870739.47391,13.652371820073459,1,1
Togo,2005,540.36,,,TGO,3683570962.95413,14.669460842058681,1,1
Togo,2006,658.67,,,TGO,3781190459.44883,17.41964619513009,1,1
Togo,2007,775.41,,0.41,TGO,3736756295.1134,20.750884959075677,1,1
Togo,2008,775.6,,1.6,TGO,3887557323.6915,19.950831214072362,1,1
Togo,2009,136.29,,2.77,TGO,4099577351.44505,3.3244890464613257,1,0
Togo,2010,615.06,,4.06,TGO,4339580301.80856,14.173260021105452,1,1
Togo,2011,742.81,,4.27,TGO,4592285181.71423,16.17517141482752,1,1
Togo,2012,41.03,,12.63,TGO,4881723795.11932,0.8404817995033071,0,0
Togo,2013,9.37,,,TGO,5166047627.07863,0.18137657018270037,0,0
Togo,2014,6.28,,,TGO,5457063353.66745,0.11508021060044119,0,0
Togo,2015,5.32,,,TGO,5755457836.01866,0.09243400180445266,0,0
Togo,2016,1.02,,,TGO,5998044851.32381,0.01700554139362394,0,0
Togo,2017,0.03,,,TGO,6238441246.41392,0.00048088935705285475,0,0
Togo,2018,0.0,,,TGO,6537585941.16754,0.0,0,0
Togo,2019,,,,TGO,6859201998.0814,0.0,0,0
Togo,2020,21.68,,19.58,TGO,7007292259.17878,0.30939197621736975,0,0
Togo,2021,20.09,,19.99,TGO,7367160812.92227,0.27269663999680044,0,0
Togo,2022,1.86,,,TGO,7830882103.10093,0.023752113433855217,0,0
Togo,2023,2.0,,,TGO,8316211177.60772,0.024049413336029897,0,0
Tonga,1960,,,,TON,,,0,0
Tonga,1961,,,,TON,,,0,0
Tonga,1962,,,,TON,,,0,0
Tonga,1963,,,,TON,,,0,0
Tonga,1964,,,,TON,,,0,0
Tonga,1965,,,,TON,,,0,0
Tonga,1966,,,,TON,,,0,0
Tonga,1967,,,,TON,,,0,0
Tonga,1968,,,,TON,,,0,0
Tonga,1969,,,,TON,,,0,0
Tonga,1970,,,,TON,,,0,0
Tonga,1971,,,,TON,,,0,0
Tonga,1972,,,,TON,,,0,0
Tonga,1973,,,,TON,,,0,0
Tonga,1974,,,,TON,,,0,0
Tonga,1975,,,,TON,,,0,0
Tonga,1976,,,,TON,,,0,0
Tonga,1977,,,,TON,,,0,0
Tonga,1978,,,,TON,,,0,0
Tonga,1979,,,,TON,,,0,0
Tonga,1980,,,,TON,,,0,0
Tonga,1981,,,,TON,253486823.030233,0.0,0,0
Tonga,1982,,,,TON,265505306.115693,0.0,0,0
Tonga,1983,,,,TON,270768690.507274,0.0,0,0
Tonga,1984,,,,TON,275475711.818743,0.0,0,0
Tonga,1985,,,,TON,293542685.954668,0.0,0,0
Tonga,1986,,,,TON,299761859.963859,0.0,0,0
Tonga,1987,,,,TON,308711663.040362,0.0,0,0
Tonga,1988,,,,TON,302902104.831275,0.0,0,0
Tonga,1989,,,,TON,304083140.744361,0.0,0,0
Tonga,1990,,,,TON,297867403.069513,0.0,0,0
Tonga,1991,,,,TON,316975458.662498,0.0,0,0
Tonga,1992,,,,TON,317774152.489666,0.0,0,0
Tonga,1993,,,,TON,329652734.955131,0.0,0,0
Tonga,1994,,,,TON,345978856.683876,0.0,0,0
Tonga,1995,,,,TON,367526974.231878,0.0,0,0
Tonga,1996,,,,TON,367868473.595865,0.0,0,0
Tonga,1997,0.03,,,TON,365659284.197676,0.008204358892684905,0,0
Tonga,1998,0.06,,,TON,374042303.031935,0.01604096635959311,0,0
Tonga,1999,0.31,,,TON,382654487.158828,0.08101303144299171,0,0
Tonga,2000,0.67,,,TON,397019709.503815,0.16875736492713392,0,0
Tonga,2001,1.8,,,TON,402945154.248613,0.44671091860045514,0,0
Tonga,2002,2.02,,0.0,TON,420792496.113443,0.48004658321079485,0,0
Tonga,2003,2.7,,0.0,TON,421010489.538888,0.6413141874344216,0,0
Tonga,2004,2.9,,0.12,TON,412725224.542532,0.7026466587338788,0,0
Tonga,2005,0.68,,,TON,410010934.199826,0.16584923553979908,0,0
Tonga,2006,1.43,,0.74,TON,401131477.351963,0.3564915945864008,0,0
Tonga,2007,0.65,,0.65,TON,391246363.103417,0.1661357296318656,0,0
Tonga,2008,2.41,,0.37,TON,410272052.926157,0.5874151024451487,0,0
Tonga,2009,0.73,,0.73,TON,389228468.261627,0.18755051583465296,0,0
Tonga,2010,0.02,0.02,,TON,392437255.742704,0.005096356094466403,0,0
Tonga,2011,0.08,0.08,0.0,TON,418745062.097391,0.01910470289471586,0,0
Tonga,2012,0.1,0.1,,TON,422596515.972353,0.023663233420159614,0,0
Tonga,2013,2.35,0.0,2.33,TON,424261218.860344,0.5539040325940232,0,0
Tonga,2014,0.82,0.0,0.82,TON,432706298.363606,0.1895049836577485,0,0
Tonga,2015,1.54,,1.54,TON,437525538.903019,0.35197945332771835,0,0
Tonga,2016,3.76,,3.76,TON,466396531.36284,0.8061809527212913,0,0
Tonga,2017,,,,TON,481332039.657085,0.0,0,0
Tonga,2018,,,,TON,483872645.33574,0.0,0,0
Tonga,2019,,,,TON,482492588.368965,0.0,0,0
Tonga,2020,3.04,,3.04,TON,491207307.514211,0.6188833011023661,0,0
Tonga,2021,6.42,,6.42,TON,486614912.684838,1.3193183835198223,1,0
Tonga,2022,,,,TON,476257076.971255,0.0,0,0
Tonga,2023,,,,TON,489545350.254598,0.0,0,0
Trinidad & Tobago,1960,,,,TTO,3624450730.31542,0.0,0,0
Trinidad & Tobago,1961,,,,TTO,4133217447.77879,0.0,0,0
Trinidad & Tobago,1962,,,,TTO,4246569413.04609,0.0,0,0
Trinidad & Tobago,1963,,,,TTO,4484572525.4376,0.0,0,0
Trinidad & Tobago,1964,,,,TTO,4826767821.77089,0.0,0,0
Trinidad & Tobago,1965,,,,TTO,4860258363.87486,0.0,0,0
Trinidad & Tobago,1966,,,,TTO,5057430373.08512,0.0,0,0
Trinidad & Tobago,1967,,,,TTO,5160729284.36933,0.0,0,0
Trinidad & Tobago,1968,,,,TTO,5429868624.91082,0.0,0,0
Trinidad & Tobago,1969,,,,TTO,5578141211.79639,0.0,0,0
Trinidad & Tobago,1970,,,,TTO,5775252399.82409,0.0,0,0
Trinidad & Tobago,1971,,,,TTO,5835334419.68648,0.0,0,0
Trinidad & Tobago,1972,,,,TTO,6172636987.20097,0.0,0,0
Trinidad & Tobago,1973,,,,TTO,6274881828.09271,0.0,0,0
Trinidad & Tobago,1974,,,,TTO,6513804480.11216,0.0,0,0
Trinidad & Tobago,1975,,,,TTO,6610076254.67821,0.0,0,0
Trinidad & Tobago,1976,,,,TTO,7033461248.43097,0.0,0,0
Trinidad & Tobago,1977,,,,TTO,7675038840.50999,0.0,0,0
Trinidad & Tobago,1978,,,,TTO,8443807609.17602,0.0,0,0
Trinidad & Tobago,1979,,,,TTO,8747731276.84701,0.0,0,0
Trinidad & Tobago,1980,,,,TTO,9656691425.14391,0.0,0,0
Trinidad & Tobago,1981,,,,TTO,10098698331.5168,0.0,0,0
Trinidad & Tobago,1982,,,,TTO,10482380002.2068,0.0,0,0
Trinidad & Tobago,1983,,,,TTO,9402660429.00752,0.0,0,0
Trinidad & Tobago,1984,,,,TTO,8861922250.24607,0.0,0,0
Trinidad & Tobago,1985,,,,TTO,8496862492.17616,0.0,0,0
Trinidad & Tobago,1986,,,,TTO,8218236517.09397,0.0,0,0
Trinidad & Tobago,1987,,,,TTO,7843338767.44573,0.0,0,0
Trinidad & Tobago,1988,401.51,,,TTO,7535901531.41566,5.327962398741351,1,1
Trinidad & Tobago,1989,655.0,,,TTO,7473360013.58666,8.76446469605642,1,1
Trinidad & Tobago,1990,110.0,,,TTO,7586145559.69973,1.4500117237976375,1,0
Trinidad & Tobago,1991,,,,TTO,7822257350.80751,0.0,0,0
Trinidad & Tobago,1992,,,,TTO,8611756182.67622,0.0,0,0
Trinidad & Tobago,1993,,,,TTO,8554133650.40646,0.0,0,0
Trinidad & Tobago,1994,,,,TTO,8859275046.97964,0.0,0,0
Trinidad & Tobago,1995,,,,TTO,9196805731.42642,0.0,0,0
Trinidad & Tobago,1996,,,,TTO,9852949763.81727,0.0,0,0
Trinidad & Tobago,1997,,,,TTO,10594172850.9492,0.0,0,0
Trinidad & Tobago,1998,,,,TTO,11454903204.1292,0.0,0,0
Trinidad & Tobago,1999,,,,TTO,12374138297.5001,0.0,0,0
Trinidad & Tobago,2000,,,,TTO,13228122077.6646,0.0,0,0
Trinidad & Tobago,2001,,,,TTO,13779539518.821,0.0,0,0
Trinidad & Tobago,2002,,,,TTO,14873181566.6564,0.0,0,0
Trinidad & Tobago,2003,,,,TTO,17021016160.8097,0.0,0,0
Trinidad & Tobago,2004,,,,TTO,18374195713.2386,0.0,0,0
Trinidad & Tobago,2005,,,,TTO,19515038110.939,0.0,0,0
Trinidad & Tobago,2006,,,,TTO,22092595781.4538,0.0,0,0
Trinidad & Tobago,2007,,,,TTO,23142924113.2823,0.0,0,0
Trinidad & Tobago,2008,,,,TTO,23927871251.383,0.0,0,0
Trinidad & Tobago,2009,,,,TTO,22877023931.3411,0.0,0,0
Trinidad & Tobago,2010,,,,TTO,23637278843.6027,0.0,0,0
Trinidad & Tobago,2011,,,,TTO,23567701471.1486,0.0,0,0
Trinidad & Tobago,2012,,,,TTO,25149270114.8924,0.0,0,0
Trinidad & Tobago,2013,,,,TTO,25996346049.5518,0.0,0,0
Trinidad & Tobago,2014,,,,TTO,26950637730.5197,0.0,0,0
Trinidad & Tobago,2015,,,,TTO,26841141793.2143,0.0,0,0
Trinidad & Tobago,2016,,,,TTO,24818295899.8941,0.0,0,0
Trinidad & Tobago,2017,,,,TTO,23608962518.1707,0.0,0,0
Trinidad & Tobago,2018,,,,TTO,23385751652.6468,0.0,0,0
Trinidad & Tobago,2019,,,,TTO,23495134887.9587,0.0,0,0
Trinidad & Tobago,2020,,,,TTO,21430194900.9331,0.0,0,0
Trinidad & Tobago,2021,,,,TTO,21276595987.8665,0.0,0,0
Trinidad & Tobago,2022,,,,TTO,21459842974.3266,0.0,0,0
Trinidad & Tobago,2023,,,,TTO,21774542874.5018,0.0,0,0
Tunisia,1960,,,,TUN,,,0,0
Tunisia,1961,,,,TUN,6137821864.85152,0.0,0,0
Tunisia,1962,,,,TUN,5856090654.45666,0.0,0,0
Tunisia,1963,,,,TUN,5227498193.14901,0.0,0,0
Tunisia,1964,,,,TUN,4983062998.82816,0.0,0,0
Tunisia,1965,,,,TUN,4856658026.98952,0.0,0,0
Tunisia,1966,,,,TUN,5024449145.82199,0.0,0,0
Tunisia,1967,,,,TUN,5032586365.33396,0.0,0,0
Tunisia,1968,,,,TUN,5556464946.94255,0.0,0,0
Tunisia,1969,,,,TUN,5820275645.59092,0.0,0,0
Tunisia,1970,2.83,,,TUN,6092061086.39443,0.04645390057431167,0,0
Tunisia,1971,4.53,,,TUN,6735394767.76173,0.06725663685939205,0,0
Tunisia,1972,4.75,,,TUN,7930436885.17406,0.05989581745338794,0,0
Tunisia,1973,5.34,,,TUN,7878520795.40394,0.06777922072776876,0,0
Tunisia,1974,5.73,0.06,,TUN,8514694200.79636,0.06729542911199425,0,0
Tunisia,1975,5.78,0.06,,TUN,9124014224.7617,0.06334930938965037,0,0
Tunisia,1976,5.22,0.04,,TUN,9842699381.25978,0.05303423174681868,0,0
Tunisia,1977,5.71,0.14,,TUN,10178443291.3376,0.05609895183932022,0,0
Tunisia,1978,6.87,0.36,,TUN,10833983237.5806,0.06341158048103257,0,0
Tunisia,1979,6.71,0.19,,TUN,11545507380.9607,0.05811784427131571,0,0
Tunisia,1980,6.13,0.21,,TUN,12402038508.4733,0.04942735821866599,0,0
Tunisia,1981,4.6,0.11,,TUN,13085895944.116,0.035152350436260076,0,0
Tunisia,1982,4.06,0.19,,TUN,13021285955.0167,0.031179716151121053,0,0
Tunisia,1983,6.61,0.23,,TUN,13630931805.9308,0.04849264961566309,0,0
Tunisia,1984,3.19,0.37,,TUN,14414552710.676,0.022130412674112025,0,0
Tunisia,1985,16.92,4.06,,TUN,15228769277.2666,0.11110549836261592,0,0
Tunisia,1986,21.35,5.75,,TUN,15008410750.2024,0.14225356938416733,0,0
Tunisia,1987,5.29,4.69,,TUN,16014180050.152,0.033033224201508775,0,0
Tunisia,1988,,,,TUN,16025735734.7287,0.0,0,0
Tunisia,1989,6.31,0.74,,TUN,16305657121.1019,0.03869822573316557,0,0
Tunisia,1990,22.09,7.33,,TUN,17601927420.1895,0.12549762007689375,0,0
Tunisia,1991,82.26,31.2,,TUN,18289202650.5352,0.44977357171769766,0,0
Tunisia,1992,13.63,2.03,,TUN,19716808223.242,0.0691288358930888,0,0
Tunisia,1993,3.2,,,TUN,20148572580.2729,0.015882018377485766,0,0
Tunisia,1994,16.45,0.25,,TUN,20788977092.4047,0.07912847239612401,0,0
Tunisia,1995,0.74,0.25,,TUN,21277865198.9901,0.0034777924997622515,0,0
Tunisia,1996,0.19,,,TUN,22798398674.3337,0.0008333918654291316,0,0
Tunisia,1997,,,,TUN,24038846665.354,0.0,0,0
Tunisia,1998,,,,TUN,25188807992.3368,0.0,0,0
Tunisia,1999,,,,TUN,26713898245.8853,0.0,0,0
Tunisia,2000,,,,TUN,27972115617.4879,0.0,0,0
Tunisia,2001,,,,TUN,29034013115.9435,0.0,0,0
Tunisia,2002,,,,TUN,29418004531.8437,0.0,0,0
Tunisia,2003,,,,TUN,30801356639.5236,0.0,0,0
Tunisia,2004,,,,TUN,32722064779.1709,0.0,0,0
Tunisia,2005,,,,TUN,33862934470.3211,0.0,0,0
Tunisia,2006,,,,TUN,35638740560.1483,0.0,0,0
Tunisia,2007,,,,TUN,38029929333.0918,0.0,0,0
Tunisia,2008,,,,TUN,39641554633.3358,0.0,0,0
Tunisia,2009,,,,TUN,40848025576.8668,0.0,0,0
Tunisia,2010,,,,TUN,42061674642.7812,0.0,0,0
Tunisia,2011,,,,TUN,41200826152.5875,0.0,0,0
Tunisia,2012,,,,TUN,42938131960.3014,0.0,0,0
Tunisia,2013,5.5,,,TUN,43981498924.3673,0.012505258198357594,0,0
Tunisia,2014,2.42,,,TUN,45340671513.9524,0.005337371325114381,0,0
Tunisia,2015,0.27,,,TUN,45779494041.9295,0.0005897837135393122,0,0
Tunisia,2016,,,,TUN,46290957182.3198,0.0,0,0
Tunisia,2017,,,,TUN,47333713938.692,0.0,0,0
Tunisia,2018,,,,TUN,48567689496.9783,0.0,0,0
Tunisia,2019,,,,TUN,49320533876.2551,0.0,0,0
Tunisia,2020,,,,TUN,44893953703.8732,0.0,0,0
Tunisia,2021,,,,TUN,47020147729.5282,0.0,0,0
Tunisia,2022,,,,TUN,48314277429.7123,0.0,0,0
Tunisia,2023,,,,TUN,48403183212.3138,0.0,0,0
Turkey,1960,,,,TUR,69393850611.6073,0.0,0,0
Turkey,1961,,,,TUR,70196091673.8763,0.0,0,0
Turkey,1962,,,,TUR,74107016788.7045,0.0,0,0
Turkey,1963,,,,TUR,80825785366.5437,0.0,0,0
Turkey,1964,,,,TUR,85238110897.4404,0.0,0,0
Turkey,1965,220.0,,,TUR,87644834140.8987,0.2510130826950118,0,0
Turkey,1966,,,,TUR,97472287281.1582,0.0,0,0
Turkey,1967,,,,TUR,102085173261.739,0.0,0,0
Turkey,1968,,,,TUR,109004502232.61,0.0,0,0
Turkey,1969,,,,TUR,113453134702.055,0.0,0,0
Turkey,1970,75.0,,,TUR,117121651992.719,0.064035982010109,0,0
Turkey,1971,0.52,,,TUR,123641456553.195,0.00042057091083869374,0,0
Turkey,1972,,,,TUR,132822809399.576,0.0,0,0
Turkey,1973,,,,TUR,137155933758.934,0.0,0,0
Turkey,1974,,,,TUR,144829087364.853,0.0,0,0
Turkey,1975,,,,TUR,155219289299.975,0.0,0,0
Turkey,1976,,,,TUR,171457057859.695,0.0,0,0
Turkey,1977,0.21,,,TUR,177298033677.47,0.00011844463000758343,0,0
Turkey,1978,3300.37,0.1,,TUR,179962704353.859,1.8339188732741607,1,0
Turkey,1979,4064.45,,,TUR,178839532694.647,2.272679836923806,1,0
Turkey,1980,3033.95,1.4,,TUR,174462702629.743,1.7390249917421385,1,0
Turkey,1981,130.34,3.4,,TUR,182935743325.048,0.07124906135396752,0,0
Turkey,1982,2925.41,,,TUR,189454160609.63,1.5441254974747176,1,0
Turkey,1983,23.54,0.2,,TUR,198872079969.436,0.011836754562841494,0,0
Turkey,1984,21.53,0.4,,TUR,212220405223.885,0.010145113038157953,0,0
Turkey,1985,,,,TUR,221221385068.134,0.0,0,0
Turkey,1986,,,,TUR,236733497412.287,0.0,0,0
Turkey,1987,,,,TUR,259188945262.461,0.0,0,0
Turkey,1988,,,,TUR,265204038481.014,0.0,0,0
Turkey,1989,,,,TUR,265973777472.869,0.0,0,0
Turkey,1990,,,,TUR,290619297801.216,0.0,0,0
Turkey,1991,,,,TUR,292712567686.886,0.0,0,0
Turkey,1992,,,,TUR,307452503997.471,0.0,0,0
Turkey,1993,,,,TUR,330976510465.766,0.0,0,0
Turkey,1994,,,,TUR,315526039205.892,0.0,0,0
Turkey,1995,,,,TUR,340384022644.803,0.0,0,0
Turkey,1996,,,,TUR,364748025041.481,0.0,0,0
Turkey,1997,,,,TUR,391585682738.779,0.0,0,0
Turkey,1998,,,,TUR,399059372123.491,0.0,0,0
Turkey,1999,48280.0,,,TUR,386877005103.984,12.479418358561631,1,1
Turkey,2000,,,,TUR,413901474163.049,0.0,0,0
Turkey,2001,,,,TUR,391304902374.343,0.0,0,0
Turkey,2002,,,,TUR,416487363949.901,0.0,0,0
Turkey,2003,,,,TUR,440639854394.832,0.0,0,0
Turkey,2004,,,,TUR,484375146822.671,0.0,0,0
Turkey,2005,,,,TUR,528509363515.706,0.0,0,0
Turkey,2006,,,,TUR,565862429106.909,0.0,0,0
Turkey,2007,,,,TUR,594767729617.936,0.0,0,0
Turkey,2008,,,,TUR,600240295872.955,0.0,0,0
Turkey,2009,,,,TUR,570932398858.345,0.0,0,0
Turkey,2010,,,,TUR,619702577582.152,0.0,0,0
Turkey,2011,13.61,,,TUR,687745688381.755,0.0019789291637762095,0,0
Turkey,2012,,,,TUR,720809935556.199,0.0,0,0
Turkey,2013,,,,TUR,781994134596.37,0.0,0,0
Turkey,2014,,,,TUR,817972077517.761,0.0,0,0
Turkey,2015,,,,TUR,865460050683.656,0.0,0,0
Turkey,2016,,,,TUR,894225044186.927,0.0,0,0
Turkey,2017,563.0,,,TUR,964205820086.089,0.05839002298801024,0,0
Turkey,2018,,,,TUR,997645953748.995,0.0,0,0
Turkey,2019,,,,TUR,1010631549472.6,0.0,0,0
Turkey,2020,0.14,,,TUR,1028853867659.94,1.3607374613697156e-05,0,0
Turkey,2021,,,,TUR,1150372769727.98,0.0,0,0
Turkey,2022,,,,TUR,1212967141770.11,0.0,0,0
Turkey,2023,,,,TUR,1274162834489.99,0.0,0,0
Turkmenistan,1960,,,,TKM,,,0,0
Turkmenistan,1961,,,,TKM,,,0,0
Turkmenistan,1962,,,,TKM,,,0,0
Turkmenistan,1963,,,,TKM,,,0,0
Turkmenistan,1964,,,,TKM,,,0,0
Turkmenistan,1965,,,,TKM,,,0,0
Turkmenistan,1966,,,,TKM,,,0,0
Turkmenistan,1967,,,,TKM,,,0,0
Turkmenistan,1968,,,,TKM,,,0,0
Turkmenistan,1969,,,,TKM,,,0,0
Turkmenistan,1970,,,,TKM,,,0,0
Turkmenistan,1971,,,,TKM,,,0,0
Turkmenistan,1972,,,,TKM,,,0,0
Turkmenistan,1973,,,,TKM,,,0,0
Turkmenistan,1974,,,,TKM,,,0,0
Turkmenistan,1975,,,,TKM,,,0,0
Turkmenistan,1976,,,,TKM,,,0,0
Turkmenistan,1977,,,,TKM,,,0,0
Turkmenistan,1978,,,,TKM,,,0,0
Turkmenistan,1979,,,,TKM,,,0,0
Turkmenistan,1980,,,,TKM,,,0,0
Turkmenistan,1981,,,,TKM,,,0,0
Turkmenistan,1982,,,,TKM,,,0,0
Turkmenistan,1983,,,,TKM,,,0,0
Turkmenistan,1984,,,,TKM,,,0,0
Turkmenistan,1985,,,,TKM,,,0,0
Turkmenistan,1986,,,,TKM,,,0,0
Turkmenistan,1987,,,,TKM,9140308735.35342,0.0,0,0
Turkmenistan,1988,,,,TKM,10147901835.9798,0.0,0,0
Turkmenistan,1989,,,,TKM,9716076189.61265,0.0,0,0
Turkmenistan,1990,,,,TKM,13154066814.787,0.0,0,0
Turkmenistan,1991,,,,TKM,12548287415.8949,0.0,0,0
Turkmenistan,1992,,,,TKM,10670312395.6611,0.0,0,0
Turkmenistan,1993,,,,TKM,10830367116.5159,0.0,0,0
Turkmenistan,1994,38.4,18.51,,TKM,8956728712.46085,0.42872795674359154,0,0
Turkmenistan,1995,139.64,20.03,,TKM,8311840579.48241,1.6800129726344628,1,0
Turkmenistan,1996,64.61,28.79,1.7,TKM,8868733232.26497,0.7285144147187226,0,0
Turkmenistan,1997,68.38,29.19,0.63,TKM,7857697632.24801,0.870229464154593,0,0
Turkmenistan,1998,89.49,34.22,,TKM,8415594190.72399,1.0633830240844968,1,0
Turkmenistan,1999,90.29,42.33,4.7,TKM,9804167192.88745,0.9209349271960802,0,0
Turkmenistan,2000,200.83,138.89,6.53,TKM,10340363396.0716,1.942194798263059,1,0
Turkmenistan,2001,123.8,103.61,6.03,TKM,10789532801.176,1.1474083473429588,1,0
Turkmenistan,2002,56.31,38.32,6.03,TKM,10817281321.3584,0.5205559357027868,0,0
Turkmenistan,2003,25.95,0.33,6.03,TKM,11170879714.1862,0.23230041558003173,0,0
Turkmenistan,2004,29.09,1.16,4.85,TKM,11729469205.451,0.24800781254859422,0,0
Turkmenistan,2005,22.38,,0.37,TKM,13258292303.4111,0.16880001954883783,0,0
Turkmenistan,2006,5.06,0.31,,TKM,14713165592.5546,0.03439096751932531,0,0
Turkmenistan,2007,5.14,,,TKM,16340338654.1052,0.03145589640951947,0,0
Turkmenistan,2008,1.42,,,TKM,18742368438.6204,0.007576417060898011,0,0
Turkmenistan,2009,1.42,,,TKM,19885652916.649,0.007140826634920917,0,0
Turkmenistan,2010,0.94,,,TKM,21715132999.556,0.00432877846071318,0,0
Turkmenistan,2011,,,,TKM,24911234035.9562,0.0,0,0
Turkmenistan,2012,0.01,,0.0,TKM,27664132453.533,3.6147889389977584e-05,0,0
Turkmenistan,2013,,,,TKM,30475595365.48,0.0,0,0
Turkmenistan,2014,,,,TKM,33629738845.7961,0.0,0,0
Turkmenistan,2015,,,,TKM,35799714285.7143,0.0,0,0
Turkmenistan,2016,,,,TKM,38029714277.7706,0.0,0,0
Turkmenistan,2017,,,,TKM,40483157023.3268,0.0,0,0
Turkmenistan,2018,,,,TKM,42995551317.7352,0.0,0,0
Turkmenistan,2019,,,,TKM,45717898781.4308,0.0,0,0
Turkmenistan,2020,,,,TKM,48401839455.0642,0.0,0,0
Turkmenistan,2021,,,,TKM,51379113005.0297,0.0,0,0
Turkmenistan,2022,,,,TKM,54582556335.3975,0.0,0,0
Turkmenistan,2023,,,,TKM,58031518087.8465,0.0,0,0
Tuvalu,1960,,,,TUV,,,0,0
Tuvalu,1961,,,,TUV,,,0,0
Tuvalu,1962,,,,TUV,,,0,0
Tuvalu,1963,,,,TUV,,,0,0
Tuvalu,1964,,,,TUV,,,0,0
Tuvalu,1965,,,,TUV,,,0,0
Tuvalu,1966,,,,TUV,,,0,0
Tuvalu,1967,,,,TUV,,,0,0
Tuvalu,1968,,,,TUV,,,0,0
Tuvalu,1969,,,,TUV,,,0,0
Tuvalu,1970,,,,TUV,13760735.9151905,0.0,0,0
Tuvalu,1971,,,,TUV,13542807.3454164,0.0,0,0
Tuvalu,1972,,,,TUV,13278722.3225266,0.0,0,0
Tuvalu,1973,,,,TUV,13022376.824119,0.0,0,0
Tuvalu,1974,,,,TUV,12803848.0548104,0.0,0,0
Tuvalu,1975,,,,TUV,12610958.063076,0.0,0,0
Tuvalu,1976,,,,TUV,12504383.1406545,0.0,0,0
Tuvalu,1977,,,,TUV,12036531.7619487,0.0,0,0
Tuvalu,1978,,,,TUV,11815961.8983802,0.0,0,0
Tuvalu,1979,,,,TUV,11769076.3345136,0.0,0,0
Tuvalu,1980,,,,TUV,11693812.9762596,0.0,0,0
Tuvalu,1981,,,,TUV,11997887.5060089,0.0,0,0
Tuvalu,1982,,,,TUV,10077133.9458571,0.0,0,0
Tuvalu,1983,,,,TUV,10981415.6338744,0.0,0,0
Tuvalu,1984,,,,TUV,11800738.5926354,0.0,0,0
Tuvalu,1985,,,,TUV,11584183.6896943,0.0,0,0
Tuvalu,1986,,,,TUV,14200529.0052656,0.0,0,0
Tuvalu,1987,,,,TUV,15941073.6947944,0.0,0,0
Tuvalu,1988,,,,TUV,19018816.5113982,0.0,0,0
Tuvalu,1989,,,,TUV,18648368.64583,0.0,0,0
Tuvalu,1990,,,,TUV,21515741.5255962,0.0,0,0
Tuvalu,1991,,,,TUV,22292283.9803553,0.0,0,0
Tuvalu,1992,,,,TUV,22913968.7175773,0.0,0,0
Tuvalu,1993,,,,TUV,23855921.5897719,0.0,0,0
Tuvalu,1994,,,,TUV,26309115.8995502,0.0,0,0
Tuvalu,1995,,,,TUV,24992488.8144881,0.0,0,0
Tuvalu,1996,,,,TUV,23502593.9654287,0.0,0,0
Tuvalu,1997,,,,TUV,25853629.6015543,0.0,0,0
Tuvalu,1998,,,,TUV,29861243.6757046,0.0,0,0
Tuvalu,1999,,,,TUV,29394252.3981792,0.0,0,0
Tuvalu,2000,,,,TUV,29122360.6229148,0.0,0,0
Tuvalu,2001,,,,TUV,29324945.2925804,0.0,0,0
Tuvalu,2002,,,,TUV,31764000.9528165,0.0,0,0
Tuvalu,2003,,,,TUV,30382017.2671746,0.0,0,0
Tuvalu,2004,,,,TUV,29808362.3541326,0.0,0,0
Tuvalu,2005,,,,TUV,28691547.6545121,0.0,0,0
Tuvalu,2006,,,,TUV,29064835.7252677,0.0,0,0
Tuvalu,2007,,,,TUV,31071900.196306,0.0,0,0
Tuvalu,2008,,,,TUV,33116182.5830509,0.0,0,0
Tuvalu,2009,,,,TUV,31255078.8764039,0.0,0,0
Tuvalu,2010,,,,TUV,30483621.4839826,0.0,0,0
Tuvalu,2011,,,,TUV,32776023.3087715,0.0,0,0
Tuvalu,2012,,,,TUV,31841001.1471369,0.0,0,0
Tuvalu,2013,,,,TUV,33052558.6601111,0.0,0,0
Tuvalu,2014,,,,TUV,33603619.4567279,0.0,0,0
Tuvalu,2015,,,,TUV,36755290.7767318,0.0,0,0
Tuvalu,2016,,,,TUV,38510909.0686574,0.0,0,0
Tuvalu,2017,,,,TUV,39769456.7992276,0.0,0,0
Tuvalu,2018,,,,TUV,40320933.438478,0.0,0,0
Tuvalu,2019,,,,TUV,45742689.695268,0.0,0,0
Tuvalu,2020,,,,TUV,44356547.5832902,0.0,0,0
Tuvalu,2021,,,,TUV,44356547.5832902,0.0,0,0
Tuvalu,2022,,,,TUV,39505050.1913678,0.0,0,0
Tuvalu,2023,,,,TUV,40891192.3033457,0.0,0,0
Uganda,1960,,,,UGA,,,0,0
Uganda,1961,,,,UGA,,,0,0
Uganda,1962,,,,UGA,,,0,0
Uganda,1963,,,,UGA,,,0,0
Uganda,1964,,,,UGA,,,0,0
Uganda,1965,,,,UGA,,,0,0
Uganda,1966,,,,UGA,,,0,0
Uganda,1967,,,,UGA,,,0,0
Uganda,1968,,,,UGA,,,0,0
Uganda,1969,,,,UGA,,,0,0
Uganda,1970,0.06,,,UGA,,,0,0
Uganda,1971,0.07,,,UGA,,,0,0
Uganda,1972,0.43,,,UGA,,,0,0
Uganda,1973,0.57,0.01,,UGA,,,0,0
Uganda,1974,1.0,0.01,,UGA,,,0,0
Uganda,1975,4.32,0.16,,UGA,,,0,0
Uganda,1976,12.81,2.63,,UGA,,,0,0
Uganda,1977,15.74,5.43,,UGA,,,0,0
Uganda,1978,40.1,20.66,,UGA,,,0,0
Uganda,1979,66.78,36.83,,UGA,,,0,0
Uganda,1980,100.61,60.28,,UGA,,,0,0
Uganda,1981,74.47,20.28,,UGA,,,0,0
Uganda,1982,56.22,24.44,,UGA,4983495458.56727,1.1281238333096217,1,0
Uganda,1983,39.04,25.23,,UGA,5269775231.31336,0.7408285607329452,0,0
Uganda,1984,47.96,29.64,,UGA,5251611544.99425,0.9132434794366061,0,0
Uganda,1985,68.18,42.33,,UGA,5077973310.83708,1.3426616452373763,1,0
Uganda,1986,107.24,63.97,,UGA,5097781821.69487,2.103660057470755,1,0
Uganda,1987,368.2,52.72,,UGA,5299750981.88925,6.947496236299473,1,1
Uganda,1988,185.91,83.59,,UGA,5737885293.30513,3.2400438575674686,1,0
Uganda,1989,232.33,126.33,1.91,UGA,6102926184.3107,3.8068623637832957,1,0
Uganda,1990,399.99,173.06,,UGA,6498038178.89001,6.155550167424932,1,1
Uganda,1991,464.26,203.09,,UGA,6858945424.65226,6.768679020704374,1,1
Uganda,1992,419.15,214.15,,UGA,7093408658.47848,5.909006800263876,1,1
Uganda,1993,425.12,,18.36,UGA,7684026612.97919,5.532515976479367,1,1
Uganda,1994,465.28,74.83,0.83,UGA,8176083687.44476,5.690744099335561,1,1
Uganda,1995,511.97,75.97,6.3,UGA,9118233745.01833,5.614793547924898,1,1
Uganda,1996,282.4,73.87,1.34,UGA,9945450357.95596,2.839489312558796,1,0
Uganda,1997,340.64,74.96,1.34,UGA,10452668511.6708,3.2588807309794867,1,0
Uganda,1998,397.11,64.24,1.53,UGA,10965399652.3846,3.6214822312804817,1,0
Uganda,1999,260.4,18.38,1.19,UGA,11848547279.7459,2.1977377804377083,1,0
Uganda,2000,309.38,18.02,15.0,UGA,12220817656.1968,2.5315818360412483,1,0
Uganda,2001,323.43,24.21,0.6,UGA,12854303430.1863,2.516122337990527,1,0
Uganda,2002,352.21,22.46,1.93,UGA,13976829355.9471,2.519956357985695,1,0
Uganda,2003,345.96,6.55,3.26,UGA,14881585674.2548,2.3247522647973735,1,0
Uganda,2004,305.28,,5.2,UGA,15894609936.3319,1.9206510963329209,1,0
Uganda,2005,113.43,,7.31,UGA,16901146460.5212,0.6711379033662431,0,0
Uganda,2006,3652.33,,9.6,UGA,18723891904.5488,19.506254461513418,1,1
Uganda,2007,99.27,,,UGA,20299025448.8812,0.4890382558019373,0,0
Uganda,2008,83.76,,,UGA,22066817213.6558,0.37957444967716536,0,0
Uganda,2009,77.02,,,UGA,23567695614.7273,0.32680327028608896,0,0
Uganda,2010,103.65,,,UGA,24896350765.3932,0.4163260751614937,0,0
Uganda,2011,76.95,,,UGA,27234530259.5375,0.2825457214304337,0,0
Uganda,2012,76.96,,,UGA,28279643267.7641,0.2721392178511903,0,0
Uganda,2013,77.28,,,UGA,29294007439.7726,0.2638082213875477,0,0
Uganda,2014,85.06,,,UGA,30789849487.5724,0.2762598759514316,0,0
Uganda,2015,70.12,,,UGA,32387183730.1002,0.21650539480168335,0,0
Uganda,2016,70.01,,,UGA,33935615078.9833,0.20630243429227826,0,0
Uganda,2017,70.12,,,UGA,34998276801.8745,0.2003527213552537,0,0
Uganda,2018,70.49,,,UGA,37204541496.6985,0.18946611667356583,0,0
Uganda,2019,70.48,,,UGA,39600047064.28,0.1779795864524977,0,0
Uganda,2020,70.53,,,UGA,40768765796.4748,0.17300008627216917,0,0
Uganda,2021,70.67,,,UGA,42210585952.7826,0.16742245672460584,0,0
Uganda,2022,70.46,,,UGA,44147216889.624,0.15960235993168653,0,0
Uganda,2023,71.0,,,UGA,46503341915.459,0.15267719926252793,0,0
Ukraine,1960,,,,UKR,,,0,0
Ukraine,1961,,,,UKR,,,0,0
Ukraine,1962,,,,UKR,,,0,0
Ukraine,1963,,,,UKR,,,0,0
Ukraine,1964,,,,UKR,,,0,0
Ukraine,1965,,,,UKR,,,0,0
Ukraine,1966,,,,UKR,,,0,0
Ukraine,1967,,,,UKR,,,0,0
Ukraine,1968,,,,UKR,,,0,0
Ukraine,1969,,,,UKR,,,0,0
Ukraine,1970,,,,UKR,,,0,0
Ukraine,1971,,,,UKR,,,0,0
Ukraine,1972,,,,UKR,,,0,0
Ukraine,1973,,,,UKR,,,0,0
Ukraine,1974,,,,UKR,,,0,0
Ukraine,1975,,,,UKR,,,0,0
Ukraine,1976,,,,UKR,,,0,0
Ukraine,1977,,,,UKR,,,0,0
Ukraine,1978,,,,UKR,,,0,0
Ukraine,1979,,,,UKR,,,0,0
Ukraine,1980,,,,UKR,,,0,0
Ukraine,1981,,,,UKR,,,0,0
Ukraine,1982,,,,UKR,,,0,0
Ukraine,1983,,,,UKR,,,0,0
Ukraine,1984,,,,UKR,,,0,0
Ukraine,1985,,,,UKR,,,0,0
Ukraine,1986,,,,UKR,,,0,0
Ukraine,1987,,,,UKR,161845930095.684,0.0,0,0
Ukraine,1988,,,,UKR,165999646444.938,0.0,0,0
Ukraine,1989,,,,UKR,172428984082.68,0.0,0,0
Ukraine,1990,,,,UKR,161487959613.275,0.0,0,0
Ukraine,1991,,,,UKR,147438507127.37,0.0,0,0
Ukraine,1992,1.99,1.99,,UKR,132842094918.75,0.0014980191340833195,0,0
Ukraine,1993,31.52,2.11,,UKR,113978517441.132,0.027654334086490952,0,0
Ukraine,1994,807.14,75.66,,UKR,87877436947.9924,0.9184837747119108,0,0
Ukraine,1995,1257.24,100.7,,UKR,77156389639.6884,1.6294697119333452,1,0
Ukraine,1996,106.47,105.84,,UKR,69440750675.7195,0.15332495539571994,0,0
Ukraine,1997,278.4,128.56,,UKR,67357528156.5426,0.41331682978773077,0,0
Ukraine,1998,958.19,291.1,,UKR,66077735120.1257,1.4500951012592413,1,0
Ukraine,1999,4884.95,,,UKR,65945579649.8151,7.407547292692114,1,1
Ukraine,2000,4634.26,,,UKR,69836368849.3183,6.635883389067754,1,1
Ukraine,2001,580.0,,,UKR,75981969310.6229,0.7633389937932437,0,0
Ukraine,2002,309.11,,,UKR,80039138412.8861,0.38619856001627584,0,0
Ukraine,2003,281.71,,,UKR,87656150954.4385,0.3213807552951143,0,0
Ukraine,2004,,,,UKR,97995502972.09,0.0,0,0
Ukraine,2005,,,,UKR,101005170642.605,0.0,0,0
Ukraine,2006,,,,UKR,108652697104.575,0.0,0,0
Ukraine,2007,,,,UKR,117579433691.217,0.0,0,0
Ukraine,2008,,,,UKR,120217318405.036,0.0,0,0
Ukraine,2009,,,,UKR,102020662582.215,0.0,0,0
Ukraine,2010,,,,UKR,106195352549.996,0.0,0,0
Ukraine,2011,,,,UKR,111977987704.028,0.0,0,0
Ukraine,2012,,,,UKR,112148546939.271,0.0,0,0
Ukraine,2013,,,,UKR,112199506223.487,0.0,0,0
Ukraine,2014,1552.0,,1552.0,UKR,100891035818.548,1.538293256093895,1,0
Ukraine,2015,19186.55,,,UKR,91030967789.0717,21.076948280344826,1,1
Ukraine,2016,22573.1,,,UKR,93253017277.0895,24.20629450833414,1,1
Ukraine,2017,3259.65,,3000.0,UKR,95453762636.0202,3.4148994340113594,1,0
Ukraine,2018,,,,UKR,98783535744.1445,0.0,0,0
Ukraine,2019,,,,UKR,101944118786.821,0.0,0,0
Ukraine,2020,,,,UKR,98118341608.386,0.0,0,0
Ukraine,2021,,,,UKR,101499127457.564,0.0,0,0
Ukraine,2022,36527.45,,95.45,UKR,72309415409.6738,50.51548237950937,1,1
Ukraine,2023,39200.45,,95.45,UKR,76311548883.8968,51.36896128217894,1,1
United Kingdom,1960,,,,GBR,802958140795.998,0.0,0,0
United Kingdom,1961,,,,GBR,824648563180.03,0.0,0,0
United Kingdom,1962,,,,GBR,833708945906.307,0.0,0,0
United Kingdom,1963,,,,GBR,874223408989.472,0.0,0,0
United Kingdom,1964,,,,GBR,923134556953.738,0.0,0,0
United Kingdom,1965,,,,GBR,942800397855.001,0.0,0,0
United Kingdom,1966,,,,GBR,957578318965.464,0.0,0,0
United Kingdom,1967,,,,GBR,984158181478.518,0.0,0,0
United Kingdom,1968,,,,GBR,1038018138374.34,0.0,0,0
United Kingdom,1969,,,,GBR,1058146739985.83,0.0,0,0
United Kingdom,1970,,,,GBR,1086807506706.89,0.0,0,0
United Kingdom,1971,,,,GBR,1108592971833.22,0.0,0,0
United Kingdom,1972,,,,GBR,1148794666508.53,0.0,0,0
United Kingdom,1973,,,,GBR,1232812042936.75,0.0,0,0
United Kingdom,1974,,,,GBR,1212104524614.49,0.0,0,0
United Kingdom,1975,,,,GBR,1203900150366.65,0.0,0,0
United Kingdom,1976,,,,GBR,1237665408113.17,0.0,0,0
United Kingdom,1977,,,,GBR,1266915785220.6,0.0,0,0
United Kingdom,1978,,,,GBR,1310033665484.62,0.0,0,0
United Kingdom,1979,728.78,,,GBR,1346017305980.74,0.054143434617209,0,0
United Kingdom,1980,798.76,,,GBR,1316686213225.92,0.060664415862836024,0,0
United Kingdom,1981,651.48,,,GBR,1299260421919.25,0.050142372461222405,0,0
United Kingdom,1982,559.91,,,GBR,1326454837276.92,0.04221101120558613,0,0
United Kingdom,1983,497.37,,,GBR,1374530155674.6,0.03618472813758661,0,0
United Kingdom,1984,413.99,,,GBR,1411242824002.48,0.029335135878733258,0,0
United Kingdom,1985,525.26,,,GBR,1462038836257.16,0.035926542234997874,0,0
United Kingdom,1986,547.78,,,GBR,1520700657209.66,0.03602155344662794,0,0
United Kingdom,1987,708.19,,,GBR,1590076250308.92,0.04453811569491796,0,0
United Kingdom,1988,689.94,,,GBR,1670090505985.98,0.041311533568216804,0,0
United Kingdom,1989,624.81,,,GBR,1708192731044.26,0.03657725434869626,0,0
United Kingdom,1990,746.33,,,GBR,1721504098259.6,0.043353367601885,0,0
United Kingdom,1991,722.14,,,GBR,1699254695038.56,0.042497455037698924,0,0
United Kingdom,1992,585.53,,,GBR,1721255429795.6,0.034017612369683675,0,0
United Kingdom,1993,571.79,,,GBR,1781335634495.42,0.032098948054893925,0,0
United Kingdom,1994,606.24,,,GBR,1869572508478.99,0.03242666423744179,0,0
United Kingdom,1995,601.2,,,GBR,1935631814547.44,0.031059625879344386,0,0
United Kingdom,1996,662.66,,,GBR,1986246961912.3,0.033362417297897864,0,0
United Kingdom,1997,635.72,,,GBR,2083175521750.84,0.030516871639586968,0,0
United Kingdom,1998,643.5,,,GBR,2150801957623.71,0.02991907263795519,0,0
United Kingdom,1999,625.01,,,GBR,2214131432953.5,0.028228224878514972,0,0
United Kingdom,2000,578.76,,,GBR,2314307169243.88,0.025007916308235345,0,0
United Kingdom,2001,562.81,,,GBR,2369642769659.08,0.02375083735009439,0,0
United Kingdom,2002,622.88,,,GBR,2410140612988.09,0.025844135260961142,0,0
United Kingdom,2003,690.49,,,GBR,2487711377293.16,0.027756033368762874,0,0
United Kingdom,2004,741.49,,,GBR,2545576004983.01,0.02912857437957147,0,0
United Kingdom,2005,665.18,,,GBR,2616614241852.83,0.025421401036515974,0,0
United Kingdom,2006,757.98,,,GBR,2673913418491.85,0.028347215536526926,0,0
United Kingdom,2007,767.92,,,GBR,2752283449984.53,0.027901196005241265,0,0
United Kingdom,2008,565.76,,,GBR,2750923500693.34,0.020566184405251778,0,0
United Kingdom,2009,625.66,,,GBR,2624727410659.64,0.02383714200031007,0,0
United Kingdom,2010,595.67,,,GBR,2684060544650.54,0.022192867489043738,0,0
United Kingdom,2011,601.28,,,GBR,2706913649065.85,0.02221275141922242,0,0
United Kingdom,2012,629.34,,,GBR,2748282336997.97,0.022899393978838674,0,0
United Kingdom,2013,641.41,,,GBR,2795510733841.06,0.0229442867893659,0,0
United Kingdom,2014,602.87,,,GBR,2883853723651.98,0.02090501314458325,0,0
United Kingdom,2015,570.67,,,GBR,2945579890258.46,0.01937377430798275,0,0
United Kingdom,2016,477.44,,,GBR,3010574705731.3,0.015858766071842913,0,0
United Kingdom,2017,523.57,,,GBR,3101591068534.48,0.01688069085933337,0,0
United Kingdom,2018,493.93,,,GBR,3149707010747.53,0.01568177606090333,0,0
United Kingdom,2019,513.51,,,GBR,3189276748351.15,0.01610114268902765,0,0
United Kingdom,2020,528.72,,,GBR,2868821517197.41,0.018429867345547295,0,0
United Kingdom,2021,522.45,,,GBR,3113908148054.35,0.016777951537409356,0,0
United Kingdom,2022,508.98,,,GBR,3274265196937.19,0.015544861805210817,0,0
United Kingdom,2023,,,,GBR,3283159739927.95,0.0,0,0
Uruguay,1960,,,,URY,16784217051.3852,0.0,0,0
Uruguay,1961,,,,URY,17202653946.7252,0.0,0,0
Uruguay,1962,,,,URY,16931789756.8334,0.0,0,0
Uruguay,1963,,,,URY,16960651491.9083,0.0,0,0
Uruguay,1964,,,,URY,17374579715.8112,0.0,0,0
Uruguay,1965,161.9,20.0,,URY,17556249025.7395,0.9221787624602261,0,0
Uruguay,1966,,,,URY,18093971640.9766,0.0,0,0
Uruguay,1967,,,,URY,17432305113.646,0.0,0,0
Uruguay,1968,,,,URY,17761585972.3144,0.0,0,0
Uruguay,1969,,,,URY,18803256921.9176,0.0,0,0
Uruguay,1970,,,,URY,19241977028.4357,0.0,0,0
Uruguay,1971,,,,URY,19193542753.4569,0.0,0,0
Uruguay,1972,,,,URY,18940270547.9015,0.0,0,0
Uruguay,1973,,,,URY,18992394099.987,0.0,0,0
Uruguay,1974,,,,URY,19542289356.6581,0.0,0,0
Uruguay,1975,,,,URY,20733765993.5299,0.0,0,0
Uruguay,1976,,,,URY,21549737170.4348,0.0,0,0
Uruguay,1977,,,,URY,21863385229.0134,0.0,0,0
Uruguay,1978,,,,URY,23038320347.7266,0.0,0,0
Uruguay,1979,,,,URY,24466492719.2575,0.0,0,0
Uruguay,1980,,,,URY,25896167975.2906,0.0,0,0
Uruguay,1981,,,,URY,26300034208.3807,0.0,0,0
Uruguay,1982,,,,URY,23733710676.1581,0.0,0,0
Uruguay,1983,575.0,,,URY,21295214497.4957,2.7001371602414217,1,0
Uruguay,1984,111.0,,,URY,21051891660.6852,0.5272685314417354,0,0
Uruguay,1985,234.0,,,URY,21360625236.6484,1.0954735519563654,1,0
Uruguay,1986,1958.0,,,URY,23242455370.5452,8.424239043527832,1,1
Uruguay,1987,,,,URY,25100256718.148,0.0,0,0
Uruguay,1988,1770.0,,,URY,25471975822.888,6.9488131282283785,1,1
Uruguay,1989,,,,URY,25753161224.7828,0.0,0,0
Uruguay,1990,1608.0,,,URY,25829737832.144,6.225382582083016,1,1
Uruguay,1991,1610.0,,,URY,26743802791.2413,6.020086270331314,1,1
Uruguay,1992,,,,URY,28865011154.8822,0.0,0,0
Uruguay,1993,,,,URY,29632112135.1097,0.0,0,0
Uruguay,1994,,,,URY,31789727752.3514,0.0,0,0
Uruguay,1995,,,,URY,31329539981.1782,0.0,0,0
Uruguay,1996,,,,URY,33077088488.9395,0.0,0,0
Uruguay,1997,,,,URY,35904413225.1269,0.0,0,0
Uruguay,1998,,,,URY,37526894198.668,0.0,0,0
Uruguay,1999,,,,URY,36956130432.4805,0.0,0,0
Uruguay,2000,,,,URY,36242902749.5716,0.0,0,0
Uruguay,2001,,,,URY,34849678466.8177,0.0,0,0
Uruguay,2002,,,,URY,32155098813.2195,0.0,0,0
Uruguay,2003,4900.0,,,URY,32414038652.1022,15.116906759417997,1,1
Uruguay,2004,,,,URY,34036089123.994,0.0,0,0
Uruguay,2005,,,,URY,36575226344.6127,0.0,0,0
Uruguay,2006,,,,URY,38074290288.9132,0.0,0,0
Uruguay,2007,,,,URY,40564924117.3376,0.0,0,0
Uruguay,2008,,,,URY,43475921755.0631,0.0,0,0
Uruguay,2009,,,,URY,45320819970.7986,0.0,0,0
Uruguay,2010,,,,URY,48857389210.184,0.0,0,0
Uruguay,2011,,,,URY,51379472633.5779,0.0,0,0
Uruguay,2012,,,,URY,53197370201.0395,0.0,0,0
Uruguay,2013,,,,URY,55664418793.7377,0.0,0,0
Uruguay,2014,,,,URY,57467273107.5946,0.0,0,0
Uruguay,2015,,,,URY,57680327998.6689,0.0,0,0
Uruguay,2016,,,,URY,58655009160.0858,0.0,0,0
Uruguay,2017,,,,URY,59675827150.5481,0.0,0,0
Uruguay,2018,,,,URY,59774159551.5863,0.0,0,0
Uruguay,2019,,,,URY,60329073575.9906,0.0,0,0
Uruguay,2020,,,,URY,55890466315.3236,0.0,0,0
Uruguay,2021,,,,URY,59156857887.5914,0.0,0,0
Uruguay,2022,,,,URY,61881758828.1137,0.0,0,0
Uruguay,2023,,,,URY,62353142656.5034,0.0,0,0
USSR/Russia,1960,10938.0,,,RUS,,,0,0
USSR/Russia,1961,11402.72,,,RUS,,,0,0
USSR/Russia,1962,11887.15,,,RUS,,,0,0
USSR/Russia,1963,12394.11,,,RUS,,,0,0
USSR/Russia,1964,12920.16,,,RUS,,,0,0
USSR/Russia,1965,13468.84,,,RUS,,,0,0
USSR/Russia,1966,14042.76,,,RUS,,,0,0
USSR/Russia,1967,12588.15,,,RUS,,,0,0
USSR/Russia,1968,13124.2,,,RUS,,,0,0
USSR/Russia,1969,13668.92,,,RUS,,,0,0
USSR/Russia,1970,14231.92,,,RUS,,,0,0
USSR/Russia,1971,15749.72,,,RUS,,,0,0
USSR/Russia,1972,15630.22,,,RUS,,,0,0
USSR/Russia,1973,15750.11,,,RUS,,,0,0
USSR/Russia,1974,16323.68,,,RUS,,,0,0
USSR/Russia,1975,14903.81,,,RUS,,,0,0
USSR/Russia,1976,14001.23,,,RUS,,,0,0
USSR/Russia,1977,16345.16,,,RUS,,,0,0
USSR/Russia,1978,18627.82,,,RUS,,,0,0
USSR/Russia,1979,19444.49,,,RUS,,,0,0
USSR/Russia,1980,21638.3,,,RUS,,,0,0
USSR/Russia,1981,17844.47,,,RUS,,,0,0
USSR/Russia,1982,15658.29,,,RUS,,,0,0
USSR/Russia,1983,14650.44,,,RUS,,,0,0
USSR/Russia,1984,12516.69,,,RUS,,,0,0
USSR/Russia,1985,15974.06,,,RUS,,,0,0
USSR/Russia,1986,17301.87,,,RUS,,,0,0
USSR/Russia,1987,615.0,,,RUS,,,0,0
USSR/Russia,1988,564.0,,,RUS,,,0,0
USSR/Russia,1989,617.0,,,RUS,1197410924014.2,0.05152784124697722,0,0
USSR/Russia,1990,730.0,,,RUS,1161488648471.78,0.06285037748414433,0,0
USSR/Russia,1991,31011.93,,,RUS,1102869019648.24,2.811932282755685,1,0
USSR/Russia,1992,24733.1,,,RUS,942610308784.401,2.6238944948412493,1,0
USSR/Russia,1993,45105.03,,,RUS,860899753893.879,5.239289452225815,1,1
USSR/Russia,1994,33542.36,,,RUS,752686755595.146,4.4563505004785435,1,0
USSR/Russia,1995,36458.0,,,RUS,721498966074.43,5.053091094275938,1,1
USSR/Russia,1996,70182.0,,,RUS,694406178901.29,10.106764906822118,1,1
USSR/Russia,1997,41733.43,,,RUS,704127280752.683,5.926972458074439,1,1
USSR/Russia,1998,77719.59,,,RUS,666808805070.201,11.655453468677239,1,1
USSR/Russia,1999,96152.21,,,RUS,709483999749.711,13.55241415365536,1,1
USSR/Russia,2000,49315.45,,,RUS,780432873756.849,6.318986764691909,1,1
USSR/Russia,2001,12680.82,,,RUS,820235350100.851,1.545997743018616,1,0
USSR/Russia,2002,10977.12,,,RUS,858786345191.518,1.27821315062386,1,0
USSR/Russia,2003,9951.61,,,RUS,921477339138.287,1.0799625316132222,1,0
USSR/Russia,2004,6601.9,,,RUS,987823227185.947,0.6683280791854942,0,0
USSR/Russia,2005,4895.99,,,RUS,1051043572413.11,0.4658217916464879,0,0
USSR/Russia,2006,1802.8,320.27,,RUS,1137229862736.19,0.15852555926226203,0,0
USSR/Russia,2007,644.85,,,RUS,1233894148253.07,0.05226137111623145,0,0
USSR/Russia,2008,769.75,13.45,,RUS,1298056264713.14,0.05930020299775747,0,0
USSR/Russia,2009,427.08,,,RUS,1196807955081.93,0.03568492323154414,0,0
USSR/Russia,2010,6.6,,,RUS,1250664313051.12,0.0005277195432160884,0,0
USSR/Russia,2011,1.84,,,RUS,1304443243531.73,0.00014105634791884627,0,0
USSR/Russia,2012,1.84,,,RUS,1356935163522.96,0.0001355996991943872,0,0
USSR/Russia,2013,,,,RUS,1380755103933.22,0.0,0,0
USSR/Russia,2014,,,,RUS,1390921151171.34,0.0,0,0
USSR/Russia,2015,,,,RUS,1363482182197.71,0.0,0,0
USSR/Russia,2016,,,,RUS,1366122853556.84,0.0,0,0
USSR/Russia,2017,,,,RUS,1391077891792.47,0.0,0,0
USSR/Russia,2018,,,,RUS,1430116278514.33,0.0,0,0
USSR/Russia,2019,,,,RUS,1461551317111.73,0.0,0,0
USSR/Russia,2020,,,,RUS,1422766794859.9,0.0,0,0
USSR/Russia,2021,,,,RUS,1506233291829.03,0.0,0,0
USSR/Russia,2022,44443.0,,,RUS,1484613261468.36,2.9935742292941363,1,0
USSR/Russia,2023,47067.0,,,RUS,1544986751583.49,3.0464338902427492,1,0
Uzbekistan,1960,,,,UZB,,,0,0
Uzbekistan,1961,,,,UZB,,,0,0
Uzbekistan,1962,,,,UZB,,,0,0
Uzbekistan,1963,,,,UZB,,,0,0
Uzbekistan,1964,,,,UZB,,,0,0
Uzbekistan,1965,,,,UZB,,,0,0
Uzbekistan,1966,,,,UZB,,,0,0
Uzbekistan,1967,,,,UZB,,,0,0
Uzbekistan,1968,,,,UZB,,,0,0
Uzbekistan,1969,,,,UZB,,,0,0
Uzbekistan,1970,,,,UZB,,,0,0
Uzbekistan,1971,,,,UZB,,,0,0
Uzbekistan,1972,,,,UZB,,,0,0
Uzbekistan,1973,,,,UZB,,,0,0
Uzbekistan,1974,,,,UZB,,,0,0
Uzbekistan,1975,,,,UZB,,,0,0
Uzbekistan,1976,,,,UZB,,,0,0
Uzbekistan,1977,,,,UZB,,,0,0
Uzbekistan,1978,,,,UZB,,,0,0
Uzbekistan,1979,,,,UZB,,,0,0
Uzbekistan,1980,,,,UZB,,,0,0
Uzbekistan,1981,,,,UZB,,,0,0
Uzbekistan,1982,,,,UZB,,,0,0
Uzbekistan,1983,,,,UZB,,,0,0
Uzbekistan,1984,,,,UZB,,,0,0
Uzbekistan,1985,,,,UZB,,,0,0
Uzbekistan,1986,,,,UZB,,,0,0
Uzbekistan,1987,,,,UZB,30905406089.1808,0.0,0,0
Uzbekistan,1988,,,,UZB,33729722052.1123,0.0,0,0
Uzbekistan,1989,,,,UZB,34772406917.0519,0.0,0,0
Uzbekistan,1990,,,,UZB,35328765429.7544,0.0,0,0
Uzbekistan,1991,,,,UZB,35154947902.016,0.0,0,0
Uzbekistan,1992,,,,UZB,31217593737.9337,0.0,0,0
Uzbekistan,1993,,,,UZB,30499589080.5909,0.0,0,0
Uzbekistan,1994,,,,UZB,28913610450.5146,0.0,0,0
Uzbekistan,1995,,,,UZB,28653387954.881,0.0,0,0
Uzbekistan,1996,,,,UZB,29140495550.9913,0.0,0,0
Uzbekistan,1997,500.61,,,UZB,30655801318.6416,1.6330024937093464,1,0
Uzbekistan,1998,6.7,6.7,,UZB,31974000775.669,0.0209545250436675,0,0
Uzbekistan,1999,22.8,22.8,,UZB,33348882809.5964,0.06836810735212731,0,0
Uzbekistan,2000,20.4,20.4,,UZB,34627812465.3912,0.05891218228234544,0,0
Uzbekistan,2001,19.49,19.49,,UZB,36069658565.9596,0.05403433460385872,0,0
Uzbekistan,2002,132.33,132.33,,UZB,37502882190.1015,0.3528528802912304,0,0
Uzbekistan,2003,40.84,40.84,,UZB,39090239450.5479,0.1044762083170805,0,0
Uzbekistan,2004,47.38,47.38,,UZB,42002071623.9483,0.11280395982417536,0,0
Uzbekistan,2005,43.16,43.16,,UZB,44921218624.152,0.09607931690614227,0,0
Uzbekistan,2006,,,,UZB,48268486608.4542,0.0,0,0
Uzbekistan,2007,88.16,88.16,,UZB,52840962905.7313,0.1668402601922265,0,0
Uzbekistan,2008,113.21,113.21,,UZB,57612058529.871,0.19650400087909076,0,0
Uzbekistan,2009,80.88,80.88,,UZB,62250366950.6188,0.1299269449514402,0,0
Uzbekistan,2010,192.13,192.13,,UZB,66979631884.1971,0.2868483964381571,0,0
Uzbekistan,2011,161.46,161.46,,UZB,72423694043.5058,0.22293808971275203,0,0
Uzbekistan,2012,1.34,1.34,,UZB,77751775857.5986,0.0017234333045385267,0,0
Uzbekistan,2013,,,,UZB,83911096542.085,0.0,0,0
Uzbekistan,2014,,,,UZB,90383779619.6224,0.0,0,0
Uzbekistan,2015,0.16,,,UZB,97564568986.8161,0.0001639939597556371,0,0
Uzbekistan,2016,19.46,,0.87,UZB,104112205483.946,0.018691372360756218,0,0
Uzbekistan,2017,1.88,,1.84,UZB,109005764429.499,0.0017246794330917391,0,0
Uzbekistan,2018,2.63,,2.63,UZB,115244909717.475,0.002282096455667754,0,0
Uzbekistan,2019,3.43,,3.43,UZB,123073854828.787,0.002786944477177229,0,0
Uzbekistan,2020,4.83,,4.59,UZB,125069648539.719,0.0038618482232850543,0,0
Uzbekistan,2021,6.6,,5.65,UZB,135330969248.223,0.004876932483867999,0,0
Uzbekistan,2022,23.72,,6.01,UZB,143567108315.461,0.01652189020056034,0,0
Uzbekistan,2023,20.0,,6.0,UZB,152634850007.123,0.013103167460816887,0,0
Vanuatu,1960,,,,VUT,,,0,0
Vanuatu,1961,,,,VUT,,,0,0
Vanuatu,1962,,,,VUT,,,0,0
Vanuatu,1963,,,,VUT,,,0,0
Vanuatu,1964,,,,VUT,,,0,0
Vanuatu,1965,,,,VUT,,,0,0
Vanuatu,1966,,,,VUT,,,0,0
Vanuatu,1967,,,,VUT,,,0,0
Vanuatu,1968,,,,VUT,,,0,0
Vanuatu,1969,,,,VUT,,,0,0
Vanuatu,1970,,,,VUT,,,0,0
Vanuatu,1971,,,,VUT,,,0,0
Vanuatu,1972,,,,VUT,,,0,0
Vanuatu,1973,,,,VUT,,,0,0
Vanuatu,1974,,,,VUT,,,0,0
Vanuatu,1975,,,,VUT,,,0,0
Vanuatu,1976,,,,VUT,,,0,0
Vanuatu,1977,,,,VUT,,,0,0
Vanuatu,1978,,,,VUT,,,0,0
Vanuatu,1979,,,,VUT,378031594.167899,0.0,0,0
Vanuatu,1980,,,,VUT,334936723.138458,0.0,0,0
Vanuatu,1981,,,,VUT,349600107.772497,0.0,0,0
Vanuatu,1982,,,,VUT,356521781.277475,0.0,0,0
Vanuatu,1983,,,,VUT,367251765.104468,0.0,0,0
Vanuatu,1984,,,,VUT,402416090.3406,0.0,0,0
Vanuatu,1985,,,,VUT,406446783.747113,0.0,0,0
Vanuatu,1986,,,,VUT,405835230.264745,0.0,0,0
Vanuatu,1987,,,,VUT,394090623.614734,0.0,0,0
Vanuatu,1988,,,,VUT,387419131.079815,0.0,0,0
Vanuatu,1989,,,,VUT,393353979.647336,0.0,0,0
Vanuatu,1990,,,,VUT,439359480.25271,0.0,0,0
Vanuatu,1991,5.58,,,VUT,453188928.319884,1.2312745637204423,1,0
Vanuatu,1992,,,,VUT,464905737.084334,0.0,0,0
Vanuatu,1993,,,,VUT,468324877.00848,0.0,0,0
Vanuatu,1994,,,,VUT,510855641.918584,0.0,0,0
Vanuatu,1995,,,,VUT,515984351.804802,0.0,0,0
Vanuatu,1996,,,,VUT,527993038.367655,0.0,0,0
Vanuatu,1997,,,,VUT,553900667.711588,0.0,0,0
Vanuatu,1998,,,,VUT,560419271.875914,0.0,0,0
Vanuatu,1999,,,,VUT,562309528.094141,0.0,0,0
Vanuatu,2000,,,,VUT,595625293.940389,0.0,0,0
Vanuatu,2001,,,,VUT,575388433.251136,0.0,0,0
Vanuatu,2002,,,,VUT,545477908.386254,0.0,0,0
Vanuatu,2003,10.0,,10.0,VUT,568869829.086811,1.757871394946835,1,0
Vanuatu,2004,0.52,,,VUT,591552903.705533,0.08790422576622985,0,0
Vanuatu,2005,4.85,,3.73,VUT,622936716.50521,0.7785702578601235,0,0
Vanuatu,2006,0.63,,,VUT,675641507.531065,0.09324471527839541,0,0
Vanuatu,2007,0.7,,,VUT,695072229.539014,0.10070895804084336,0,0
Vanuatu,2008,0.66,,,VUT,734003168.268819,0.0899178680054803,0,0
Vanuatu,2009,,,,VUT,756297072.489673,0.0,0,0
Vanuatu,2010,,,,VUT,765817848.294707,0.0,0,0
Vanuatu,2011,,,,VUT,789863019.305977,0.0,0,0
Vanuatu,2012,,,,VUT,797841012.462315,0.0,0,0
Vanuatu,2013,10.0,,10.0,VUT,801538131.242085,1.2476012818633757,1,0
Vanuatu,2014,,,,VUT,826426927.990477,0.0,0,0
Vanuatu,2015,3.0,,3.0,VUT,855360239.609869,0.3507294191472244,0,0
Vanuatu,2016,3.0,,3.0,VUT,886322640.615555,0.3384771935777796,0,0
Vanuatu,2017,3.0,,3.0,VUT,923754899.02468,0.3247614711616104,0,0
Vanuatu,2018,2.8,,2.8,VUT,946990363.680536,0.29567354720671374,0,0
Vanuatu,2019,,,,VUT,978021084.194179,0.0,0,0
Vanuatu,2020,,,,VUT,922026415.473392,0.0,0,0
Vanuatu,2021,,,,VUT,911300252.724291,0.0,0,0
Vanuatu,2022,,,,VUT,962259773.708716,0.0,0,0
Vanuatu,2023,,,,VUT,1018356921.69144,0.0,0,0
Venezuela,1960,,,,VEN,33133349892.5121,0.0,0,0
Venezuela,1961,,,,VEN,34191138528.5873,0.0,0,0
Venezuela,1962,,,,VEN,37108645732.0154,0.0,0,0
Venezuela,1963,,,,VEN,38556235879.5755,0.0,0,0
Venezuela,1964,,,,VEN,42847292502.6985,0.0,0,0
Venezuela,1965,,,,VEN,44630968159.0471,0.0,0,0
Venezuela,1966,,,,VEN,45305007405.2179,0.0,0,0
Venezuela,1967,,,,VEN,46588891979.5617,0.0,0,0
Venezuela,1968,,,,VEN,50007227376.9873,0.0,0,0
Venezuela,1969,,,,VEN,50360296803.0062,0.0,0,0
Venezuela,1970,,,,VEN,54244039774.5944,0.0,0,0
Venezuela,1971,,,,VEN,55046467086.9233,0.0,0,0
Venezuela,1972,,,,VEN,55752605938.9613,0.0,0,0
Venezuela,1973,,,,VEN,59716592746.562,0.0,0,0
Venezuela,1974,,,,VEN,60952328027.1865,0.0,0,0
Venezuela,1975,,,,VEN,62717664569.8085,0.0,0,0
Venezuela,1976,,,,VEN,67564322525.751,0.0,0,0
Venezuela,1977,,,,VEN,71801134923.358,0.0,0,0
Venezuela,1978,52.9,52.0,,VEN,73486233153.8661,0.07198627243450828,0,0
Venezuela,1979,160.2,156.8,,VEN,74047928958.1572,0.2163463614094128,0,0
Venezuela,1980,51.4,51.4,,VEN,70774031314.7421,0.07262550831874612,0,0
Venezuela,1981,5.8,5.8,,VEN,69880983600.9914,0.00829982593421555,0,0
Venezuela,1982,5.4,5.4,,VEN,71667079028.4928,0.0075348403663181435,0,0
Venezuela,1983,14977.96,,,VEN,64745959246.925,23.133428208048908,1,1
Venezuela,1984,16988.81,,,VEN,68094888173.49,24.948730302216592,1,1
Venezuela,1985,18737.85,,,VEN,68541412030.3654,27.337998218797576,1,1
Venezuela,1986,20329.6,,,VEN,72783388670.6812,27.931648101717503,1,1
Venezuela,1987,20360.6,,,VEN,76355579525.6839,26.665503852473883,1,1
Venezuela,1988,20338.8,,,VEN,81267341951.3127,25.02702747702144,1,1
Venezuela,1989,20288.8,,,VEN,69880983600.9914,29.033363519674566,1,1
Venezuela,1990,19585.0,,,VEN,74569484098.1826,26.26409480614514,1,1
Venezuela,1991,,,,VEN,81713865808.1881,0.0,0,0
Venezuela,1992,618.5,587.8,,VEN,86625628233.8169,0.7139919358859553,0,0
Venezuela,1993,2013.3,973.8,,VEN,86848890162.2545,2.318164338356741,1,0
Venezuela,1994,1540.1,1411.4,,VEN,84839532806.3155,1.8153093835582204,1,0
Venezuela,1995,1420.1,,,VEN,88188461732.8806,1.6103013615334707,1,0
Venezuela,1996,546.5,,,VEN,87965199804.4429,0.6212684120708354,0,0
Venezuela,1997,698.7,,,VEN,93546748015.3847,0.7468992934795465,0,0
Venezuela,1998,484.7,,,VEN,93993271872.2601,0.5156752077518091,0,0
Venezuela,1999,183.9,99.2,,VEN,88411723661.3183,0.20800408858046,0,0
Venezuela,2000,137.9,62.6,,VEN,91537390659.4457,0.15064882121562875,0,0
Venezuela,2001,54.5,51.5,,VEN,94663057657.5731,0.05757261739541958,0,0
Venezuela,2002,5186.2,54.6,,VEN,86402366305.3792,6.0023819042987485,1,1
Venezuela,2003,1104.7,10.2,,VEN,79704508452.249,1.385994370270568,1,0
Venezuela,2004,16.05,15.2,,VEN,94216533800.6977,0.017035226570690447,0,0
Venezuela,2005,942.94,1.79,,VEN,103816796723.518,0.9082730634727745,0,0
Venezuela,2006,0.41,0.11,,VEN,114086845431.651,0.00035937534993517675,0,0
Venezuela,2007,178.15,0.39,,VEN,124133632211.346,0.14351469205113362,0,0
Venezuela,2008,6.08,0.19,,VEN,130608228136.038,0.0046551431611699355,0,0
Venezuela,2009,1.47,0.11,,VEN,126589513424.16,0.001161233628471666,0,0
Venezuela,2010,1490.18,0.1,,VEN,124580156068.221,1.1961616095455576,1,0
Venezuela,2011,0.11,0.06,,VEN,129715180422.288,8.480117719598802e-05,0,0
Venezuela,2012,0.06,0.02,,VEN,137082824060.731,4.376915956547448e-05,0,0
Venezuela,2013,0.17,0.02,,VEN,138868919488.232,0.00012241760116410075,0,0
Venezuela,2014,0.56,,,VEN,133510633205.728,0.00041944224707337723,0,0
Venezuela,2015,2.67,0.81,,VEN,125249941853.534,0.0021317375165908425,0,0
Venezuela,2016,14517.79,7395.33,6000.0,VEN,103816796723.518,13.98404733933698,1,1
Venezuela,2017,30669.37,8473.64,,VEN,87518675947.5676,35.04322896563701,1,1
Venezuela,2018,75624.77,10142.62,19000.0,VEN,70327507457.8668,107.53227681971636,1,1
Venezuela,2019,78264.24,13448.51,13500.0,VEN,50903719683.7893,153.7495501039463,1,1
Venezuela,2020,87248.59,13986.45,18533.0,VEN,35721908550.0276,244.24392072391825,1,1
Venezuela,2021,86701.91,14545.91,13500.0,VEN,35945170478.4652,241.20600583030543,1,1
Venezuela,2022,90467.0,15146.0,13500.0,VEN,38847575548.155,232.8768236459394,1,1
Venezuela,2023,92254.0,15770.0,12000.0,VEN,40410409047.2187,228.29266561544372,1,1
Vietnam,1960,,,,VNM,,,0,0
Vietnam,1961,,,,VNM,,,0,0
Vietnam,1962,,,,VNM,,,0,0
Vietnam,1963,,,,VNM,,,0,0
Vietnam,1964,,,,VNM,,,0,0
Vietnam,1965,,,,VNM,,,0,0
Vietnam,1966,,,,VNM,,,0,0
Vietnam,1967,,,,VNM,,,0,0
Vietnam,1968,,,,VNM,,,0,0
Vietnam,1969,,,,VNM,,,0,0
Vietnam,1970,,,,VNM,,,0,0
Vietnam,1971,,,,VNM,,,0,0
Vietnam,1972,,,,VNM,,,0,0
Vietnam,1973,,,,VNM,,,0,0
Vietnam,1974,,,,VNM,,,0,0
Vietnam,1975,516.0,,,VNM,,,0,0
Vietnam,1976,,,,VNM,,,0,0
Vietnam,1977,,,,VNM,,,0,0
Vietnam,1978,467.0,,,VNM,,,0,0
Vietnam,1979,,,,VNM,,,0,0
Vietnam,1980,33.0,,,VNM,,,0,0
Vietnam,1981,1389.0,335.0,,VNM,,,0,0
Vietnam,1982,1406.8,351.0,,VNM,,,0,0
Vietnam,1983,1604.0,350.0,,VNM,,,0,0
Vietnam,1984,1593.11,354.0,,VNM,34363462779.8136,4.636057810029126,1,0
Vietnam,1985,2720.33,587.0,,VNM,35671286575.7778,7.626105647244051,1,1
Vietnam,1986,1976.36,,,VNM,36666262766.8568,5.390132101999941,1,1
Vietnam,1987,603.9,,,VNM,37980187158.0424,1.5900395579596893,1,0
Vietnam,1988,1169.46,,,VNM,39930474201.495,2.928740575678451,1,0
Vietnam,1989,1527.19,,314.37,VNM,42871159122.6828,3.5622783037652357,1,0
Vietnam,1990,2730.07,,348.88,VNM,45057981854.8071,6.059015267921365,1,1
Vietnam,1991,4832.19,,351.56,VNM,47743817832.1663,10.121080004507773,1,1
Vietnam,1992,7017.66,,353.72,VNM,51871770980.839,13.5288613966781,1,1
Vietnam,1993,7492.46,,356.48,VNM,56059239339.3434,13.365254484895686,1,1
Vietnam,1994,9276.48,,353.18,VNM,61014304826.6384,15.20377889473217,1,1
Vietnam,1995,11295.46,,355.39,VNM,66835362482.4846,16.90042453642737,1,1
Vietnam,1996,13255.6,,355.43,VNM,73077797034.1306,18.13902517314396,1,1
Vietnam,1997,9791.97,,355.46,VNM,79035160538.4626,12.389384589450819,1,1
Vietnam,1998,10379.45,6.06,355.46,VNM,83591107164.2471,12.416930881900571,1,1
Vietnam,1999,10285.08,10.95,355.46,VNM,87581401291.5701,11.743452203692888,1,1
Vietnam,2000,10219.65,8.07,355.47,VNM,93525828108.839,10.927088491648602,1,1
Vietnam,2001,1457.11,9.8,355.47,VNM,99317782863.096,1.467118936805652,1,0
Vietnam,2002,1439.5,8.52,355.47,VNM,105595482130.707,1.3632212012803486,1,0
Vietnam,2003,1445.09,9.35,355.47,VNM,112880581486.059,1.280193617870822,1,0
Vietnam,2004,1406.36,9.73,355.47,VNM,121387725604.567,1.158568539772598,1,0
Vietnam,2005,1423.14,9.03,355.87,VNM,130549157968.493,1.0901180996843072,1,0
Vietnam,2006,14.33,,,VNM,139658819217.11,0.0102607197170434,0,0
Vietnam,2007,16.09,,,VNM,149615800998.365,0.010754211716031139,0,0
Vietnam,2008,13.79,,,VNM,158086705343.275,0.008723061164476742,0,0
Vietnam,2009,13.6,,,VNM,166620063722.291,0.00816228231833316,0,0
Vietnam,2010,18.37,,,VNM,177322478338.404,0.010359656695606583,0,0
Vietnam,2011,17.27,,,VNM,188694468366.268,0.009152361566041156,0,0
Vietnam,2012,12.98,0.02,0.54,VNM,199081239731.688,0.006519951361310495,0,0
Vietnam,2013,11.17,0.04,0.75,VNM,210137237901.389,0.005315573818116778,0,0
Vietnam,2014,33.47,0.03,4.28,VNM,223632762207.56,0.01496650118238737,0,0
Vietnam,2015,36.46,0.03,7.75,VNM,239258328381.741,0.015238758979301825,0,0
Vietnam,2016,50.04,0.03,21.56,VNM,255264731908.124,0.01960317809121027,0,0
Vietnam,2017,54.75,0.03,25.68,VNM,272980590259.187,0.02005637102184316,0,0
Vietnam,2018,56.66,0.03,28.42,VNM,293358610036.841,0.019314244771232194,0,0
Vietnam,2019,59.65,0.03,31.54,VNM,314947640805.601,0.018939656079792165,0,0
Vietnam,2020,63.58,0.03,35.68,VNM,323972192107.065,0.019625141153777895,0,0
Vietnam,2021,63.74,0.03,36.0,VNM,332245562394.77,0.019184605368563187,0,0
Vietnam,2022,61.74,0.03,34.89,VNM,360611028653.678,0.01712094059643794,0,0
Vietnam,2023,62.03,0.03,35.0,VNM,378564624231.768,0.016385577528771806,0,0
West Bank & Gaza,1960,,,,PSE,,,0,0
West Bank & Gaza,1961,,,,PSE,,,0,0
West Bank & Gaza,1962,,,,PSE,,,0,0
West Bank & Gaza,1963,,,,PSE,,,0,0
West Bank & Gaza,1964,,,,PSE,,,0,0
West Bank & Gaza,1965,,,,PSE,,,0,0
West Bank & Gaza,1966,,,,PSE,,,0,0
West Bank & Gaza,1967,,,,PSE,,,0,0
West Bank & Gaza,1968,,,,PSE,,,0,0
West Bank & Gaza,1969,,,,PSE,,,0,0
West Bank & Gaza,1970,,,,PSE,,,0,0
West Bank & Gaza,1971,,,,PSE,,,0,0
West Bank & Gaza,1972,,,,PSE,,,0,0
West Bank & Gaza,1973,,,,PSE,,,0,0
West Bank & Gaza,1974,,,,PSE,,,0,0
West Bank & Gaza,1975,,,,PSE,,,0,0
West Bank & Gaza,1976,,,,PSE,,,0,0
West Bank & Gaza,1977,,,,PSE,,,0,0
West Bank & Gaza,1978,,,,PSE,,,0,0
West Bank & Gaza,1979,,,,PSE,,,0,0
West Bank & Gaza,1980,,,,PSE,,,0,0
West Bank & Gaza,1981,,,,PSE,,,0,0
West Bank & Gaza,1982,,,,PSE,,,0,0
West Bank & Gaza,1983,,,,PSE,,,0,0
West Bank & Gaza,1984,,,,PSE,,,0,0
West Bank & Gaza,1985,,,,PSE,,,0,0
West Bank & Gaza,1986,,,,PSE,,,0,0
West Bank & Gaza,1987,,,,PSE,,,0,0
West Bank & Gaza,1988,,,,PSE,,,0,0
West Bank & Gaza,1989,,,,PSE,,,0,0
West Bank & Gaza,1990,,,,PSE,,,0,0
West Bank & Gaza,1991,,,,PSE,,,0,0
West Bank & Gaza,1992,,,,PSE,,,0,0
West Bank & Gaza,1993,,,,PSE,,,0,0
West Bank & Gaza,1994,,,,PSE,5057700000.0,0.0,0,0
West Bank & Gaza,1995,,,,PSE,5417700000.0,0.0,0,0
West Bank & Gaza,1996,,,,PSE,5483500000.0,0.0,0,0
West Bank & Gaza,1997,,,,PSE,6287800000.0,0.0,0,0
West Bank & Gaza,1998,,,,PSE,7189100000.0,0.0,0,0
West Bank & Gaza,1999,,,,PSE,7784400000.0,0.0,0,0
West Bank & Gaza,2000,,,,PSE,7118400000.0,0.0,0,0
West Bank & Gaza,2001,,,,PSE,6455600000.0,0.0,0,0
West Bank & Gaza,2002,,,,PSE,5649400000.0,0.0,0,0
West Bank & Gaza,2003,,,,PSE,6441200000.0,0.0,0,0
West Bank & Gaza,2004,,,,PSE,7853400000.0,0.0,0,0
West Bank & Gaza,2005,,,,PSE,8740100000.0,0.0,0,0
West Bank & Gaza,2006,,,,PSE,8653000000.0,0.0,0,0
West Bank & Gaza,2007,,,,PSE,8980800000.0,0.0,0,0
West Bank & Gaza,2008,,,,PSE,9648000000.0,0.0,0,0
West Bank & Gaza,2009,,,,PSE,10477100000.0,0.0,0,0
West Bank & Gaza,2010,,,,PSE,11082400000.0,0.0,0,0
West Bank & Gaza,2011,,,,PSE,12146400000.0,0.0,0,0
West Bank & Gaza,2012,,,,PSE,12886900000.0,0.0,0,0
West Bank & Gaza,2013,,,,PSE,13492400000.0,0.0,0,0
West Bank & Gaza,2014,,,,PSE,13471100000.0,0.0,0,0
West Bank & Gaza,2015,,,,PSE,13972400000.0,0.0,0,0
West Bank & Gaza,2016,,,,PSE,15211000000.0,0.0,0,0
West Bank & Gaza,2017,,,,PSE,15426900000.0,0.0,0,0
West Bank & Gaza,2018,,,,PSE,15616200000.0,0.0,0,0
West Bank & Gaza,2019,,,,PSE,15829000000.0,0.0,0,0
West Bank & Gaza,2020,,,,PSE,14037400000.0,0.0,0,0
West Bank & Gaza,2021,,,,PSE,15021700000.0,0.0,0,0
West Bank & Gaza,2022,,,,PSE,15635000000.0,0.0,0,0
West Bank & Gaza,2023,,,,PSE,15483000000.0,0.0,0,0
Yemen,1960,,,,YEM,,,0,0
Yemen,1961,,,,YEM,,,0,0
Yemen,1962,,,,YEM,,,0,0
Yemen,1963,,,,YEM,,,0,0
Yemen,1964,,,,YEM,,,0,0
Yemen,1965,,,,YEM,,,0,0
Yemen,1966,,,,YEM,,,0,0
Yemen,1967,,,,YEM,,,0,0
Yemen,1968,,,,YEM,,,0,0
Yemen,1969,,,,YEM,,,0,0
Yemen,1970,,,,YEM,,,0,0
Yemen,1971,,,,YEM,,,0,0
Yemen,1972,,,,YEM,,,0,0
Yemen,1973,14.92,,14.92,YEM,,,0,0
Yemen,1974,22.59,,21.78,YEM,,,0,0
Yemen,1975,32.8,,23.75,YEM,,,0,0
Yemen,1976,46.1,,28.21,YEM,,,0,0
Yemen,1977,104.13,,38.05,YEM,,,0,0
Yemen,1978,48.8,,47.81,YEM,,,0,0
Yemen,1979,49.44,,48.34,YEM,,,0,0
Yemen,1980,7.65,4.01,,YEM,,,0,0
Yemen,1981,22.36,9.48,,YEM,,,0,0
Yemen,1982,40.99,15.08,,YEM,,,0,0
Yemen,1983,81.03,35.61,2.29,YEM,,,0,0
Yemen,1984,131.77,53.74,7.89,YEM,,,0,0
Yemen,1985,194.87,84.21,12.84,YEM,,,0,0
Yemen,1986,278.41,120.38,16.29,YEM,,,0,0
Yemen,1987,383.65,187.36,22.1,YEM,,,0,0
Yemen,1988,497.51,263.12,26.82,YEM,,,0,0
Yemen,1989,605.77,339.93,27.95,YEM,,,0,0
Yemen,1990,1183.17,523.63,34.41,YEM,23918014718.5428,4.946773442206847,1,0
Yemen,1991,972.89,652.18,37.96,YEM,25423293506.2713,3.8267661888889886,1,0
Yemen,1992,1134.27,843.25,39.69,YEM,27509935270.5137,4.123128567357111,1,0
Yemen,1993,1299.27,991.5,42.84,YEM,28610873631.5478,4.541175556999976,1,0
Yemen,1994,1300.96,1121.2,30.81,YEM,30534082000.5109,4.260681555706284,1,0
Yemen,1995,1368.17,1235.15,34.66,YEM,32265172488.9706,4.240392641532258,1,0
Yemen,1996,1709.67,1337.82,39.58,YEM,33760652688.5079,5.06409048360007,1,1
Yemen,1997,2124.15,508.94,43.26,YEM,35526710256.2153,5.97902250076303,1,1
Yemen,1998,104.32,4.43,14.56,YEM,37660691242.2779,0.27699969532925184,0,0
Yemen,1999,225.09,5.04,19.02,YEM,39082582125.1821,0.5759343107858977,0,0
Yemen,2000,148.69,5.68,31.25,YEM,41498634363.6833,0.358300947199658,0,0
Yemen,2001,1211.99,4.4,39.96,YEM,43077095456.5446,2.8135369554398895,1,0
Yemen,2002,220.77,9.15,60.36,YEM,44772278888.5091,0.493095293518019,0,0
Yemen,2003,189.46,16.34,66.88,YEM,46450074454.9115,0.40787878646762216,0,0
Yemen,2004,359.51,24.03,92.1,YEM,48295394891.1286,0.744398095947733,0,0
Yemen,2005,365.07,65.3,60.51,YEM,50995951705.5725,0.7158803547931581,0,0
Yemen,2006,365.44,,64.21,YEM,52612732131.2711,0.6945847235004086,0,0
Yemen,2007,273.24,,68.21,YEM,54369170289.1837,0.5025642262824063,0,0
Yemen,2008,292.48,,77.95,YEM,56352323545.813,0.5190203022635281,0,0
Yemen,2009,282.58,,83.93,YEM,58531033711.6239,0.4827866211832875,0,0
Yemen,2010,390.01,,91.37,YEM,63038676060.5744,0.6186836786122158,0,0
Yemen,2011,226.87,,100.33,YEM,55023373390.1327,0.4123156869925471,0,0
Yemen,2012,334.95,,115.36,YEM,56340077330.5769,0.5945146259467696,0,0
Yemen,2013,355.93,,129.06,YEM,59057651713.0868,0.6026822768524137,0,0
Yemen,2014,371.98,,140.55,YEM,58946215687.1767,0.6310498403732496,0,0
Yemen,2015,397.96,,151.37,YEM,42444490073.8555,0.9376010862835907,0,0
Yemen,2016,629.73,,161.99,YEM,38465266584.2701,1.6371393101367986,1,0
Yemen,2017,1718.59,,199.59,YEM,36514386855.1096,4.706610593844632,1,0
Yemen,2018,1717.32,,105.32,YEM,36789138480.0859,4.668008197391173,1,0
Yemen,2019,1745.76,,107.76,YEM,,,0,0
Yemen,2020,2152.81,,111.75,YEM,,,0,0
Yemen,2021,2493.92,,115.27,YEM,,,0,0
Yemen,2022,2803.38,,116.1,YEM,,,0,0
Yemen,2023,2925.0,,120.0,YEM,,,0,0
Zambia,1960,,,,ZMB,3745698444.11593,0.0,0,0
Zambia,1961,,,,ZMB,3796691708.18908,0.0,0,0
Zambia,1962,,,,ZMB,3702122212.39459,0.0,0,0
Zambia,1963,,,,ZMB,3823270196.55299,0.0,0,0
Zambia,1964,,,,ZMB,4290246254.21526,0.0,0,0
Zambia,1965,,,,ZMB,5004463110.09913,0.0,0,0
Zambia,1966,,,,ZMB,4725699010.60927,0.0,0,0
Zambia,1967,,,,ZMB,5099960030.32005,0.0,0,0
Zambia,1968,,,,ZMB,5163624360.46018,0.0,0,0
Zambia,1969,,,,ZMB,5141063668.58449,0.0,0,0
Zambia,1970,,,,ZMB,5387686297.19132,0.0,0,0
Zambia,1971,,,,ZMB,5383050756.09907,0.0,0,0
Zambia,1972,,,,ZMB,5878768640.77048,0.0,0,0
Zambia,1973,,,,ZMB,5822212020.16877,0.0,0,0
Zambia,1974,,,,ZMB,6196473039.87955,0.0,0,0
Zambia,1975,1.85,1.66,,ZMB,6055854684.90596,0.030548949673628572,0,0
Zambia,1976,2.0,1.5,,ZMB,6432587907.06376,0.031091685475510687,0,0
Zambia,1977,3.36,2.53,,ZMB,6138989402.86171,0.054732135527611844,0,0
Zambia,1978,15.32,14.24,,ZMB,6172984906.577,0.24817815419696435,0,0
Zambia,1979,38.38,33.55,,ZMB,5986318100.43461,0.6411286429502233,0,0
Zambia,1980,39.28,15.6,,ZMB,6168040110.67307,0.6368311375282818,0,0
Zambia,1981,75.45,50.19,,ZMB,6548482197.51558,1.1521753854446588,1,0
Zambia,1982,233.23,112.75,,ZMB,6364287627.82108,3.6646678094882112,1,0
Zambia,1983,503.96,123.96,,ZMB,6239121864.17488,8.077418761344363,1,1
Zambia,1984,382.02,101.02,,ZMB,6218106324.32923,6.143671080458887,1,1
Zambia,1985,1484.57,233.21,,ZMB,6318548040.45408,23.495429495750294,1,1
Zambia,1986,1771.43,182.63,,ZMB,6364287627.82108,27.83390857849205,1,1
Zambia,1987,2410.12,196.29,,ZMB,6534574435.21006,36.88258545213931,1,1
Zambia,1988,3077.37,234.4,0.01,ZMB,6944994654.29038,44.310617260142976,1,1
Zambia,1989,3803.38,265.85,0.03,ZMB,6873912509.77869,55.3306431321229,1,1
Zambia,1990,3784.6,317.25,0.53,ZMB,6840844039.47996,55.3235825602553,1,1
Zambia,1991,4025.53,220.87,4.82,ZMB,6838372211.04238,58.86678694528656,1,1
Zambia,1992,3306.93,192.58,4.82,ZMB,6720005310.13323,49.21022897129879,1,1
Zambia,1993,4245.61,203.37,8.11,ZMB,7176782487.17512,59.157568277802575,1,1
Zambia,1994,4257.21,105.66,9.84,ZMB,6557753279.70008,64.91872777797923,1,1
Zambia,1995,3048.5,126.39,17.06,ZMB,6747775256.59298,45.17785320460151,1,1
Zambia,1996,736.27,138.55,31.72,ZMB,7167388797.89361,10.272499800992781,1,1
Zambia,1997,1012.03,116.3,70.3,ZMB,7440753543.99756,13.601176198295164,1,1
Zambia,1998,968.45,77.64,94.97,ZMB,7412051123.98383,13.065883974630188,1,1
Zambia,1999,1174.72,38.59,74.13,ZMB,7756725565.34734,15.144534766680213,1,1
Zambia,2000,377.26,38.0,73.94,ZMB,8059030210.46366,4.6812084102895435,1,0
Zambia,2001,591.46,71.48,111.3,ZMB,8487518230.93072,6.968585915309921,1,1
Zambia,2002,832.44,175.08,131.38,ZMB,8869967014.46174,9.384927797846103,1,1
Zambia,2003,807.82,173.03,143.18,ZMB,9485983915.84691,8.515932634573497,1,1
Zambia,2004,855.66,335.48,121.45,ZMB,10153075785.3691,8.42759394382767,1,1
Zambia,2005,2184.37,291.7,129.66,ZMB,10887711636.03,20.062709897380138,1,1
Zambia,2006,4014.01,333.82,123.74,ZMB,11748243095.7729,34.1668959969365,1,1
Zambia,2007,476.75,365.47,99.67,ZMB,12729507610.1931,3.7452352015426302,1,0
Zambia,2008,442.05,365.47,62.27,ZMB,13719086269.626,3.2221533658454855,1,0
Zambia,2009,429.36,365.47,58.76,ZMB,14984033821.7868,2.8654500190443386,1,0
Zambia,2010,428.16,365.47,57.94,ZMB,16527123087.7163,2.590650518711437,1,0
Zambia,2011,427.27,365.47,57.72,ZMB,17447560252.6576,2.448881068829772,1,0
Zambia,2012,423.28,365.47,53.3,ZMB,18773117888.8094,2.254713375300945,1,0
Zambia,2013,420.92,365.47,50.12,ZMB,19722575262.7917,2.1342040498844037,1,0
Zambia,2014,415.77,365.47,45.76,ZMB,20648211567.0616,2.013588434279915,1,0
Zambia,2015,476.4,365.47,110.94,ZMB,21251216798.7762,2.241753987599593,1,0
Zambia,2016,426.89,365.47,61.43,ZMB,22049221308.1088,1.9360774425308498,1,0
Zambia,2017,2654.54,2591.63,62.91,ZMB,22826646593.6169,11.629128216942295,1,1
Zambia,2018,3064.6,3001.42,63.18,ZMB,23747586257.2512,12.904890487824803,1,1
Zambia,2019,1910.19,1819.31,90.89,ZMB,24089861649.0155,7.929435327736992,1,1
Zambia,2020,5578.39,2198.0,296.35,ZMB,23418945736.8993,23.819987725624177,1,1
Zambia,2021,13256.93,2676.0,5935.0,ZMB,24879098747.8861,53.285410915965755,1,1
Zambia,2022,14335.0,4927.0,4137.0,ZMB,26175604214.1895,54.76473392056088,1,1
Zambia,2023,15841.0,5378.0,4779.0,ZMB,27580695690.34,57.435099454537074,1,1
Zimbabwe,1960,,,,ZWE,4352412133.30671,0.0,0,0
Zimbabwe,1961,,,,ZWE,4627317328.53696,0.0,0,0
Zimbabwe,1962,,,,ZWE,4693694848.57618,0.0,0,0
Zimbabwe,1963,,,,ZWE,4986785324.99555,0.0,0,0
Zimbabwe,1964,,,,ZWE,4931622909.03525,0.0,0,0
Zimbabwe,1965,184.27,,,ZWE,5173793733.08764,3.5616031389413454,1,0
Zimbabwe,1966,191.35,,,ZWE,5252597339.00725,3.6429596188343174,1,0
Zimbabwe,1967,170.09,,,ZWE,5692082627.38172,2.9881857157481053,1,0
Zimbabwe,1968,176.17,,,ZWE,5804224337.64361,3.0352031512193625,1,0
Zimbabwe,1969,182.24,,,ZWE,6525587026.7977,2.792698944196452,1,0
Zimbabwe,1970,257.35,62.52,,ZWE,7998095582.54326,3.217640966453255,1,0
Zimbabwe,1971,215.69,,,ZWE,8711332685.8633,2.4759701847918225,1,0
Zimbabwe,1972,206.75,,,ZWE,9436967074.2565,2.1908521919505475,1,0
Zimbabwe,1973,199.65,,,ZWE,9682773142.61115,2.061909300770424,1,0
Zimbabwe,1974,206.41,,,ZWE,10324271737.8157,1.9992693454973904,1,0
Zimbabwe,1975,184.06,,,ZWE,10124887002.7458,1.8178968313432453,1,0
Zimbabwe,1976,157.33,,,ZWE,10171951416.7135,1.5467042021208597,1,0
Zimbabwe,1977,177.93,,,ZWE,9474084020.95644,1.8780707412602973,1,0
Zimbabwe,1978,247.43,46.75,,ZWE,9217627910.41292,2.6843131704251655,1,0
Zimbabwe,1979,222.73,,,ZWE,9521536365.61077,2.3392233295924902,1,0
Zimbabwe,1980,243.87,,,ZWE,10894607028.1111,2.23844696160906,1,0
Zimbabwe,1981,63.0,,,ZWE,12259202844.388,0.5138996458390445,0,0
Zimbabwe,1982,,,,ZWE,12582146675.1074,0.0,0,0
Zimbabwe,1983,,,,ZWE,12781612133.5556,0.0,0,0
Zimbabwe,1984,,,,ZWE,12537820762.2848,0.0,0,0
Zimbabwe,1985,0.12,0.12,,ZWE,13408495653.6255,0.0008949549830189445,0,0
Zimbabwe,1986,0.39,0.39,,ZWE,13689943882.6971,0.002848806418358852,0,0
Zimbabwe,1987,11.59,7.22,,ZWE,13847479159.9862,0.0836975442684945,0,0
Zimbabwe,1988,0.57,,,ZWE,14893292646.4049,0.0038272262120464854,0,0
Zimbabwe,1989,1.87,,,ZWE,15667709079.858,0.011935376068502724,0,0
Zimbabwe,1990,23.77,,,ZWE,16762655222.26,0.14180331030393434,0,0
Zimbabwe,1991,0.01,,,ZWE,17689930170.3523,5.652933563728617e-05,0,0
Zimbabwe,1992,4.15,3.16,,ZWE,16095082948.9899,0.025784272210044416,0,0
Zimbabwe,1993,5.13,2.53,,ZWE,16264301854.93,0.03154147067459281,0,0
Zimbabwe,1994,17.16,2.26,,ZWE,17766348463.0284,0.09658709574288603,0,0
Zimbabwe,1995,89.43,15.23,,ZWE,17794425481.2752,0.5025731237802862,0,0
Zimbabwe,1996,1.38,0.14,,ZWE,19638059365.7445,0.00702717093526661,0,0
Zimbabwe,1997,6.48,5.98,,ZWE,20164466643.9014,0.032135737158016174,0,0
Zimbabwe,1998,14.53,13.01,,ZWE,20746271024.8557,0.07003668265295432,0,0
Zimbabwe,1999,21.83,14.74,,ZWE,20576588256.0031,0.106091445911259,0,0
Zimbabwe,2000,244.7,81.51,9.17,ZWE,19947126180.8466,1.226743129719423,1,0
Zimbabwe,2001,2651.85,180.61,11.55,ZWE,20234268508.5287,13.105736927837302,1,1
Zimbabwe,2002,1523.37,272.46,30.88,ZWE,18434630065.6726,8.263632058647545,1,1
Zimbabwe,2003,2100.81,352.31,25.15,ZWE,15301651166.8693,13.729302655576243,1,1
Zimbabwe,2004,2463.96,432.95,35.19,ZWE,14413001709.4786,17.095397958494626,1,1
Zimbabwe,2005,2254.7,436.12,56.45,ZWE,13589857106.157,16.591050092634816,1,1
Zimbabwe,2006,2944.71,509.84,68.8,ZWE,13119457397.7207,22.445364245868866,1,1
Zimbabwe,2007,3137.97,649.85,97.04,ZWE,12640170700.3122,24.825376764274985,1,1
Zimbabwe,2008,3568.74,564.2,128.02,ZWE,10406779091.4808,34.29245464546703,1,1
Zimbabwe,2009,3711.64,608.36,125.18,ZWE,11787972496.3516,31.486670003249156,1,1
Zimbabwe,2010,3658.66,511.0,143.06,ZWE,14107304144.8004,25.93450855278038,1,1
Zimbabwe,2011,3935.34,530.02,153.93,ZWE,16109682999.8506,24.428413644368398,1,1
Zimbabwe,2012,4119.74,495.2,187.48,ZWE,18794430788.9262,21.92000410263756,1,1
Zimbabwe,2013,4359.2,503.04,249.0,ZWE,19168343271.8446,22.74166284575572,1,1
Zimbabwe,2014,4163.54,464.99,136.58,ZWE,19623972034.3634,21.21660178025761,1,1
Zimbabwe,2015,4762.62,433.0,158.43,ZWE,19973250000.0,23.844992677706433,1,1
Zimbabwe,2016,5034.29,403.0,230.76,ZWE,20124206636.7998,25.016091768776256,1,1
Zimbabwe,2017,7802.0,678.0,519.79,ZWE,21076969325.2127,37.01670709681723,1,1
Zimbabwe,2018,5545.15,421.0,348.15,ZWE,22132908952.043,25.05386893342888,1,1
Zimbabwe,2019,5619.27,410.0,407.27,ZWE,20731353612.1651,27.105176560698034,1,1
Zimbabwe,2020,9824.16,4084.0,511.16,ZWE,19110793941.1996,51.40634151687855,1,1
Zimbabwe,2021,11817.59,4125.0,521.59,ZWE,20729099176.6536,57.00966500903091,1,1
Zimbabwe,2022,11611.78,4076.0,544.78,ZWE,22001713149.7897,52.77670843604735,1,1
Zimbabwe,2023,12820.0,4017.0,990.0,ZWE,23178995952.2035,55.30869424385604,1,1
