{
"type": "FeatureCollection",
"name": "sa_areas",
"crs": { "type": "name", "properties": { "name": "urn:ogc:def:crs:EPSG::27700" } },
"features": [
{ "type": "Feature", "properties": { "short_name": "Cambridgeshire & Peterborough", "official_name": "Cambridgeshire and Peterborough Combined Authority", "tier": "Established Mayoral", "mayor_in_post": true, "mayor": "Paul Bristow", "mayor_status": "In post", "party": "Conservative", "next_election": "May 2029", "date_established": "03/03/2017", "date_established_iso": "2017-03-03", "tier_change_date": "31/07/2026", "tier_change_date_iso": "2026-07-31", "instrument": "SI 2017/251", "status_source": "Rewiring the State Cabinet Statement, 31 Jul 2026", "area_km2": 3406.0 }, "geometry": { "type": "Polygon", "coordinates": [ [ [ 502957.0, 301709.0 ], [ 503035.0, 302936.0 ], [ 503600.0, 303858.0 ], [ 503402.0, 304477.0 ], [ 502370.0, 304967.0 ], [ 501951.0, 305791.0 ], [ 502644.0, 306452.0 ], [ 503157.0, 306395.0 ], [ 503212.0, 306752.0 ], [ 504651.0, 306948.0 ], [ 504764.0, 307404.0 ], [ 506950.0, 306648.0 ], [ 507954.0, 306796.0 ], [ 508790.0, 307471.0 ], [ 511949.0, 308583.0 ], [ 512669.0, 309872.0 ], [ 515760.0, 309441.0 ], [ 517757.0, 307405.0 ], [ 520164.0, 309002.0 ], [ 521409.0, 309325.0 ], [ 522365.0, 307662.0 ], [ 523190.0, 308534.0 ], [ 525748.0, 307665.0 ], [ 528418.0, 309965.0 ], [ 529361.0, 309385.0 ], [ 531007.0, 310370.0 ], [ 533381.0, 308933.0 ], [ 536753.0, 309373.0 ], [ 538590.0, 311308.0 ], [ 538180.0, 314927.0 ], [ 539425.0, 316381.0 ], [ 541132.0, 316043.0 ], [ 541819.0, 316807.0 ], [ 542739.0, 316792.0 ], [ 544097.0, 317872.0 ], [ 546606.0, 318013.0 ], [ 545742.0, 314393.0 ], [ 545677.0, 311699.0 ], [ 546207.0, 311302.0 ], [ 547797.0, 311147.0 ], [ 547813.0, 308673.0 ], [ 546912.0, 308049.0 ], [ 548439.0, 306311.0 ], [ 550326.0, 304982.0 ], [ 549856.0, 304556.0 ], [ 550222.0, 304168.0 ], [ 549459.0, 303859.0 ], [ 549186.0, 302868.0 ], [ 548578.0, 302363.0 ], [ 549133.0, 300583.0 ], [ 550233.0, 300262.0 ], [ 550441.0, 299465.0 ], [ 549606.0, 298727.0 ], [ 550396.0, 298169.0 ], [ 549570.0, 297452.0 ], [ 549650.0, 296720.0 ], [ 550258.0, 296886.0 ], [ 549808.0, 296275.0 ], [ 550195.0, 295667.0 ], [ 549788.0, 295079.0 ], [ 550685.0, 294741.0 ], [ 551060.0, 295070.0 ], [ 551414.0, 294562.0 ], [ 550347.0, 293468.0 ], [ 552034.0, 292496.0 ], [ 552557.0, 291658.0 ], [ 553240.0, 292370.0 ], [ 556807.0, 293141.0 ], [ 557348.0, 293090.0 ], [ 557586.0, 292514.0 ], [ 558287.0, 292689.0 ], [ 559233.0, 291917.0 ], [ 560768.0, 291883.0 ], [ 561791.0, 289498.0 ], [ 562549.0, 289087.0 ], [ 563305.0, 287963.0 ], [ 565113.0, 286848.0 ], [ 564775.0, 286582.0 ], [ 565236.0, 284823.0 ], [ 564985.0, 284136.0 ], [ 561671.0, 281610.0 ], [ 564068.0, 276425.0 ], [ 564841.0, 276072.0 ], [ 565005.0, 275484.0 ], [ 566460.0, 275112.0 ], [ 566096.0, 273398.0 ], [ 565367.0, 272871.0 ], [ 565792.0, 271551.0 ], [ 567604.0, 271529.0 ], [ 567986.0, 270688.0 ], [ 570936.0, 268311.0 ], [ 570431.0, 267600.0 ], [ 570585.0, 266813.0 ], [ 565658.0, 264670.0 ], [ 564098.0, 266748.0 ], [ 562810.0, 267662.0 ], [ 562647.0, 268715.0 ], [ 562269.0, 268563.0 ], [ 561165.0, 269211.0 ], [ 560531.0, 267687.0 ], [ 560768.0, 267186.0 ], [ 559866.0, 265896.0 ], [ 561262.0, 263873.0 ], [ 560208.0, 262928.0 ], [ 562020.0, 261476.0 ], [ 562941.0, 262211.0 ], [ 563657.0, 261915.0 ], [ 564752.0, 262952.0 ], [ 565326.0, 262892.0 ], [ 564929.0, 263820.0 ], [ 565705.0, 264531.0 ], [ 566906.0, 263370.0 ], [ 567731.0, 263884.0 ], [ 569476.0, 262286.0 ], [ 570450.0, 263049.0 ], [ 571833.0, 261708.0 ], [ 571770.0, 260249.0 ], [ 571172.0, 259472.0 ], [ 571137.0, 258260.0 ], [ 570641.0, 257334.0 ], [ 570262.0, 255373.0 ], [ 570488.0, 254795.0 ], [ 569462.0, 254929.0 ], [ 569086.0, 254542.0 ], [ 568547.0, 255358.0 ], [ 567777.0, 255585.0 ], [ 567270.0, 255318.0 ], [ 567273.0, 254639.0 ], [ 566719.0, 254043.0 ], [ 565643.0, 254053.0 ], [ 565605.0, 251202.0 ], [ 564773.0, 250705.0 ], [ 564982.0, 250000.0 ], [ 564208.0, 249805.0 ], [ 564298.0, 249431.0 ], [ 563706.0, 249186.0 ], [ 563244.0, 247554.0 ], [ 564154.0, 246885.0 ], [ 563907.0, 246163.0 ], [ 564663.0, 245413.0 ], [ 564733.0, 244349.0 ], [ 565075.0, 244113.0 ], [ 564859.0, 243327.0 ], [ 563982.0, 242910.0 ], [ 563334.0, 241702.0 ], [ 564008.0, 240256.0 ], [ 562773.0, 240316.0 ], [ 562126.0, 241116.0 ], [ 560962.0, 241632.0 ], [ 559294.0, 244256.0 ], [ 556709.0, 246025.0 ], [ 556043.0, 246168.0 ], [ 554397.0, 244438.0 ], [ 553214.0, 245763.0 ], [ 551161.0, 246051.0 ], [ 550452.0, 244167.0 ], [ 549777.0, 243846.0 ], [ 550228.0, 242464.0 ], [ 549997.0, 242063.0 ], [ 548773.0, 241830.0 ], [ 548655.0, 241080.0 ], [ 547462.0, 241503.0 ], [ 546035.0, 240906.0 ], [ 545380.0, 242270.0 ], [ 544480.0, 242222.0 ], [ 544212.0, 239911.0 ], [ 542890.0, 236452.0 ], [ 541838.0, 236364.0 ], [ 539973.0, 241282.0 ], [ 537399.0, 240975.0 ], [ 535854.0, 242423.0 ], [ 535143.0, 242184.0 ], [ 533357.0, 240350.0 ], [ 529920.0, 238348.0 ], [ 529031.0, 237343.0 ], [ 528646.0, 237489.0 ], [ 528807.0, 238875.0 ], [ 528148.0, 240170.0 ], [ 526596.0, 241013.0 ], [ 527042.0, 242849.0 ], [ 526330.0, 243995.0 ], [ 526866.0, 245132.0 ], [ 527055.0, 250469.0 ], [ 526339.0, 251137.0 ], [ 525228.0, 250598.0 ], [ 520885.0, 251072.0 ], [ 522008.0, 252760.0 ], [ 519029.0, 254551.0 ], [ 519753.0, 255456.0 ], [ 520167.0, 255441.0 ], [ 520321.0, 256005.0 ], [ 518699.0, 258170.0 ], [ 516854.0, 257953.0 ], [ 516506.0, 258285.0 ], [ 516283.0, 259452.0 ], [ 517116.0, 261304.0 ], [ 513804.0, 261829.0 ], [ 513213.0, 261588.0 ], [ 513399.0, 260456.0 ], [ 512136.0, 260861.0 ], [ 511115.0, 260666.0 ], [ 510476.0, 264894.0 ], [ 510978.0, 265350.0 ], [ 510876.0, 265976.0 ], [ 509740.0, 266112.0 ], [ 509322.0, 265715.0 ], [ 508849.0, 266563.0 ], [ 507753.0, 266372.0 ], [ 506770.0, 267654.0 ], [ 506700.0, 269592.0 ], [ 504690.0, 270535.0 ], [ 504524.0, 272193.0 ], [ 503430.0, 272511.0 ], [ 503764.0, 273385.0 ], [ 502332.0, 274619.0 ], [ 502263.0, 275384.0 ], [ 502904.0, 276156.0 ], [ 502590.0, 276972.0 ], [ 504142.0, 276881.0 ], [ 505251.0, 277529.0 ], [ 506023.0, 277349.0 ], [ 506724.0, 278743.0 ], [ 507665.0, 279450.0 ], [ 507765.0, 280465.0 ], [ 511124.0, 282786.0 ], [ 510776.0, 283365.0 ], [ 511312.0, 284885.0 ], [ 512681.0, 286808.0 ], [ 511486.0, 289281.0 ], [ 511795.0, 290960.0 ], [ 510180.0, 291542.0 ], [ 509224.0, 292485.0 ], [ 507723.0, 293159.0 ], [ 508519.0, 294612.0 ], [ 508424.0, 295669.0 ], [ 507542.0, 296034.0 ], [ 507235.0, 296851.0 ], [ 508053.0, 297446.0 ], [ 507472.0, 298097.0 ], [ 507439.0, 299059.0 ], [ 506677.0, 299404.0 ], [ 503186.0, 298399.0 ], [ 501879.0, 299840.0 ], [ 502957.0, 301709.0 ] ] ] } },
{ "type": "Feature", "properties": { "short_name": "Cheshire & Warrington", "official_name": "Cheshire and Warrington Combined Authority", "tier": "Mayoral", "mayor_in_post": false, "mayor": "First election not yet held (May 2027)", "mayor_status": "Office vacant, first election not yet held", "party": "Not applicable", "next_election": "May 2027", "date_established": "24/02/2026", "date_established_iso": "2026-02-24", "tier_change_date": "No change since establishment", "tier_change_date_iso": "No change since establishment", "instrument": "SI 2026/159", "status_source": "SI 2026/159; inaugural election May 2027", "area_km2": 2274.0 }, "geometry": { "type": "Polygon", "coordinates": [ [ [ 328537.0, 380475.0 ], [ 329484.0, 379686.0 ], [ 330245.0, 379847.0 ], [ 331614.0, 378421.0 ], [ 332602.0, 378524.0 ], [ 333947.0, 379365.0 ], [ 335476.0, 378764.0 ], [ 336820.0, 378953.0 ], [ 337496.0, 379685.0 ], [ 339139.0, 379135.0 ], [ 339988.0, 378194.0 ], [ 341564.0, 377450.0 ], [ 343014.0, 377643.0 ], [ 343897.0, 378279.0 ], [ 343607.0, 379146.0 ], [ 344415.0, 379364.0 ], [ 345725.0, 379111.0 ], [ 347561.0, 378063.0 ], [ 349969.0, 380020.0 ], [ 350941.0, 379111.0 ], [ 351892.0, 379821.0 ], [ 353468.0, 379066.0 ], [ 354436.0, 380037.0 ], [ 356873.0, 379223.0 ], [ 358221.0, 379218.0 ], [ 358837.0, 379955.0 ], [ 358801.0, 380555.0 ], [ 359678.0, 380052.0 ], [ 360436.0, 380555.0 ], [ 360311.0, 380997.0 ], [ 358821.0, 381844.0 ], [ 359658.0, 383251.0 ], [ 358058.0, 383422.0 ], [ 358370.0, 384800.0 ], [ 358092.0, 385364.0 ], [ 355192.0, 384298.0 ], [ 353954.0, 385216.0 ], [ 353707.0, 385967.0 ], [ 353798.0, 387597.0 ], [ 355115.0, 388162.0 ], [ 355668.0, 391334.0 ], [ 355418.0, 391901.0 ], [ 355980.0, 392693.0 ], [ 355234.0, 393120.0 ], [ 355399.0, 393855.0 ], [ 354788.0, 393783.0 ], [ 355128.0, 395322.0 ], [ 357623.0, 394370.0 ], [ 358321.0, 393366.0 ], [ 360443.0, 394282.0 ], [ 360338.0, 395015.0 ], [ 361336.0, 393939.0 ], [ 362224.0, 395897.0 ], [ 363553.0, 396260.0 ], [ 363411.0, 396926.0 ], [ 367159.0, 398358.0 ], [ 367632.0, 397787.0 ], [ 367435.0, 396572.0 ], [ 368484.0, 394712.0 ], [ 368353.0, 394152.0 ], [ 369423.0, 393385.0 ], [ 370259.0, 391879.0 ], [ 370229.0, 391102.0 ], [ 368490.0, 388714.0 ], [ 370277.0, 388755.0 ], [ 371643.0, 388094.0 ], [ 375076.0, 385478.0 ], [ 375839.0, 385317.0 ], [ 376370.0, 385800.0 ], [ 377658.0, 385601.0 ], [ 379199.0, 384656.0 ], [ 380479.0, 382962.0 ], [ 382269.0, 383820.0 ], [ 383030.0, 384895.0 ], [ 385257.0, 384790.0 ], [ 387753.0, 383989.0 ], [ 387630.0, 383521.0 ], [ 388048.0, 383030.0 ], [ 387284.0, 382415.0 ], [ 388057.0, 381624.0 ], [ 389371.0, 381237.0 ], [ 389923.0, 381364.0 ], [ 390422.0, 382790.0 ], [ 390033.0, 383480.0 ], [ 390848.0, 384393.0 ], [ 390847.0, 385612.0 ], [ 391844.0, 385096.0 ], [ 393779.0, 385465.0 ], [ 394604.0, 384726.0 ], [ 395656.0, 384540.0 ], [ 397399.0, 386357.0 ], [ 398037.0, 386071.0 ], [ 398224.0, 385300.0 ], [ 398646.0, 385541.0 ], [ 399498.0, 385013.0 ], [ 399787.0, 383233.0 ], [ 399170.0, 382550.0 ], [ 399197.0, 381826.0 ], [ 399459.0, 380724.0 ], [ 399994.0, 380220.0 ], [ 399480.0, 378390.0 ], [ 399750.0, 374670.0 ], [ 399491.0, 373775.0 ], [ 400075.0, 373157.0 ], [ 400167.0, 371979.0 ], [ 401306.0, 371281.0 ], [ 401771.0, 370160.0 ], [ 400771.0, 369548.0 ], [ 400951.0, 368321.0 ], [ 400092.0, 366306.0 ], [ 398882.0, 365772.0 ], [ 398166.0, 366245.0 ], [ 396978.0, 366143.0 ], [ 396207.0, 364361.0 ], [ 395406.0, 363843.0 ], [ 394266.0, 363640.0 ], [ 393877.0, 363945.0 ], [ 392624.0, 363505.0 ], [ 390702.0, 365170.0 ], [ 390641.0, 362177.0 ], [ 389826.0, 362479.0 ], [ 388281.0, 360935.0 ], [ 385162.0, 356311.0 ], [ 384227.0, 356055.0 ], [ 383583.0, 354802.0 ], [ 383110.0, 355011.0 ], [ 380444.0, 353494.0 ], [ 379736.0, 353986.0 ], [ 378751.0, 353796.0 ], [ 376733.0, 351008.0 ], [ 376315.0, 351257.0 ], [ 376130.0, 350888.0 ], [ 374576.0, 350581.0 ], [ 374445.0, 347638.0 ], [ 375242.0, 346426.0 ], [ 374489.0, 345693.0 ], [ 374530.0, 344604.0 ], [ 373015.0, 344246.0 ], [ 372516.0, 343476.0 ], [ 370814.0, 343313.0 ], [ 370909.0, 341438.0 ], [ 370300.0, 341488.0 ], [ 367775.0, 340268.0 ], [ 367028.0, 341270.0 ], [ 366051.0, 340958.0 ], [ 365122.0, 341842.0 ], [ 364941.0, 339791.0 ], [ 364353.0, 339008.0 ], [ 362355.0, 340865.0 ], [ 360715.0, 339931.0 ], [ 359951.0, 340792.0 ], [ 359992.0, 342001.0 ], [ 359430.0, 342620.0 ], [ 359309.0, 343509.0 ], [ 358345.0, 343447.0 ], [ 357694.0, 344497.0 ], [ 356440.0, 344408.0 ], [ 354804.0, 343359.0 ], [ 353972.0, 343497.0 ], [ 353232.0, 344396.0 ], [ 351415.0, 343089.0 ], [ 349080.0, 343500.0 ], [ 348630.0, 344361.0 ], [ 347090.0, 344485.0 ], [ 346938.0, 344043.0 ], [ 346165.0, 343887.0 ], [ 343989.0, 344751.0 ], [ 343434.0, 347065.0 ], [ 342965.0, 346970.0 ], [ 342342.0, 347629.0 ], [ 342715.0, 348934.0 ], [ 341777.0, 350077.0 ], [ 342074.0, 351095.0 ], [ 341618.0, 351627.0 ], [ 342090.0, 351973.0 ], [ 341847.0, 352827.0 ], [ 341291.0, 352768.0 ], [ 341024.0, 353402.0 ], [ 341381.0, 354184.0 ], [ 340246.0, 355286.0 ], [ 339701.0, 355319.0 ], [ 339874.0, 356012.0 ], [ 340487.0, 356211.0 ], [ 340404.0, 357282.0 ], [ 340905.0, 357549.0 ], [ 341069.0, 358413.0 ], [ 339626.0, 357559.0 ], [ 336944.0, 358687.0 ], [ 336690.0, 359354.0 ], [ 335613.0, 359944.0 ], [ 334688.0, 361737.0 ], [ 334248.0, 361634.0 ], [ 333554.0, 362357.0 ], [ 338044.0, 364199.0 ], [ 338551.0, 364877.0 ], [ 338463.0, 366192.0 ], [ 336661.0, 368683.0 ], [ 331672.0, 372855.0 ], [ 328408.0, 373506.0 ], [ 327237.0, 374220.0 ], [ 326641.0, 375000.0 ], [ 327700.0, 376588.0 ], [ 326205.0, 377615.0 ], [ 326068.0, 378278.0 ], [ 328537.0, 380475.0 ] ] ] } },
{ "type": "Feature", "properties": { "short_name": "Cumbria", "official_name": "Cumbria Combined Authority", "tier": "Mayoral", "mayor_in_post": false, "mayor": "First election not yet held (May 2027)", "mayor_status": "Office vacant, first election not yet held", "party": "Not applicable", "next_election": "May 2027", "date_established": "24/02/2026", "date_established_iso": "2026-02-24", "tier_change_date": "No change since establishment", "tier_change_date_iso": "No change since establishment", "instrument": "SI 2026/158", "status_source": "SI 2026/158; inaugural election May 2027", "area_km2": 6841.0 }, "geometry": { "type": "MultiPolygon", "coordinates": [ [ [ [ 296083.0, 516261.0 ], [ 296649.0, 518619.0 ], [ 297194.0, 518763.0 ], [ 297914.0, 520778.0 ], [ 297822.0, 522893.0 ], [ 298619.0, 524204.0 ], [ 298794.0, 525502.0 ], [ 298161.0, 529728.0 ], [ 298905.0, 529675.0 ], [ 300309.0, 532080.0 ], [ 301723.0, 533395.0 ], [ 302837.0, 536892.0 ], [ 303402.0, 536860.0 ], [ 304117.0, 537995.0 ], [ 306008.0, 539354.0 ], [ 307703.0, 541568.0 ], [ 308026.0, 543850.0 ], [ 307667.0, 546137.0 ], [ 309523.0, 550347.0 ], [ 310338.0, 553593.0 ], [ 312418.0, 556047.0 ], [ 313835.0, 556855.0 ], [ 314434.0, 556909.0 ], [ 314193.0, 556544.0 ], [ 314456.0, 556114.0 ], [ 316114.0, 555546.0 ], [ 317127.0, 554575.0 ], [ 317660.0, 554965.0 ], [ 317484.0, 556078.0 ], [ 318686.0, 555881.0 ], [ 319555.0, 556795.0 ], [ 319502.0, 558066.0 ], [ 318698.0, 557317.0 ], [ 318012.0, 557228.0 ], [ 315885.0, 558589.0 ], [ 317751.0, 561507.0 ], [ 320075.0, 561765.0 ], [ 321184.0, 562757.0 ], [ 322515.0, 562875.0 ], [ 324136.0, 562341.0 ], [ 324562.0, 561548.0 ], [ 325969.0, 560963.0 ], [ 326178.0, 560314.0 ], [ 327154.0, 559797.0 ], [ 328884.0, 559732.0 ], [ 331548.0, 560927.0 ], [ 332744.0, 562060.0 ], [ 332204.0, 562297.0 ], [ 330730.0, 561128.0 ], [ 328967.0, 560421.0 ], [ 327710.0, 560554.0 ], [ 327933.0, 561208.0 ], [ 327620.0, 561820.0 ], [ 328833.0, 562707.0 ], [ 328519.0, 563196.0 ], [ 329425.0, 564641.0 ], [ 331220.0, 564197.0 ], [ 332208.0, 565839.0 ], [ 333083.0, 565529.0 ], [ 332434.0, 566859.0 ], [ 333186.0, 567592.0 ], [ 332979.0, 568817.0 ], [ 333600.0, 570283.0 ], [ 334126.0, 570554.0 ], [ 333982.0, 571082.0 ], [ 334400.0, 571748.0 ], [ 333318.0, 573000.0 ], [ 332791.0, 573039.0 ], [ 332952.0, 573642.0 ], [ 334453.0, 573904.0 ], [ 338818.0, 573244.0 ], [ 339068.0, 573781.0 ], [ 340076.0, 574301.0 ], [ 340048.0, 575374.0 ], [ 340997.0, 575543.0 ], [ 341671.0, 576428.0 ], [ 342822.0, 576316.0 ], [ 343079.0, 577410.0 ], [ 343721.0, 577734.0 ], [ 343537.0, 578179.0 ], [ 344310.0, 578488.0 ], [ 344537.0, 579441.0 ], [ 345726.0, 579709.0 ], [ 346448.0, 581224.0 ], [ 346950.0, 581105.0 ], [ 347312.0, 581467.0 ], [ 346989.0, 582348.0 ], [ 347473.0, 582972.0 ], [ 348624.0, 582812.0 ], [ 350010.0, 583360.0 ], [ 353432.0, 586131.0 ], [ 355265.0, 586777.0 ], [ 356180.0, 588517.0 ], [ 357136.0, 587051.0 ], [ 356608.0, 585955.0 ], [ 358219.0, 582644.0 ], [ 359781.0, 581676.0 ], [ 360483.0, 581825.0 ], [ 361905.0, 581296.0 ], [ 361804.0, 580456.0 ], [ 362335.0, 579092.0 ], [ 363006.0, 578215.0 ], [ 363823.0, 578129.0 ], [ 364470.0, 576672.0 ], [ 366035.0, 576623.0 ], [ 367954.0, 577484.0 ], [ 369051.0, 576619.0 ], [ 368141.0, 575819.0 ], [ 368666.0, 574964.0 ], [ 368034.0, 573862.0 ], [ 368747.0, 573447.0 ], [ 368584.0, 573029.0 ], [ 369228.0, 571829.0 ], [ 367969.0, 571485.0 ], [ 367854.0, 571079.0 ], [ 366532.0, 571026.0 ], [ 366371.0, 570635.0 ], [ 365639.0, 570573.0 ], [ 363558.0, 569269.0 ], [ 363358.0, 568600.0 ], [ 363784.0, 567722.0 ], [ 363412.0, 566044.0 ], [ 361612.0, 564292.0 ], [ 361973.0, 563389.0 ], [ 363698.0, 562775.0 ], [ 363719.0, 560901.0 ], [ 365156.0, 559523.0 ], [ 363826.0, 558371.0 ], [ 363130.0, 555928.0 ], [ 361318.0, 554597.0 ], [ 363287.0, 551122.0 ], [ 362692.0, 550304.0 ], [ 362969.0, 549249.0 ], [ 364209.0, 547034.0 ], [ 366395.0, 545820.0 ], [ 368259.0, 546290.0 ], [ 370513.0, 548912.0 ], [ 371072.0, 548690.0 ], [ 372934.0, 549851.0 ], [ 373673.0, 551370.0 ], [ 374311.0, 550816.0 ], [ 375039.0, 548677.0 ], [ 376156.0, 548123.0 ], [ 377776.0, 545825.0 ], [ 379054.0, 545655.0 ], [ 379335.0, 544518.0 ], [ 380030.0, 544058.0 ], [ 380253.0, 542112.0 ], [ 379347.0, 541031.0 ], [ 379450.0, 540053.0 ], [ 378731.0, 537648.0 ], [ 379118.0, 536897.0 ], [ 378122.0, 535669.0 ], [ 378095.0, 534606.0 ], [ 377391.0, 533918.0 ], [ 377318.0, 533067.0 ], [ 377464.0, 532368.0 ], [ 379101.0, 530635.0 ], [ 380532.0, 530549.0 ], [ 381206.0, 529905.0 ], [ 381516.0, 528413.0 ], [ 379184.0, 526198.0 ], [ 380156.0, 524123.0 ], [ 380461.0, 522354.0 ], [ 382587.0, 520810.0 ], [ 384195.0, 518898.0 ], [ 386548.0, 517404.0 ], [ 386520.0, 516491.0 ], [ 387270.0, 515371.0 ], [ 388303.0, 515635.0 ], [ 388942.0, 515253.0 ], [ 388819.0, 514125.0 ], [ 389582.0, 512081.0 ], [ 389319.0, 510520.0 ], [ 389794.0, 508529.0 ], [ 389066.0, 506996.0 ], [ 388591.0, 507316.0 ], [ 387621.0, 505928.0 ], [ 384820.0, 505895.0 ], [ 383881.0, 506278.0 ], [ 382847.0, 505823.0 ], [ 382887.0, 505312.0 ], [ 382499.0, 505089.0 ], [ 381231.0, 504820.0 ], [ 381165.0, 504043.0 ], [ 380117.0, 502794.0 ], [ 380233.0, 500358.0 ], [ 381139.0, 499589.0 ], [ 380779.0, 497977.0 ], [ 379542.0, 497892.0 ], [ 378468.0, 496610.0 ], [ 376574.0, 495438.0 ], [ 378268.0, 493926.0 ], [ 378363.0, 493297.0 ], [ 379275.0, 492955.0 ], [ 379945.0, 492125.0 ], [ 378985.0, 489737.0 ], [ 379449.0, 487994.0 ], [ 379023.0, 487140.0 ], [ 379550.0, 486115.0 ], [ 378875.0, 482908.0 ], [ 377413.0, 482511.0 ], [ 376497.0, 483754.0 ], [ 375979.0, 483716.0 ], [ 375787.0, 482775.0 ], [ 374214.0, 482631.0 ], [ 373783.0, 481170.0 ], [ 371708.0, 480882.0 ], [ 370052.0, 481319.0 ], [ 369908.0, 482463.0 ], [ 367521.0, 480540.0 ], [ 366314.0, 480253.0 ], [ 364169.0, 478421.0 ], [ 362512.0, 477912.0 ], [ 359324.0, 477936.0 ], [ 358352.0, 478563.0 ], [ 357828.0, 477027.0 ], [ 356326.0, 475832.0 ], [ 355703.0, 474138.0 ], [ 355147.0, 474537.0 ], [ 353819.0, 474460.0 ], [ 352016.0, 475053.0 ], [ 352064.0, 476761.0 ], [ 351086.0, 477189.0 ], [ 349964.0, 476960.0 ], [ 348074.0, 478209.0 ], [ 346897.0, 477458.0 ], [ 346866.0, 476566.0 ], [ 345447.0, 475699.0 ], [ 343344.0, 476004.0 ], [ 343715.0, 477708.0 ], [ 345518.0, 478734.0 ], [ 345606.0, 479152.0 ], [ 346265.0, 479058.0 ], [ 348156.0, 481151.0 ], [ 347901.0, 481465.0 ], [ 345857.0, 480713.0 ], [ 345145.0, 479191.0 ], [ 342784.0, 478768.0 ], [ 342202.0, 478007.0 ], [ 341986.0, 478408.0 ], [ 341031.0, 478020.0 ], [ 339091.0, 474872.0 ], [ 339235.0, 473242.0 ], [ 338867.0, 473821.0 ], [ 337916.0, 473491.0 ], [ 335753.0, 471700.0 ], [ 334043.0, 471085.0 ], [ 333640.0, 471324.0 ], [ 334727.0, 473417.0 ], [ 334399.0, 474124.0 ], [ 334861.0, 475461.0 ], [ 332329.0, 478435.0 ], [ 333141.0, 478509.0 ], [ 333922.0, 479195.0 ], [ 332861.0, 481753.0 ], [ 331632.0, 481837.0 ], [ 331508.0, 480934.0 ], [ 332563.0, 480485.0 ], [ 332765.0, 480000.0 ], [ 331945.0, 478686.0 ], [ 331386.0, 478609.0 ], [ 331365.0, 477480.0 ], [ 330742.0, 476496.0 ], [ 330828.0, 474541.0 ], [ 329712.0, 473681.0 ], [ 329036.0, 471703.0 ], [ 327893.0, 469908.0 ], [ 323502.0, 465640.0 ], [ 324726.0, 464422.0 ], [ 324785.0, 463817.0 ], [ 323583.0, 465359.0 ], [ 323327.0, 464821.0 ], [ 323020.0, 464969.0 ], [ 323319.0, 465853.0 ], [ 322468.0, 466709.0 ], [ 322125.0, 468151.0 ], [ 320650.0, 467580.0 ], [ 320281.0, 466669.0 ], [ 319029.0, 468339.0 ], [ 318712.0, 468287.0 ], [ 318790.0, 467078.0 ], [ 320219.0, 465641.0 ], [ 319866.0, 465312.0 ], [ 319992.0, 464387.0 ], [ 320895.0, 463916.0 ], [ 321179.0, 462473.0 ], [ 321765.0, 462083.0 ], [ 323437.0, 462730.0 ], [ 323289.0, 461870.0 ], [ 321803.0, 461584.0 ], [ 320890.0, 461964.0 ], [ 318006.0, 466836.0 ], [ 317158.0, 468692.0 ], [ 316696.0, 472524.0 ], [ 317060.0, 473228.0 ], [ 318241.0, 473672.0 ], [ 317528.0, 473167.0 ], [ 317498.0, 472483.0 ], [ 318714.0, 470201.0 ], [ 319309.0, 473920.0 ], [ 318938.0, 474268.0 ], [ 318491.0, 473942.0 ], [ 318065.0, 475496.0 ], [ 319949.0, 475789.0 ], [ 320634.0, 476405.0 ], [ 320782.0, 477202.0 ], [ 320292.0, 477581.0 ], [ 320713.0, 477751.0 ], [ 321029.0, 479876.0 ], [ 321400.0, 479990.0 ], [ 322183.0, 481876.0 ], [ 320947.0, 485283.0 ], [ 319988.0, 485482.0 ], [ 320420.0, 484685.0 ], [ 320221.0, 483378.0 ], [ 319710.0, 482152.0 ], [ 318409.0, 480967.0 ], [ 319260.0, 479306.0 ], [ 318277.0, 478045.0 ], [ 317314.0, 477894.0 ], [ 316439.0, 478622.0 ], [ 315310.0, 477739.0 ], [ 313809.0, 478006.0 ], [ 307562.0, 488572.0 ], [ 307962.0, 491333.0 ], [ 307433.0, 493950.0 ], [ 308150.0, 495548.0 ], [ 306789.0, 495157.0 ], [ 304391.0, 498776.0 ], [ 304223.0, 499973.0 ], [ 303209.0, 501651.0 ], [ 298745.0, 507374.0 ], [ 296875.0, 510825.0 ], [ 295995.0, 511760.0 ], [ 295190.0, 511825.0 ], [ 293942.0, 514462.0 ], [ 296083.0, 516261.0 ] ] ], [ [ [ 332159.0, 475861.0 ], [ 332161.0, 475688.0 ], [ 332100.0, 475779.0 ], [ 332159.0, 475861.0 ] ] ], [ [ [ 323141.0, 463923.0 ], [ 323255.0, 464032.0 ], [ 323342.0, 463558.0 ], [ 323141.0, 463923.0 ] ] ], [ [ [ 321445.0, 463966.0 ], [ 321524.0, 463828.0 ], [ 321486.0, 463796.0 ], [ 321445.0, 463966.0 ] ] ] ] } },
{ "type": "Feature", "properties": { "short_name": "Devon & Torbay", "official_name": "Devon and Torbay Combined County Authority", "tier": "Foundation", "mayor_in_post": false, "mayor": "No mayoral office (Foundation tier)", "mayor_status": "No mayoral office at Foundation tier", "party": "Not applicable", "next_election": "None scheduled", "date_established": "05/02/2025", "date_established_iso": "2025-02-05", "tier_change_date": "2026 Act (Foundation SA)", "tier_change_date_iso": "2026 Act (Foundation SA)", "instrument": "SI 2025/115", "status_source": "NAO HC 263", "area_km2": 6669.0 }, "geometry": { "type": "MultiPolygon", "coordinates": [ [ [ [ 221451.0, 119196.0 ], [ 221395.0, 120126.0 ], [ 222229.0, 121515.0 ], [ 222101.0, 123039.0 ], [ 222574.0, 123849.0 ], [ 222189.0, 124680.0 ], [ 222580.0, 125918.0 ], [ 222256.0, 126313.0 ], [ 222719.0, 126690.0 ], [ 222944.0, 127793.0 ], [ 224607.0, 127368.0 ], [ 226898.0, 127592.0 ], [ 228330.0, 126746.0 ], [ 229971.0, 126606.0 ], [ 232011.0, 124649.0 ], [ 233394.0, 123889.0 ], [ 235903.0, 123732.0 ], [ 238464.0, 124534.0 ], [ 241768.0, 128900.0 ], [ 243212.0, 129319.0 ], [ 244405.0, 131858.0 ], [ 245344.0, 131469.0 ], [ 244992.0, 130927.0 ], [ 245204.0, 130526.0 ], [ 246087.0, 131032.0 ], [ 246573.0, 130670.0 ], [ 246255.0, 128540.0 ], [ 247313.0, 129960.0 ], [ 247287.0, 131927.0 ], [ 248448.0, 132809.0 ], [ 249037.0, 132703.0 ], [ 249286.0, 133413.0 ], [ 251467.0, 133261.0 ], [ 251771.0, 134412.0 ], [ 254619.0, 133027.0 ], [ 252508.0, 134805.0 ], [ 251754.0, 134939.0 ], [ 251129.0, 134817.0 ], [ 250637.0, 133997.0 ], [ 248423.0, 133858.0 ], [ 248310.0, 133486.0 ], [ 247056.0, 133056.0 ], [ 246606.0, 131789.0 ], [ 244868.0, 133052.0 ], [ 244426.0, 134589.0 ], [ 244528.0, 137640.0 ], [ 243308.0, 138087.0 ], [ 243433.0, 139439.0 ], [ 241873.0, 140613.0 ], [ 242325.0, 141052.0 ], [ 244478.0, 140695.0 ], [ 244813.0, 140941.0 ], [ 245613.0, 143708.0 ], [ 245291.0, 144863.0 ], [ 244220.0, 145549.0 ], [ 245791.0, 145992.0 ], [ 246213.0, 146857.0 ], [ 247952.0, 146609.0 ], [ 251906.0, 148076.0 ], [ 252839.0, 147777.0 ], [ 254824.0, 148596.0 ], [ 257223.0, 147392.0 ], [ 258112.0, 147662.0 ], [ 258428.0, 148306.0 ], [ 263910.0, 148706.0 ], [ 265651.0, 149849.0 ], [ 267181.0, 149555.0 ], [ 267937.0, 148913.0 ], [ 270968.0, 150044.0 ], [ 273715.0, 149638.0 ], [ 275481.0, 151206.0 ], [ 276562.0, 150208.0 ], [ 279957.0, 149619.0 ], [ 279165.0, 148418.0 ], [ 279490.0, 145884.0 ], [ 279060.0, 144993.0 ], [ 279608.0, 143801.0 ], [ 278962.0, 143408.0 ], [ 277264.0, 143478.0 ], [ 275218.0, 142927.0 ], [ 273819.0, 143618.0 ], [ 271633.0, 143574.0 ], [ 271781.0, 139248.0 ], [ 273803.0, 136716.0 ], [ 276363.0, 135540.0 ], [ 279655.0, 132671.0 ], [ 281548.0, 132615.0 ], [ 282249.0, 131788.0 ], [ 284459.0, 130714.0 ], [ 284607.0, 130076.0 ], [ 285481.0, 129840.0 ], [ 286271.0, 130356.0 ], [ 286956.0, 129848.0 ], [ 288346.0, 129638.0 ], [ 287928.0, 129140.0 ], [ 288043.0, 127618.0 ], [ 286848.0, 125261.0 ], [ 287213.0, 124424.0 ], [ 292579.0, 123871.0 ], [ 293429.0, 124993.0 ], [ 293469.0, 126268.0 ], [ 294560.0, 126696.0 ], [ 296063.0, 127100.0 ], [ 297700.0, 126123.0 ], [ 300430.0, 126674.0 ], [ 301105.0, 125437.0 ], [ 303269.0, 125249.0 ], [ 303029.0, 122047.0 ], [ 303400.0, 120703.0 ], [ 306475.0, 121224.0 ], [ 309218.0, 118116.0 ], [ 311975.0, 116595.0 ], [ 314522.0, 116698.0 ], [ 316608.0, 117246.0 ], [ 318152.0, 117124.0 ], [ 317690.0, 114671.0 ], [ 317199.0, 114385.0 ], [ 316646.0, 113069.0 ], [ 317799.0, 112666.0 ], [ 317769.0, 111963.0 ], [ 318799.0, 111814.0 ], [ 319347.0, 110896.0 ], [ 320032.0, 110952.0 ], [ 320894.0, 111965.0 ], [ 321280.0, 111614.0 ], [ 322509.0, 112209.0 ], [ 326070.0, 112668.0 ], [ 325919.0, 108858.0 ], [ 327286.0, 107677.0 ], [ 327208.0, 106352.0 ], [ 328905.0, 106902.0 ], [ 329678.0, 106266.0 ], [ 330118.0, 106659.0 ], [ 331567.0, 106691.0 ], [ 331952.0, 106201.0 ], [ 331635.0, 105578.0 ], [ 331837.0, 104383.0 ], [ 332874.0, 102839.0 ], [ 332679.0, 102288.0 ], [ 335581.0, 101047.0 ], [ 337185.0, 100961.0 ], [ 337575.0, 99594.0 ], [ 336832.0, 98893.0 ], [ 334397.0, 98443.0 ], [ 332793.0, 96882.0 ], [ 332741.0, 96391.0 ], [ 334136.0, 95381.0 ], [ 333745.0, 94909.0 ], [ 333924.0, 94253.0 ], [ 332844.0, 92549.0 ], [ 333186.0, 91393.0 ], [ 332781.0, 90947.0 ], [ 328326.0, 89308.0 ], [ 323829.0, 89735.0 ], [ 322957.0, 88989.0 ], [ 322673.0, 87860.0 ], [ 315829.0, 87875.0 ], [ 311156.0, 86681.0 ], [ 309607.0, 85022.0 ], [ 308963.0, 83151.0 ], [ 308111.0, 82118.0 ], [ 304643.0, 80906.0 ], [ 303960.0, 80354.0 ], [ 303934.0, 79456.0 ], [ 303432.0, 79798.0 ], [ 302059.0, 79474.0 ], [ 299197.0, 80744.0 ], [ 299914.0, 81274.0 ], [ 299934.0, 82106.0 ], [ 298795.0, 83916.0 ], [ 297598.0, 87173.0 ], [ 296467.0, 87394.0 ], [ 296458.0, 85703.0 ], [ 297486.0, 84073.0 ], [ 297891.0, 79326.0 ], [ 298840.0, 79669.0 ], [ 299143.0, 80270.0 ], [ 299303.0, 80005.0 ], [ 297942.0, 77925.0 ], [ 296275.0, 76422.0 ], [ 296082.0, 74733.0 ], [ 295359.0, 74333.0 ], [ 293923.0, 72306.0 ], [ 294084.0, 71958.0 ], [ 293115.0, 69660.0 ], [ 292638.0, 65756.0 ], [ 293852.0, 65075.0 ], [ 293573.0, 64753.0 ], [ 294217.0, 64471.0 ], [ 294388.0, 63755.0 ], [ 295009.0, 63682.0 ], [ 294725.0, 63274.0 ], [ 293362.0, 63284.0 ], [ 292477.0, 62652.0 ], [ 291092.0, 63653.0 ], [ 289898.0, 62360.0 ], [ 289374.0, 60657.0 ], [ 289762.0, 60212.0 ], [ 289325.0, 59649.0 ], [ 289631.0, 57447.0 ], [ 290385.0, 56992.0 ], [ 291487.0, 57223.0 ], [ 292823.0, 56599.0 ], [ 292584.0, 57296.0 ], [ 293176.0, 56670.0 ], [ 294725.0, 56485.0 ], [ 293234.0, 55388.0 ], [ 293735.0, 54578.0 ], [ 292321.0, 53601.0 ], [ 292506.0, 53188.0 ], [ 291957.0, 52279.0 ], [ 292356.0, 51454.0 ], [ 292095.0, 50725.0 ], [ 290210.0, 49534.0 ], [ 288782.0, 50321.0 ], [ 288326.0, 48639.0 ], [ 285384.0, 47787.0 ], [ 283734.0, 45811.0 ], [ 282811.0, 43848.0 ], [ 281807.0, 39327.0 ], [ 281905.0, 38103.0 ], [ 283074.0, 37042.0 ], [ 281921.0, 36625.0 ], [ 280148.0, 37107.0 ], [ 278197.0, 35331.0 ], [ 277246.0, 34957.0 ], [ 276089.0, 36340.0 ], [ 273791.0, 37272.0 ], [ 273676.0, 38161.0 ], [ 273000.0, 37851.0 ], [ 273053.0, 36590.0 ], [ 272466.0, 35949.0 ], [ 271597.0, 36533.0 ], [ 270041.0, 36822.0 ], [ 268932.0, 38162.0 ], [ 267444.0, 38797.0 ], [ 266663.0, 39663.0 ], [ 267485.0, 40147.0 ], [ 267649.0, 41750.0 ], [ 266012.0, 43197.0 ], [ 266140.0, 44299.0 ], [ 264629.0, 43703.0 ], [ 264822.0, 44755.0 ], [ 263499.0, 45751.0 ], [ 261656.0, 45806.0 ], [ 261352.0, 47265.0 ], [ 260242.0, 46723.0 ], [ 258248.0, 47175.0 ], [ 257410.0, 46560.0 ], [ 256536.0, 46577.0 ], [ 256189.0, 45804.0 ], [ 254887.0, 45656.0 ], [ 252311.0, 46891.0 ], [ 252790.0, 47696.0 ], [ 252536.0, 48146.0 ], [ 251619.0, 48493.0 ], [ 250056.0, 48252.0 ], [ 249246.0, 48750.0 ], [ 249235.0, 50173.0 ], [ 248611.0, 50774.0 ], [ 248784.0, 51561.0 ], [ 249047.0, 51798.0 ], [ 251392.0, 51265.0 ], [ 252720.0, 52451.0 ], [ 254115.0, 52909.0 ], [ 253946.0, 54061.0 ], [ 254322.0, 55075.0 ], [ 255969.0, 55207.0 ], [ 256393.0, 56505.0 ], [ 255625.0, 57237.0 ], [ 254991.0, 57300.0 ], [ 254924.0, 57683.0 ], [ 252882.0, 57828.0 ], [ 252143.0, 60385.0 ], [ 250275.0, 61267.0 ], [ 250456.0, 61808.0 ], [ 250081.0, 62527.0 ], [ 248682.0, 61485.0 ], [ 247642.0, 61232.0 ], [ 247068.0, 61666.0 ], [ 246242.0, 60642.0 ], [ 245482.0, 60348.0 ], [ 244559.0, 61027.0 ], [ 245753.0, 61808.0 ], [ 246825.0, 63899.0 ], [ 246112.0, 63589.0 ], [ 244916.0, 61664.0 ], [ 244518.0, 61793.0 ], [ 243739.0, 64208.0 ], [ 242867.0, 65489.0 ], [ 242232.0, 65399.0 ], [ 241845.0, 64302.0 ], [ 241355.0, 64571.0 ], [ 241443.0, 65349.0 ], [ 242793.0, 66462.0 ], [ 242395.0, 67843.0 ], [ 242590.0, 68794.0 ], [ 244124.0, 68138.0 ], [ 244445.0, 68815.0 ], [ 245315.0, 68943.0 ], [ 245479.0, 69330.0 ], [ 245085.0, 69914.0 ], [ 244489.0, 69324.0 ], [ 243910.0, 69355.0 ], [ 243991.0, 70398.0 ], [ 243449.0, 70593.0 ], [ 243701.0, 71103.0 ], [ 243437.0, 72772.0 ], [ 241871.0, 72527.0 ], [ 240895.0, 73975.0 ], [ 239694.0, 73141.0 ], [ 239118.0, 73241.0 ], [ 240017.0, 74237.0 ], [ 239896.0, 75223.0 ], [ 238673.0, 76863.0 ], [ 239267.0, 78315.0 ], [ 238367.0, 78512.0 ], [ 238271.0, 77524.0 ], [ 237775.0, 78567.0 ], [ 236685.0, 78012.0 ], [ 236431.0, 79194.0 ], [ 236858.0, 79785.0 ], [ 236870.0, 82600.0 ], [ 237427.0, 84063.0 ], [ 235091.0, 85017.0 ], [ 234947.0, 86615.0 ], [ 234358.0, 87634.0 ], [ 234183.0, 90390.0 ], [ 232786.0, 91862.0 ], [ 233313.0, 93678.0 ], [ 231848.0, 96949.0 ], [ 232099.0, 97894.0 ], [ 231676.0, 98084.0 ], [ 231737.0, 98882.0 ], [ 232139.0, 99456.0 ], [ 231238.0, 100328.0 ], [ 229926.0, 99986.0 ], [ 230214.0, 98638.0 ], [ 229170.0, 98911.0 ], [ 227660.0, 100284.0 ], [ 227376.0, 101200.0 ], [ 225767.0, 101296.0 ], [ 225461.0, 101866.0 ], [ 224362.0, 102252.0 ], [ 227780.0, 103993.0 ], [ 228268.0, 105520.0 ], [ 227965.0, 105991.0 ], [ 228168.0, 108117.0 ], [ 228842.0, 110157.0 ], [ 229543.0, 110380.0 ], [ 228058.0, 113031.0 ], [ 227786.0, 114651.0 ], [ 226978.0, 115559.0 ], [ 227388.0, 117237.0 ], [ 226422.0, 117555.0 ], [ 224279.0, 117195.0 ], [ 221207.0, 117385.0 ], [ 220869.0, 118646.0 ], [ 221451.0, 119196.0 ] ] ], [ [ [ 249970.0, 47465.0 ], [ 250231.0, 47483.0 ], [ 250136.0, 47270.0 ], [ 249970.0, 47465.0 ] ] ], [ [ [ 213200.0, 145810.0 ], [ 213043.0, 148221.0 ], [ 213544.0, 148037.0 ], [ 213940.0, 146860.0 ], [ 213975.0, 144470.0 ], [ 214583.0, 143626.0 ], [ 213329.0, 143305.0 ], [ 212711.0, 144881.0 ], [ 213200.0, 145810.0 ] ] ] ] } },
{ "type": "Feature", "properties": { "short_name": "East Midlands", "official_name": "East Midlands Combined County Authority", "tier": "Established Mayoral", "mayor_in_post": true, "mayor": "Claire Ward", "mayor_status": "In post", "party": "Labour", "next_election": "May 2028", "date_established": "28/02/2024", "date_established_iso": "2024-02-28", "tier_change_date": "31/07/2026", "tier_change_date_iso": "2026-07-31", "instrument": "SI 2024/232", "status_source": "Rewiring the State Cabinet Statement, 31 Jul 2026", "area_km2": 4795.0 }, "geometry": { "type": "Polygon", "coordinates": [ [ [ 398099.0, 386070.0 ], [ 397851.0, 386519.0 ], [ 398466.0, 386358.0 ], [ 398786.0, 387081.0 ], [ 399751.0, 387741.0 ], [ 400538.0, 390537.0 ], [ 400381.0, 390918.0 ], [ 399187.0, 391008.0 ], [ 398522.0, 391527.0 ], [ 398773.0, 392077.0 ], [ 398283.0, 392845.0 ], [ 400386.0, 394394.0 ], [ 400937.0, 395356.0 ], [ 400884.0, 395981.0 ], [ 401326.0, 396329.0 ], [ 400859.0, 397030.0 ], [ 400905.0, 398258.0 ], [ 401785.0, 399042.0 ], [ 402000.0, 400873.0 ], [ 402525.0, 401459.0 ], [ 403325.0, 400835.0 ], [ 405267.0, 401483.0 ], [ 405579.0, 401970.0 ], [ 404952.0, 402698.0 ], [ 405781.0, 404452.0 ], [ 406585.0, 404669.0 ], [ 407226.0, 404180.0 ], [ 408481.0, 404870.0 ], [ 410570.0, 402624.0 ], [ 411557.0, 402994.0 ], [ 412125.0, 401861.0 ], [ 413309.0, 401649.0 ], [ 412877.0, 401167.0 ], [ 413609.0, 400735.0 ], [ 413414.0, 398097.0 ], [ 414758.0, 397523.0 ], [ 415498.0, 396461.0 ], [ 416908.0, 396321.0 ], [ 417122.0, 394278.0 ], [ 416733.0, 393577.0 ], [ 417374.0, 391632.0 ], [ 418030.0, 391098.0 ], [ 418818.0, 391438.0 ], [ 419469.0, 391208.0 ], [ 419855.0, 389755.0 ], [ 421252.0, 389485.0 ], [ 422183.0, 388559.0 ], [ 423059.0, 388519.0 ], [ 422512.0, 385574.0 ], [ 425042.0, 383971.0 ], [ 427356.0, 383301.0 ], [ 425960.0, 382892.0 ], [ 424618.0, 380552.0 ], [ 424871.0, 380035.0 ], [ 426129.0, 380707.0 ], [ 426985.0, 379766.0 ], [ 427748.0, 380596.0 ], [ 428105.0, 379575.0 ], [ 429320.0, 379964.0 ], [ 429696.0, 379491.0 ], [ 429500.0, 378874.0 ], [ 430904.0, 378754.0 ], [ 431332.0, 379402.0 ], [ 433260.0, 380184.0 ], [ 435529.0, 380199.0 ], [ 436335.0, 380781.0 ], [ 436069.0, 381664.0 ], [ 437240.0, 382417.0 ], [ 438721.0, 382186.0 ], [ 439459.0, 382946.0 ], [ 440946.0, 382170.0 ], [ 440604.0, 380806.0 ], [ 440992.0, 380275.0 ], [ 444176.0, 380196.0 ], [ 444833.0, 381548.0 ], [ 445502.0, 381227.0 ], [ 445894.0, 382135.0 ], [ 446310.0, 382096.0 ], [ 447481.0, 381268.0 ], [ 447050.0, 380759.0 ], [ 447090.0, 380009.0 ], [ 447944.0, 379421.0 ], [ 448497.0, 379521.0 ], [ 449865.0, 378578.0 ], [ 450576.0, 378605.0 ], [ 451358.0, 379342.0 ], [ 452105.0, 378867.0 ], [ 453075.0, 378901.0 ], [ 453896.0, 380530.0 ], [ 454987.0, 380824.0 ], [ 455040.0, 381288.0 ], [ 457400.0, 383118.0 ], [ 457249.0, 383598.0 ], [ 456231.0, 383448.0 ], [ 455831.0, 384753.0 ], [ 456724.0, 384500.0 ], [ 457394.0, 384758.0 ], [ 456920.0, 386139.0 ], [ 457913.0, 386950.0 ], [ 457646.0, 388450.0 ], [ 458868.0, 389463.0 ], [ 458867.0, 390420.0 ], [ 459395.0, 390324.0 ], [ 459996.0, 391702.0 ], [ 461200.0, 392622.0 ], [ 462832.0, 392475.0 ], [ 464482.0, 393123.0 ], [ 464767.0, 392462.0 ], [ 465551.0, 392699.0 ], [ 465708.0, 393342.0 ], [ 466712.0, 393784.0 ], [ 467578.0, 397228.0 ], [ 467406.0, 397692.0 ], [ 469547.0, 399138.0 ], [ 470701.0, 401171.0 ], [ 473075.0, 398163.0 ], [ 471820.0, 397103.0 ], [ 472025.0, 396585.0 ], [ 474757.0, 396686.0 ], [ 474986.0, 397208.0 ], [ 479916.0, 396068.0 ], [ 479147.0, 394774.0 ], [ 478438.0, 394454.0 ], [ 478617.0, 392832.0 ], [ 479572.0, 391800.0 ], [ 480584.0, 391573.0 ], [ 480489.0, 390718.0 ], [ 481376.0, 389589.0 ], [ 481352.0, 388782.0 ], [ 480754.0, 388282.0 ], [ 481532.0, 387472.0 ], [ 480827.0, 387095.0 ], [ 480545.0, 385915.0 ], [ 481217.0, 385594.0 ], [ 481654.0, 385947.0 ], [ 482690.0, 384801.0 ], [ 482308.0, 383954.0 ], [ 482845.0, 383249.0 ], [ 482227.0, 382165.0 ], [ 482671.0, 381548.0 ], [ 483325.0, 381530.0 ], [ 483055.0, 380456.0 ], [ 483536.0, 379342.0 ], [ 483316.0, 378144.0 ], [ 482905.0, 378066.0 ], [ 482477.0, 378802.0 ], [ 481516.0, 377020.0 ], [ 482462.0, 375800.0 ], [ 481721.0, 372978.0 ], [ 484346.0, 372604.0 ], [ 484550.0, 373744.0 ], [ 487618.0, 374288.0 ], [ 489088.0, 372235.0 ], [ 488513.0, 369770.0 ], [ 487101.0, 370023.0 ], [ 485937.0, 368607.0 ], [ 484862.0, 368869.0 ], [ 482733.0, 365859.0 ], [ 485769.0, 365229.0 ], [ 485481.0, 362746.0 ], [ 486036.0, 360738.0 ], [ 484961.0, 359673.0 ], [ 485985.0, 358434.0 ], [ 485181.0, 356304.0 ], [ 486761.0, 354797.0 ], [ 486568.0, 354388.0 ], [ 487290.0, 353926.0 ], [ 487533.0, 352910.0 ], [ 487110.0, 352610.0 ], [ 486353.0, 352821.0 ], [ 486303.0, 352223.0 ], [ 485153.0, 351540.0 ], [ 483909.0, 351493.0 ], [ 483202.0, 348729.0 ], [ 481331.0, 348165.0 ], [ 480890.0, 346597.0 ], [ 480432.0, 346676.0 ], [ 480341.0, 346268.0 ], [ 482167.0, 343637.0 ], [ 482216.0, 342976.0 ], [ 480925.0, 342794.0 ], [ 479846.0, 340667.0 ], [ 479288.0, 340862.0 ], [ 478620.0, 339921.0 ], [ 478596.0, 339341.0 ], [ 479218.0, 339170.0 ], [ 478410.0, 338615.0 ], [ 477982.0, 337401.0 ], [ 476711.0, 335966.0 ], [ 476543.0, 335513.0 ], [ 476926.0, 334850.0 ], [ 472986.0, 331821.0 ], [ 471532.0, 331470.0 ], [ 472254.0, 330380.0 ], [ 470184.0, 327876.0 ], [ 469470.0, 327955.0 ], [ 469042.0, 327555.0 ], [ 469153.0, 326235.0 ], [ 468231.0, 325000.0 ], [ 466062.0, 325387.0 ], [ 464652.0, 324540.0 ], [ 463477.0, 324748.0 ], [ 462661.0, 324454.0 ], [ 462774.0, 325327.0 ], [ 462180.0, 325570.0 ], [ 461322.0, 325112.0 ], [ 459499.0, 324987.0 ], [ 458681.0, 323492.0 ], [ 456476.0, 323514.0 ], [ 455668.0, 323140.0 ], [ 454200.0, 321615.0 ], [ 453291.0, 322215.0 ], [ 452309.0, 321842.0 ], [ 451466.0, 323174.0 ], [ 449983.0, 323537.0 ], [ 449908.0, 324909.0 ], [ 449227.0, 325387.0 ], [ 448994.0, 326776.0 ], [ 449499.0, 327465.0 ], [ 449109.0, 328221.0 ], [ 449404.0, 329114.0 ], [ 448891.0, 329454.0 ], [ 449260.0, 330968.0 ], [ 448654.0, 331141.0 ], [ 447921.0, 330788.0 ], [ 446836.0, 331184.0 ], [ 445986.0, 330822.0 ], [ 445515.0, 330045.0 ], [ 444378.0, 329858.0 ], [ 443788.0, 328617.0 ], [ 443278.0, 328904.0 ], [ 441753.0, 327765.0 ], [ 440950.0, 326732.0 ], [ 441331.0, 326349.0 ], [ 439354.0, 322830.0 ], [ 437893.0, 322883.0 ], [ 437690.0, 321848.0 ], [ 436504.0, 321235.0 ], [ 436801.0, 320082.0 ], [ 435941.0, 318930.0 ], [ 434240.0, 318061.0 ], [ 433519.0, 318985.0 ], [ 431194.0, 318152.0 ], [ 430328.0, 318483.0 ], [ 429678.0, 317033.0 ], [ 430840.0, 314835.0 ], [ 430486.0, 313718.0 ], [ 429557.0, 312699.0 ], [ 428645.0, 312726.0 ], [ 426859.0, 311077.0 ], [ 426098.0, 311496.0 ], [ 425427.0, 311147.0 ], [ 424803.0, 311567.0 ], [ 423409.0, 311290.0 ], [ 423268.0, 313822.0 ], [ 420053.0, 314859.0 ], [ 420469.0, 315366.0 ], [ 420564.0, 317291.0 ], [ 421297.0, 317995.0 ], [ 421547.0, 319223.0 ], [ 422330.0, 319580.0 ], [ 422650.0, 320893.0 ], [ 423699.0, 320272.0 ], [ 424495.0, 321076.0 ], [ 425289.0, 320422.0 ], [ 427699.0, 322485.0 ], [ 427631.0, 323507.0 ], [ 426359.0, 324305.0 ], [ 426856.0, 325491.0 ], [ 427682.0, 325861.0 ], [ 427606.0, 326349.0 ], [ 424162.0, 328779.0 ], [ 420965.0, 329695.0 ], [ 420254.0, 329273.0 ], [ 419925.0, 329945.0 ], [ 418591.0, 329164.0 ], [ 416961.0, 329945.0 ], [ 416778.0, 330764.0 ], [ 415027.0, 331682.0 ], [ 414152.0, 331443.0 ], [ 413532.0, 332018.0 ], [ 412728.0, 331484.0 ], [ 411353.0, 332164.0 ], [ 411420.0, 333420.0 ], [ 410346.0, 334629.0 ], [ 410289.0, 335765.0 ], [ 409740.0, 336227.0 ], [ 409906.0, 337058.0 ], [ 411589.0, 338926.0 ], [ 411217.0, 339738.0 ], [ 411708.0, 340536.0 ], [ 411771.0, 342246.0 ], [ 413256.0, 342656.0 ], [ 413208.0, 343147.0 ], [ 413776.0, 343271.0 ], [ 414237.0, 343955.0 ], [ 415503.0, 344396.0 ], [ 416340.0, 346654.0 ], [ 415946.0, 347150.0 ], [ 416375.0, 347994.0 ], [ 416211.0, 349040.0 ], [ 415595.0, 349660.0 ], [ 414932.0, 349548.0 ], [ 414530.0, 350316.0 ], [ 414972.0, 351375.0 ], [ 414462.0, 351782.0 ], [ 413878.0, 354593.0 ], [ 414504.0, 355123.0 ], [ 414565.0, 356221.0 ], [ 412042.0, 359867.0 ], [ 412633.0, 361815.0 ], [ 410937.0, 364324.0 ], [ 408427.0, 366417.0 ], [ 407428.0, 366885.0 ], [ 406240.0, 366831.0 ], [ 404257.0, 368298.0 ], [ 402988.0, 368520.0 ], [ 402533.0, 369649.0 ], [ 401163.0, 368602.0 ], [ 400789.0, 368746.0 ], [ 400747.0, 369548.0 ], [ 401773.0, 370360.0 ], [ 401298.0, 371233.0 ], [ 400115.0, 372001.0 ], [ 400041.0, 373158.0 ], [ 399465.0, 373737.0 ], [ 399748.0, 374659.0 ], [ 399476.0, 378372.0 ], [ 399972.0, 380230.0 ], [ 399414.0, 380662.0 ], [ 399144.0, 382571.0 ], [ 399701.0, 383140.0 ], [ 399629.0, 384005.0 ], [ 398921.0, 385389.0 ], [ 398292.0, 385209.0 ], [ 397829.0, 385653.0 ], [ 398099.0, 386070.0 ] ] ] } },
{ "type": "Feature", "properties": { "short_name": "Greater Essex", "official_name": "Greater Essex Combined County Authority (planned)", "tier": "Planned", "mayor_in_post": false, "mayor": "Authority not yet established (election May 2028)", "mayor_status": "Authority not yet established", "party": "Not applicable", "next_election": "May 2028", "date_established": "Not yet established", "date_established_iso": "Not yet established", "tier_change_date": "Not applicable", "tier_change_date_iso": "Not applicable", "instrument": "not yet made", "status_source": "Mayoral election deferred to May 2028", "area_km2": 3718.0 }, "geometry": { "type": "MultiPolygon", "coordinates": [ [ [ [ 537248.0, 206701.0 ], [ 538259.0, 207066.0 ], [ 538302.0, 208061.0 ], [ 539028.0, 208449.0 ], [ 539349.0, 209817.0 ], [ 540207.0, 210453.0 ], [ 541653.0, 210598.0 ], [ 542253.0, 211437.0 ], [ 544892.0, 211491.0 ], [ 546681.0, 212859.0 ], [ 548288.0, 213033.0 ], [ 548875.0, 214967.0 ], [ 549646.0, 215295.0 ], [ 548987.0, 217256.0 ], [ 549206.0, 218998.0 ], [ 549688.0, 219427.0 ], [ 549554.0, 220341.0 ], [ 551241.0, 221059.0 ], [ 549794.0, 222707.0 ], [ 550263.0, 223825.0 ], [ 549486.0, 223980.0 ], [ 547854.0, 223082.0 ], [ 546332.0, 222802.0 ], [ 546195.0, 227089.0 ], [ 545563.0, 230246.0 ], [ 544116.0, 233725.0 ], [ 542729.0, 233408.0 ], [ 542214.0, 233635.0 ], [ 542491.0, 235614.0 ], [ 542052.0, 236168.0 ], [ 542898.0, 236479.0 ], [ 543568.0, 237909.0 ], [ 544457.0, 242300.0 ], [ 545372.0, 242293.0 ], [ 546222.0, 241062.0 ], [ 547592.0, 241567.0 ], [ 548503.0, 241314.0 ], [ 548713.0, 241839.0 ], [ 549989.0, 242100.0 ], [ 550182.0, 242725.0 ], [ 549724.0, 243894.0 ], [ 550450.0, 244189.0 ], [ 551047.0, 246103.0 ], [ 553234.0, 245761.0 ], [ 554310.0, 244576.0 ], [ 556031.0, 246253.0 ], [ 556709.0, 246026.0 ], [ 559420.0, 244150.0 ], [ 560962.0, 241633.0 ], [ 562170.0, 241112.0 ], [ 562769.0, 240330.0 ], [ 563742.0, 240218.0 ], [ 563859.0, 240993.0 ], [ 563270.0, 241690.0 ], [ 563971.0, 242907.0 ], [ 564927.0, 243519.0 ], [ 566979.0, 243976.0 ], [ 567196.0, 244352.0 ], [ 568083.0, 244009.0 ], [ 569129.0, 245101.0 ], [ 570270.0, 244475.0 ], [ 570788.0, 243892.0 ], [ 570704.0, 243252.0 ], [ 571760.0, 242523.0 ], [ 572242.0, 243135.0 ], [ 573052.0, 242831.0 ], [ 574371.0, 243003.0 ], [ 574971.0, 244223.0 ], [ 576382.0, 244332.0 ], [ 577051.0, 245087.0 ], [ 578249.0, 245111.0 ], [ 578760.0, 245712.0 ], [ 579547.0, 245407.0 ], [ 580602.0, 246376.0 ], [ 581765.0, 246099.0 ], [ 584004.0, 246575.0 ], [ 584452.0, 245814.0 ], [ 585254.0, 245791.0 ], [ 586021.0, 244874.0 ], [ 585431.0, 244074.0 ], [ 586354.0, 242402.0 ], [ 585214.0, 242203.0 ], [ 585063.0, 241265.0 ], [ 586153.0, 240856.0 ], [ 585832.0, 240292.0 ], [ 586347.0, 240045.0 ], [ 588109.0, 240506.0 ], [ 588055.0, 238231.0 ], [ 588790.0, 237690.0 ], [ 588920.0, 237061.0 ], [ 589647.0, 236825.0 ], [ 589643.0, 235426.0 ], [ 590636.0, 235204.0 ], [ 590630.0, 233822.0 ], [ 591639.0, 233118.0 ], [ 593249.0, 232877.0 ], [ 593929.0, 233786.0 ], [ 595889.0, 232992.0 ], [ 596778.0, 233849.0 ], [ 598322.0, 233896.0 ], [ 598577.0, 234488.0 ], [ 601000.0, 234898.0 ], [ 601281.0, 234419.0 ], [ 602251.0, 234355.0 ], [ 603559.0, 235110.0 ], [ 604200.0, 234311.0 ], [ 604220.0, 233498.0 ], [ 606107.0, 233744.0 ], [ 606866.0, 232892.0 ], [ 607565.0, 232705.0 ], [ 609536.0, 233369.0 ], [ 610588.0, 231981.0 ], [ 614495.0, 231442.0 ], [ 617992.0, 232470.0 ], [ 619221.0, 231708.0 ], [ 621061.0, 231844.0 ], [ 621337.0, 232273.0 ], [ 621457.0, 231742.0 ], [ 621935.0, 231695.0 ], [ 622299.0, 231864.0 ], [ 622225.0, 232299.0 ], [ 623258.0, 232741.0 ], [ 624176.0, 232719.0 ], [ 625337.0, 231841.0 ], [ 626313.0, 232963.0 ], [ 626267.0, 231735.0 ], [ 626708.0, 231475.0 ], [ 626114.0, 231650.0 ], [ 625650.0, 231330.0 ], [ 624139.0, 228974.0 ], [ 623374.0, 226031.0 ], [ 621908.0, 225314.0 ], [ 623538.0, 225304.0 ], [ 624732.0, 225880.0 ], [ 626635.0, 224622.0 ], [ 626521.0, 223118.0 ], [ 623156.0, 218345.0 ], [ 621052.0, 216556.0 ], [ 614895.0, 212844.0 ], [ 610140.0, 212265.0 ], [ 609323.0, 213200.0 ], [ 609015.0, 214343.0 ], [ 609436.0, 214270.0 ], [ 609447.0, 214629.0 ], [ 608158.0, 215641.0 ], [ 608356.0, 216236.0 ], [ 607652.0, 216173.0 ], [ 606434.0, 217324.0 ], [ 605633.0, 218749.0 ], [ 605806.0, 219698.0 ], [ 605380.0, 220154.0 ], [ 605054.0, 218660.0 ], [ 605788.0, 216741.0 ], [ 606311.0, 216295.0 ], [ 606259.0, 215947.0 ], [ 607359.0, 215453.0 ], [ 606273.0, 214099.0 ], [ 602636.0, 212405.0 ], [ 600455.0, 212349.0 ], [ 599688.0, 213251.0 ], [ 599913.0, 212428.0 ], [ 599544.0, 211800.0 ], [ 599830.0, 211477.0 ], [ 596426.0, 208222.0 ], [ 593381.0, 208500.0 ], [ 592645.0, 207895.0 ], [ 591013.0, 208137.0 ], [ 589008.0, 206959.0 ], [ 587768.0, 207716.0 ], [ 587119.0, 206377.0 ], [ 586514.0, 206379.0 ], [ 587267.0, 205832.0 ], [ 588015.0, 207071.0 ], [ 588624.0, 206052.0 ], [ 588283.0, 205200.0 ], [ 591422.0, 204698.0 ], [ 590500.0, 204016.0 ], [ 590571.0, 203509.0 ], [ 592840.0, 204778.0 ], [ 593159.0, 205896.0 ], [ 594859.0, 206246.0 ], [ 595893.0, 205620.0 ], [ 597606.0, 206080.0 ], [ 598698.0, 206931.0 ], [ 599203.0, 208219.0 ], [ 600268.0, 209110.0 ], [ 602198.0, 209545.0 ], [ 603851.0, 207687.0 ], [ 603298.0, 204097.0 ], [ 604028.0, 202423.0 ], [ 603172.0, 198620.0 ], [ 603185.0, 196741.0 ], [ 601138.0, 195506.0 ], [ 598041.0, 195251.0 ], [ 594315.0, 195683.0 ], [ 593707.0, 195364.0 ], [ 598497.0, 194638.0 ], [ 598690.0, 193274.0 ], [ 599392.0, 194690.0 ], [ 600966.0, 194549.0 ], [ 604858.0, 195443.0 ], [ 604708.0, 194618.0 ], [ 601398.0, 190626.0 ], [ 599605.0, 189452.0 ], [ 598787.0, 188344.0 ], [ 597783.0, 188039.0 ], [ 597578.0, 187446.0 ], [ 595488.0, 186041.0 ], [ 593497.0, 184007.0 ], [ 590885.0, 184769.0 ], [ 583789.0, 185653.0 ], [ 582987.0, 184731.0 ], [ 581969.0, 184666.0 ], [ 583029.0, 183633.0 ], [ 581675.0, 182730.0 ], [ 578678.0, 181906.0 ], [ 577298.0, 182092.0 ], [ 576506.0, 183091.0 ], [ 576217.0, 182728.0 ], [ 576435.0, 182354.0 ], [ 575760.0, 181878.0 ], [ 570467.0, 181285.0 ], [ 569537.0, 179835.0 ], [ 569179.0, 176423.0 ], [ 567899.0, 175744.0 ], [ 562743.0, 175192.0 ], [ 561795.0, 177062.0 ], [ 560911.0, 177545.0 ], [ 559733.0, 177319.0 ], [ 558582.0, 176071.0 ], [ 553564.0, 179127.0 ], [ 553849.0, 179827.0 ], [ 554788.0, 180176.0 ], [ 554625.0, 180978.0 ], [ 555618.0, 181205.0 ], [ 555314.0, 182418.0 ], [ 556099.0, 183481.0 ], [ 556815.0, 182298.0 ], [ 557160.0, 182508.0 ], [ 557224.0, 183903.0 ], [ 561913.0, 185159.0 ], [ 560378.0, 187684.0 ], [ 558841.0, 187532.0 ], [ 557500.0, 190100.0 ], [ 557304.0, 191320.0 ], [ 556199.0, 191602.0 ], [ 556775.0, 192398.0 ], [ 556402.0, 193016.0 ], [ 554045.0, 194795.0 ], [ 550240.0, 193627.0 ], [ 547935.0, 193788.0 ], [ 546827.0, 192854.0 ], [ 545141.0, 192698.0 ], [ 545005.0, 191781.0 ], [ 544635.0, 191578.0 ], [ 542955.0, 191802.0 ], [ 541836.0, 192873.0 ], [ 541335.0, 192779.0 ], [ 540037.0, 194160.0 ], [ 540010.0, 195404.0 ], [ 537625.0, 196030.0 ], [ 537583.0, 200414.0 ], [ 536936.0, 202359.0 ], [ 537248.0, 206701.0 ] ] ], [ [ [ 591894.0, 206781.0 ], [ 592644.0, 206301.0 ], [ 591596.0, 205852.0 ], [ 590341.0, 206459.0 ], [ 591894.0, 206781.0 ] ] ] ] } },
{ "type": "Feature", "properties": { "short_name": "Greater Lincolnshire", "official_name": "Greater Lincolnshire Combined County Authority", "tier": "Mayoral", "mayor_in_post": true, "mayor": "Andrea Jenkyns", "mayor_status": "In post", "party": "Reform UK", "next_election": "May 2029", "date_established": "05/02/2025", "date_established_iso": "2025-02-05", "tier_change_date": "No change since establishment", "tier_change_date_iso": "No change since establishment", "instrument": "SI 2025/117", "status_source": "NAO HC 263", "area_km2": 6994.0 }, "geometry": { "type": "Polygon", "coordinates": [ [ [ 470114.0, 404292.0 ], [ 473097.0, 404571.0 ], [ 473472.0, 405061.0 ], [ 472898.0, 406256.0 ], [ 473332.0, 408265.0 ], [ 472873.0, 408572.0 ], [ 473059.0, 410194.0 ], [ 473737.0, 413143.0 ], [ 475120.0, 416283.0 ], [ 476329.0, 415827.0 ], [ 477502.0, 416937.0 ], [ 479020.0, 417299.0 ], [ 480143.0, 418759.0 ], [ 481231.0, 419319.0 ], [ 481634.0, 418733.0 ], [ 482907.0, 419964.0 ], [ 484386.0, 420481.0 ], [ 484529.0, 421078.0 ], [ 485617.0, 420935.0 ], [ 486055.0, 421690.0 ], [ 486859.0, 420917.0 ], [ 486274.0, 422553.0 ], [ 486503.0, 423054.0 ], [ 491740.0, 425135.0 ], [ 493055.0, 423462.0 ], [ 495346.0, 421649.0 ], [ 496795.0, 421271.0 ], [ 495283.0, 422411.0 ], [ 496087.0, 422477.0 ], [ 497764.0, 422166.0 ], [ 497135.0, 421378.0 ], [ 497994.0, 421235.0 ], [ 498955.0, 421534.0 ], [ 501080.0, 423504.0 ], [ 505427.0, 423638.0 ], [ 512305.0, 425565.0 ], [ 513671.0, 424909.0 ], [ 515558.0, 421514.0 ], [ 518847.0, 417234.0 ], [ 522289.0, 414799.0 ], [ 525907.0, 411418.0 ], [ 527246.0, 410783.0 ], [ 527719.0, 411415.0 ], [ 528407.0, 411293.0 ], [ 530408.0, 409534.0 ], [ 534182.0, 404499.0 ], [ 535826.0, 403928.0 ], [ 535997.0, 404506.0 ], [ 535179.0, 405268.0 ], [ 537340.0, 404311.0 ], [ 537911.0, 403648.0 ], [ 538182.0, 403822.0 ], [ 537975.0, 404229.0 ], [ 538343.0, 404206.0 ], [ 538672.0, 403576.0 ], [ 537938.0, 403155.0 ], [ 538412.0, 402041.0 ], [ 540138.0, 401349.0 ], [ 540592.0, 401832.0 ], [ 539920.0, 402884.0 ], [ 540616.0, 402673.0 ], [ 541823.0, 401980.0 ], [ 541286.0, 401295.0 ], [ 541599.0, 400657.0 ], [ 542361.0, 400571.0 ], [ 542560.0, 401856.0 ], [ 543021.0, 401435.0 ], [ 543988.0, 399975.0 ], [ 543537.0, 400089.0 ], [ 543595.0, 399644.0 ], [ 544267.0, 399437.0 ], [ 545176.0, 397806.0 ], [ 545050.0, 397363.0 ], [ 545692.0, 396854.0 ], [ 545187.0, 396804.0 ], [ 545227.0, 396314.0 ], [ 545810.0, 396247.0 ], [ 546283.0, 395518.0 ], [ 545533.0, 395871.0 ], [ 545770.0, 395096.0 ], [ 546943.0, 394383.0 ], [ 547112.0, 393093.0 ], [ 548231.0, 392204.0 ], [ 548555.0, 391355.0 ], [ 548295.0, 390940.0 ], [ 548694.0, 390699.0 ], [ 549018.0, 389222.0 ], [ 552642.0, 381176.0 ], [ 554499.0, 378093.0 ], [ 556065.0, 374030.0 ], [ 556355.0, 371897.0 ], [ 557474.0, 368695.0 ], [ 557339.0, 359800.0 ], [ 556655.0, 358552.0 ], [ 556405.0, 356918.0 ], [ 556084.0, 357344.0 ], [ 555306.0, 357347.0 ], [ 550322.0, 352289.0 ], [ 546722.0, 349975.0 ], [ 544467.0, 347780.0 ], [ 540170.0, 341163.0 ], [ 539792.0, 339200.0 ], [ 538116.0, 337455.0 ], [ 539174.0, 337702.0 ], [ 539267.0, 336379.0 ], [ 540744.0, 335145.0 ], [ 542457.0, 335008.0 ], [ 546570.0, 332953.0 ], [ 547003.0, 331397.0 ], [ 549334.0, 327958.0 ], [ 549406.0, 327216.0 ], [ 551388.0, 327320.0 ], [ 552994.0, 326663.0 ], [ 552169.0, 324736.0 ], [ 552534.0, 324448.0 ], [ 551565.0, 323177.0 ], [ 553378.0, 321886.0 ], [ 550789.0, 320408.0 ], [ 547712.0, 317541.0 ], [ 546492.0, 317963.0 ], [ 544120.0, 317862.0 ], [ 542825.0, 316798.0 ], [ 541788.0, 316782.0 ], [ 541180.0, 316042.0 ], [ 539586.0, 316353.0 ], [ 539162.0, 316094.0 ], [ 538208.0, 314878.0 ], [ 538609.0, 311334.0 ], [ 536804.0, 309379.0 ], [ 533246.0, 308907.0 ], [ 533115.0, 309342.0 ], [ 531126.0, 310340.0 ], [ 529405.0, 309388.0 ], [ 528297.0, 309881.0 ], [ 525850.0, 307595.0 ], [ 523271.0, 308496.0 ], [ 522344.0, 307609.0 ], [ 521312.0, 309246.0 ], [ 520160.0, 309000.0 ], [ 517784.0, 307386.0 ], [ 515774.0, 309416.0 ], [ 512779.0, 309785.0 ], [ 511681.0, 308378.0 ], [ 508735.0, 307441.0 ], [ 507959.0, 306781.0 ], [ 506938.0, 306627.0 ], [ 504928.0, 307280.0 ], [ 504753.0, 306845.0 ], [ 503416.0, 306804.0 ], [ 503260.0, 306347.0 ], [ 501933.0, 305782.0 ], [ 501637.0, 306029.0 ], [ 499944.0, 308522.0 ], [ 501763.0, 308028.0 ], [ 501898.0, 308496.0 ], [ 504458.0, 309182.0 ], [ 506034.0, 311026.0 ], [ 506143.0, 313069.0 ], [ 504410.0, 313548.0 ], [ 501805.0, 313504.0 ], [ 500557.0, 314590.0 ], [ 498539.0, 314953.0 ], [ 498660.0, 316604.0 ], [ 496892.0, 317336.0 ], [ 496348.0, 318209.0 ], [ 494225.0, 317896.0 ], [ 493805.0, 318924.0 ], [ 490357.0, 318379.0 ], [ 488885.0, 322761.0 ], [ 488906.0, 324653.0 ], [ 485340.0, 330690.0 ], [ 484761.0, 332352.0 ], [ 483089.0, 332859.0 ], [ 483498.0, 334278.0 ], [ 482364.0, 334850.0 ], [ 483734.0, 339853.0 ], [ 482154.0, 340912.0 ], [ 482162.0, 343542.0 ], [ 480346.0, 346119.0 ], [ 480321.0, 346770.0 ], [ 480919.0, 346733.0 ], [ 481359.0, 348302.0 ], [ 482137.0, 348188.0 ], [ 483217.0, 348770.0 ], [ 483909.0, 351602.0 ], [ 485221.0, 351623.0 ], [ 486267.0, 352194.0 ], [ 486306.0, 352860.0 ], [ 487347.0, 352892.0 ], [ 487247.0, 353908.0 ], [ 486487.0, 354347.0 ], [ 486628.0, 354900.0 ], [ 485163.0, 356376.0 ], [ 485984.0, 358434.0 ], [ 484915.0, 359707.0 ], [ 485962.0, 360780.0 ], [ 485475.0, 362755.0 ], [ 485914.0, 364425.0 ], [ 485729.0, 365135.0 ], [ 482689.0, 365649.0 ], [ 482808.0, 366396.0 ], [ 483416.0, 366473.0 ], [ 484875.0, 368937.0 ], [ 485921.0, 368667.0 ], [ 487056.0, 370032.0 ], [ 488483.0, 369885.0 ], [ 489063.0, 372232.0 ], [ 487702.0, 374171.0 ], [ 487115.0, 374284.0 ], [ 484601.0, 373759.0 ], [ 484508.0, 372617.0 ], [ 481738.0, 372891.0 ], [ 481635.0, 373484.0 ], [ 482096.0, 373651.0 ], [ 481984.0, 374492.0 ], [ 482544.0, 375780.0 ], [ 481620.0, 377016.0 ], [ 482568.0, 378737.0 ], [ 482858.0, 378030.0 ], [ 483378.0, 378109.0 ], [ 483642.0, 379258.0 ], [ 483158.0, 380335.0 ], [ 483388.0, 381542.0 ], [ 482695.0, 381615.0 ], [ 482284.0, 382175.0 ], [ 482906.0, 383233.0 ], [ 482362.0, 383981.0 ], [ 482735.0, 384839.0 ], [ 481679.0, 386008.0 ], [ 481246.0, 385669.0 ], [ 480591.0, 385858.0 ], [ 480920.0, 387100.0 ], [ 481539.0, 387490.0 ], [ 480595.0, 388345.0 ], [ 481420.0, 388757.0 ], [ 481445.0, 389567.0 ], [ 480697.0, 390419.0 ], [ 480500.0, 391525.0 ], [ 479568.0, 391886.0 ], [ 478680.0, 392844.0 ], [ 478485.0, 394418.0 ], [ 479215.0, 394761.0 ], [ 479831.0, 396039.0 ], [ 475161.0, 397174.0 ], [ 474874.0, 396669.0 ], [ 472054.0, 396494.0 ], [ 471780.0, 397070.0 ], [ 473013.0, 398228.0 ], [ 470701.0, 401172.0 ], [ 470835.0, 402057.0 ], [ 469725.0, 402397.0 ], [ 470114.0, 404292.0 ] ] ] } },
{ "type": "Feature", "properties": { "short_name": "Greater London", "official_name": "Greater London Authority", "tier": "Established Mayoral", "mayor_in_post": true, "mayor": "Sadiq Khan", "mayor_status": "In post", "party": "Labour", "next_election": "May 2028", "date_established": "03/07/2000", "date_established_iso": "2000-07-03", "tier_change_date": "No change since establishment", "tier_change_date_iso": "No change since establishment", "instrument": "Greater London Authority Act 1999", "status_source": "NAO HC 263", "area_km2": 1588.0 }, "geometry": { "type": "Polygon", "coordinates": [ [ [ 505243.0, 179316.0 ], [ 504440.0, 183242.0 ], [ 505702.0, 185438.0 ], [ 504037.0, 189210.0 ], [ 504248.0, 192172.0 ], [ 503968.0, 193473.0 ], [ 504502.0, 193516.0 ], [ 506882.0, 191539.0 ], [ 508055.0, 192401.0 ], [ 510926.0, 191727.0 ], [ 515199.0, 193737.0 ], [ 516579.0, 194867.0 ], [ 518054.0, 194343.0 ], [ 520263.0, 195431.0 ], [ 520682.0, 195213.0 ], [ 521111.0, 196700.0 ], [ 523850.0, 197462.0 ], [ 523810.0, 197978.0 ], [ 524340.0, 198344.0 ], [ 525114.0, 197766.0 ], [ 525840.0, 198245.0 ], [ 527028.0, 199732.0 ], [ 527045.0, 200413.0 ], [ 528028.0, 200154.0 ], [ 531024.0, 200933.0 ], [ 532545.0, 200759.0 ], [ 534065.0, 200031.0 ], [ 537603.0, 199884.0 ], [ 537681.0, 196151.0 ], [ 538639.0, 195559.0 ], [ 540061.0, 195527.0 ], [ 540158.0, 194077.0 ], [ 541330.0, 192834.0 ], [ 542276.0, 193048.0 ], [ 541994.0, 192503.0 ], [ 543565.0, 191602.0 ], [ 544754.0, 191664.0 ], [ 544962.0, 192600.0 ], [ 546900.0, 192918.0 ], [ 547943.0, 193796.0 ], [ 550258.0, 193655.0 ], [ 551037.0, 194131.0 ], [ 552629.0, 194119.0 ], [ 554025.0, 194889.0 ], [ 556906.0, 192371.0 ], [ 556375.0, 191671.0 ], [ 557305.0, 191410.0 ], [ 557488.0, 190141.0 ], [ 558828.0, 187620.0 ], [ 560412.0, 187750.0 ], [ 560591.0, 186938.0 ], [ 561941.0, 185203.0 ], [ 557332.0, 183933.0 ], [ 557157.0, 182312.0 ], [ 556474.0, 182293.0 ], [ 556051.0, 183151.0 ], [ 555463.0, 182186.0 ], [ 555681.0, 181164.0 ], [ 554696.0, 180962.0 ], [ 554880.0, 180183.0 ], [ 553834.0, 179797.0 ], [ 553500.0, 179071.0 ], [ 552585.0, 178863.0 ], [ 551985.0, 178815.0 ], [ 550982.0, 181017.0 ], [ 548155.0, 182154.0 ], [ 545221.0, 181605.0 ], [ 543681.0, 179822.0 ], [ 540572.0, 179658.0 ], [ 539062.0, 180614.0 ], [ 540278.0, 179246.0 ], [ 543311.0, 179303.0 ], [ 544611.0, 179799.0 ], [ 545278.0, 180972.0 ], [ 547802.0, 181522.0 ], [ 550478.0, 180492.0 ], [ 550990.0, 178761.0 ], [ 551713.0, 178056.0 ], [ 554089.0, 178053.0 ], [ 553511.0, 177033.0 ], [ 553637.0, 176048.0 ], [ 553186.0, 175122.0 ], [ 551039.0, 173693.0 ], [ 550558.0, 172175.0 ], [ 549829.0, 172025.0 ], [ 549617.0, 170403.0 ], [ 550541.0, 168158.0 ], [ 549625.0, 167791.0 ], [ 549897.0, 165601.0 ], [ 549302.0, 163474.0 ], [ 548929.0, 162733.0 ], [ 547632.0, 162657.0 ], [ 547899.0, 161530.0 ], [ 547648.0, 161081.0 ], [ 546752.0, 160782.0 ], [ 545458.0, 159555.0 ], [ 545367.0, 158203.0 ], [ 545891.0, 157376.0 ], [ 545237.0, 156802.0 ], [ 543642.0, 156482.0 ], [ 543089.0, 156958.0 ], [ 542503.0, 156819.0 ], [ 542494.0, 157770.0 ], [ 541844.0, 158376.0 ], [ 540596.0, 156667.0 ], [ 539612.0, 160676.0 ], [ 538843.0, 161270.0 ], [ 538436.0, 160840.0 ], [ 537850.0, 161746.0 ], [ 536832.0, 161754.0 ], [ 535924.0, 160995.0 ], [ 535882.0, 159952.0 ], [ 535009.0, 159505.0 ], [ 534050.0, 159598.0 ], [ 533165.0, 157547.0 ], [ 530898.0, 155851.0 ], [ 530187.0, 157073.0 ], [ 528694.0, 157410.0 ], [ 528346.0, 159768.0 ], [ 526359.0, 161741.0 ], [ 525632.0, 161956.0 ], [ 524381.0, 160481.0 ], [ 523409.0, 161198.0 ], [ 524220.0, 162235.0 ], [ 523534.0, 164107.0 ], [ 522240.0, 164548.0 ], [ 522066.0, 166004.0 ], [ 521130.0, 165853.0 ], [ 519539.0, 164280.0 ], [ 518090.0, 160917.0 ], [ 516573.0, 159923.0 ], [ 516363.0, 162360.0 ], [ 517050.0, 163565.0 ], [ 517261.0, 165130.0 ], [ 517868.0, 165761.0 ], [ 517251.0, 167248.0 ], [ 516457.0, 167183.0 ], [ 514226.0, 169368.0 ], [ 512810.0, 168891.0 ], [ 512126.0, 169153.0 ], [ 512276.0, 169962.0 ], [ 511946.0, 170483.0 ], [ 510971.0, 170480.0 ], [ 509957.0, 171516.0 ], [ 509275.0, 171147.0 ], [ 508549.0, 171333.0 ], [ 507955.0, 172228.0 ], [ 507381.0, 172155.0 ], [ 507085.0, 174216.0 ], [ 503575.0, 175334.0 ], [ 505243.0, 179316.0 ] ] ] } },
{ "type": "Feature", "properties": { "short_name": "Greater Manchester", "official_name": "Greater Manchester Combined Authority", "tier": "Established Mayoral", "mayor_in_post": true, "mayor": "Bev Craig", "mayor_status": "In post", "party": "Labour Co-op", "next_election": "May 2028", "date_established": "01/04/2011", "date_established_iso": "2011-04-01", "tier_change_date": "No change since establishment", "tier_change_date_iso": "No change since establishment", "instrument": "SI 2011/908", "status_source": "NAO HC 263", "area_km2": 1281.0 }, "geometry": { "type": "Polygon", "coordinates": [ [ [ 352481.0, 403655.0 ], [ 352478.0, 405452.0 ], [ 353392.0, 407236.0 ], [ 352474.0, 409074.0 ], [ 353115.0, 410118.0 ], [ 354169.0, 410812.0 ], [ 354485.0, 412190.0 ], [ 356345.0, 412070.0 ], [ 358109.0, 412599.0 ], [ 358856.0, 410993.0 ], [ 359390.0, 411981.0 ], [ 360670.0, 412859.0 ], [ 362254.0, 411081.0 ], [ 366281.0, 414615.0 ], [ 368418.0, 413492.0 ], [ 369442.0, 414074.0 ], [ 369859.0, 413935.0 ], [ 370411.0, 415107.0 ], [ 370351.0, 416247.0 ], [ 371095.0, 416703.0 ], [ 371919.0, 415470.0 ], [ 371978.0, 414444.0 ], [ 373462.0, 414354.0 ], [ 373789.0, 415147.0 ], [ 375058.0, 414998.0 ], [ 375715.0, 415438.0 ], [ 375470.0, 416231.0 ], [ 376121.0, 417751.0 ], [ 375569.0, 419018.0 ], [ 376602.0, 418726.0 ], [ 376748.0, 418059.0 ], [ 378082.0, 417685.0 ], [ 379187.0, 417705.0 ], [ 380344.0, 418952.0 ], [ 380679.0, 417981.0 ], [ 380586.0, 416013.0 ], [ 381450.0, 413923.0 ], [ 382625.0, 413221.0 ], [ 382949.0, 413711.0 ], [ 382258.0, 416658.0 ], [ 383850.0, 418586.0 ], [ 385178.0, 419388.0 ], [ 385712.0, 419187.0 ], [ 386678.0, 417492.0 ], [ 388040.0, 416875.0 ], [ 388221.0, 415929.0 ], [ 389302.0, 416079.0 ], [ 389268.0, 417607.0 ], [ 390313.0, 420625.0 ], [ 390739.0, 420460.0 ], [ 391239.0, 421037.0 ], [ 392259.0, 419455.0 ], [ 393972.0, 419336.0 ], [ 394490.0, 419561.0 ], [ 394604.0, 420180.0 ], [ 396713.0, 420803.0 ], [ 396505.0, 419618.0 ], [ 397646.0, 418427.0 ], [ 397368.0, 416097.0 ], [ 398114.0, 415515.0 ], [ 398482.0, 413407.0 ], [ 399471.0, 413357.0 ], [ 401516.0, 410048.0 ], [ 403644.0, 408326.0 ], [ 403929.0, 407202.0 ], [ 405058.0, 406263.0 ], [ 405869.0, 406114.0 ], [ 406087.0, 404640.0 ], [ 405241.0, 403711.0 ], [ 405033.0, 402659.0 ], [ 405616.0, 401981.0 ], [ 405272.0, 401476.0 ], [ 403325.0, 400834.0 ], [ 402447.0, 401296.0 ], [ 401999.0, 400862.0 ], [ 401780.0, 399023.0 ], [ 400891.0, 398169.0 ], [ 400876.0, 397060.0 ], [ 401385.0, 396272.0 ], [ 400931.0, 395958.0 ], [ 401056.0, 395443.0 ], [ 399683.0, 393903.0 ], [ 399817.0, 393236.0 ], [ 399126.0, 393596.0 ], [ 398356.0, 392774.0 ], [ 399183.0, 391127.0 ], [ 400607.0, 390930.0 ], [ 399788.0, 387719.0 ], [ 398189.0, 385982.0 ], [ 397359.0, 386168.0 ], [ 396466.0, 385569.0 ], [ 395768.0, 384539.0 ], [ 394523.0, 384743.0 ], [ 393746.0, 385468.0 ], [ 391899.0, 385014.0 ], [ 390912.0, 385441.0 ], [ 390899.0, 384453.0 ], [ 390070.0, 383510.0 ], [ 390503.0, 382894.0 ], [ 389938.0, 381302.0 ], [ 389397.0, 381166.0 ], [ 388131.0, 381498.0 ], [ 387169.0, 382432.0 ], [ 387945.0, 383091.0 ], [ 387269.0, 384147.0 ], [ 385291.0, 384781.0 ], [ 383069.0, 384900.0 ], [ 382318.0, 383775.0 ], [ 380034.0, 382621.0 ], [ 380202.0, 383541.0 ], [ 377893.0, 385465.0 ], [ 376501.0, 385744.0 ], [ 375511.0, 385263.0 ], [ 373440.0, 386558.0 ], [ 372812.0, 387502.0 ], [ 370232.0, 388743.0 ], [ 368666.0, 388533.0 ], [ 368282.0, 388926.0 ], [ 369374.0, 389768.0 ], [ 370254.0, 391856.0 ], [ 369418.0, 393380.0 ], [ 368337.0, 394177.0 ], [ 368460.0, 394718.0 ], [ 367416.0, 396601.0 ], [ 367379.0, 398195.0 ], [ 363558.0, 396950.0 ], [ 363642.0, 396221.0 ], [ 362283.0, 395886.0 ], [ 361791.0, 394519.0 ], [ 361165.0, 395516.0 ], [ 359235.0, 396517.0 ], [ 359644.0, 397408.0 ], [ 359399.0, 398418.0 ], [ 357256.0, 398363.0 ], [ 355878.0, 400489.0 ], [ 353740.0, 400819.0 ], [ 352993.0, 402101.0 ], [ 352147.0, 401722.0 ], [ 351663.0, 402905.0 ], [ 352481.0, 403655.0 ] ] ] } },
{ "type": "Feature", "properties": { "short_name": "Hampshire & the Solent", "official_name": "Hampshire and the Solent Combined County Authority", "tier": "Mayoral", "mayor_in_post": false, "mayor": "First election not yet held (May 2028)", "mayor_status": "Office vacant, first election not yet held", "party": "Not applicable", "next_election": "May 2028", "date_established": "04/06/2026", "date_established_iso": "2026-06-04", "tier_change_date": "No change since establishment", "tier_change_date_iso": "No change since establishment", "instrument": "SI 2026/595", "status_source": "SI 2026/595; inaugural election May 2028", "area_km2": 4206.0 }, "geometry": { "type": "MultiPolygon", "coordinates": [ [ [ [ 403736.0, 120497.0 ], [ 405157.0, 122037.0 ], [ 408058.0, 122278.0 ], [ 408903.0, 123002.0 ], [ 409139.0, 120961.0 ], [ 410420.0, 122856.0 ], [ 411615.0, 123351.0 ], [ 412974.0, 120906.0 ], [ 413600.0, 121423.0 ], [ 414111.0, 121352.0 ], [ 417485.0, 119872.0 ], [ 419780.0, 119746.0 ], [ 421920.0, 117293.0 ], [ 423812.0, 116287.0 ], [ 424949.0, 116744.0 ], [ 425733.0, 117821.0 ], [ 426639.0, 117478.0 ], [ 427860.0, 119942.0 ], [ 426796.0, 120469.0 ], [ 426144.0, 122255.0 ], [ 427521.0, 123454.0 ], [ 428289.0, 123267.0 ], [ 427777.0, 124288.0 ], [ 428143.0, 124973.0 ], [ 426679.0, 126021.0 ], [ 425874.0, 126000.0 ], [ 426165.0, 131052.0 ], [ 425496.0, 132600.0 ], [ 426212.0, 133807.0 ], [ 425932.0, 134716.0 ], [ 426218.0, 135431.0 ], [ 425228.0, 136296.0 ], [ 423681.0, 136489.0 ], [ 424285.0, 139690.0 ], [ 422998.0, 142197.0 ], [ 423199.0, 143463.0 ], [ 421470.0, 145007.0 ], [ 421763.0, 146220.0 ], [ 424295.0, 146865.0 ], [ 425654.0, 146590.0 ], [ 426669.0, 149185.0 ], [ 427257.0, 149387.0 ], [ 427494.0, 150473.0 ], [ 429571.0, 150803.0 ], [ 431843.0, 149673.0 ], [ 432452.0, 150029.0 ], [ 432882.0, 151347.0 ], [ 432158.0, 151398.0 ], [ 432404.0, 153218.0 ], [ 431999.0, 153667.0 ], [ 432558.0, 154320.0 ], [ 433327.0, 154363.0 ], [ 433423.0, 155227.0 ], [ 433001.0, 155738.0 ], [ 433051.0, 157065.0 ], [ 432604.0, 157561.0 ], [ 433009.0, 160037.0 ], [ 433791.0, 160141.0 ], [ 435244.0, 159001.0 ], [ 439613.0, 159810.0 ], [ 439540.0, 160392.0 ], [ 438753.0, 161151.0 ], [ 438805.0, 161908.0 ], [ 439880.0, 162123.0 ], [ 440773.0, 163809.0 ], [ 445357.0, 163337.0 ], [ 447525.0, 163986.0 ], [ 450609.0, 163406.0 ], [ 452222.0, 163930.0 ], [ 452922.0, 163356.0 ], [ 454212.0, 163697.0 ], [ 454496.0, 163305.0 ], [ 455644.0, 163316.0 ], [ 457372.0, 162408.0 ], [ 457911.0, 162733.0 ], [ 460076.0, 162366.0 ], [ 461604.0, 162760.0 ], [ 461664.0, 164277.0 ], [ 463658.0, 165381.0 ], [ 466379.0, 162565.0 ], [ 470401.0, 163168.0 ], [ 471657.0, 162823.0 ], [ 474168.0, 163565.0 ], [ 475397.0, 163428.0 ], [ 475617.0, 162992.0 ], [ 478291.0, 162095.0 ], [ 481701.0, 162183.0 ], [ 482681.0, 161403.0 ], [ 482721.0, 160936.0 ], [ 484755.0, 160605.0 ], [ 486056.0, 159257.0 ], [ 486360.0, 158353.0 ], [ 487630.0, 157435.0 ], [ 488683.0, 153084.0 ], [ 488470.0, 152001.0 ], [ 488752.0, 151500.0 ], [ 488122.0, 149010.0 ], [ 487359.0, 148722.0 ], [ 485985.0, 149304.0 ], [ 485502.0, 149910.0 ], [ 483745.0, 149555.0 ], [ 483354.0, 149995.0 ], [ 481961.0, 148907.0 ], [ 481868.0, 148014.0 ], [ 480547.0, 146341.0 ], [ 482194.0, 143100.0 ], [ 481694.0, 139441.0 ], [ 482643.0, 139321.0 ], [ 483638.0, 140246.0 ], [ 484135.0, 139938.0 ], [ 486263.0, 136042.0 ], [ 487909.0, 135514.0 ], [ 487979.0, 134873.0 ], [ 487017.0, 134495.0 ], [ 487290.0, 132512.0 ], [ 485518.0, 131804.0 ], [ 484324.0, 130040.0 ], [ 482795.0, 129702.0 ], [ 482091.0, 130011.0 ], [ 481970.0, 130555.0 ], [ 481187.0, 130370.0 ], [ 480693.0, 129534.0 ], [ 480516.0, 127903.0 ], [ 477454.0, 125297.0 ], [ 477743.0, 123174.0 ], [ 476759.0, 122226.0 ], [ 476090.0, 120495.0 ], [ 476241.0, 119582.0 ], [ 475307.0, 118212.0 ], [ 475498.0, 117559.0 ], [ 475136.0, 116782.0 ], [ 474737.0, 116543.0 ], [ 475721.0, 114412.0 ], [ 474637.0, 113771.0 ], [ 473528.0, 110629.0 ], [ 475647.0, 107726.0 ], [ 475117.0, 106160.0 ], [ 475277.0, 105422.0 ], [ 473395.0, 104934.0 ], [ 472304.0, 105247.0 ], [ 471900.0, 104743.0 ], [ 472098.0, 104263.0 ], [ 473077.0, 104279.0 ], [ 473867.0, 103708.0 ], [ 473641.0, 101531.0 ], [ 472966.0, 101105.0 ], [ 473896.0, 100691.0 ], [ 473452.0, 99596.0 ], [ 474062.0, 98889.0 ], [ 475044.0, 99117.0 ], [ 474884.0, 98006.0 ], [ 469166.0, 98910.0 ], [ 468727.0, 99565.0 ], [ 468026.0, 98903.0 ], [ 464311.0, 97966.0 ], [ 462860.0, 99354.0 ], [ 460555.0, 97474.0 ], [ 459215.0, 98647.0 ], [ 457137.0, 99280.0 ], [ 455442.0, 101400.0 ], [ 449227.0, 104486.0 ], [ 448797.0, 105083.0 ], [ 449012.0, 105941.0 ], [ 448428.0, 105729.0 ], [ 447662.0, 106157.0 ], [ 443314.0, 110605.0 ], [ 442632.0, 109466.0 ], [ 442021.0, 110844.0 ], [ 439327.0, 112190.0 ], [ 439047.0, 111610.0 ], [ 440757.0, 110776.0 ], [ 442546.0, 107984.0 ], [ 444392.0, 106257.0 ], [ 446413.0, 105186.0 ], [ 446953.0, 104426.0 ], [ 446578.0, 103913.0 ], [ 446754.0, 103393.0 ], [ 447745.0, 103344.0 ], [ 448108.0, 102639.0 ], [ 448918.0, 102501.0 ], [ 448877.0, 102081.0 ], [ 447466.0, 100593.0 ], [ 446405.0, 98650.0 ], [ 442918.0, 98636.0 ], [ 442165.0, 98150.0 ], [ 442502.0, 97700.0 ], [ 443996.0, 98138.0 ], [ 441060.0, 96484.0 ], [ 435258.0, 95059.0 ], [ 433436.0, 95290.0 ], [ 433544.0, 93988.0 ], [ 432562.0, 92309.0 ], [ 431742.0, 92145.0 ], [ 431466.0, 91500.0 ], [ 430113.0, 90842.0 ], [ 431013.0, 89988.0 ], [ 431537.0, 90153.0 ], [ 431523.0, 90625.0 ], [ 432016.0, 89863.0 ], [ 431497.0, 89704.0 ], [ 430834.0, 89995.0 ], [ 429503.0, 91110.0 ], [ 428734.0, 91404.0 ], [ 425020.0, 92675.0 ], [ 421792.0, 93129.0 ], [ 422467.0, 94143.0 ], [ 422415.0, 94722.0 ], [ 419983.0, 94766.0 ], [ 418146.0, 94239.0 ], [ 418484.0, 96093.0 ], [ 417781.0, 97747.0 ], [ 415224.0, 96153.0 ], [ 414994.0, 97725.0 ], [ 413772.0, 99181.0 ], [ 413860.0, 100316.0 ], [ 413338.0, 100795.0 ], [ 413875.0, 101506.0 ], [ 413926.0, 103407.0 ], [ 414628.0, 104010.0 ], [ 413941.0, 105014.0 ], [ 414145.0, 105416.0 ], [ 413649.0, 107110.0 ], [ 412096.0, 106216.0 ], [ 410587.0, 106591.0 ], [ 410405.0, 107123.0 ], [ 410962.0, 108715.0 ], [ 411055.0, 109724.0 ], [ 410748.0, 110057.0 ], [ 411353.0, 110945.0 ], [ 412345.0, 110809.0 ], [ 412940.0, 111558.0 ], [ 412722.0, 112532.0 ], [ 413204.0, 114076.0 ], [ 411243.0, 114668.0 ], [ 408978.0, 113094.0 ], [ 406476.0, 116215.0 ], [ 405628.0, 118012.0 ], [ 403223.0, 119875.0 ], [ 403127.0, 121160.0 ], [ 403736.0, 120497.0 ] ] ], [ [ [ 469893.0, 103435.0 ], [ 470000.0, 102955.0 ], [ 469717.0, 103303.0 ], [ 469326.0, 103613.0 ], [ 469893.0, 103435.0 ] ] ], [ [ [ 429154.0, 84862.0 ], [ 429158.0, 84863.0 ], [ 429125.0, 84846.0 ], [ 429154.0, 84862.0 ] ] ], [ [ [ 430456.0, 85158.0 ], [ 430511.0, 86073.0 ], [ 431989.0, 86595.0 ], [ 432949.0, 88196.0 ], [ 432961.0, 89114.0 ], [ 433848.0, 89837.0 ], [ 437516.0, 90150.0 ], [ 440375.0, 91976.0 ], [ 441626.0, 91844.0 ], [ 445640.0, 93432.0 ], [ 446476.0, 94989.0 ], [ 448480.0, 96636.0 ], [ 449411.0, 96589.0 ], [ 449990.0, 95805.0 ], [ 450042.0, 96357.0 ], [ 451495.0, 96455.0 ], [ 453708.0, 94120.0 ], [ 455723.0, 93129.0 ], [ 459411.0, 92972.0 ], [ 462950.0, 91698.0 ], [ 463805.0, 89991.0 ], [ 463830.0, 88900.0 ], [ 464910.0, 88710.0 ], [ 465810.0, 87847.0 ], [ 464063.0, 86197.0 ], [ 463849.0, 85451.0 ], [ 461351.0, 85055.0 ], [ 459532.0, 83753.0 ], [ 458511.0, 80922.0 ], [ 458462.0, 78900.0 ], [ 457769.0, 77821.0 ], [ 453262.0, 75976.0 ], [ 450021.0, 75257.0 ], [ 449092.0, 75537.0 ], [ 448353.0, 76864.0 ], [ 443306.0, 80955.0 ], [ 439178.0, 82791.0 ], [ 436481.0, 85381.0 ], [ 434677.0, 85702.0 ], [ 429908.0, 84593.0 ], [ 429323.0, 84908.0 ], [ 430456.0, 85158.0 ] ] ], [ [ [ 465546.0, 94964.0 ], [ 465575.0, 94947.0 ], [ 465558.0, 94918.0 ], [ 465546.0, 94964.0 ] ] ], [ [ [ 464816.0, 89882.0 ], [ 464804.0, 89870.0 ], [ 464803.0, 89874.0 ], [ 464816.0, 89882.0 ] ] ], [ [ [ 463955.0, 93808.0 ], [ 463996.0, 93784.0 ], [ 463970.0, 93743.0 ], [ 463955.0, 93808.0 ] ] ], [ [ [ 463629.0, 97181.0 ], [ 463658.0, 97167.0 ], [ 463642.0, 97139.0 ], [ 463629.0, 97181.0 ] ] ] ] } },
{ "type": "Feature", "properties": { "short_name": "Hull & East Yorkshire", "official_name": "Hull and East Yorkshire Combined Authority", "tier": "Mayoral", "mayor_in_post": true, "mayor": "Luke Campbell", "mayor_status": "In post", "party": "Reform UK", "next_election": "May 2029", "date_established": "05/02/2025", "date_established_iso": "2025-02-05", "tier_change_date": "No change since establishment", "tier_change_date_iso": "No change since establishment", "instrument": "SI 2025/113", "status_source": "NAO HC 263", "area_km2": 2494.0 }, "geometry": { "type": "Polygon", "coordinates": [ [ [ 460609.0, 421290.0 ], [ 461166.0, 423458.0 ], [ 462047.0, 423753.0 ], [ 462614.0, 422812.0 ], [ 463552.0, 422466.0 ], [ 464661.0, 422823.0 ], [ 465704.0, 422570.0 ], [ 466058.0, 422933.0 ], [ 467198.0, 422820.0 ], [ 467280.0, 423543.0 ], [ 467778.0, 423764.0 ], [ 468224.0, 423837.0 ], [ 468179.0, 423278.0 ], [ 468523.0, 423185.0 ], [ 468909.0, 424757.0 ], [ 469771.0, 424511.0 ], [ 471130.0, 425207.0 ], [ 472451.0, 425192.0 ], [ 471969.0, 426849.0 ], [ 470298.0, 426758.0 ], [ 468630.0, 427202.0 ], [ 468503.0, 428330.0 ], [ 467801.0, 428689.0 ], [ 469236.0, 429116.0 ], [ 470734.0, 430418.0 ], [ 470171.0, 431969.0 ], [ 470675.0, 433878.0 ], [ 470275.0, 434475.0 ], [ 471041.0, 435915.0 ], [ 469835.0, 436879.0 ], [ 469379.0, 439113.0 ], [ 469641.0, 440391.0 ], [ 469276.0, 441165.0 ], [ 469862.0, 441811.0 ], [ 469745.0, 442507.0 ], [ 470862.0, 443062.0 ], [ 470870.0, 444162.0 ], [ 469133.0, 444694.0 ], [ 469730.0, 445251.0 ], [ 470266.0, 447329.0 ], [ 470890.0, 447887.0 ], [ 470431.0, 448739.0 ], [ 470471.0, 451260.0 ], [ 470872.0, 452139.0 ], [ 470020.0, 453035.0 ], [ 470560.0, 455585.0 ], [ 472599.0, 456511.0 ], [ 473586.0, 458488.0 ], [ 474856.0, 458449.0 ], [ 475890.0, 459027.0 ], [ 478505.0, 459324.0 ], [ 478969.0, 458874.0 ], [ 483007.0, 460102.0 ], [ 483365.0, 458196.0 ], [ 484586.0, 458006.0 ], [ 485005.0, 457471.0 ], [ 486339.0, 457774.0 ], [ 486669.0, 458807.0 ], [ 486019.0, 459462.0 ], [ 486083.0, 460179.0 ], [ 486645.0, 460946.0 ], [ 487882.0, 461040.0 ], [ 488771.0, 462900.0 ], [ 487782.0, 463845.0 ], [ 490686.0, 464721.0 ], [ 492265.0, 466599.0 ], [ 493805.0, 466985.0 ], [ 494072.0, 467407.0 ], [ 496745.0, 466598.0 ], [ 500264.0, 468995.0 ], [ 500231.0, 469457.0 ], [ 501110.0, 470146.0 ], [ 500835.0, 471109.0 ], [ 502825.0, 472493.0 ], [ 502399.0, 475384.0 ], [ 502969.0, 475637.0 ], [ 503348.0, 476517.0 ], [ 503995.0, 476728.0 ], [ 505136.0, 476831.0 ], [ 505662.0, 476330.0 ], [ 506412.0, 474353.0 ], [ 508105.0, 473670.0 ], [ 509572.0, 474015.0 ], [ 510895.0, 472507.0 ], [ 513414.0, 473023.0 ], [ 515688.0, 472435.0 ], [ 516271.0, 472798.0 ], [ 516820.0, 475004.0 ], [ 519564.0, 474341.0 ], [ 525371.0, 471325.0 ], [ 525855.0, 470457.0 ], [ 525493.0, 470031.0 ], [ 524019.0, 469240.0 ], [ 521665.0, 469192.0 ], [ 520105.0, 468630.0 ], [ 518751.0, 466372.0 ], [ 517968.0, 466152.0 ], [ 517082.0, 463436.0 ], [ 517202.0, 458351.0 ], [ 521227.0, 446778.0 ], [ 523039.0, 443393.0 ], [ 540221.0, 420075.0 ], [ 541754.0, 416067.0 ], [ 542203.0, 413890.0 ], [ 541993.0, 413199.0 ], [ 541481.0, 412404.0 ], [ 539820.0, 410460.0 ], [ 539581.0, 410677.0 ], [ 541715.0, 412908.0 ], [ 542112.0, 414128.0 ], [ 541596.0, 415218.0 ], [ 539318.0, 417131.0 ], [ 537079.0, 418249.0 ], [ 534538.0, 418887.0 ], [ 528779.0, 416477.0 ], [ 525491.0, 417093.0 ], [ 523067.0, 419161.0 ], [ 520019.0, 422676.0 ], [ 517109.0, 425020.0 ], [ 515876.0, 427739.0 ], [ 513079.0, 428664.0 ], [ 510080.0, 428167.0 ], [ 506782.0, 426570.0 ], [ 502562.0, 425278.0 ], [ 500824.0, 425618.0 ], [ 496299.0, 424542.0 ], [ 495371.0, 424737.0 ], [ 493433.0, 426468.0 ], [ 492339.0, 426852.0 ], [ 491357.0, 426964.0 ], [ 487821.0, 425894.0 ], [ 486744.0, 424289.0 ], [ 485550.0, 423713.0 ], [ 486028.0, 423141.0 ], [ 485807.0, 420894.0 ], [ 484577.0, 420986.0 ], [ 484445.0, 420450.0 ], [ 483033.0, 420017.0 ], [ 482291.0, 419523.0 ], [ 482482.0, 419188.0 ], [ 481090.0, 418442.0 ], [ 481210.0, 419194.0 ], [ 480135.0, 418752.0 ], [ 479039.0, 417310.0 ], [ 477541.0, 416855.0 ], [ 476257.0, 415782.0 ], [ 469789.0, 418550.0 ], [ 466629.0, 418672.0 ], [ 463730.0, 417984.0 ], [ 461480.0, 418333.0 ], [ 460519.0, 418820.0 ], [ 460147.0, 419494.0 ], [ 459324.0, 419602.0 ], [ 460609.0, 421290.0 ] ] ] } },
{ "type": "Feature", "properties": { "short_name": "Lancashire", "official_name": "Lancashire Combined County Authority", "tier": "Foundation", "mayor_in_post": false, "mayor": "No mayoral office (Foundation tier)", "mayor_status": "No mayoral office at Foundation tier", "party": "Not applicable", "next_election": "None scheduled", "date_established": "05/02/2025", "date_established_iso": "2025-02-05", "tier_change_date": "2026 Act (Foundation SA)", "tier_change_date_iso": "2026 Act (Foundation SA)", "instrument": "SI 2025/118", "status_source": "NAO HC 263", "area_km2": 3093.0 }, "geometry": { "type": "Polygon", "coordinates": [ [ [ 331199.0, 442680.0 ], [ 331233.0, 447731.0 ], [ 332356.0, 448314.0 ], [ 334034.0, 448460.0 ], [ 334063.0, 445062.0 ], [ 334802.0, 443719.0 ], [ 336030.0, 443130.0 ], [ 334865.0, 445014.0 ], [ 334658.0, 448787.0 ], [ 339600.0, 450985.0 ], [ 340048.0, 450988.0 ], [ 340522.0, 449813.0 ], [ 341475.0, 449873.0 ], [ 341399.0, 450417.0 ], [ 342435.0, 450590.0 ], [ 343796.0, 452291.0 ], [ 342784.0, 453174.0 ], [ 342447.0, 454030.0 ], [ 343058.0, 454526.0 ], [ 343065.0, 455433.0 ], [ 344236.0, 456389.0 ], [ 344976.0, 456080.0 ], [ 345579.0, 456349.0 ], [ 345341.0, 457218.0 ], [ 343241.0, 456844.0 ], [ 342677.0, 456412.0 ], [ 342330.0, 455181.0 ], [ 341071.0, 455014.0 ], [ 340657.0, 457158.0 ], [ 340908.0, 458649.0 ], [ 339547.0, 459876.0 ], [ 340734.0, 460815.0 ], [ 340791.0, 461745.0 ], [ 341360.0, 461858.0 ], [ 342041.0, 463588.0 ], [ 342666.0, 464035.0 ], [ 342599.0, 464653.0 ], [ 343265.0, 464477.0 ], [ 345151.0, 465185.0 ], [ 345999.0, 466017.0 ], [ 346023.0, 467439.0 ], [ 347730.0, 469158.0 ], [ 347693.0, 469654.0 ], [ 346458.0, 469991.0 ], [ 345072.0, 473178.0 ], [ 343740.0, 473640.0 ], [ 343815.0, 474873.0 ], [ 343344.0, 476004.0 ], [ 345468.0, 475731.0 ], [ 346838.0, 476551.0 ], [ 346830.0, 477422.0 ], [ 347956.0, 478291.0 ], [ 349996.0, 476998.0 ], [ 351203.0, 477279.0 ], [ 352170.0, 476730.0 ], [ 352136.0, 475035.0 ], [ 355735.0, 474206.0 ], [ 356332.0, 475851.0 ], [ 357828.0, 477028.0 ], [ 358351.0, 478665.0 ], [ 359359.0, 477943.0 ], [ 360514.0, 477810.0 ], [ 363722.0, 478249.0 ], [ 366184.0, 480203.0 ], [ 367522.0, 480555.0 ], [ 370145.0, 482748.0 ], [ 370054.0, 481324.0 ], [ 368789.0, 478612.0 ], [ 365576.0, 474939.0 ], [ 365272.0, 473735.0 ], [ 363562.0, 473107.0 ], [ 363333.0, 469838.0 ], [ 364488.0, 469165.0 ], [ 365011.0, 467722.0 ], [ 365826.0, 467486.0 ], [ 365797.0, 466751.0 ], [ 366774.0, 466733.0 ], [ 366967.0, 466302.0 ], [ 367879.0, 466107.0 ], [ 369714.0, 464471.0 ], [ 369727.0, 462891.0 ], [ 369294.0, 461724.0 ], [ 370038.0, 460612.0 ], [ 371128.0, 460789.0 ], [ 372222.0, 460410.0 ], [ 375606.0, 461522.0 ], [ 376391.0, 460581.0 ], [ 376738.0, 458267.0 ], [ 377587.0, 457978.0 ], [ 377844.0, 457098.0 ], [ 377001.0, 457075.0 ], [ 377069.0, 455417.0 ], [ 377745.0, 454988.0 ], [ 379195.0, 455344.0 ], [ 380637.0, 453872.0 ], [ 380801.0, 453238.0 ], [ 384992.0, 453964.0 ], [ 385599.0, 453562.0 ], [ 384941.0, 452867.0 ], [ 385465.0, 451937.0 ], [ 386343.0, 451947.0 ], [ 387239.0, 452628.0 ], [ 388318.0, 450000.0 ], [ 387925.0, 449535.0 ], [ 388068.0, 448910.0 ], [ 388827.0, 449075.0 ], [ 389521.0, 448092.0 ], [ 391050.0, 447997.0 ], [ 391931.0, 447457.0 ], [ 392085.0, 446891.0 ], [ 392669.0, 446592.0 ], [ 393037.0, 445769.0 ], [ 392718.0, 445263.0 ], [ 393339.0, 443874.0 ], [ 394676.0, 442374.0 ], [ 394573.0, 441666.0 ], [ 395161.0, 440714.0 ], [ 397063.0, 439318.0 ], [ 397009.0, 437027.0 ], [ 394522.0, 435814.0 ], [ 391700.0, 433613.0 ], [ 391874.0, 432421.0 ], [ 391123.0, 431527.0 ], [ 391499.0, 430674.0 ], [ 391441.0, 428346.0 ], [ 390772.0, 427719.0 ], [ 390505.0, 426638.0 ], [ 389314.0, 426118.0 ], [ 388698.0, 425251.0 ], [ 389392.0, 422491.0 ], [ 390506.0, 421769.0 ], [ 390280.0, 419790.0 ], [ 389271.0, 417597.0 ], [ 389430.0, 416106.0 ], [ 387840.0, 415760.0 ], [ 387965.0, 416785.0 ], [ 386533.0, 417557.0 ], [ 385747.0, 419116.0 ], [ 385031.0, 419323.0 ], [ 383872.0, 418595.0 ], [ 382319.0, 416732.0 ], [ 383113.0, 413791.0 ], [ 383035.0, 413354.0 ], [ 382117.0, 413140.0 ], [ 381388.0, 413781.0 ], [ 380589.0, 415999.0 ], [ 380416.0, 418856.0 ], [ 379241.0, 417665.0 ], [ 376747.0, 418056.0 ], [ 376542.0, 418701.0 ], [ 375867.0, 418886.0 ], [ 376130.0, 417781.0 ], [ 375489.0, 416250.0 ], [ 375608.0, 415063.0 ], [ 373826.0, 415148.0 ], [ 373561.0, 414303.0 ], [ 371933.0, 414452.0 ], [ 371901.0, 415486.0 ], [ 371051.0, 416593.0 ], [ 370418.0, 416067.0 ], [ 370000.0, 413963.0 ], [ 368403.0, 413492.0 ], [ 366211.0, 414525.0 ], [ 362106.0, 411009.0 ], [ 360776.0, 412785.0 ], [ 359445.0, 412026.0 ], [ 358876.0, 410961.0 ], [ 358108.0, 412553.0 ], [ 354522.0, 412070.0 ], [ 354200.0, 410536.0 ], [ 353707.0, 410639.0 ], [ 352637.0, 409155.0 ], [ 352723.0, 408381.0 ], [ 353453.0, 407566.0 ], [ 352507.0, 405479.0 ], [ 352505.0, 403633.0 ], [ 351603.0, 402807.0 ], [ 349710.0, 402029.0 ], [ 349037.0, 402212.0 ], [ 348095.0, 403975.0 ], [ 345929.0, 402012.0 ], [ 345312.0, 398767.0 ], [ 344063.0, 398932.0 ], [ 343717.0, 399925.0 ], [ 342947.0, 399719.0 ], [ 342400.0, 400048.0 ], [ 342118.0, 400748.0 ], [ 341199.0, 401159.0 ], [ 340919.0, 401971.0 ], [ 341397.0, 403028.0 ], [ 338907.0, 403568.0 ], [ 337290.0, 405695.0 ], [ 336063.0, 406102.0 ], [ 335338.0, 405931.0 ], [ 336252.0, 403345.0 ], [ 336170.0, 402868.0 ], [ 335380.0, 402510.0 ], [ 332742.0, 404762.0 ], [ 331260.0, 405128.0 ], [ 330737.0, 405654.0 ], [ 331273.0, 406652.0 ], [ 331177.0, 408101.0 ], [ 332298.0, 408623.0 ], [ 332456.0, 409181.0 ], [ 332478.0, 410111.0 ], [ 331518.0, 410568.0 ], [ 332064.0, 412321.0 ], [ 334139.0, 414944.0 ], [ 335182.0, 414483.0 ], [ 336100.0, 415383.0 ], [ 337933.0, 418411.0 ], [ 337498.0, 419401.0 ], [ 337729.0, 420537.0 ], [ 337199.0, 421007.0 ], [ 337509.0, 421791.0 ], [ 336964.0, 422762.0 ], [ 337084.0, 423605.0 ], [ 337730.0, 423924.0 ], [ 337512.0, 424591.0 ], [ 338084.0, 425721.0 ], [ 340398.0, 426231.0 ], [ 340689.0, 425964.0 ], [ 342302.0, 426729.0 ], [ 338799.0, 426523.0 ], [ 332907.0, 427506.0 ], [ 331578.0, 428402.0 ], [ 330547.0, 430030.0 ], [ 330207.0, 433745.0 ], [ 331199.0, 442680.0 ] ] ] } },
{ "type": "Feature", "properties": { "short_name": "Liverpool City Region", "official_name": "Liverpool City Region Combined Authority", "tier": "Established Mayoral", "mayor_in_post": true, "mayor": "Steve Rotheram", "mayor_status": "In post", "party": "Labour", "next_election": "May 2028", "date_established": "01/04/2014", "date_established_iso": "2014-04-01", "tier_change_date": "No change since establishment", "tier_change_date_iso": "No change since establishment", "instrument": "SI 2014/865", "status_source": "NAO HC 263", "area_km2": 730.0 }, "geometry": { "type": "MultiPolygon", "coordinates": [ [ [ [ 326936.0, 407473.0 ], [ 327422.0, 409201.0 ], [ 331152.0, 416038.0 ], [ 335001.0, 420985.0 ], [ 335630.0, 421960.0 ], [ 335580.0, 422674.0 ], [ 336963.0, 422762.0 ], [ 337572.0, 421700.0 ], [ 337199.0, 421057.0 ], [ 337716.0, 420727.0 ], [ 337537.0, 419441.0 ], [ 337967.0, 418422.0 ], [ 336100.0, 415383.0 ], [ 335157.0, 414410.0 ], [ 334139.0, 414944.0 ], [ 332041.0, 412277.0 ], [ 331678.0, 410589.0 ], [ 332523.0, 410159.0 ], [ 332374.0, 408595.0 ], [ 331188.0, 408108.0 ], [ 331273.0, 406642.0 ], [ 330867.0, 405611.0 ], [ 332726.0, 404825.0 ], [ 335475.0, 402538.0 ], [ 336251.0, 403374.0 ], [ 335341.0, 405952.0 ], [ 336099.0, 406128.0 ], [ 337289.0, 405716.0 ], [ 338865.0, 403629.0 ], [ 341638.0, 403012.0 ], [ 340951.0, 401991.0 ], [ 341173.0, 401245.0 ], [ 342166.0, 400725.0 ], [ 342633.0, 399876.0 ], [ 343715.0, 399938.0 ], [ 344250.0, 398908.0 ], [ 345305.0, 398871.0 ], [ 345936.0, 402030.0 ], [ 347419.0, 403040.0 ], [ 348231.0, 404147.0 ], [ 349146.0, 402153.0 ], [ 351663.0, 402905.0 ], [ 352168.0, 401903.0 ], [ 353016.0, 402229.0 ], [ 353219.0, 401320.0 ], [ 353795.0, 400869.0 ], [ 355897.0, 400546.0 ], [ 357296.0, 398389.0 ], [ 359473.0, 398441.0 ], [ 359747.0, 397292.0 ], [ 359215.0, 396908.0 ], [ 359271.0, 396482.0 ], [ 360312.0, 396189.0 ], [ 361791.0, 394519.0 ], [ 361217.0, 393828.0 ], [ 360669.0, 394534.0 ], [ 358411.0, 393252.0 ], [ 357687.0, 394326.0 ], [ 355153.0, 395100.0 ], [ 354932.0, 394017.0 ], [ 355673.0, 394014.0 ], [ 355273.0, 393192.0 ], [ 355992.0, 392617.0 ], [ 355427.0, 391889.0 ], [ 355775.0, 391257.0 ], [ 355433.0, 391010.0 ], [ 355116.0, 388076.0 ], [ 353716.0, 387424.0 ], [ 353953.0, 385216.0 ], [ 351679.0, 384459.0 ], [ 351240.0, 383535.0 ], [ 352239.0, 383356.0 ], [ 353539.0, 384649.0 ], [ 355310.0, 384350.0 ], [ 358132.0, 385426.0 ], [ 358142.0, 383564.0 ], [ 359213.0, 383593.0 ], [ 359709.0, 383074.0 ], [ 358884.0, 381723.0 ], [ 360363.0, 381025.0 ], [ 360444.0, 380521.0 ], [ 359518.0, 379633.0 ], [ 359063.0, 380383.0 ], [ 358511.0, 379342.0 ], [ 357356.0, 379339.0 ], [ 357345.0, 378868.0 ], [ 354516.0, 380011.0 ], [ 353400.0, 378991.0 ], [ 351990.0, 379788.0 ], [ 350941.0, 379108.0 ], [ 349969.0, 380021.0 ], [ 349255.0, 381452.0 ], [ 349773.0, 383060.0 ], [ 351011.0, 383494.0 ], [ 350684.0, 383919.0 ], [ 348924.0, 383479.0 ], [ 348207.0, 381447.0 ], [ 347483.0, 380893.0 ], [ 345408.0, 382130.0 ], [ 344389.0, 381447.0 ], [ 343154.0, 381512.0 ], [ 339968.0, 383483.0 ], [ 334586.0, 388191.0 ], [ 333420.0, 391108.0 ], [ 333000.0, 394249.0 ], [ 332207.0, 395873.0 ], [ 331827.0, 395855.0 ], [ 330957.0, 397045.0 ], [ 331050.0, 398012.0 ], [ 329456.0, 401427.0 ], [ 329500.0, 403249.0 ], [ 328754.0, 403506.0 ], [ 328167.0, 404648.0 ], [ 327015.0, 405685.0 ], [ 326936.0, 407473.0 ] ] ], [ [ [ 322282.0, 390140.0 ], [ 326975.0, 392212.0 ], [ 329241.0, 393931.0 ], [ 330996.0, 394516.0 ], [ 332506.0, 391020.0 ], [ 333553.0, 386673.0 ], [ 335012.0, 384937.0 ], [ 336335.0, 382009.0 ], [ 338224.0, 379435.0 ], [ 338019.0, 379195.0 ], [ 337460.0, 379593.0 ], [ 336830.0, 378888.0 ], [ 335584.0, 378692.0 ], [ 333964.0, 379332.0 ], [ 331706.0, 378356.0 ], [ 330186.0, 379781.0 ], [ 329491.0, 379640.0 ], [ 328573.0, 380406.0 ], [ 326067.0, 378278.0 ], [ 325328.0, 380149.0 ], [ 325333.0, 381420.0 ], [ 321154.0, 385944.0 ], [ 320364.0, 387211.0 ], [ 320263.0, 388443.0 ], [ 322282.0, 390140.0 ] ] ], [ [ [ 319916.0, 386795.0 ], [ 319966.0, 386600.0 ], [ 319842.0, 386692.0 ], [ 319916.0, 386795.0 ] ] ], [ [ [ 318712.0, 387691.0 ], [ 319112.0, 387292.0 ], [ 318529.0, 387773.0 ], [ 318352.0, 388229.0 ], [ 318712.0, 387691.0 ] ] ] ] } },
{ "type": "Feature", "properties": { "short_name": "Norfolk & Suffolk", "official_name": "Norfolk and Suffolk Combined County Authority (planned)", "tier": "Planned", "mayor_in_post": false, "mayor": "Authority not yet established (election May 2028)", "mayor_status": "Authority not yet established", "party": "Not applicable", "next_election": "May 2028", "date_established": "Not yet established", "date_established_iso": "Not yet established", "tier_change_date": "Not applicable", "tier_change_date_iso": "Not applicable", "instrument": "not yet made", "status_source": "Mayoral election deferred to May 2028", "area_km2": 9237.0 }, "geometry": { "type": "Polygon", "coordinates": [ [ [ 545822.0, 314465.0 ], [ 546740.0, 317793.0 ], [ 547760.0, 317588.0 ], [ 549759.0, 319596.0 ], [ 553113.0, 321847.0 ], [ 551508.0, 323132.0 ], [ 552994.0, 326663.0 ], [ 554249.0, 327082.0 ], [ 556982.0, 327083.0 ], [ 558949.0, 325856.0 ], [ 559057.0, 326567.0 ], [ 562657.0, 329701.0 ], [ 563201.0, 330589.0 ], [ 564721.0, 331437.0 ], [ 564681.0, 333512.0 ], [ 566325.0, 337413.0 ], [ 567362.0, 341772.0 ], [ 570754.0, 345077.0 ], [ 572161.0, 345206.0 ], [ 572903.0, 344231.0 ], [ 574000.0, 345287.0 ], [ 575935.0, 345009.0 ], [ 579371.0, 345610.0 ], [ 580034.0, 344905.0 ], [ 581061.0, 345849.0 ], [ 580731.0, 346022.0 ], [ 580123.0, 345595.0 ], [ 579833.0, 346569.0 ], [ 578871.0, 346114.0 ], [ 578874.0, 346612.0 ], [ 579883.0, 346805.0 ], [ 588234.0, 345479.0 ], [ 590489.0, 346079.0 ], [ 591611.0, 345560.0 ], [ 591698.0, 345026.0 ], [ 592553.0, 346250.0 ], [ 593090.0, 346249.0 ], [ 593678.0, 345278.0 ], [ 594896.0, 345268.0 ], [ 594844.0, 344811.0 ], [ 595355.0, 344508.0 ], [ 596176.0, 344906.0 ], [ 599174.0, 344516.0 ], [ 599518.0, 344831.0 ], [ 602390.0, 344849.0 ], [ 603225.0, 345306.0 ], [ 601247.0, 346358.0 ], [ 600322.0, 345639.0 ], [ 599227.0, 345861.0 ], [ 598722.0, 345432.0 ], [ 599216.0, 346368.0 ], [ 600045.0, 346668.0 ], [ 601106.0, 346459.0 ], [ 610010.0, 343886.0 ], [ 618552.0, 343211.0 ], [ 621572.0, 342475.0 ], [ 624845.0, 341077.0 ], [ 629241.0, 338365.0 ], [ 641868.0, 328705.0 ], [ 648178.0, 322452.0 ], [ 649929.0, 319922.0 ], [ 653564.0, 309752.0 ], [ 653266.0, 305378.0 ], [ 653343.0, 304930.0 ], [ 653814.0, 304603.0 ], [ 653877.0, 304474.0 ], [ 653472.0, 304539.0 ], [ 653435.0, 304114.0 ], [ 653880.0, 304216.0 ], [ 653017.0, 303384.0 ], [ 653011.0, 302855.0 ], [ 653669.0, 299561.0 ], [ 655604.0, 293684.0 ], [ 653908.0, 290079.0 ], [ 653733.0, 284553.0 ], [ 651539.0, 278749.0 ], [ 650620.0, 274727.0 ], [ 649064.0, 273283.0 ], [ 647991.0, 270714.0 ], [ 647700.0, 260404.0 ], [ 646655.0, 257118.0 ], [ 645339.0, 249123.0 ], [ 638127.0, 244669.0 ], [ 636376.0, 242007.0 ], [ 635599.0, 239612.0 ], [ 632946.0, 237483.0 ], [ 632825.0, 236644.0 ], [ 631722.0, 235098.0 ], [ 629922.0, 233998.0 ], [ 628269.0, 231190.0 ], [ 627981.0, 233021.0 ], [ 625598.0, 235136.0 ], [ 625452.0, 237569.0 ], [ 621791.0, 239128.0 ], [ 620784.0, 239111.0 ], [ 619724.0, 239969.0 ], [ 618882.0, 239973.0 ], [ 617465.0, 241578.0 ], [ 617007.0, 241439.0 ], [ 617020.0, 240991.0 ], [ 618528.0, 239221.0 ], [ 619972.0, 238883.0 ], [ 620590.0, 238008.0 ], [ 624435.0, 237197.0 ], [ 625381.0, 234178.0 ], [ 625124.0, 233679.0 ], [ 624745.0, 233493.0 ], [ 623124.0, 234137.0 ], [ 621341.0, 233160.0 ], [ 619102.0, 233383.0 ], [ 618406.0, 234360.0 ], [ 617372.0, 234589.0 ], [ 615777.0, 233788.0 ], [ 615195.0, 232966.0 ], [ 614365.0, 233225.0 ], [ 613099.0, 232896.0 ], [ 612126.0, 233429.0 ], [ 610639.0, 232206.0 ], [ 609509.0, 233372.0 ], [ 607529.0, 232606.0 ], [ 606130.0, 233727.0 ], [ 604244.0, 233480.0 ], [ 604230.0, 234232.0 ], [ 603467.0, 235076.0 ], [ 602270.0, 234341.0 ], [ 601367.0, 234361.0 ], [ 600923.0, 234875.0 ], [ 598690.0, 234442.0 ], [ 597942.0, 233692.0 ], [ 596804.0, 233858.0 ], [ 595923.0, 232978.0 ], [ 593985.0, 233782.0 ], [ 593267.0, 232874.0 ], [ 591579.0, 233074.0 ], [ 590525.0, 233845.0 ], [ 590528.0, 235062.0 ], [ 589597.0, 235481.0 ], [ 589556.0, 236851.0 ], [ 588863.0, 237060.0 ], [ 588767.0, 237687.0 ], [ 588040.0, 238235.0 ], [ 588099.0, 240515.0 ], [ 586315.0, 240022.0 ], [ 585766.0, 240247.0 ], [ 585892.0, 240874.0 ], [ 585041.0, 241304.0 ], [ 585199.0, 242331.0 ], [ 586240.0, 242563.0 ], [ 585388.0, 244213.0 ], [ 585949.0, 244937.0 ], [ 585247.0, 245766.0 ], [ 584596.0, 245682.0 ], [ 584008.0, 246555.0 ], [ 581800.0, 246071.0 ], [ 580667.0, 246392.0 ], [ 579598.0, 245259.0 ], [ 578718.0, 245649.0 ], [ 578273.0, 245104.0 ], [ 577069.0, 244928.0 ], [ 576368.0, 244310.0 ], [ 575001.0, 244205.0 ], [ 575007.0, 243479.0 ], [ 574389.0, 242979.0 ], [ 572280.0, 243058.0 ], [ 571563.0, 242442.0 ], [ 570692.0, 243265.0 ], [ 570590.0, 244137.0 ], [ 569210.0, 244935.0 ], [ 568274.0, 243925.0 ], [ 567309.0, 244316.0 ], [ 565898.0, 243485.0 ], [ 564927.0, 243519.0 ], [ 564721.0, 244970.0 ], [ 563898.0, 246043.0 ], [ 563963.0, 246846.0 ], [ 563226.0, 247604.0 ], [ 563705.0, 249264.0 ], [ 564151.0, 249822.0 ], [ 564940.0, 249986.0 ], [ 564696.0, 250612.0 ], [ 565040.0, 251192.0 ], [ 565611.0, 251268.0 ], [ 565446.0, 253979.0 ], [ 566759.0, 254081.0 ], [ 567265.0, 255351.0 ], [ 567806.0, 255607.0 ], [ 569108.0, 254756.0 ], [ 569606.0, 255043.0 ], [ 570365.0, 254840.0 ], [ 570206.0, 255308.0 ], [ 571134.0, 259486.0 ], [ 571739.0, 260410.0 ], [ 571799.0, 261742.0 ], [ 570528.0, 262956.0 ], [ 569483.0, 262283.0 ], [ 567794.0, 263770.0 ], [ 566920.0, 263306.0 ], [ 565731.0, 264411.0 ], [ 565046.0, 263857.0 ], [ 565424.0, 262927.0 ], [ 564645.0, 262877.0 ], [ 563657.0, 261865.0 ], [ 562890.0, 262149.0 ], [ 562053.0, 261354.0 ], [ 560046.0, 263045.0 ], [ 561213.0, 263928.0 ], [ 559772.0, 265858.0 ], [ 560740.0, 267148.0 ], [ 560443.0, 267580.0 ], [ 561077.0, 269254.0 ], [ 562592.0, 268797.0 ], [ 562867.0, 267676.0 ], [ 563501.0, 267401.0 ], [ 565595.0, 264796.0 ], [ 570294.0, 266703.0 ], [ 570863.0, 268384.0 ], [ 567946.0, 270708.0 ], [ 567618.0, 271505.0 ], [ 565826.0, 271417.0 ], [ 565289.0, 272889.0 ], [ 566036.0, 273493.0 ], [ 566449.0, 275038.0 ], [ 565928.0, 275459.0 ], [ 564919.0, 275431.0 ], [ 564773.0, 276120.0 ], [ 564043.0, 276443.0 ], [ 561627.0, 281727.0 ], [ 564908.0, 284134.0 ], [ 565164.0, 284804.0 ], [ 564796.0, 287021.0 ], [ 561773.0, 289508.0 ], [ 560669.0, 291654.0 ], [ 559271.0, 291892.0 ], [ 558285.0, 292680.0 ], [ 557436.0, 292498.0 ], [ 557372.0, 292988.0 ], [ 556817.0, 293135.0 ], [ 553219.0, 292291.0 ], [ 552559.0, 291479.0 ], [ 552129.0, 292281.0 ], [ 549783.0, 293591.0 ], [ 551373.0, 294651.0 ], [ 551106.0, 294988.0 ], [ 550712.0, 294653.0 ], [ 549883.0, 294758.0 ], [ 549716.0, 295171.0 ], [ 550121.0, 295701.0 ], [ 549542.0, 296452.0 ], [ 549568.0, 297483.0 ], [ 550369.0, 298004.0 ], [ 549593.0, 298698.0 ], [ 550438.0, 299475.0 ], [ 550094.0, 300224.0 ], [ 549122.0, 300597.0 ], [ 548521.0, 302667.0 ], [ 549142.0, 302919.0 ], [ 550181.0, 305082.0 ], [ 548436.0, 306313.0 ], [ 546889.0, 308063.0 ], [ 547772.0, 308821.0 ], [ 547732.0, 311040.0 ], [ 545711.0, 311560.0 ], [ 545822.0, 314465.0 ] ] ] } },
{ "type": "Feature", "properties": { "short_name": "North East", "official_name": "North East Mayoral Strategic Authority", "tier": "Established Mayoral", "mayor_in_post": true, "mayor": "Kim McGuinness", "mayor_status": "In post", "party": "Labour Co-op", "next_election": "May 2028", "date_established": "07/05/2024", "date_established_iso": "2024-05-07", "tier_change_date": "18/05/2026 (renamed NEMSA)", "tier_change_date_iso": "2026-05-18 (renamed NEMSA)", "instrument": "SI 2024/402", "status_source": "NAO HC 263", "area_km2": 7823.0 }, "geometry": { "type": "MultiPolygon", "coordinates": [ [ [ [ 357678.0, 592130.0 ], [ 358847.0, 591930.0 ], [ 359730.0, 592387.0 ], [ 359849.0, 594144.0 ], [ 360514.0, 595077.0 ], [ 358993.0, 596399.0 ], [ 360194.0, 596637.0 ], [ 360182.0, 597266.0 ], [ 361401.0, 598960.0 ], [ 363632.0, 600435.0 ], [ 364717.0, 602076.0 ], [ 364620.0, 602782.0 ], [ 365129.0, 602602.0 ], [ 367082.0, 603347.0 ], [ 368710.0, 606056.0 ], [ 369965.0, 606851.0 ], [ 370494.0, 606644.0 ], [ 371924.0, 607331.0 ], [ 372836.0, 607058.0 ], [ 373789.0, 607290.0 ], [ 374581.0, 606801.0 ], [ 374867.0, 606082.0 ], [ 375990.0, 606220.0 ], [ 378615.0, 608184.0 ], [ 378156.0, 608840.0 ], [ 379055.0, 609739.0 ], [ 378844.0, 610984.0 ], [ 378266.0, 611777.0 ], [ 378968.0, 612144.0 ], [ 378847.0, 612748.0 ], [ 380204.0, 612676.0 ], [ 381350.0, 613496.0 ], [ 381456.0, 614101.0 ], [ 383461.0, 615084.0 ], [ 383607.0, 615480.0 ], [ 385399.0, 615094.0 ], [ 387078.0, 615977.0 ], [ 387817.0, 616857.0 ], [ 388107.0, 618607.0 ], [ 389413.0, 619303.0 ], [ 389092.0, 619841.0 ], [ 387356.0, 620207.0 ], [ 387057.0, 620880.0 ], [ 387284.0, 621774.0 ], [ 385647.0, 623991.0 ], [ 385924.0, 625503.0 ], [ 385377.0, 626234.0 ], [ 385437.0, 627907.0 ], [ 384906.0, 629112.0 ], [ 381908.0, 631860.0 ], [ 381935.0, 634221.0 ], [ 380192.0, 636365.0 ], [ 380620.0, 636614.0 ], [ 380626.0, 637165.0 ], [ 379677.0, 637003.0 ], [ 378943.0, 637661.0 ], [ 379555.0, 638212.0 ], [ 379643.0, 638878.0 ], [ 380853.0, 639320.0 ], [ 382532.0, 638837.0 ], [ 384014.0, 639021.0 ], [ 384614.0, 638481.0 ], [ 385361.0, 638665.0 ], [ 385479.0, 639088.0 ], [ 384490.0, 639891.0 ], [ 386362.0, 641237.0 ], [ 386347.0, 642512.0 ], [ 388531.0, 645364.0 ], [ 389569.0, 645871.0 ], [ 388980.0, 647231.0 ], [ 389492.0, 647660.0 ], [ 390637.0, 647758.0 ], [ 391030.0, 649545.0 ], [ 392726.0, 649461.0 ], [ 392812.0, 650357.0 ], [ 393453.0, 650597.0 ], [ 393367.0, 651793.0 ], [ 394703.0, 652200.0 ], [ 394699.0, 655531.0 ], [ 397943.0, 657534.0 ], [ 398171.0, 656764.0 ], [ 400100.0, 654735.0 ], [ 400674.0, 652566.0 ], [ 401092.0, 652375.0 ], [ 400386.0, 652671.0 ], [ 399771.0, 652163.0 ], [ 400565.0, 652002.0 ], [ 402588.0, 648859.0 ], [ 405613.0, 645754.0 ], [ 407385.0, 644561.0 ], [ 408416.0, 641578.0 ], [ 410078.0, 638836.0 ], [ 411801.0, 637837.0 ], [ 412330.0, 637905.0 ], [ 413273.0, 639250.0 ], [ 412994.0, 640533.0 ], [ 413412.0, 640408.0 ], [ 413544.0, 639092.0 ], [ 414911.0, 636951.0 ], [ 414058.0, 635746.0 ], [ 414662.0, 634609.0 ], [ 416328.0, 636138.0 ], [ 417564.0, 635946.0 ], [ 419503.0, 634771.0 ], [ 421217.0, 632565.0 ], [ 422515.0, 632211.0 ], [ 422842.0, 631633.0 ], [ 422519.0, 630846.0 ], [ 423604.0, 629044.0 ], [ 424147.0, 628785.0 ], [ 423296.0, 628566.0 ], [ 423018.0, 627460.0 ], [ 423691.0, 626082.0 ], [ 424685.0, 625399.0 ], [ 424197.0, 624580.0 ], [ 424469.0, 622776.0 ], [ 425933.0, 622144.0 ], [ 426113.0, 618757.0 ], [ 425833.0, 618242.0 ], [ 426267.0, 617053.0 ], [ 425865.0, 616343.0 ], [ 426972.0, 615302.0 ], [ 426674.0, 612618.0 ], [ 425912.0, 612181.0 ], [ 424848.0, 610185.0 ], [ 425370.0, 607560.0 ], [ 426184.0, 605780.0 ], [ 426636.0, 605157.0 ], [ 427337.0, 605157.0 ], [ 428693.0, 603165.0 ], [ 428676.0, 602012.0 ], [ 427359.0, 599592.0 ], [ 427686.0, 596582.0 ], [ 428642.0, 594520.0 ], [ 430284.0, 592656.0 ], [ 430179.0, 591583.0 ], [ 430971.0, 589950.0 ], [ 431817.0, 589231.0 ], [ 431612.0, 588805.0 ], [ 431998.0, 588020.0 ], [ 431139.0, 587777.0 ], [ 431102.0, 586832.0 ], [ 430330.0, 585409.0 ], [ 430613.0, 584049.0 ], [ 432066.0, 581805.0 ], [ 432838.0, 580352.0 ], [ 432443.0, 580612.0 ], [ 432092.0, 579921.0 ], [ 432724.0, 577985.0 ], [ 435132.0, 575202.0 ], [ 435118.0, 573579.0 ], [ 436619.0, 571634.0 ], [ 436736.0, 570334.0 ], [ 437543.0, 569292.0 ], [ 438285.0, 569046.0 ], [ 436639.0, 568915.0 ], [ 436446.0, 568347.0 ], [ 437288.0, 567840.0 ], [ 437861.0, 568358.0 ], [ 438410.0, 568695.0 ], [ 437580.0, 568006.0 ], [ 437786.0, 567303.0 ], [ 439732.0, 565850.0 ], [ 439724.0, 565251.0 ], [ 441021.0, 564265.0 ], [ 441291.0, 563585.0 ], [ 441517.0, 562738.0 ], [ 440602.0, 560173.0 ], [ 440850.0, 558990.0 ], [ 441285.0, 558891.0 ], [ 441481.0, 558814.0 ], [ 441615.0, 558702.0 ], [ 440901.0, 558684.0 ], [ 441226.0, 557973.0 ], [ 441586.0, 558463.0 ], [ 441248.0, 557718.0 ], [ 441752.0, 556983.0 ], [ 441060.0, 556048.0 ], [ 441514.0, 553386.0 ], [ 442735.0, 550144.0 ], [ 443731.0, 549403.0 ], [ 443419.0, 548828.0 ], [ 444275.0, 546540.0 ], [ 444499.0, 543261.0 ], [ 445091.0, 541868.0 ], [ 448926.0, 536677.0 ], [ 448290.0, 536325.0 ], [ 447887.0, 536941.0 ], [ 447095.0, 537056.0 ], [ 445816.0, 536163.0 ], [ 444937.0, 536056.0 ], [ 444941.0, 534589.0 ], [ 443964.0, 533128.0 ], [ 443157.0, 532838.0 ], [ 443111.0, 531046.0 ], [ 442255.0, 530047.0 ], [ 442606.0, 528547.0 ], [ 440140.0, 528052.0 ], [ 439469.0, 527254.0 ], [ 439586.0, 526443.0 ], [ 438018.0, 524762.0 ], [ 437163.0, 524188.0 ], [ 436592.0, 524444.0 ], [ 435582.0, 524012.0 ], [ 435580.0, 523420.0 ], [ 436388.0, 522354.0 ], [ 436066.0, 521856.0 ], [ 435529.0, 521875.0 ], [ 434697.0, 522846.0 ], [ 433331.0, 522830.0 ], [ 432578.0, 522392.0 ], [ 430689.0, 522462.0 ], [ 428737.0, 521889.0 ], [ 428411.0, 521449.0 ], [ 429001.0, 520884.0 ], [ 427031.0, 520713.0 ], [ 426370.0, 522285.0 ], [ 426390.0, 523327.0 ], [ 426792.0, 523773.0 ], [ 425537.0, 523211.0 ], [ 425409.0, 524731.0 ], [ 420711.0, 524752.0 ], [ 420823.0, 521244.0 ], [ 419529.0, 521033.0 ], [ 418876.0, 518981.0 ], [ 419282.0, 518211.0 ], [ 420069.0, 517932.0 ], [ 419211.0, 517060.0 ], [ 419709.0, 515679.0 ], [ 418220.0, 516271.0 ], [ 417373.0, 514749.0 ], [ 414401.0, 515185.0 ], [ 414594.0, 512401.0 ], [ 414108.0, 512204.0 ], [ 413511.0, 509924.0 ], [ 411599.0, 511108.0 ], [ 410535.0, 512554.0 ], [ 409303.0, 511912.0 ], [ 409225.0, 509620.0 ], [ 408037.0, 509198.0 ], [ 407006.0, 507952.0 ], [ 403824.0, 506446.0 ], [ 402040.0, 506236.0 ], [ 401646.0, 507134.0 ], [ 401036.0, 507171.0 ], [ 400298.0, 507950.0 ], [ 397200.0, 508870.0 ], [ 397066.0, 509722.0 ], [ 396136.0, 509471.0 ], [ 394503.0, 508118.0 ], [ 392540.0, 507437.0 ], [ 390406.0, 507192.0 ], [ 389772.0, 506688.0 ], [ 389064.0, 506992.0 ], [ 389788.0, 508539.0 ], [ 389315.0, 510520.0 ], [ 389577.0, 512100.0 ], [ 389184.0, 513786.0 ], [ 388804.0, 514062.0 ], [ 388947.0, 515207.0 ], [ 388291.0, 515615.0 ], [ 387316.0, 515287.0 ], [ 386503.0, 516508.0 ], [ 386480.0, 517443.0 ], [ 384194.0, 518898.0 ], [ 382570.0, 520821.0 ], [ 380423.0, 522377.0 ], [ 380152.0, 524132.0 ], [ 379122.0, 526328.0 ], [ 381406.0, 528459.0 ], [ 381200.0, 529845.0 ], [ 380372.0, 530550.0 ], [ 378973.0, 530693.0 ], [ 377432.0, 532355.0 ], [ 377267.0, 533023.0 ], [ 377188.0, 533712.0 ], [ 377962.0, 534299.0 ], [ 378060.0, 535736.0 ], [ 379000.0, 536764.0 ], [ 378699.0, 537496.0 ], [ 379442.0, 540064.0 ], [ 379349.0, 541051.0 ], [ 380186.0, 542096.0 ], [ 379909.0, 544144.0 ], [ 379313.0, 544505.0 ], [ 378991.0, 545536.0 ], [ 377703.0, 545856.0 ], [ 376030.0, 548187.0 ], [ 375068.0, 548641.0 ], [ 374313.0, 550793.0 ], [ 373834.0, 551209.0 ], [ 372953.0, 549861.0 ], [ 371048.0, 548671.0 ], [ 370443.0, 548740.0 ], [ 368246.0, 546265.0 ], [ 366462.0, 545815.0 ], [ 365790.0, 545890.0 ], [ 364221.0, 547017.0 ], [ 362977.0, 549223.0 ], [ 362682.0, 550272.0 ], [ 363242.0, 551221.0 ], [ 361258.0, 554571.0 ], [ 363123.0, 555921.0 ], [ 363805.0, 558428.0 ], [ 364980.0, 559355.0 ], [ 363733.0, 560835.0 ], [ 363650.0, 562819.0 ], [ 361965.0, 563368.0 ], [ 361598.0, 564245.0 ], [ 363406.0, 566034.0 ], [ 363708.0, 567471.0 ], [ 363372.0, 567832.0 ], [ 363447.0, 569213.0 ], [ 366420.0, 571061.0 ], [ 369230.0, 571865.0 ], [ 367909.0, 574333.0 ], [ 368630.0, 574884.0 ], [ 368095.0, 575755.0 ], [ 368764.0, 576808.0 ], [ 367985.0, 577458.0 ], [ 366120.0, 576609.0 ], [ 364932.0, 576409.0 ], [ 364213.0, 576702.0 ], [ 364286.0, 577417.0 ], [ 363761.0, 578189.0 ], [ 362858.0, 578221.0 ], [ 362865.0, 578745.0 ], [ 362228.0, 579128.0 ], [ 361688.0, 581289.0 ], [ 360482.0, 581815.0 ], [ 359757.0, 581670.0 ], [ 358217.0, 582616.0 ], [ 357931.0, 583749.0 ], [ 356938.0, 584782.0 ], [ 356572.0, 586026.0 ], [ 357139.0, 587002.0 ], [ 356185.0, 588518.0 ], [ 357678.0, 592130.0 ] ] ], [ [ [ 429291.0, 604837.0 ], [ 429413.0, 604848.0 ], [ 429430.0, 604425.0 ], [ 429291.0, 604837.0 ] ] ], [ [ [ 424610.0, 639271.0 ], [ 424869.0, 638976.0 ], [ 424814.0, 638686.0 ], [ 424610.0, 639271.0 ] ] ], [ [ [ 424082.0, 638526.0 ], [ 423759.0, 638292.0 ], [ 424051.0, 637758.0 ], [ 423784.0, 637340.0 ], [ 423327.0, 638466.0 ], [ 424082.0, 638526.0 ] ] ], [ [ [ 422063.0, 636420.0 ], [ 422649.0, 635924.0 ], [ 421806.0, 635768.0 ], [ 421599.0, 635999.0 ], [ 422063.0, 636420.0 ] ] ], [ [ [ 420566.0, 637402.0 ], [ 420631.0, 637299.0 ], [ 420549.0, 637322.0 ], [ 420566.0, 637402.0 ] ] ], [ [ [ 409605.0, 643872.0 ], [ 411391.0, 643474.0 ], [ 412597.0, 644000.0 ], [ 413363.0, 643521.0 ], [ 413859.0, 643669.0 ], [ 414009.0, 641603.0 ], [ 412526.0, 641660.0 ], [ 412301.0, 642743.0 ], [ 411685.0, 643231.0 ], [ 410726.0, 643337.0 ], [ 410010.0, 642815.0 ], [ 409219.0, 643582.0 ], [ 409605.0, 643872.0 ] ] ] ] } },
{ "type": "Feature", "properties": { "short_name": "South Yorkshire", "official_name": "South Yorkshire Mayoral Combined Authority", "tier": "Established Mayoral", "mayor_in_post": true, "mayor": "Oliver Coppard", "mayor_status": "In post", "party": "Labour", "next_election": "May 2028", "date_established": "01/04/2014", "date_established_iso": "2014-04-01", "tier_change_date": "No change since establishment", "tier_change_date_iso": "No change since establishment", "instrument": "SI 2014/863", "status_source": "NAO HC 263", "area_km2": 1558.0 }, "geometry": { "type": "Polygon", "coordinates": [ [ [ 413069.0, 404500.0 ], [ 413530.0, 404166.0 ], [ 415262.0, 404184.0 ], [ 417234.0, 404995.0 ], [ 417990.0, 405626.0 ], [ 418432.0, 407070.0 ], [ 419696.0, 407109.0 ], [ 420128.0, 406400.0 ], [ 422180.0, 406364.0 ], [ 422847.0, 407157.0 ], [ 425409.0, 407483.0 ], [ 426567.0, 408894.0 ], [ 426461.0, 410203.0 ], [ 427409.0, 411020.0 ], [ 427227.0, 412360.0 ], [ 429180.0, 412423.0 ], [ 431064.0, 410900.0 ], [ 431950.0, 411566.0 ], [ 432367.0, 411274.0 ], [ 433341.0, 411514.0 ], [ 433510.0, 411964.0 ], [ 433761.0, 411250.0 ], [ 434412.0, 411200.0 ], [ 436695.0, 413058.0 ], [ 437193.0, 412476.0 ], [ 437621.0, 412636.0 ], [ 438275.0, 412037.0 ], [ 439837.0, 411567.0 ], [ 441334.0, 412393.0 ], [ 442710.0, 411168.0 ], [ 442944.0, 409787.0 ], [ 445932.0, 408988.0 ], [ 447635.0, 409868.0 ], [ 447976.0, 410618.0 ], [ 449193.0, 410916.0 ], [ 449222.0, 411730.0 ], [ 449707.0, 411925.0 ], [ 449577.0, 412541.0 ], [ 450003.0, 412782.0 ], [ 449833.0, 413566.0 ], [ 450835.0, 413650.0 ], [ 450841.0, 414113.0 ], [ 451807.0, 414460.0 ], [ 451712.0, 415855.0 ], [ 452336.0, 416582.0 ], [ 453645.0, 415793.0 ], [ 456140.0, 416583.0 ], [ 457277.0, 415504.0 ], [ 458155.0, 417046.0 ], [ 460588.0, 417634.0 ], [ 461831.0, 417338.0 ], [ 463124.0, 418223.0 ], [ 464226.0, 418050.0 ], [ 466774.0, 418770.0 ], [ 469695.0, 418585.0 ], [ 475119.0, 416283.0 ], [ 473746.0, 413163.0 ], [ 473110.0, 410330.0 ], [ 472905.0, 408666.0 ], [ 473546.0, 408341.0 ], [ 472905.0, 406246.0 ], [ 473510.0, 405113.0 ], [ 473136.0, 404574.0 ], [ 470063.0, 404187.0 ], [ 469762.0, 402501.0 ], [ 470917.0, 402082.0 ], [ 470714.0, 401195.0 ], [ 469557.0, 399142.0 ], [ 467463.0, 397754.0 ], [ 466817.0, 393817.0 ], [ 465009.0, 392411.0 ], [ 464520.0, 392480.0 ], [ 464342.0, 393098.0 ], [ 462842.0, 392471.0 ], [ 461708.0, 392749.0 ], [ 461293.0, 392172.0 ], [ 460700.0, 392359.0 ], [ 460007.0, 391706.0 ], [ 459383.0, 390264.0 ], [ 458917.0, 390166.0 ], [ 458906.0, 389291.0 ], [ 458416.0, 389374.0 ], [ 457766.0, 388751.0 ], [ 457941.0, 386874.0 ], [ 456932.0, 385762.0 ], [ 457290.0, 385585.0 ], [ 457435.0, 384680.0 ], [ 455899.0, 384602.0 ], [ 456269.0, 383489.0 ], [ 457326.0, 383636.0 ], [ 457442.0, 383064.0 ], [ 455149.0, 381329.0 ], [ 455087.0, 380812.0 ], [ 453912.0, 380495.0 ], [ 453193.0, 378880.0 ], [ 452084.0, 378852.0 ], [ 451306.0, 379320.0 ], [ 450524.0, 378565.0 ], [ 449794.0, 378569.0 ], [ 448563.0, 379450.0 ], [ 447938.0, 379407.0 ], [ 447021.0, 380018.0 ], [ 447433.0, 381314.0 ], [ 446343.0, 382063.0 ], [ 445724.0, 381284.0 ], [ 444851.0, 381310.0 ], [ 444223.0, 380084.0 ], [ 443185.0, 380434.0 ], [ 442561.0, 379977.0 ], [ 440952.0, 380251.0 ], [ 440597.0, 380806.0 ], [ 440801.0, 382202.0 ], [ 439411.0, 382789.0 ], [ 438663.0, 382117.0 ], [ 437113.0, 382301.0 ], [ 436222.0, 381425.0 ], [ 436386.0, 380686.0 ], [ 435548.0, 380155.0 ], [ 433104.0, 380135.0 ], [ 431374.0, 379334.0 ], [ 430966.0, 378743.0 ], [ 429521.0, 378798.0 ], [ 429317.0, 379768.0 ], [ 428046.0, 379503.0 ], [ 427784.0, 380454.0 ], [ 426809.0, 379449.0 ], [ 426151.0, 380634.0 ], [ 424865.0, 380004.0 ], [ 424563.0, 380496.0 ], [ 425910.0, 382992.0 ], [ 426632.0, 382932.0 ], [ 427059.0, 383336.0 ], [ 425019.0, 383972.0 ], [ 422459.0, 385609.0 ], [ 423072.0, 388471.0 ], [ 422170.0, 388520.0 ], [ 421246.0, 389468.0 ], [ 420404.0, 389415.0 ], [ 419712.0, 389843.0 ], [ 419516.0, 391167.0 ], [ 418808.0, 391435.0 ], [ 418046.0, 391052.0 ], [ 416928.0, 392181.0 ], [ 416953.0, 396252.0 ], [ 415471.0, 396470.0 ], [ 414728.0, 397543.0 ], [ 413275.0, 398265.0 ], [ 413605.0, 400675.0 ], [ 412673.0, 401087.0 ], [ 413036.0, 401620.0 ], [ 412066.0, 401874.0 ], [ 411861.0, 402607.0 ], [ 413069.0, 404500.0 ] ] ] } },
{ "type": "Feature", "properties": { "short_name": "Sussex & Brighton", "official_name": "Sussex and Brighton Combined County Authority", "tier": "Mayoral", "mayor_in_post": false, "mayor": "First election not yet held (May 2028)", "mayor_status": "Office vacant, first election not yet held", "party": "Not applicable", "next_election": "May 2028", "date_established": "26/03/2026", "date_established_iso": "2026-03-26", "tier_change_date": "No change since establishment", "tier_change_date_iso": "No change since establishment", "instrument": "SI 2026/362", "status_source": "SI 2026/362; inaugural election May 2028", "area_km2": 3804.0 }, "geometry": { "type": "Polygon", "coordinates": [ [ [ 474648.0, 113796.0 ], [ 475651.0, 114386.0 ], [ 474902.0, 116257.0 ], [ 474420.0, 116473.0 ], [ 475163.0, 116853.0 ], [ 475296.0, 118204.0 ], [ 476249.0, 119624.0 ], [ 476077.0, 120475.0 ], [ 476737.0, 122201.0 ], [ 477725.0, 123241.0 ], [ 477453.0, 125307.0 ], [ 480522.0, 127923.0 ], [ 480681.0, 129518.0 ], [ 481562.0, 130629.0 ], [ 482135.0, 130479.0 ], [ 482378.0, 129801.0 ], [ 482968.0, 129760.0 ], [ 483163.0, 130374.0 ], [ 483441.0, 130005.0 ], [ 484323.0, 130043.0 ], [ 485502.0, 131824.0 ], [ 487401.0, 132643.0 ], [ 488658.0, 132470.0 ], [ 489376.0, 131788.0 ], [ 490710.0, 131834.0 ], [ 491484.0, 131196.0 ], [ 496088.0, 133080.0 ], [ 498109.0, 132085.0 ], [ 499719.0, 132889.0 ], [ 502413.0, 132529.0 ], [ 502781.0, 132795.0 ], [ 502688.0, 133717.0 ], [ 504824.0, 133194.0 ], [ 505933.0, 134201.0 ], [ 509216.0, 134932.0 ], [ 509523.0, 134533.0 ], [ 510121.0, 134738.0 ], [ 511956.0, 135557.0 ], [ 512678.0, 136477.0 ], [ 513077.0, 136313.0 ], [ 515011.0, 137031.0 ], [ 515952.0, 136823.0 ], [ 517211.0, 137613.0 ], [ 519028.0, 137535.0 ], [ 520000.0, 138198.0 ], [ 520787.0, 138202.0 ], [ 522092.0, 139208.0 ], [ 522149.0, 139767.0 ], [ 524907.0, 140435.0 ], [ 525128.0, 141097.0 ], [ 527509.0, 142473.0 ], [ 528677.0, 141678.0 ], [ 530642.0, 141654.0 ], [ 530410.0, 139888.0 ], [ 530966.0, 139536.0 ], [ 533422.0, 139418.0 ], [ 534033.0, 139908.0 ], [ 535584.0, 139782.0 ], [ 536115.0, 139343.0 ], [ 543500.0, 140151.0 ], [ 545011.0, 139868.0 ], [ 548979.0, 140842.0 ], [ 551361.0, 140050.0 ], [ 550647.0, 139452.0 ], [ 550669.0, 138215.0 ], [ 551323.0, 137537.0 ], [ 552096.0, 137370.0 ], [ 554082.0, 137637.0 ], [ 555838.0, 138474.0 ], [ 557231.0, 137519.0 ], [ 559347.0, 137290.0 ], [ 559239.0, 138102.0 ], [ 561013.0, 137957.0 ], [ 562821.0, 138526.0 ], [ 563176.0, 137972.0 ], [ 562868.0, 137339.0 ], [ 563565.0, 136629.0 ], [ 565240.0, 136563.0 ], [ 564758.0, 135835.0 ], [ 564876.0, 134261.0 ], [ 566348.0, 134808.0 ], [ 568488.0, 134074.0 ], [ 568322.0, 132962.0 ], [ 569154.0, 132411.0 ], [ 569495.0, 132621.0 ], [ 569493.0, 132090.0 ], [ 570056.0, 132213.0 ], [ 572731.0, 131269.0 ], [ 573322.0, 130653.0 ], [ 573030.0, 129033.0 ], [ 573439.0, 128602.0 ], [ 574928.0, 128703.0 ], [ 576099.0, 127929.0 ], [ 578067.0, 127764.0 ], [ 578440.0, 126596.0 ], [ 580322.0, 125850.0 ], [ 584398.0, 127561.0 ], [ 585131.0, 126928.0 ], [ 585736.0, 127496.0 ], [ 586312.0, 127302.0 ], [ 586757.0, 127639.0 ], [ 587921.0, 126063.0 ], [ 589814.0, 125254.0 ], [ 592194.0, 125949.0 ], [ 594689.0, 125139.0 ], [ 595286.0, 124470.0 ], [ 595161.0, 123523.0 ], [ 595555.0, 123448.0 ], [ 597719.0, 120388.0 ], [ 597785.0, 119701.0 ], [ 598899.0, 120122.0 ], [ 599847.0, 121398.0 ], [ 600169.0, 120763.0 ], [ 600687.0, 120961.0 ], [ 601040.0, 119425.0 ], [ 601610.0, 118785.0 ], [ 600727.0, 117689.0 ], [ 596013.0, 118569.0 ], [ 595011.0, 118412.0 ], [ 595080.0, 117905.0 ], [ 593505.0, 117333.0 ], [ 591228.0, 115529.0 ], [ 587711.0, 111443.0 ], [ 582544.0, 109195.0 ], [ 577713.0, 108469.0 ], [ 574778.0, 107182.0 ], [ 570000.0, 106185.0 ], [ 566597.0, 104505.0 ], [ 565243.0, 103169.0 ], [ 564252.0, 100954.0 ], [ 562469.0, 99840.0 ], [ 560332.0, 97231.0 ], [ 559568.0, 95639.0 ], [ 558380.0, 95217.0 ], [ 555699.0, 95645.0 ], [ 551731.0, 97675.0 ], [ 550889.0, 97309.0 ], [ 549630.0, 97636.0 ], [ 545816.0, 100130.0 ], [ 544912.0, 99943.0 ], [ 545227.0, 99380.0 ], [ 544758.0, 99822.0 ], [ 541063.0, 100698.0 ], [ 534643.0, 103042.0 ], [ 533514.0, 102678.0 ], [ 533302.0, 103232.0 ], [ 531605.0, 103788.0 ], [ 524360.0, 104729.0 ], [ 523492.0, 104262.0 ], [ 520508.0, 104261.0 ], [ 513646.0, 102030.0 ], [ 508996.0, 101431.0 ], [ 503092.0, 101322.0 ], [ 491704.0, 98406.0 ], [ 489738.0, 97622.0 ], [ 488065.0, 96113.0 ], [ 486517.0, 93038.0 ], [ 485554.0, 92134.0 ], [ 481728.0, 95520.0 ], [ 476461.0, 98427.0 ], [ 476753.0, 99378.0 ], [ 477122.0, 99109.0 ], [ 476906.0, 98697.0 ], [ 477292.0, 98683.0 ], [ 477229.0, 99094.0 ], [ 478061.0, 99671.0 ], [ 478266.0, 100617.0 ], [ 479166.0, 101507.0 ], [ 479806.0, 101564.0 ], [ 481590.0, 100682.0 ], [ 482813.0, 101263.0 ], [ 482887.0, 101865.0 ], [ 482286.0, 101845.0 ], [ 481647.0, 101220.0 ], [ 479637.0, 102312.0 ], [ 478415.0, 101846.0 ], [ 478599.0, 102154.0 ], [ 477776.0, 103840.0 ], [ 478000.0, 104798.0 ], [ 476735.0, 105024.0 ], [ 476398.0, 104689.0 ], [ 476992.0, 103139.0 ], [ 477053.0, 100463.0 ], [ 475384.0, 102095.0 ], [ 474590.0, 102295.0 ], [ 475599.0, 107760.0 ], [ 473415.0, 110645.0 ], [ 474648.0, 113796.0 ] ] ] } },
{ "type": "Feature", "properties": { "short_name": "Tees Valley", "official_name": "Tees Valley Combined Authority", "tier": "Mayoral", "mayor_in_post": true, "mayor": "Ben Houchen", "mayor_status": "In post", "party": "Conservative", "next_election": "May 2028", "date_established": "01/04/2016", "date_established_iso": "2016-04-01", "tier_change_date": "No change since establishment", "tier_change_date_iso": "No change since establishment", "instrument": "SI 2016/449", "status_source": "NAO HC 263", "area_km2": 805.0 }, "geometry": { "type": "Polygon", "coordinates": [ [ [ 419486.0, 521037.0 ], [ 420800.0, 521379.0 ], [ 420607.0, 524781.0 ], [ 422214.0, 524541.0 ], [ 423240.0, 524971.0 ], [ 423697.0, 524636.0 ], [ 424733.0, 524956.0 ], [ 425492.0, 524780.0 ], [ 425680.0, 523531.0 ], [ 426955.0, 524003.0 ], [ 426417.0, 523307.0 ], [ 426444.0, 522047.0 ], [ 427054.0, 521666.0 ], [ 426977.0, 520896.0 ], [ 427570.0, 520672.0 ], [ 428726.0, 520932.0 ], [ 428369.0, 521407.0 ], [ 428618.0, 521969.0 ], [ 430698.0, 522469.0 ], [ 432548.0, 522392.0 ], [ 434409.0, 522948.0 ], [ 435239.0, 522806.0 ], [ 435518.0, 521966.0 ], [ 436023.0, 521925.0 ], [ 436304.0, 522446.0 ], [ 435455.0, 523679.0 ], [ 435563.0, 524065.0 ], [ 436912.0, 524608.0 ], [ 437288.0, 524273.0 ], [ 438017.0, 524763.0 ], [ 439540.0, 526577.0 ], [ 439866.0, 528077.0 ], [ 442510.0, 528661.0 ], [ 442167.0, 529898.0 ], [ 443095.0, 531014.0 ], [ 443229.0, 532140.0 ], [ 443028.0, 532822.0 ], [ 442354.0, 533094.0 ], [ 443879.0, 533167.0 ], [ 445061.0, 535072.0 ], [ 444836.0, 536055.0 ], [ 445849.0, 536193.0 ], [ 447097.0, 537152.0 ], [ 447851.0, 537036.0 ], [ 448255.0, 536370.0 ], [ 448926.0, 536676.0 ], [ 453255.0, 533817.0 ], [ 453341.0, 533291.0 ], [ 452034.0, 533369.0 ], [ 451738.0, 532050.0 ], [ 453244.0, 529053.0 ], [ 453984.0, 528396.0 ], [ 454445.0, 528461.0 ], [ 453745.0, 528002.0 ], [ 454292.0, 526996.0 ], [ 453594.0, 525519.0 ], [ 454204.0, 525596.0 ], [ 454418.0, 525066.0 ], [ 453964.0, 523362.0 ], [ 454822.0, 524189.0 ], [ 454677.0, 526145.0 ], [ 454904.0, 527006.0 ], [ 454985.0, 526247.0 ], [ 455868.0, 526425.0 ], [ 455484.0, 527342.0 ], [ 455757.0, 528392.0 ], [ 455726.0, 527612.0 ], [ 457037.0, 526317.0 ], [ 458980.0, 525449.0 ], [ 459945.0, 525525.0 ], [ 461182.0, 525035.0 ], [ 464570.0, 522496.0 ], [ 467262.0, 521593.0 ], [ 468531.0, 522057.0 ], [ 469492.0, 521807.0 ], [ 471479.0, 520134.0 ], [ 474250.0, 520217.0 ], [ 477140.0, 518827.0 ], [ 478445.0, 519068.0 ], [ 477689.0, 517967.0 ], [ 475990.0, 517666.0 ], [ 474610.0, 515577.0 ], [ 474362.0, 512555.0 ], [ 474983.0, 511267.0 ], [ 474692.0, 510901.0 ], [ 472922.0, 511228.0 ], [ 472448.0, 511872.0 ], [ 467952.0, 510801.0 ], [ 466917.0, 511824.0 ], [ 464626.0, 512419.0 ], [ 463333.0, 512287.0 ], [ 462484.0, 511394.0 ], [ 458684.0, 512746.0 ], [ 457709.0, 512514.0 ], [ 457197.0, 511787.0 ], [ 453619.0, 512222.0 ], [ 452899.0, 512714.0 ], [ 451647.0, 512690.0 ], [ 450089.0, 513234.0 ], [ 449166.0, 512078.0 ], [ 448453.0, 511931.0 ], [ 448206.0, 510472.0 ], [ 446645.0, 510779.0 ], [ 445431.0, 509163.0 ], [ 444624.0, 509300.0 ], [ 442644.0, 507839.0 ], [ 442541.0, 508633.0 ], [ 442180.0, 508803.0 ], [ 441292.0, 508031.0 ], [ 440644.0, 508923.0 ], [ 440858.0, 510304.0 ], [ 440371.0, 510872.0 ], [ 439251.0, 510227.0 ], [ 439023.0, 511007.0 ], [ 438509.0, 511088.0 ], [ 438363.0, 509437.0 ], [ 437870.0, 509227.0 ], [ 436840.0, 509548.0 ], [ 437158.0, 510128.0 ], [ 434961.0, 512235.0 ], [ 434066.0, 511588.0 ], [ 435175.0, 510967.0 ], [ 434868.0, 508831.0 ], [ 435526.0, 507981.0 ], [ 434951.0, 507554.0 ], [ 435440.0, 506724.0 ], [ 435000.0, 506327.0 ], [ 434327.0, 506817.0 ], [ 434606.0, 507558.0 ], [ 434079.0, 508860.0 ], [ 432561.0, 509039.0 ], [ 432984.0, 510197.0 ], [ 432151.0, 509781.0 ], [ 431765.0, 508959.0 ], [ 431576.0, 509932.0 ], [ 430633.0, 510037.0 ], [ 430553.0, 509055.0 ], [ 431197.0, 508491.0 ], [ 429543.0, 508524.0 ], [ 428900.0, 510050.0 ], [ 427111.0, 511384.0 ], [ 427313.0, 512185.0 ], [ 426527.0, 512185.0 ], [ 427202.0, 513119.0 ], [ 425826.0, 512880.0 ], [ 425933.0, 513623.0 ], [ 425247.0, 513921.0 ], [ 423837.0, 513262.0 ], [ 423391.0, 513591.0 ], [ 423834.0, 513745.0 ], [ 423874.0, 514397.0 ], [ 422450.0, 514427.0 ], [ 422221.0, 515532.0 ], [ 419709.0, 515678.0 ], [ 419163.0, 517141.0 ], [ 419667.0, 518005.0 ], [ 418871.0, 518992.0 ], [ 419486.0, 521037.0 ] ] ] } },
{ "type": "Feature", "properties": { "short_name": "West Midlands", "official_name": "West Midlands Combined Authority", "tier": "Established Mayoral", "mayor_in_post": true, "mayor": "Richard Parker", "mayor_status": "In post", "party": "Labour", "next_election": "May 2028", "date_established": "17/06/2016", "date_established_iso": "2016-06-17", "tier_change_date": "No change since establishment", "tier_change_date_iso": "No change since establishment", "instrument": "SI 2016/653", "status_source": "NAO HC 263", "area_km2": 905.0 }, "geometry": { "type": "Polygon", "coordinates": [ [ [ 387305.0, 299131.0 ], [ 386797.0, 300998.0 ], [ 387419.0, 301262.0 ], [ 387946.0, 300914.0 ], [ 388614.0, 301533.0 ], [ 388692.0, 302470.0 ], [ 389744.0, 302989.0 ], [ 389742.0, 303564.0 ], [ 390808.0, 303612.0 ], [ 391188.0, 304437.0 ], [ 393245.0, 304148.0 ], [ 393681.0, 302556.0 ], [ 394112.0, 302453.0 ], [ 394458.0, 301680.0 ], [ 395357.0, 301666.0 ], [ 395764.0, 302553.0 ], [ 397571.0, 302388.0 ], [ 399837.0, 304376.0 ], [ 402499.0, 304900.0 ], [ 403068.0, 306387.0 ], [ 402806.0, 307145.0 ], [ 403230.0, 307223.0 ], [ 403916.0, 306510.0 ], [ 404590.0, 307099.0 ], [ 405188.0, 306460.0 ], [ 405992.0, 306725.0 ], [ 406275.0, 306255.0 ], [ 405715.0, 305739.0 ], [ 406519.0, 305054.0 ], [ 405931.0, 304061.0 ], [ 407839.0, 301894.0 ], [ 407421.0, 300227.0 ], [ 408519.0, 298701.0 ], [ 410339.0, 300764.0 ], [ 411740.0, 301227.0 ], [ 413878.0, 300165.0 ], [ 415166.0, 297528.0 ], [ 416122.0, 297042.0 ], [ 415483.0, 296400.0 ], [ 416001.0, 295496.0 ], [ 416637.0, 295313.0 ], [ 416820.0, 294171.0 ], [ 417293.0, 293790.0 ], [ 417073.0, 292788.0 ], [ 417773.0, 292701.0 ], [ 418493.0, 291876.0 ], [ 416850.0, 291398.0 ], [ 416851.0, 290614.0 ], [ 419611.0, 286545.0 ], [ 419922.0, 285173.0 ], [ 421635.0, 282529.0 ], [ 422658.0, 282087.0 ], [ 423051.0, 282978.0 ], [ 423688.0, 282585.0 ], [ 424467.0, 282886.0 ], [ 425541.0, 284407.0 ], [ 425448.0, 284985.0 ], [ 426028.0, 285199.0 ], [ 427345.0, 284189.0 ], [ 427963.0, 284962.0 ], [ 429434.0, 284326.0 ], [ 430500.0, 284428.0 ], [ 431363.0, 285304.0 ], [ 432029.0, 284470.0 ], [ 432878.0, 284422.0 ], [ 432832.0, 284022.0 ], [ 433705.0, 283703.0 ], [ 434390.0, 283952.0 ], [ 434564.0, 284619.0 ], [ 436522.0, 284618.0 ], [ 437909.0, 283417.0 ], [ 437796.0, 282842.0 ], [ 439246.0, 281934.0 ], [ 438342.0, 279256.0 ], [ 438702.0, 277596.0 ], [ 436742.0, 275942.0 ], [ 436586.0, 275158.0 ], [ 436257.0, 275536.0 ], [ 435469.0, 275267.0 ], [ 433872.0, 275636.0 ], [ 433192.0, 274667.0 ], [ 432347.0, 275750.0 ], [ 431621.0, 275470.0 ], [ 431098.0, 274755.0 ], [ 431288.0, 274384.0 ], [ 430574.0, 274075.0 ], [ 429663.0, 276183.0 ], [ 427308.0, 276772.0 ], [ 426780.0, 275439.0 ], [ 425740.0, 274232.0 ], [ 424808.0, 274113.0 ], [ 423844.0, 273207.0 ], [ 423239.0, 274133.0 ], [ 421737.0, 273984.0 ], [ 421554.0, 273150.0 ], [ 420947.0, 272592.0 ], [ 420685.0, 273023.0 ], [ 419265.0, 273111.0 ], [ 419127.0, 274822.0 ], [ 418152.0, 274711.0 ], [ 417707.0, 273264.0 ], [ 417212.0, 272996.0 ], [ 416466.0, 273398.0 ], [ 416261.0, 274033.0 ], [ 415350.0, 274207.0 ], [ 415161.0, 273420.0 ], [ 415643.0, 272649.0 ], [ 415241.0, 272207.0 ], [ 413145.0, 274286.0 ], [ 408810.0, 274401.0 ], [ 410591.0, 277906.0 ], [ 409385.0, 278488.0 ], [ 408078.0, 277983.0 ], [ 407762.0, 278507.0 ], [ 406012.0, 278594.0 ], [ 404567.0, 276579.0 ], [ 403305.0, 277211.0 ], [ 402893.0, 276691.0 ], [ 402518.0, 276931.0 ], [ 400093.0, 275956.0 ], [ 399324.0, 276460.0 ], [ 398630.0, 277989.0 ], [ 397809.0, 278261.0 ], [ 398223.0, 278898.0 ], [ 399001.0, 278653.0 ], [ 399468.0, 279152.0 ], [ 400269.0, 279148.0 ], [ 400595.0, 279718.0 ], [ 398751.0, 281720.0 ], [ 398076.0, 281034.0 ], [ 397582.0, 281062.0 ], [ 397366.0, 282541.0 ], [ 396122.0, 282510.0 ], [ 395963.0, 281061.0 ], [ 395372.0, 281741.0 ], [ 394344.0, 281576.0 ], [ 393431.0, 283027.0 ], [ 390847.0, 280928.0 ], [ 388888.0, 281370.0 ], [ 388108.0, 284080.0 ], [ 388647.0, 285930.0 ], [ 388016.0, 286840.0 ], [ 387775.0, 288234.0 ], [ 387288.0, 288526.0 ], [ 387504.0, 289181.0 ], [ 387081.0, 289516.0 ], [ 388000.0, 290431.0 ], [ 390208.0, 290958.0 ], [ 390271.0, 291524.0 ], [ 389770.0, 291990.0 ], [ 390805.0, 292938.0 ], [ 390661.0, 294476.0 ], [ 391020.0, 295070.0 ], [ 390596.0, 295562.0 ], [ 389719.0, 295102.0 ], [ 388195.0, 295187.0 ], [ 387916.0, 297277.0 ], [ 386422.0, 297903.0 ], [ 386081.0, 298771.0 ], [ 387305.0, 299131.0 ] ] ] } },
{ "type": "Feature", "properties": { "short_name": "West Yorkshire", "official_name": "West Yorkshire Combined Authority", "tier": "Established Mayoral", "mayor_in_post": true, "mayor": "Tracy Brabin", "mayor_status": "In post", "party": "Labour Co-op", "next_election": "May 2028", "date_established": "01/04/2014", "date_established_iso": "2014-04-01", "tier_change_date": "No change since establishment", "tier_change_date_iso": "No change since establishment", "instrument": "SI 2014/864", "status_source": "NAO HC 263", "area_km2": 2034.0 }, "geometry": { "type": "Polygon", "coordinates": [ [ [ 389801.0, 426558.0 ], [ 390469.0, 426636.0 ], [ 390756.0, 427715.0 ], [ 391449.0, 428372.0 ], [ 391500.0, 430660.0 ], [ 391112.0, 431538.0 ], [ 391845.0, 432406.0 ], [ 391643.0, 433642.0 ], [ 394511.0, 435810.0 ], [ 396972.0, 437028.0 ], [ 397063.0, 439322.0 ], [ 398008.0, 440265.0 ], [ 398676.0, 441697.0 ], [ 400133.0, 441760.0 ], [ 400891.0, 441286.0 ], [ 401390.0, 441637.0 ], [ 401664.0, 442502.0 ], [ 401455.0, 445000.0 ], [ 403177.0, 445430.0 ], [ 403133.0, 446201.0 ], [ 401617.0, 447808.0 ], [ 402467.0, 448637.0 ], [ 402033.0, 449690.0 ], [ 402518.0, 449869.0 ], [ 402318.0, 450606.0 ], [ 403261.0, 450843.0 ], [ 403334.0, 451183.0 ], [ 404746.0, 450477.0 ], [ 405166.0, 451061.0 ], [ 406248.0, 451368.0 ], [ 407077.0, 451033.0 ], [ 407824.0, 451900.0 ], [ 408343.0, 449921.0 ], [ 409150.0, 449391.0 ], [ 409125.0, 448678.0 ], [ 409733.0, 448350.0 ], [ 410217.0, 448615.0 ], [ 410096.0, 449415.0 ], [ 412893.0, 449228.0 ], [ 413392.0, 448947.0 ], [ 413556.0, 448182.0 ], [ 414383.0, 448166.0 ], [ 414827.0, 447288.0 ], [ 415502.0, 447644.0 ], [ 416140.0, 447246.0 ], [ 416803.0, 447458.0 ], [ 417037.0, 446524.0 ], [ 417901.0, 446055.0 ], [ 419336.0, 447036.0 ], [ 420655.0, 446737.0 ], [ 420979.0, 446079.0 ], [ 422755.0, 446312.0 ], [ 423027.0, 445572.0 ], [ 425008.0, 445319.0 ], [ 426376.0, 446030.0 ], [ 426333.0, 445504.0 ], [ 427095.0, 445118.0 ], [ 427499.0, 445990.0 ], [ 428494.0, 446156.0 ], [ 428813.0, 445511.0 ], [ 429452.0, 445419.0 ], [ 429738.0, 446177.0 ], [ 431034.0, 445951.0 ], [ 433020.0, 446688.0 ], [ 433863.0, 446210.0 ], [ 435026.0, 446225.0 ], [ 435383.0, 445749.0 ], [ 436173.0, 445824.0 ], [ 436853.0, 446560.0 ], [ 437475.0, 446533.0 ], [ 437373.0, 448072.0 ], [ 438713.0, 448217.0 ], [ 438886.0, 448976.0 ], [ 439668.0, 449769.0 ], [ 442008.0, 449675.0 ], [ 443391.0, 450175.0 ], [ 443346.0, 449641.0 ], [ 445598.0, 448920.0 ], [ 445593.0, 448167.0 ], [ 446446.0, 448105.0 ], [ 445892.0, 447798.0 ], [ 446253.0, 447509.0 ], [ 446046.0, 445928.0 ], [ 444663.0, 445362.0 ], [ 445304.0, 441233.0 ], [ 442849.0, 440200.0 ], [ 443618.0, 439702.0 ], [ 443466.0, 438959.0 ], [ 444411.0, 438450.0 ], [ 444497.0, 437854.0 ], [ 444074.0, 437539.0 ], [ 445946.0, 435807.0 ], [ 445232.0, 434924.0 ], [ 445318.0, 431932.0 ], [ 446526.0, 430780.0 ], [ 446867.0, 429838.0 ], [ 446585.0, 429018.0 ], [ 445482.0, 428937.0 ], [ 445339.0, 427942.0 ], [ 447154.0, 426789.0 ], [ 448135.0, 425635.0 ], [ 448386.0, 424546.0 ], [ 449125.0, 424199.0 ], [ 451589.0, 424502.0 ], [ 451960.0, 423504.0 ], [ 452992.0, 422995.0 ], [ 452987.0, 422346.0 ], [ 450037.0, 421947.0 ], [ 450044.0, 419906.0 ], [ 449504.0, 419166.0 ], [ 449866.0, 417941.0 ], [ 449325.0, 416788.0 ], [ 451173.0, 413697.0 ], [ 449918.0, 413572.0 ], [ 450065.0, 412661.0 ], [ 449627.0, 412412.0 ], [ 449914.0, 411839.0 ], [ 449208.0, 410859.0 ], [ 447955.0, 410559.0 ], [ 447618.0, 409850.0 ], [ 446545.0, 409217.0 ], [ 445923.0, 408977.0 ], [ 443391.0, 409890.0 ], [ 443038.0, 409581.0 ], [ 442705.0, 411151.0 ], [ 441290.0, 412392.0 ], [ 439792.0, 411508.0 ], [ 436635.0, 412905.0 ], [ 434261.0, 411039.0 ], [ 433115.0, 411540.0 ], [ 432500.0, 411252.0 ], [ 431886.0, 411500.0 ], [ 431154.0, 410831.0 ], [ 429819.0, 412062.0 ], [ 428373.0, 412513.0 ], [ 427468.0, 412096.0 ], [ 427367.0, 410850.0 ], [ 426423.0, 409868.0 ], [ 426835.0, 409006.0 ], [ 425921.0, 408330.0 ], [ 425552.0, 407448.0 ], [ 423389.0, 407329.0 ], [ 421991.0, 406339.0 ], [ 420037.0, 406394.0 ], [ 419659.0, 407085.0 ], [ 418522.0, 407064.0 ], [ 418040.0, 405688.0 ], [ 417223.0, 404969.0 ], [ 415224.0, 404157.0 ], [ 413018.0, 404365.0 ], [ 411884.0, 402727.0 ], [ 411508.0, 402976.0 ], [ 410732.0, 402583.0 ], [ 408498.0, 404854.0 ], [ 407116.0, 404110.0 ], [ 406787.0, 404601.0 ], [ 406087.0, 404641.0 ], [ 405853.0, 406009.0 ], [ 403891.0, 407225.0 ], [ 403630.0, 408345.0 ], [ 401534.0, 410026.0 ], [ 399479.0, 413225.0 ], [ 398574.0, 413254.0 ], [ 398132.0, 415451.0 ], [ 397378.0, 416036.0 ], [ 397735.0, 418100.0 ], [ 396599.0, 419322.0 ], [ 396745.0, 420683.0 ], [ 394665.0, 420174.0 ], [ 394398.0, 419408.0 ], [ 393959.0, 419301.0 ], [ 392296.0, 419424.0 ], [ 391260.0, 420916.0 ], [ 390700.0, 420179.0 ], [ 390457.0, 421764.0 ], [ 389366.0, 422538.0 ], [ 388663.0, 425191.0 ], [ 389801.0, 426558.0 ] ] ] } },
{ "type": "Feature", "properties": { "short_name": "West of England", "official_name": "West of England Combined Authority", "tier": "Established Mayoral", "mayor_in_post": true, "mayor": "Helen Godwin", "mayor_status": "In post", "party": "Labour", "next_election": "May 2029", "date_established": "09/02/2017", "date_established_iso": "2017-02-09", "tier_change_date": "31/07/2026", "tier_change_date_iso": "2026-07-31", "instrument": "SI 2017/126", "status_source": "Rewiring the State Cabinet Statement, 31 Jul 2026", "area_km2": 965.0 }, "geometry": { "type": "Polygon", "coordinates": [ [ [ 351509.0, 180075.0 ], [ 353448.0, 183171.0 ], [ 354127.0, 186304.0 ], [ 355573.0, 187768.0 ], [ 356619.0, 189831.0 ], [ 358211.0, 190799.0 ], [ 359636.0, 192362.0 ], [ 360703.0, 195293.0 ], [ 361820.0, 196873.0 ], [ 363122.0, 197744.0 ], [ 364962.0, 196511.0 ], [ 366226.0, 196247.0 ], [ 366008.0, 194842.0 ], [ 366686.0, 194297.0 ], [ 368242.0, 194968.0 ], [ 369125.0, 194632.0 ], [ 369450.0, 194948.0 ], [ 371817.0, 193717.0 ], [ 372500.0, 194187.0 ], [ 373428.0, 193461.0 ], [ 372618.0, 192934.0 ], [ 373206.0, 191808.0 ], [ 372837.0, 188851.0 ], [ 374352.0, 188821.0 ], [ 374777.0, 189496.0 ], [ 375718.0, 188775.0 ], [ 377940.0, 188389.0 ], [ 378185.0, 188012.0 ], [ 379704.0, 188480.0 ], [ 380055.0, 188208.0 ], [ 379877.0, 187719.0 ], [ 381209.0, 186560.0 ], [ 381162.0, 186053.0 ], [ 382055.0, 185702.0 ], [ 381563.0, 184913.0 ], [ 381523.0, 183447.0 ], [ 381947.0, 182904.0 ], [ 381722.0, 181946.0 ], [ 382607.0, 181055.0 ], [ 382348.0, 180383.0 ], [ 380671.0, 179726.0 ], [ 377728.0, 177631.0 ], [ 378481.0, 176643.0 ], [ 379921.0, 176474.0 ], [ 379567.0, 173429.0 ], [ 380276.0, 173255.0 ], [ 379597.0, 169879.0 ], [ 380726.0, 168578.0 ], [ 379948.0, 167433.0 ], [ 380490.0, 166504.0 ], [ 379469.0, 166154.0 ], [ 379890.0, 163770.0 ], [ 379204.0, 162604.0 ], [ 378630.0, 162820.0 ], [ 378496.0, 162098.0 ], [ 377644.0, 161969.0 ], [ 376380.0, 161073.0 ], [ 377532.0, 161013.0 ], [ 378530.0, 160191.0 ], [ 379450.0, 160439.0 ], [ 379585.0, 159839.0 ], [ 379139.0, 159384.0 ], [ 380000.0, 159004.0 ], [ 379992.0, 158560.0 ], [ 376918.0, 156645.0 ], [ 375844.0, 156629.0 ], [ 373513.0, 155739.0 ], [ 373100.0, 155129.0 ], [ 372094.0, 156169.0 ], [ 370895.0, 155424.0 ], [ 370664.0, 154348.0 ], [ 369584.0, 154096.0 ], [ 368476.0, 152843.0 ], [ 367096.0, 153206.0 ], [ 366752.0, 152770.0 ], [ 365240.0, 153188.0 ], [ 364779.0, 153439.0 ], [ 365372.0, 154687.0 ], [ 363274.0, 155027.0 ], [ 361936.0, 155782.0 ], [ 361461.0, 155653.0 ], [ 361283.0, 156056.0 ], [ 359494.0, 154917.0 ], [ 358774.0, 155394.0 ], [ 358499.0, 154796.0 ], [ 357345.0, 154069.0 ], [ 356160.0, 154013.0 ], [ 355267.0, 155469.0 ], [ 353612.0, 156137.0 ], [ 353394.0, 157092.0 ], [ 351671.0, 157895.0 ], [ 352141.0, 159229.0 ], [ 350797.0, 160381.0 ], [ 351674.0, 160816.0 ], [ 352016.0, 161459.0 ], [ 351591.0, 162828.0 ], [ 351783.0, 164763.0 ], [ 352106.0, 164793.0 ], [ 352782.0, 162818.0 ], [ 353534.0, 162626.0 ], [ 353062.0, 161200.0 ], [ 353462.0, 160674.0 ], [ 354387.0, 160583.0 ], [ 354712.0, 160849.0 ], [ 354856.0, 163517.0 ], [ 355244.0, 164206.0 ], [ 355918.0, 164227.0 ], [ 356768.0, 165781.0 ], [ 357658.0, 165803.0 ], [ 358781.0, 166564.0 ], [ 356865.0, 167370.0 ], [ 356240.0, 167198.0 ], [ 355898.0, 167737.0 ], [ 356285.0, 168566.0 ], [ 355800.0, 169547.0 ], [ 356185.0, 171145.0 ], [ 355621.0, 171563.0 ], [ 356587.0, 172423.0 ], [ 356036.0, 174371.0 ], [ 354875.0, 175165.0 ], [ 354186.0, 176531.0 ], [ 353655.0, 176019.0 ], [ 352555.0, 175948.0 ], [ 350295.0, 178178.0 ], [ 350827.0, 178122.0 ], [ 350242.0, 178837.0 ], [ 351509.0, 180075.0 ] ] ] } },
{ "type": "Feature", "properties": { "short_name": "York & North Yorkshire", "official_name": "York and North Yorkshire Combined Authority", "tier": "Established Mayoral", "mayor_in_post": true, "mayor": "David Skaith", "mayor_status": "In post", "party": "Labour Co-op", "next_election": "May 2028", "date_established": "20/12/2023", "date_established_iso": "2023-12-20", "tier_change_date": "31/07/2026", "tier_change_date_iso": "2026-07-31", "instrument": "SI 2023/1432", "status_source": "YNYCA press release 31 Jul 2026; Rewiring the State", "area_km2": 8327.0 }, "geometry": { "type": "Polygon", "coordinates": [ [ [ 363648.0, 472222.0 ], [ 363491.0, 473170.0 ], [ 365238.0, 473710.0 ], [ 365581.0, 474985.0 ], [ 368781.0, 478604.0 ], [ 370052.0, 481319.0 ], [ 371751.0, 480924.0 ], [ 373717.0, 481220.0 ], [ 374238.0, 482703.0 ], [ 375679.0, 482769.0 ], [ 375837.0, 483679.0 ], [ 376485.0, 483844.0 ], [ 377512.0, 482501.0 ], [ 378194.0, 482529.0 ], [ 379028.0, 483285.0 ], [ 379542.0, 486086.0 ], [ 378879.0, 487165.0 ], [ 379403.0, 487964.0 ], [ 378980.0, 489778.0 ], [ 379899.0, 492048.0 ], [ 379262.0, 492891.0 ], [ 378331.0, 493315.0 ], [ 378237.0, 493952.0 ], [ 376719.0, 495028.0 ], [ 376201.0, 495676.0 ], [ 377674.0, 496067.0 ], [ 379504.0, 497913.0 ], [ 380807.0, 498052.0 ], [ 381149.0, 499495.0 ], [ 380263.0, 500225.0 ], [ 380114.0, 502848.0 ], [ 381118.0, 504129.0 ], [ 381104.0, 504916.0 ], [ 382479.0, 505103.0 ], [ 382726.0, 505791.0 ], [ 383449.0, 506115.0 ], [ 387756.0, 505957.0 ], [ 388592.0, 507374.0 ], [ 389834.0, 506773.0 ], [ 391095.0, 507371.0 ], [ 392479.0, 507426.0 ], [ 394522.0, 508129.0 ], [ 396127.0, 509468.0 ], [ 397299.0, 509805.0 ], [ 397307.0, 508864.0 ], [ 400308.0, 507947.0 ], [ 401646.0, 507149.0 ], [ 402070.0, 506289.0 ], [ 403839.0, 506478.0 ], [ 406976.0, 507940.0 ], [ 408030.0, 509194.0 ], [ 409145.0, 509684.0 ], [ 409307.0, 512033.0 ], [ 410495.0, 512580.0 ], [ 411653.0, 511070.0 ], [ 413488.0, 510079.0 ], [ 413881.0, 511766.0 ], [ 414570.0, 512556.0 ], [ 414355.0, 515198.0 ], [ 417268.0, 514793.0 ], [ 417774.0, 515181.0 ], [ 418129.0, 516372.0 ], [ 420604.0, 515395.0 ], [ 422233.0, 515532.0 ], [ 422436.0, 514440.0 ], [ 423895.0, 514367.0 ], [ 423848.0, 513264.0 ], [ 425212.0, 513923.0 ], [ 425949.0, 513609.0 ], [ 425980.0, 512979.0 ], [ 427221.0, 513139.0 ], [ 427165.0, 511397.0 ], [ 427762.0, 510612.0 ], [ 428916.0, 510049.0 ], [ 429538.0, 508538.0 ], [ 431194.0, 508517.0 ], [ 430546.0, 509033.0 ], [ 430603.0, 510031.0 ], [ 431455.0, 510022.0 ], [ 431919.0, 509539.0 ], [ 433024.0, 510212.0 ], [ 432581.0, 509004.0 ], [ 433950.0, 508974.0 ], [ 434770.0, 507491.0 ], [ 435439.0, 507983.0 ], [ 434847.0, 508819.0 ], [ 435175.0, 510956.0 ], [ 434064.0, 511598.0 ], [ 434930.0, 512235.0 ], [ 437222.0, 510137.0 ], [ 437033.0, 509508.0 ], [ 437871.0, 509235.0 ], [ 438361.0, 509449.0 ], [ 438531.0, 511075.0 ], [ 438987.0, 511009.0 ], [ 439311.0, 510203.0 ], [ 440068.0, 510379.0 ], [ 440198.0, 511129.0 ], [ 440894.0, 510269.0 ], [ 440677.0, 508913.0 ], [ 441146.0, 508233.0 ], [ 442163.0, 508865.0 ], [ 442919.0, 508045.0 ], [ 444608.0, 509318.0 ], [ 445558.0, 509413.0 ], [ 446226.0, 510136.0 ], [ 446121.0, 510524.0 ], [ 446670.0, 510801.0 ], [ 448154.0, 510566.0 ], [ 448238.0, 512007.0 ], [ 449164.0, 512129.0 ], [ 449918.0, 513224.0 ], [ 457177.0, 511797.0 ], [ 457616.0, 512479.0 ], [ 458730.0, 512758.0 ], [ 462436.0, 511456.0 ], [ 463317.0, 512295.0 ], [ 464636.0, 512421.0 ], [ 466949.0, 511815.0 ], [ 467987.0, 510809.0 ], [ 472584.0, 511876.0 ], [ 473024.0, 511192.0 ], [ 474659.0, 510901.0 ], [ 474981.0, 511237.0 ], [ 474356.0, 512536.0 ], [ 474609.0, 515577.0 ], [ 475976.0, 517667.0 ], [ 476700.0, 518116.0 ], [ 477629.0, 518024.0 ], [ 478203.0, 518916.0 ], [ 479351.0, 518706.0 ], [ 479940.0, 517421.0 ], [ 480907.0, 517009.0 ], [ 481352.0, 515530.0 ], [ 482157.0, 515467.0 ], [ 483380.0, 516134.0 ], [ 484658.0, 514725.0 ], [ 485425.0, 514592.0 ], [ 486032.0, 513833.0 ], [ 485942.0, 513070.0 ], [ 486577.0, 512492.0 ], [ 489138.0, 511599.0 ], [ 489775.0, 511531.0 ], [ 489933.0, 511882.0 ], [ 490220.0, 511480.0 ], [ 491530.0, 511351.0 ], [ 491766.0, 510753.0 ], [ 492824.0, 510318.0 ], [ 493652.0, 508737.0 ], [ 496016.0, 506652.0 ], [ 495294.0, 505195.0 ], [ 495950.0, 503337.0 ], [ 497251.0, 502368.0 ], [ 498048.0, 502406.0 ], [ 499860.0, 500385.0 ], [ 500803.0, 498545.0 ], [ 501061.0, 497042.0 ], [ 501531.0, 496794.0 ], [ 502066.0, 495083.0 ], [ 503033.0, 494031.0 ], [ 502793.0, 493137.0 ], [ 503074.0, 491693.0 ], [ 503710.0, 491126.0 ], [ 503737.0, 489895.0 ], [ 504403.0, 489249.0 ], [ 504982.0, 489523.0 ], [ 505249.0, 489226.0 ], [ 505114.0, 488627.0 ], [ 504541.0, 488491.0 ], [ 504504.0, 487739.0 ], [ 506553.0, 485478.0 ], [ 506371.0, 484921.0 ], [ 507563.0, 484072.0 ], [ 508459.0, 484283.0 ], [ 508613.0, 483807.0 ], [ 510193.0, 482757.0 ], [ 513608.0, 481413.0 ], [ 512523.0, 481573.0 ], [ 512123.0, 480991.0 ], [ 511965.0, 479899.0 ], [ 512367.0, 478446.0 ], [ 514254.0, 476284.0 ], [ 516820.0, 475005.0 ], [ 516278.0, 472807.0 ], [ 515767.0, 472179.0 ], [ 515249.0, 472686.0 ], [ 513504.0, 473004.0 ], [ 510900.0, 472485.0 ], [ 510262.0, 473495.0 ], [ 509663.0, 473458.0 ], [ 509485.0, 473913.0 ], [ 508108.0, 473600.0 ], [ 507183.0, 474258.0 ], [ 506227.0, 474362.0 ], [ 506216.0, 475332.0 ], [ 505170.0, 476769.0 ], [ 503477.0, 476540.0 ], [ 503061.0, 475648.0 ], [ 502406.0, 475284.0 ], [ 502861.0, 472430.0 ], [ 500950.0, 471156.0 ], [ 501130.0, 470090.0 ], [ 500320.0, 469476.0 ], [ 500395.0, 469058.0 ], [ 496611.0, 466511.0 ], [ 494115.0, 467357.0 ], [ 492260.0, 466588.0 ], [ 490697.0, 464724.0 ], [ 488012.0, 463945.0 ], [ 488823.0, 462976.0 ], [ 487890.0, 460961.0 ], [ 486670.0, 460956.0 ], [ 486091.0, 460185.0 ], [ 486056.0, 459456.0 ], [ 486690.0, 458832.0 ], [ 486364.0, 457771.0 ], [ 484979.0, 457446.0 ], [ 484546.0, 457980.0 ], [ 483289.0, 458153.0 ], [ 482901.0, 460027.0 ], [ 478775.0, 458782.0 ], [ 478520.0, 459254.0 ], [ 473712.0, 458466.0 ], [ 472938.0, 457612.0 ], [ 472628.0, 456535.0 ], [ 470909.0, 455618.0 ], [ 470036.0, 453201.0 ], [ 470880.0, 452129.0 ], [ 470491.0, 451247.0 ], [ 470778.0, 449300.0 ], [ 470454.0, 448697.0 ], [ 470916.0, 447769.0 ], [ 470303.0, 447281.0 ], [ 470255.0, 446371.0 ], [ 469854.0, 446223.0 ], [ 469731.0, 445237.0 ], [ 469231.0, 444702.0 ], [ 471101.0, 444218.0 ], [ 470920.0, 443122.0 ], [ 469862.0, 442639.0 ], [ 469864.0, 441800.0 ], [ 469319.0, 441316.0 ], [ 469691.0, 440359.0 ], [ 469380.0, 439122.0 ], [ 469867.0, 436850.0 ], [ 471198.0, 436060.0 ], [ 470289.0, 434483.0 ], [ 470706.0, 433951.0 ], [ 470174.0, 431970.0 ], [ 470736.0, 430412.0 ], [ 468252.0, 428554.0 ], [ 468595.0, 427107.0 ], [ 470270.0, 426628.0 ], [ 471886.0, 426769.0 ], [ 472408.0, 425180.0 ], [ 471108.0, 425247.0 ], [ 469784.0, 424548.0 ], [ 468897.0, 424775.0 ], [ 468574.0, 423223.0 ], [ 468122.0, 423363.0 ], [ 468224.0, 423856.0 ], [ 467388.0, 423678.0 ], [ 467424.0, 422778.0 ], [ 466051.0, 422973.0 ], [ 465671.0, 422579.0 ], [ 464700.0, 422862.0 ], [ 463561.0, 422386.0 ], [ 463107.0, 422881.0 ], [ 462593.0, 422698.0 ], [ 461891.0, 423746.0 ], [ 461152.0, 423322.0 ], [ 460588.0, 421660.0 ], [ 460789.0, 421294.0 ], [ 459360.0, 419756.0 ], [ 461606.0, 418296.0 ], [ 462814.0, 418312.0 ], [ 462673.0, 417641.0 ], [ 461827.0, 417335.0 ], [ 460589.0, 417630.0 ], [ 458158.0, 417037.0 ], [ 457270.0, 415479.0 ], [ 455915.0, 416630.0 ], [ 453640.0, 415791.0 ], [ 452410.0, 416522.0 ], [ 451800.0, 416093.0 ], [ 451854.0, 414470.0 ], [ 450841.0, 414113.0 ], [ 449324.0, 416732.0 ], [ 449817.0, 417888.0 ], [ 449500.0, 419166.0 ], [ 450060.0, 420048.0 ], [ 449992.0, 422039.0 ], [ 452819.0, 422338.0 ], [ 452955.0, 422982.0 ], [ 451689.0, 423689.0 ], [ 451612.0, 424335.0 ], [ 451176.0, 423994.0 ], [ 450906.0, 424493.0 ], [ 449181.0, 424183.0 ], [ 448340.0, 424551.0 ], [ 448131.0, 425636.0 ], [ 446798.0, 427157.0 ], [ 445252.0, 427694.0 ], [ 445445.0, 429054.0 ], [ 446423.0, 429063.0 ], [ 446869.0, 429869.0 ], [ 446517.0, 430787.0 ], [ 445786.0, 430966.0 ], [ 445314.0, 431908.0 ], [ 445214.0, 435023.0 ], [ 445809.0, 435787.0 ], [ 445458.0, 436470.0 ], [ 443791.0, 437684.0 ], [ 444424.0, 437989.0 ], [ 444435.0, 438370.0 ], [ 443382.0, 438969.0 ], [ 443474.0, 439577.0 ], [ 442657.0, 440250.0 ], [ 445314.0, 441267.0 ], [ 444630.0, 445132.0 ], [ 445971.0, 446036.0 ], [ 446072.0, 447312.0 ], [ 445586.0, 447441.0 ], [ 445488.0, 448909.0 ], [ 443117.0, 449463.0 ], [ 443065.0, 450064.0 ], [ 440692.0, 449551.0 ], [ 440127.0, 449802.0 ], [ 438955.0, 448971.0 ], [ 439056.0, 448130.0 ], [ 437374.0, 448071.0 ], [ 437530.0, 446556.0 ], [ 437253.0, 446149.0 ], [ 436884.0, 446563.0 ], [ 436170.0, 445802.0 ], [ 435372.0, 445671.0 ], [ 435035.0, 446218.0 ], [ 433862.0, 446205.0 ], [ 433021.0, 446684.0 ], [ 431067.0, 445939.0 ], [ 429838.0, 446101.0 ], [ 429579.0, 445302.0 ], [ 428818.0, 445394.0 ], [ 428479.0, 446148.0 ], [ 427514.0, 445992.0 ], [ 427244.0, 445087.0 ], [ 426491.0, 445328.0 ], [ 426112.0, 445964.0 ], [ 425030.0, 445313.0 ], [ 423597.0, 445743.0 ], [ 422959.0, 445562.0 ], [ 422753.0, 446308.0 ], [ 420815.0, 446093.0 ], [ 420530.0, 446743.0 ], [ 419603.0, 446930.0 ], [ 418766.0, 446801.0 ], [ 418626.0, 445856.0 ], [ 417899.0, 446051.0 ], [ 417034.0, 446522.0 ], [ 416650.0, 447393.0 ], [ 416155.0, 447238.0 ], [ 415503.0, 447628.0 ], [ 414811.0, 447283.0 ], [ 414362.0, 448154.0 ], [ 413361.0, 448194.0 ], [ 413384.0, 448822.0 ], [ 412851.0, 449185.0 ], [ 410234.0, 449301.0 ], [ 410097.0, 448899.0 ], [ 410853.0, 448377.0 ], [ 409796.0, 448327.0 ], [ 409232.0, 448542.0 ], [ 409136.0, 449369.0 ], [ 408304.0, 449995.0 ], [ 407922.0, 451881.0 ], [ 407110.0, 451036.0 ], [ 406201.0, 451328.0 ], [ 405164.0, 451010.0 ], [ 404824.0, 450485.0 ], [ 403559.0, 451143.0 ], [ 403421.0, 450768.0 ], [ 402368.0, 450593.0 ], [ 402573.0, 449677.0 ], [ 402148.0, 449492.0 ], [ 402522.0, 448586.0 ], [ 402337.0, 447972.0 ], [ 401673.0, 447837.0 ], [ 403170.0, 446172.0 ], [ 403214.0, 445263.0 ], [ 401498.0, 444876.0 ], [ 401397.0, 441651.0 ], [ 400910.0, 441279.0 ], [ 400082.0, 441736.0 ], [ 398677.0, 441618.0 ], [ 397063.0, 439323.0 ], [ 395175.0, 440684.0 ], [ 394769.0, 441504.0 ], [ 394185.0, 441333.0 ], [ 394667.0, 442324.0 ], [ 393327.0, 443866.0 ], [ 392662.0, 445388.0 ], [ 392938.0, 445768.0 ], [ 392602.0, 446620.0 ], [ 391854.0, 447447.0 ], [ 391118.0, 447961.0 ], [ 389403.0, 447915.0 ], [ 389436.0, 448543.0 ], [ 388886.0, 449035.0 ], [ 388128.0, 448826.0 ], [ 388201.0, 450197.0 ], [ 387190.0, 452523.0 ], [ 385287.0, 451691.0 ], [ 384879.0, 452819.0 ], [ 385328.0, 453407.0 ], [ 385009.0, 453902.0 ], [ 380788.0, 453192.0 ], [ 380572.0, 453878.0 ], [ 379120.0, 455337.0 ], [ 377810.0, 454873.0 ], [ 376998.0, 455460.0 ], [ 377009.0, 457225.0 ], [ 377777.0, 457305.0 ], [ 377524.0, 458018.0 ], [ 376686.0, 458181.0 ], [ 376277.0, 460693.0 ], [ 375671.0, 461442.0 ], [ 372210.0, 460318.0 ], [ 371711.0, 460712.0 ], [ 370054.0, 460599.0 ], [ 369291.0, 461751.0 ], [ 369722.0, 462903.0 ], [ 369640.0, 464455.0 ], [ 367822.0, 466079.0 ], [ 366688.0, 466710.0 ], [ 365826.0, 466651.0 ], [ 365707.0, 467441.0 ], [ 365000.0, 467711.0 ], [ 364397.0, 469219.0 ], [ 363280.0, 469795.0 ], [ 363648.0, 472222.0 ] ] ] } }
]
}
