{"type": "FeatureCollection", "features": [{"id": "0", "type": "Feature", "properties": {"region": "North East", "wealth": 179900}, "geometry": {"type": "MultiPolygon", "coordinates": [[[[450145.0, 525860.0], [450144.0, 525983.0], [450211.0, 525983.0], [450278.0, 525984.0], [450145.0, 525860.0]]], [[[454973.0, 527018.0], [454910.0, 526650.0], [454905.0, 527017.0], [454973.0, 527018.0]]], [[[478173.0, 518912.0], [474591.0, 515547.0], [474667.0, 510898.0], [449879.0, 513252.0], [448223.0, 510420.0], [442648.0, 507794.0], [440613.0, 508877.0], [440189.0, 511076.0], [440456.0, 511323.0], [440450.0, 512058.0], [441528.0, 512190.0], [441662.0, 512313.0], [441660.0, 512436.0], [441659.0, 512558.0], [441586.0, 513169.0], [441992.0, 513050.0], [442201.0, 512318.0], [442337.0, 512197.0], [444429.0, 512094.0], [442849.0, 515139.0], [443119.0, 515141.0], [443246.0, 515877.0], [443386.0, 515389.0], [443790.0, 515392.0], [444463.0, 515521.0], [444529.0, 515644.0], [444728.0, 516013.0], [444387.0, 516377.0], [444726.0, 516136.0], [444861.0, 516137.0], [444929.0, 516138.0], [444654.0, 516625.0], [444919.0, 517117.0], [444708.0, 517971.0], [444975.0, 518219.0], [444765.0, 519073.0], [446180.0, 518965.0], [447657.0, 519470.0], [447922.0, 519840.0], [448106.0, 521555.0], [448438.0, 521926.0], [451479.0, 520858.0], [451551.0, 520491.0], [450610.0, 520358.0], [450546.0, 519990.0], [452429.0, 520256.0], [455223.0, 522982.0], [455763.0, 528373.0], [464584.0, 522493.0], [478173.0, 518912.0]]], [[[429252.0, 604859.0], [429518.0, 604616.0], [429454.0, 604371.0], [429252.0, 604859.0]]], [[[422442.0, 632112.0], [422507.0, 632235.0], [422507.0, 632113.0], [422442.0, 632112.0]]], [[[422488.0, 635907.0], [422553.0, 636030.0], [422619.0, 635907.0], [422488.0, 635907.0]]], [[[422159.0, 636027.0], [422422.0, 635906.0], [422160.0, 635905.0], [422159.0, 636027.0]]], [[[421765.0, 636148.0], [421898.0, 635781.0], [421569.0, 636025.0], [421765.0, 636148.0]]], [[[422092.0, 636394.0], [422158.0, 636272.0], [422026.0, 636394.0], [422092.0, 636394.0]]], [[[420579.0, 637366.0], [420645.0, 637244.0], [420513.0, 637366.0], [420579.0, 637366.0]]], [[[423659.0, 637749.0], [423922.0, 637628.0], [423857.0, 637383.0], [423726.0, 637382.0], [423659.0, 637749.0]]], [[[423790.0, 637750.0], [423657.0, 637994.0], [424052.0, 637751.0], [423790.0, 637750.0]]], [[[423722.0, 638116.0], [423657.0, 638116.0], [423787.0, 638239.0], [423722.0, 638116.0]]], [[[423459.0, 638360.0], [423524.0, 638360.0], [423590.0, 638360.0], [423590.0, 638238.0], [423459.0, 638360.0]]], [[[424048.0, 638485.0], [423851.0, 638484.0], [424047.0, 638608.0], [424048.0, 638485.0]]], [[[423457.0, 638605.0], [423327.0, 638481.0], [423326.0, 638604.0], [423457.0, 638605.0]]], [[[424636.0, 638856.0], [424833.0, 638734.0], [424768.0, 638734.0], [424636.0, 638856.0]]], [[[424766.0, 638979.0], [424700.0, 639101.0], [424897.0, 638980.0], [424766.0, 638979.0]]], [[[424568.0, 639223.0], [424568.0, 639223.0], [424634.0, 639223.0], [424568.0, 639223.0]]], [[[424503.0, 639222.0], [424437.0, 639222.0], [424437.0, 639344.0], [424503.0, 639222.0]]], [[[413488.0, 640276.0], [413226.0, 640398.0], [412963.0, 640519.0], [413488.0, 640276.0]]], [[[411383.0, 643452.0], [414008.0, 641624.0], [409222.0, 643570.0], [411383.0, 643452.0]]], [[[392601.0, 649931.0], [392667.0, 649809.0], [392601.0, 649809.0], [392601.0, 649931.0]]], [[[395611.0, 651885.0], [395546.0, 652008.0], [395676.0, 651885.0], [396068.0, 651885.0], [395611.0, 651885.0]]], [[[413294.0, 639296.0], [414556.0, 634405.0], [417568.0, 636007.0], [424167.0, 628817.0], [422925.0, 627586.0], [426943.0, 615248.0], [424796.0, 610217.0], [424069.0, 610580.0], [424267.0, 610581.0], [424397.0, 610827.0], [424263.0, 611316.0], [424791.0, 611196.0], [424856.0, 611319.0], [424789.0, 611563.0], [424657.0, 611563.0], [424260.0, 611805.0], [424194.0, 611805.0], [423799.0, 611558.0], [424260.0, 611805.0], [424723.0, 611563.0], [424791.0, 611196.0], [424460.0, 611439.0], [424526.0, 611317.0], [424263.0, 611316.0], [424197.0, 611193.0], [424266.0, 610704.0], [423936.0, 610702.0], [427334.0, 605214.0], [424818.0, 606301.0], [424686.0, 606300.0], [424555.0, 606177.0], [424623.0, 605810.0], [424558.0, 605687.0], [424425.0, 605687.0], [424359.0, 605686.0], [424227.0, 605685.0], [423763.0, 606050.0], [424360.0, 605564.0], [424624.0, 605688.0], [424686.0, 606300.0], [424951.0, 606179.0], [426281.0, 604718.0], [427270.0, 604969.0], [428668.0, 603264.0], [427247.0, 597993.0], [432016.0, 587989.0], [429381.0, 585278.0], [430377.0, 585285.0], [432868.0, 580407.0], [432062.0, 581625.0], [430993.0, 582474.0], [430589.0, 583328.0], [428197.0, 583679.0], [429797.0, 582711.0], [427874.0, 582331.0], [427675.0, 582207.0], [427610.0, 581962.0], [431995.0, 581624.0], [438279.0, 569068.0], [436548.0, 568931.0], [435755.0, 568190.0], [434905.0, 566103.0], [431973.0, 566081.0], [431770.0, 566569.0], [430968.0, 566931.0], [431907.0, 566081.0], [430110.0, 565701.0], [428795.0, 562878.0], [426184.0, 564698.0], [423327.0, 562846.0], [418852.0, 564416.0], [418122.0, 563679.0], [417652.0, 564534.0], [415915.0, 565506.0], [413849.0, 565500.0], [417789.0, 563678.0], [420591.0, 563322.0], [420127.0, 562708.0], [420193.0, 562709.0], [420260.0, 562709.0], [420261.0, 562464.0], [420194.0, 562464.0], [419994.0, 562463.0], [419529.0, 562094.0], [419331.0, 561604.0], [419861.0, 562340.0], [420194.0, 562464.0], [420327.0, 562587.0], [420791.0, 563323.0], [423934.0, 561503.0], [425855.0, 563962.0], [428730.0, 562633.0], [429661.0, 563006.0], [430975.0, 565830.0], [434915.0, 564879.0], [433908.0, 565851.0], [435309.0, 565617.0], [435957.0, 567947.0], [438415.0, 568702.0], [441638.0, 558695.0], [436769.0, 558286.0], [433843.0, 556672.0], [429464.0, 552358.0], [433910.0, 556672.0], [441574.0, 558450.0], [445077.0, 541839.0], [453279.0, 533851.0], [451867.0, 534079.0], [451757.0, 531875.0], [454417.0, 528479.0], [451694.0, 525633.0], [450956.0, 525502.0], [450414.0, 525863.0], [450214.0, 525739.0], [450145.0, 525860.0], [450279.0, 525862.0], [450278.0, 525984.0], [449740.0, 525978.0], [449674.0, 525855.0], [449600.0, 526466.0], [449395.0, 526831.0], [448261.0, 525962.0], [449603.0, 526221.0], [449674.0, 525855.0], [450009.0, 525981.0], [450215.0, 525616.0], [450753.0, 525622.0], [450621.0, 525376.0], [453445.0, 525408.0], [453635.0, 526390.0], [454040.0, 526272.0], [454334.0, 524195.0], [451544.0, 521103.0], [448369.0, 522170.0], [448036.0, 521799.0], [447786.0, 519961.0], [447648.0, 520326.0], [447443.0, 520569.0], [447173.0, 520688.0], [446969.0, 520809.0], [446629.0, 521172.0], [446426.0, 521293.0], [446158.0, 521168.0], [445549.0, 521529.0], [445480.0, 521650.0], [445410.0, 521894.0], [445549.0, 521529.0], [446157.0, 521290.0], [446158.0, 521168.0], [446629.0, 521172.0], [447443.0, 520569.0], [447655.0, 519592.0], [444698.0, 519073.0], [444587.0, 516624.0], [444861.0, 516137.0], [444794.0, 516136.0], [444726.0, 516136.0], [444387.0, 516377.0], [444320.0, 516377.0], [443386.0, 515389.0], [443450.0, 515756.0], [443381.0, 515878.0], [443112.0, 515876.0], [442782.0, 515138.0], [442939.0, 512692.0], [442337.0, 512197.0], [441992.0, 513050.0], [441789.0, 513171.0], [441519.0, 513168.0], [441528.0, 512190.0], [440785.0, 512305.0], [440450.0, 512058.0], [439993.0, 510340.0], [438636.0, 511185.0], [438180.0, 509223.0], [435188.0, 512259.0], [434112.0, 511761.0], [435300.0, 506386.0], [432976.0, 510284.0], [429547.0, 508548.0], [427224.0, 513183.0], [418245.0, 516320.0], [417375.0, 514726.0], [414340.0, 515205.0], [413480.0, 509941.0], [410505.0, 512625.0], [409230.0, 509563.0], [404712.0, 506742.0], [402011.0, 506250.0], [397287.0, 509800.0], [389790.0, 506629.0], [388934.0, 515197.0], [380406.0, 522323.0], [379146.0, 526367.0], [381177.0, 529907.0], [377428.0, 532372.0], [380224.0, 542149.0], [379034.0, 545703.0], [373645.0, 551361.0], [368194.0, 546256.0], [363587.0, 547760.0], [361237.0, 554510.0], [365151.0, 559496.0], [361588.0, 564298.0], [363496.0, 569300.0], [369240.0, 571826.0], [367927.0, 574283.0], [369074.0, 576601.0], [364551.0, 576390.0], [361934.0, 581307.0], [358226.0, 582564.0], [356160.0, 588459.0], [361256.0, 594898.0], [359018.0, 596387.0], [364630.0, 602825.0], [367079.0, 603295.0], [369151.0, 606585.0], [376082.0, 606175.0], [378734.0, 608242.0], [378822.0, 612770.0], [385489.0, 614945.0], [389586.0, 619340.0], [387350.0, 620202.0], [384945.0, 629144.0], [378942.0, 637614.0], [380720.0, 639320.0], [385371.0, 638689.0], [384458.0, 639917.0], [389649.0, 645898.0], [389195.0, 647490.0], [392731.0, 649441.0], [393454.0, 651888.0], [396591.0, 651517.0], [397768.0, 651884.0], [398095.0, 652985.0], [399206.0, 653107.0], [407387.0, 644545.0], [408244.0, 641365.0], [409953.0, 638920.0], [411856.0, 637824.0], [413294.0, 639296.0]]], [[[395480.0, 652008.0], [394701.0, 655558.0], [397967.0, 657514.0], [401101.0, 652373.0], [399075.0, 653474.0], [395480.0, 652008.0]]]]}, "wealth": 179900, "region": "North East"}, {"id": "1", "type": "Feature", "properties": {"region": "North West", "wealth": 222400}, "geometry": {"type": "MultiPolygon", "coordinates": [[[[319886.0, 386774.0], [320022.0, 386649.0], [319819.0, 386897.0], [319886.0, 386774.0]]], [[[318861.0, 387648.0], [319132.0, 387276.0], [318926.0, 387402.0], [318861.0, 387648.0]]], [[[318521.0, 388021.0], [318723.0, 387650.0], [318387.0, 388268.0], [318521.0, 388021.0]]], [[[338329.0, 439972.0], [338262.0, 440096.0], [338400.0, 440216.0], [338329.0, 439972.0]]], [[[341059.0, 455356.0], [341191.0, 454987.0], [340988.0, 455112.0], [341059.0, 455356.0]]], [[[345395.0, 458239.0], [345265.0, 458731.0], [345471.0, 458850.0], [345395.0, 458239.0]]], [[[348180.0, 463102.0], [348178.0, 462980.0], [348181.0, 463225.0], [348180.0, 463102.0]]], [[[321468.0, 463968.0], [321466.0, 463846.0], [321332.0, 463971.0], [321468.0, 463968.0]]], [[[323375.0, 463814.0], [323100.0, 463696.0], [323243.0, 464061.0], [323375.0, 463814.0]]], [[[347711.0, 469838.0], [347508.0, 469963.0], [347781.0, 470082.0], [347711.0, 469838.0]]], [[[345967.0, 472061.0], [345965.0, 471939.0], [345829.0, 471940.0], [345967.0, 472061.0]]], [[[335094.0, 473058.0], [336582.0, 472425.0], [333707.0, 471242.0], [334759.0, 473430.0], [335094.0, 473058.0]]], [[[318296.0, 473447.0], [318258.0, 467451.0], [321237.0, 462381.0], [323274.0, 461858.0], [320756.0, 462145.0], [317124.0, 468817.0], [316718.0, 472741.0], [318296.0, 473447.0]]], [[[332143.0, 475915.0], [332139.0, 475670.0], [332076.0, 476038.0], [332143.0, 475915.0]]], [[[318428.0, 480911.0], [318363.0, 481034.0], [318365.0, 481157.0], [318428.0, 480911.0]]], [[[319804.0, 485782.0], [319734.0, 485661.0], [319806.0, 485905.0], [319804.0, 485782.0]]], [[[317161.0, 552415.0], [317295.0, 552412.0], [317228.0, 552414.0], [317161.0, 552415.0]]], [[[317536.0, 554611.0], [317600.0, 554488.0], [317469.0, 554613.0], [317471.0, 554735.0], [317404.0, 554736.0], [317406.0, 554859.0], [317536.0, 554611.0]]], [[[336067.0, 560674.0], [335930.0, 560431.0], [335865.0, 560554.0], [336067.0, 560674.0]]], [[[364292.0, 577248.0], [368744.0, 576970.0], [369308.0, 571948.0], [363496.0, 569300.0], [361588.0, 564298.0], [365151.0, 559496.0], [361237.0, 554510.0], [362997.0, 549233.0], [366450.0, 545779.0], [373645.0, 551361.0], [379034.0, 545703.0], [380224.0, 542149.0], [377166.0, 533597.0], [381507.0, 528437.0], [379146.0, 526367.0], [380406.0, 522323.0], [388934.0, 515197.0], [389795.0, 508587.0], [387628.0, 505900.0], [381073.0, 504944.0], [380774.0, 497970.0], [376229.0, 495666.0], [379936.0, 492100.0], [378878.0, 482927.0], [375827.0, 483677.0], [373777.0, 481118.0], [370043.0, 481263.0], [363461.0, 473113.0], [363166.0, 470300.0], [369730.0, 464502.0], [370045.0, 460584.0], [375574.0, 461530.0], [377871.0, 457114.0], [376976.0, 455405.0], [381404.0, 453060.0], [384754.0, 454027.0], [385293.0, 451700.0], [387209.0, 452673.0], [388019.0, 449000.0], [392665.0, 446666.0], [397036.0, 436995.0], [391615.0, 433698.0], [391468.0, 428315.0], [388645.0, 425140.0], [389463.0, 422324.0], [392277.0, 419382.0], [396682.0, 420844.0], [398467.0, 413380.0], [406056.0, 404697.0], [405300.0, 401515.0], [401986.0, 400901.0], [401020.0, 395395.0], [398253.0, 392826.0], [400605.0, 390990.0], [397834.0, 386464.0], [399774.0, 383282.0], [399496.0, 373740.0], [401789.0, 370437.0], [399982.0, 366154.0], [396920.0, 366155.0], [394273.0, 363589.0], [390726.0, 365185.0], [390650.0, 362126.0], [383591.0, 354805.0], [374572.0, 350685.0], [374540.0, 344568.0], [367801.0, 340327.0], [365085.0, 342059.0], [364503.0, 339004.0], [362419.0, 340978.0], [360732.0, 339890.0], [357624.0, 344565.0], [351388.0, 343034.0], [343995.0, 344705.0], [339656.0, 355402.0], [341091.0, 358688.0], [337048.0, 358617.0], [333544.0, 362335.0], [338096.0, 364232.0], [339587.0, 366537.0], [339580.0, 365926.0], [339714.0, 365557.0], [339921.0, 365432.0], [340410.0, 365548.0], [340760.0, 365666.0], [340831.0, 365788.0], [339589.0, 366660.0], [338599.0, 365449.0], [331676.0, 372885.0], [327247.0, 374174.0], [327279.0, 376254.0], [329145.0, 375614.0], [326189.0, 377616.0], [325273.0, 381179.0], [327795.0, 378204.0], [320379.0, 387255.0], [321738.0, 389802.0], [331018.0, 394553.0], [336721.0, 381258.0], [342984.0, 377018.0], [343914.0, 379332.0], [347507.0, 377945.0], [349816.0, 379633.0], [349853.0, 383181.0], [355134.0, 384352.0], [356402.0, 386542.0], [357023.0, 386292.0], [357652.0, 386898.0], [358550.0, 386523.0], [358969.0, 386886.0], [359671.0, 387981.0], [359526.0, 387249.0], [359729.0, 386635.0], [360142.0, 386387.0], [361746.0, 387597.0], [360143.0, 386509.0], [359740.0, 387981.0], [359602.0, 387982.0], [359462.0, 387861.0], [358620.0, 386645.0], [357653.0, 387020.0], [356265.0, 386666.0], [355206.0, 384596.0], [349244.0, 384533.0], [347539.0, 380881.0], [341590.0, 382297.0], [334596.0, 388139.0], [329708.0, 404117.0], [326847.0, 406608.0], [335555.0, 422633.0], [336383.0, 422866.0], [335961.0, 422138.0], [336779.0, 421637.0], [337130.0, 422122.0], [337259.0, 421509.0], [337051.0, 421389.0], [337115.0, 421021.0], [337729.0, 420646.0], [337473.0, 422118.0], [336516.0, 422498.0], [338799.0, 423569.0], [338072.0, 425781.0], [341074.0, 424029.0], [339862.0, 426002.0], [345077.0, 425326.0], [345043.0, 422512.0], [345513.0, 421528.0], [346061.0, 421277.0], [345854.0, 421279.0], [345715.0, 421158.0], [345642.0, 420792.0], [345710.0, 420669.0], [346052.0, 420543.0], [346648.0, 418456.0], [346639.0, 417722.0], [346498.0, 417356.0], [346495.0, 417111.0], [346676.0, 414907.0], [347085.0, 414535.0], [347019.0, 414781.0], [346676.0, 414907.0], [346762.0, 416374.0], [346495.0, 417111.0], [346639.0, 417722.0], [346646.0, 418333.0], [345642.0, 420792.0], [346061.0, 421277.0], [345995.0, 421522.0], [346201.0, 421520.0], [345114.0, 422634.0], [345550.0, 424709.0], [345621.0, 424830.0], [345688.0, 424707.0], [345757.0, 424706.0], [345897.0, 424950.0], [346033.0, 424826.0], [346170.0, 424824.0], [346172.0, 424946.0], [343720.0, 426811.0], [351029.0, 429298.0], [353077.0, 428176.0], [353283.0, 428174.0], [353352.0, 428173.0], [353836.0, 428535.0], [354180.0, 428532.0], [354589.0, 428283.0], [354933.0, 428280.0], [355204.0, 427910.0], [355273.0, 427910.0], [355479.0, 427908.0], [355685.0, 427906.0], [356445.0, 428388.0], [351785.0, 429413.0], [350618.0, 429425.0], [348139.0, 428840.0], [347948.0, 430188.0], [347174.0, 428483.0], [338494.0, 426509.0], [337329.0, 426770.0], [339945.0, 427102.0], [339681.0, 427962.0], [333625.0, 427188.0], [330509.0, 430170.0], [331595.0, 448021.0], [334064.0, 448474.0], [333410.0, 445792.0], [336377.0, 442568.0], [335460.0, 440623.0], [338188.0, 439729.0], [340051.0, 440684.0], [340538.0, 441290.0], [341148.0, 440792.0], [342312.0, 440778.0], [343073.0, 441380.0], [343067.0, 440891.0], [343201.0, 440644.0], [344159.0, 440511.0], [344372.0, 441120.0], [345059.0, 441356.0], [345330.0, 441108.0], [345811.0, 441225.0], [345878.0, 441102.0], [344159.0, 440511.0], [343006.0, 441503.0], [340334.0, 441415.0], [337578.0, 440227.0], [334474.0, 448469.0], [339363.0, 450972.0], [341601.0, 449597.0], [343824.0, 452507.0], [344836.0, 451393.0], [345245.0, 451266.0], [342478.0, 454114.0], [344213.0, 456418.0], [345439.0, 456159.0], [345503.0, 455791.0], [345642.0, 456034.0], [345639.0, 455789.0], [345708.0, 455788.0], [345914.0, 455908.0], [345844.0, 455787.0], [345979.0, 455663.0], [346048.0, 455662.0], [345829.0, 460315.0], [344884.0, 461182.0], [347759.0, 462128.0], [348244.0, 462734.0], [348182.0, 463347.0], [344475.0, 461187.0], [345318.0, 457506.0], [343072.0, 458023.0], [342355.0, 455217.0], [339548.0, 459903.0], [342608.0, 464637.0], [346511.0, 466181.0], [348816.0, 471294.0], [346419.0, 469975.0], [343295.0, 476131.0], [348861.0, 481451.0], [347935.0, 483664.0], [347055.0, 483796.0], [347057.0, 484041.0], [347466.0, 484159.0], [347736.0, 484033.0], [347804.0, 484032.0], [348351.0, 484393.0], [347209.0, 485385.0], [346984.0, 483552.0], [348319.0, 481579.0], [340870.0, 477875.0], [339246.0, 473246.0], [338244.0, 474605.0], [336721.0, 472668.0], [335094.0, 473058.0], [334426.0, 473924.0], [334510.0, 475024.0], [335263.0, 475381.0], [335550.0, 476478.0], [334382.0, 475638.0], [332316.0, 478483.0], [333957.0, 479193.0], [331763.0, 482407.0], [334014.0, 483108.0], [332949.0, 484592.0], [334468.0, 486406.0], [333979.0, 485434.0], [332949.0, 484592.0], [333074.0, 483856.0], [331497.0, 482778.0], [332745.0, 479945.0], [330831.0, 474588.0], [323407.0, 465772.0], [324748.0, 464403.0], [324806.0, 463791.0], [322984.0, 464922.0], [322018.0, 468243.0], [320288.0, 466681.0], [318707.0, 469768.0], [319325.0, 473919.0], [318061.0, 475532.0], [320661.0, 476466.0], [323220.0, 483154.0], [322048.0, 482072.0], [320518.0, 487851.0], [319028.0, 484082.0], [320120.0, 484431.0], [320236.0, 483327.0], [317537.0, 480437.0], [319283.0, 479305.0], [313622.0, 478184.0], [307462.0, 489564.0], [308265.0, 495790.0], [308308.0, 494566.0], [309104.0, 493693.0], [310840.0, 495862.0], [310784.0, 496475.0], [310915.0, 496228.0], [310982.0, 496226.0], [311118.0, 496224.0], [311192.0, 496590.0], [311531.0, 496583.0], [311668.0, 496703.0], [311603.0, 496826.0], [311808.0, 496945.0], [312014.0, 497063.0], [312016.0, 497186.0], [311951.0, 497309.0], [312084.0, 497184.0], [312159.0, 497550.0], [310784.0, 496475.0], [310704.0, 495865.0], [310163.0, 495875.0], [309737.0, 494904.0], [308782.0, 494556.0], [309252.0, 497729.0], [307062.0, 496549.0], [307177.0, 498873.0], [306523.0, 496683.0], [307994.0, 495796.0], [307029.0, 494959.0], [293937.0, 514463.0], [297262.0, 518304.0], [298124.0, 529669.0], [299252.0, 529032.0], [300465.0, 529127.0], [298659.0, 529535.0], [302850.0, 536910.0], [307711.0, 541582.0], [310365.0, 553647.0], [312689.0, 556294.0], [314239.0, 556999.0], [314502.0, 556749.0], [312952.0, 556044.0], [312813.0, 555802.0], [313011.0, 555676.0], [312873.0, 555434.0], [315008.0, 555271.0], [313615.0, 555787.0], [314163.0, 556511.0], [317337.0, 554737.0], [316822.0, 552176.0], [316884.0, 551930.0], [317415.0, 551676.0], [317482.0, 551675.0], [317618.0, 551795.0], [317682.0, 551671.0], [317618.0, 551795.0], [316884.0, 551930.0], [316822.0, 552176.0], [317901.0, 552646.0], [317427.0, 555960.0], [318885.0, 555321.0], [319670.0, 558122.0], [321787.0, 556983.0], [322328.0, 557341.0], [322393.0, 557218.0], [322526.0, 557215.0], [322729.0, 557334.0], [323136.0, 557694.0], [323004.0, 557819.0], [323269.0, 557692.0], [323405.0, 557812.0], [323542.0, 558055.0], [323672.0, 557808.0], [323941.0, 557925.0], [323601.0, 557564.0], [323655.0, 556829.0], [323722.0, 556828.0], [323858.0, 556948.0], [323922.0, 556824.0], [324056.0, 556822.0], [324120.0, 556698.0], [324052.0, 556577.0], [323787.0, 556704.0], [323785.0, 556582.0], [324047.0, 556332.0], [324043.0, 556088.0], [323774.0, 555970.0], [323904.0, 555723.0], [324104.0, 555719.0], [324240.0, 555840.0], [323774.0, 555970.0], [323785.0, 556582.0], [324052.0, 556577.0], [324118.0, 556576.0], [324120.0, 556698.0], [323655.0, 556829.0], [324006.0, 557802.0], [323941.0, 557925.0], [323805.0, 557805.0], [323672.0, 557808.0], [323676.0, 558052.0], [323476.0, 558056.0], [323269.0, 557692.0], [323138.0, 557817.0], [323004.0, 557819.0], [322526.0, 557215.0], [322197.0, 557466.0], [321856.0, 557105.0], [320209.0, 558358.0], [316528.0, 557935.0], [317388.0, 561102.0], [322957.0, 562838.0], [326977.0, 559833.0], [328375.0, 559566.0], [329513.0, 559793.0], [332814.0, 561823.0], [332609.0, 561459.0], [335416.0, 561785.0], [335658.0, 560067.0], [336265.0, 560548.0], [335549.0, 561783.0], [332825.0, 562557.0], [328989.0, 560413.0], [327723.0, 560556.0], [329457.0, 564690.0], [332208.0, 565871.0], [333583.0, 564137.0], [334788.0, 564486.0], [335526.0, 564843.0], [333584.0, 564259.0], [332481.0, 566234.0], [334562.0, 571834.0], [332926.0, 573694.0], [338840.0, 573119.0], [347474.0, 582923.0], [356160.0, 588459.0], [358226.0, 582564.0], [361934.0, 581307.0], [364292.0, 577248.0]]]]}, "wealth": 222400, "region": "North West"}, {"id": "2", "type": "Feature", "properties": {"region": "Yorkshire & the Humber", "wealth": 245600}, "geometry": {"type": "MultiPolygon", "coordinates": [[[[495571.0, 422548.0], [497779.0, 422226.0], [497784.0, 421981.0], [496831.0, 421472.0], [495571.0, 422548.0]]], [[[533841.0, 405118.0], [528407.0, 404233.0], [525723.0, 398652.0], [527438.0, 396617.0], [524233.0, 394818.0], [518834.0, 400310.0], [518084.0, 405433.0], [519845.0, 409517.0], [517779.0, 409342.0], [512479.0, 414599.0], [510354.0, 408183.0], [504109.0, 409755.0], [499502.0, 405739.0], [504107.0, 406695.0], [505666.0, 404894.0], [505152.0, 403169.0], [500342.0, 401963.0], [501518.0, 398683.0], [492159.0, 396412.0], [491278.0, 402636.0], [483735.0, 403353.0], [483824.0, 406169.0], [483162.0, 408483.0], [484230.0, 410460.0], [484189.0, 412784.0], [485700.0, 413056.0], [486240.0, 413678.0], [485289.0, 416720.0], [486364.0, 418209.0], [486945.0, 420300.0], [486480.0, 423106.0], [491805.0, 425165.0], [493434.0, 422750.0], [497664.0, 421122.0], [501053.0, 423519.0], [512284.0, 425610.0], [518823.0, 417202.0], [526291.0, 411031.0], [528421.0, 411334.0], [533841.0, 405118.0]]], [[[475295.0, 425851.0], [475020.0, 425846.0], [475222.0, 426094.0], [475295.0, 425851.0]]], [[[508364.0, 484274.0], [508226.0, 484393.0], [508432.0, 484276.0], [508364.0, 484274.0]]], [[[478173.0, 518912.0], [486242.0, 512571.0], [489966.0, 511908.0], [488674.0, 508945.0], [490334.0, 510324.0], [489966.0, 511908.0], [492831.0, 510374.0], [496014.0, 506645.0], [495811.0, 503458.0], [499867.0, 500362.0], [506382.0, 484840.0], [513594.0, 481462.0], [511935.0, 479830.0], [514681.0, 475980.0], [525776.0, 470760.0], [518321.0, 466646.0], [517166.0, 458414.0], [521875.0, 445436.0], [540016.0, 420479.0], [541731.0, 416122.0], [542119.0, 414665.0], [542210.0, 413933.0], [542153.0, 413564.0], [541631.0, 412569.0], [539694.0, 410430.0], [542138.0, 414053.0], [539288.0, 417151.0], [532403.0, 419401.0], [533466.0, 418330.0], [528832.0, 416486.0], [525508.0, 417131.0], [517113.0, 424994.0], [516837.0, 427802.0], [515926.0, 428514.0], [510162.0, 428131.0], [510420.0, 428871.0], [510056.0, 429719.0], [510328.0, 429848.0], [510251.0, 430214.0], [509762.0, 430569.0], [510299.0, 431072.0], [510153.0, 431435.0], [510148.0, 431680.0], [510008.0, 431799.0], [509596.0, 431789.0], [509378.0, 432274.0], [508967.0, 432264.0], [509021.0, 432878.0], [508950.0, 432998.0], [508741.0, 433116.0], [508669.0, 433237.0], [508935.0, 433610.0], [508518.0, 433845.0], [508241.0, 433961.0], [508169.0, 434082.0], [508232.0, 434328.0], [508164.0, 434327.0], [508092.0, 434447.0], [507884.0, 434565.0], [507730.0, 435296.0], [508453.0, 436659.0], [507827.0, 437012.0], [507399.0, 437736.0], [506919.0, 437725.0], [506640.0, 437964.0], [506697.0, 438455.0], [506617.0, 438942.0], [506403.0, 439305.0], [505433.0, 439772.0], [505819.0, 440883.0], [505814.0, 441127.0], [505347.0, 443565.0], [504789.0, 444042.0], [504783.0, 444287.0], [505197.0, 444174.0], [505262.0, 444297.0], [505468.0, 444302.0], [505602.0, 444428.0], [505659.0, 444918.0], [505506.0, 445649.0], [506225.0, 447135.0], [507379.0, 447528.0], [508029.0, 449012.0], [508010.0, 449869.0], [506359.0, 447260.0], [505584.0, 448222.0], [503719.0, 449037.0], [506359.0, 447260.0], [506225.0, 447135.0], [506233.0, 446768.0], [506381.0, 446281.0], [505506.0, 445649.0], [505164.0, 445642.0], [504961.0, 445515.0], [502813.0, 446691.0], [504055.0, 446229.0], [504961.0, 445515.0], [505509.0, 445527.0], [504375.0, 444155.0], [505365.0, 439771.0], [506475.0, 439184.0], [506640.0, 437964.0], [507468.0, 437738.0], [508453.0, 436659.0], [508404.0, 435801.0], [507795.0, 435420.0], [507730.0, 435296.0], [507741.0, 434806.0], [508967.0, 432264.0], [509667.0, 431669.0], [510008.0, 431799.0], [510153.0, 431435.0], [510296.0, 431194.0], [510299.0, 431072.0], [510025.0, 431065.0], [509762.0, 430569.0], [510094.0, 428129.0], [496287.0, 424521.0], [493565.0, 426546.0], [490459.0, 427220.0], [486054.0, 423833.0], [478624.0, 424069.0], [477668.0, 423686.0], [475912.0, 421700.0], [475128.0, 423400.0], [476558.0, 424280.0], [476532.0, 425871.0], [476037.0, 426719.0], [468608.0, 427217.0], [468598.0, 427951.0], [468453.0, 428438.0], [467347.0, 428912.0], [466914.0, 430374.0], [465878.0, 430849.0], [465811.0, 430725.0], [465473.0, 430353.0], [465200.0, 430227.0], [464860.0, 429978.0], [464589.0, 429729.0], [464452.0, 429727.0], [464383.0, 429727.0], [463896.0, 430209.0], [463825.0, 430331.0], [464641.0, 430954.0], [464358.0, 431562.0], [464219.0, 431682.0], [463533.0, 431673.0], [461737.0, 432505.0], [462897.0, 433010.0], [463140.0, 435339.0], [461901.0, 435689.0], [461344.0, 436294.0], [460450.0, 436527.0], [460982.0, 437757.0], [460909.0, 438124.0], [460703.0, 438121.0], [460227.0, 437870.0], [460093.0, 437624.0], [459814.0, 437987.0], [459056.0, 438345.0], [458098.0, 438210.0], [457760.0, 437839.0], [457415.0, 437957.0], [458140.0, 440291.0], [458069.0, 440535.0], [457445.0, 441139.0], [458192.0, 441638.0], [458460.0, 442131.0], [458866.0, 442503.0], [459003.0, 442505.0], [459140.0, 442506.0], [459207.0, 442630.0], [459274.0, 442753.0], [459271.0, 442997.0], [459473.0, 443245.0], [459540.0, 443368.0], [459734.0, 444227.0], [459319.0, 444589.0], [457510.0, 441385.0], [457445.0, 441139.0], [457446.0, 441017.0], [458073.0, 440168.0], [457540.0, 438938.0], [457332.0, 439180.0], [457058.0, 439176.0], [456587.0, 438436.0], [456517.0, 438558.0], [456583.0, 438804.0], [456581.0, 438926.0], [456371.0, 439290.0], [456367.0, 439658.0], [454509.0, 440370.0], [454030.0, 440242.0], [453829.0, 439872.0], [453832.0, 439628.0], [453210.0, 440110.0], [452937.0, 439985.0], [452319.0, 440100.0], [454932.0, 439273.0], [456367.0, 439658.0], [456581.0, 438926.0], [456449.0, 438557.0], [456587.0, 438436.0], [457195.0, 439178.0], [457333.0, 439057.0], [457062.0, 438809.0], [457417.0, 437835.0], [457556.0, 437714.0], [457693.0, 437716.0], [458166.0, 438211.0], [460024.0, 437623.0], [460093.0, 437624.0], [460161.0, 437625.0], [460840.0, 438123.0], [460311.0, 436647.0], [460450.0, 436527.0], [460727.0, 436286.0], [461346.0, 436171.0], [461764.0, 435687.0], [463071.0, 435338.0], [461461.0, 432624.0], [463051.0, 431789.0], [463877.0, 431555.0], [464358.0, 431562.0], [463757.0, 430330.0], [464314.0, 429726.0], [464520.0, 429728.0], [464726.0, 429731.0], [465337.0, 430229.0], [465811.0, 430725.0], [466916.0, 430251.0], [467208.0, 429032.0], [467557.0, 428670.0], [468455.0, 428316.0], [468471.0, 427215.0], [472418.0, 425193.0], [471317.0, 425299.0], [470360.0, 424917.0], [470020.0, 424668.0], [469816.0, 424542.0], [469404.0, 424536.0], [469125.0, 424777.0], [468782.0, 424772.0], [468789.0, 424282.0], [468657.0, 423913.0], [468866.0, 423672.0], [468593.0, 423545.0], [468526.0, 423422.0], [468599.0, 423178.0], [467435.0, 422794.0], [466057.0, 423019.0], [465921.0, 422895.0], [465855.0, 422649.0], [465718.0, 422648.0], [465651.0, 422524.0], [465372.0, 422765.0], [464683.0, 422878.0], [463724.0, 422620.0], [463590.0, 422374.0], [463451.0, 422494.0], [463449.0, 422616.0], [463102.0, 422856.0], [462964.0, 422855.0], [462622.0, 422728.0], [462547.0, 423216.0], [462058.0, 423821.0], [461920.0, 423820.0], [461581.0, 423448.0], [461367.0, 424057.0], [461092.0, 424054.0], [460819.0, 423928.0], [460531.0, 424903.0], [460053.0, 424652.0], [459919.0, 424406.0], [459850.0, 424405.0], [459780.0, 424526.0], [459845.0, 424772.0], [459708.0, 424770.0], [459366.0, 424643.0], [459228.0, 424642.0], [459569.0, 424891.0], [459635.0, 425136.0], [458873.0, 425616.0], [458668.0, 425491.0], [458532.0, 425367.0], [458465.0, 425244.0], [458327.0, 425242.0], [458393.0, 425488.0], [458112.0, 425974.0], [460531.0, 424903.0], [460750.0, 423927.0], [461512.0, 423447.0], [461581.0, 423448.0], [461650.0, 423449.0], [461989.0, 423821.0], [462553.0, 422727.0], [463452.0, 422372.0], [463521.0, 422373.0], [463658.0, 422374.0], [464683.0, 422878.0], [465651.0, 422524.0], [467437.0, 422672.0], [467435.0, 422794.0], [467294.0, 423037.0], [467220.0, 423403.0], [467423.0, 423651.0], [468186.0, 423172.0], [468599.0, 423178.0], [468868.0, 423549.0], [468933.0, 423795.0], [468725.0, 423914.0], [468655.0, 424036.0], [468857.0, 424283.0], [468850.0, 424773.0], [469335.0, 424535.0], [469472.0, 424537.0], [469747.0, 424541.0], [470020.0, 424668.0], [470429.0, 424918.0], [471113.0, 425174.0], [472352.0, 425070.0], [472418.0, 425193.0], [472485.0, 425317.0], [472335.0, 426171.0], [474955.0, 425600.0], [475499.0, 425976.0], [475695.0, 426591.0], [476406.0, 425134.0], [476283.0, 424276.0], [475055.0, 423644.0], [474922.0, 423397.0], [474861.0, 422907.0], [474931.0, 422785.0], [469733.0, 420870.0], [466715.0, 420214.0], [466678.0, 418011.0], [466817.0, 417891.0], [466752.0, 417645.0], [466898.0, 417035.0], [467254.0, 416184.0], [467408.0, 415084.0], [467343.0, 414839.0], [467415.0, 414595.0], [467351.0, 414227.0], [467150.0, 413857.0], [466537.0, 413359.0], [465098.0, 412727.0], [464893.0, 412602.0], [464345.0, 412350.0], [464277.0, 412349.0], [464073.0, 412101.0], [462833.0, 412084.0], [460499.0, 411320.0], [460228.0, 410949.0], [460230.0, 410827.0], [460579.0, 410464.0], [460651.0, 410220.0], [460791.0, 410100.0], [460946.0, 408756.0], [460947.0, 408634.0], [460813.0, 408387.0], [460878.0, 408633.0], [460679.0, 408018.0], [460269.0, 407768.0], [460270.0, 407646.0], [460342.0, 407402.0], [460344.0, 407280.0], [460214.0, 406666.0], [460269.0, 407768.0], [460946.0, 408756.0], [460860.0, 410101.0], [460228.0, 410949.0], [460568.0, 411321.0], [464073.0, 412101.0], [466538.0, 413237.0], [467150.0, 413857.0], [467349.0, 414349.0], [467484.0, 414596.0], [466784.0, 420215.0], [469733.0, 420870.0], [474656.0, 422781.0], [474863.0, 422784.0], [475000.0, 422786.0], [475289.0, 421934.0], [475845.0, 421576.0], [476258.0, 421583.0], [478561.0, 423701.0], [485997.0, 423220.0], [485078.0, 416961.0], [486034.0, 413674.0], [484251.0, 413153.0], [483579.0, 412162.0], [482961.0, 408112.0], [483725.0, 403965.0], [480804.0, 397061.0], [472029.0, 396553.0], [473042.0, 398159.0], [470715.0, 401183.0], [467380.0, 397708.0], [466813.0, 393784.0], [460740.0, 392479.0], [458898.0, 390376.0], [457443.0, 384729.0], [455847.0, 384833.0], [457463.0, 383016.0], [453209.0, 378929.0], [449813.0, 378526.0], [445891.0, 382157.0], [444246.0, 380061.0], [440844.0, 380276.0], [439435.0, 382956.0], [430933.0, 378733.0], [424889.0, 380044.0], [427367.0, 383360.0], [422504.0, 385537.0], [423044.0, 388476.0], [416937.0, 392121.0], [416991.0, 396159.0], [413252.0, 398227.0], [413312.0, 401653.0], [406056.0, 404697.0], [398467.0, 413380.0], [396682.0, 420844.0], [392277.0, 419382.0], [389463.0, 422324.0], [388645.0, 425140.0], [391468.0, 428315.0], [391615.0, 433698.0], [397036.0, 436995.0], [392665.0, 446666.0], [388019.0, 449000.0], [387209.0, 452673.0], [385293.0, 451700.0], [384754.0, 454027.0], [381404.0, 453060.0], [376976.0, 455405.0], [377871.0, 457114.0], [375574.0, 461530.0], [370045.0, 460584.0], [369730.0, 464502.0], [363298.0, 469810.0], [363461.0, 473113.0], [370043.0, 481263.0], [373777.0, 481118.0], [375827.0, 483677.0], [378878.0, 482927.0], [379936.0, 492100.0], [378316.0, 493331.0], [378251.0, 493943.0], [376700.0, 495052.0], [376228.0, 495544.0], [376229.0, 495666.0], [380774.0, 497970.0], [380118.0, 502868.0], [383442.0, 506158.0], [387628.0, 505900.0], [397287.0, 509800.0], [402011.0, 506250.0], [404712.0, 506742.0], [409230.0, 509563.0], [410505.0, 512625.0], [413480.0, 509941.0], [414340.0, 515205.0], [417375.0, 514726.0], [417975.0, 516319.0], [427224.0, 513183.0], [429547.0, 508548.0], [432976.0, 510284.0], [434895.0, 506383.0], [434851.0, 512256.0], [437843.0, 509221.0], [440189.0, 511076.0], [442648.0, 507794.0], [448223.0, 510420.0], [449879.0, 513252.0], [474667.0, 510898.0], [474591.0, 515547.0], [478173.0, 518912.0]]]]}, "wealth": 245600, "region": "Yorkshire & the Humber"}, {"id": "3", "type": "Feature", "properties": {"region": "East Midlands", "wealth": 261000}, "geometry": {"type": "MultiPolygon", "coordinates": [[[[552981.0, 326604.0], [551474.0, 323129.0], [553412.0, 321843.0], [546713.0, 317841.0], [548236.0, 320947.0], [549004.0, 323419.0], [549453.0, 327106.0], [552981.0, 326604.0]]], [[[549301.0, 327469.0], [549227.0, 327589.0], [549224.0, 327711.0], [549360.0, 327838.0], [549301.0, 327469.0]]], [[[539700.0, 400880.0], [539762.0, 401127.0], [539758.0, 401249.0], [539831.0, 401129.0], [539769.0, 400882.0], [539700.0, 400880.0]]], [[[512479.0, 414599.0], [520136.0, 408912.0], [518084.0, 405433.0], [518834.0, 400310.0], [524233.0, 394818.0], [527438.0, 396617.0], [525723.0, 398652.0], [528407.0, 404233.0], [533841.0, 405118.0], [536254.0, 402861.0], [535356.0, 405284.0], [538498.0, 404151.0], [538151.0, 401814.0], [539780.0, 400515.0], [540198.0, 400405.0], [540263.0, 400530.0], [539565.0, 400754.0], [539700.0, 400880.0], [539769.0, 400882.0], [539831.0, 401129.0], [539911.0, 400764.0], [540402.0, 400534.0], [540671.0, 400787.0], [540045.0, 400890.0], [539682.0, 401492.0], [540882.0, 400670.0], [539984.0, 402970.0], [541362.0, 400807.0], [543001.0, 401469.0], [556069.0, 374086.0], [557521.0, 368012.0], [556419.0, 356956.0], [555427.0, 357413.0], [555353.0, 357533.0], [555492.0, 357538.0], [555624.0, 357787.0], [555391.0, 358514.0], [555248.0, 358632.0], [555043.0, 358503.0], [554965.0, 358745.0], [554825.0, 358740.0], [554608.0, 358978.0], [554523.0, 359465.0], [554310.0, 359581.0], [554523.0, 359465.0], [554601.0, 359223.0], [554608.0, 358978.0], [554965.0, 358745.0], [555043.0, 358503.0], [555391.0, 358514.0], [555210.0, 357651.0], [555427.0, 357413.0], [544546.0, 347891.0], [539760.0, 339303.0], [536240.0, 339937.0], [533846.0, 342930.0], [532727.0, 342899.0], [532917.0, 343639.0], [532773.0, 343757.0], [532840.0, 343882.0], [532693.0, 344122.0], [532334.0, 344480.0], [532657.0, 342897.0], [536173.0, 339813.0], [539764.0, 339181.0], [538129.0, 337542.0], [537398.0, 338623.0], [537769.0, 337899.0], [537776.0, 337655.0], [537919.0, 337536.0], [537923.0, 337414.0], [537713.0, 337408.0], [537496.0, 337647.0], [537489.0, 337891.0], [537272.0, 338130.0], [537058.0, 338246.0], [536708.0, 338236.0], [536775.0, 338361.0], [536701.0, 338481.0], [536579.0, 337866.0], [537272.0, 338130.0], [537499.0, 337524.0], [537783.0, 337410.0], [538133.0, 337420.0], [537054.0, 335920.0], [536771.0, 336035.0], [536000.0, 336013.0], [528656.0, 330181.0], [527978.0, 329307.0], [525797.0, 324109.0], [528659.0, 330059.0], [536511.0, 335293.0], [539176.0, 337695.0], [538385.0, 335958.0], [546247.0, 333252.0], [549356.0, 327960.0], [549224.0, 327711.0], [549298.0, 327591.0], [549227.0, 327589.0], [549309.0, 327224.0], [548966.0, 326968.0], [548864.0, 323415.0], [548233.0, 321070.0], [546713.0, 317841.0], [538410.0, 315394.0], [538599.0, 311237.0], [536820.0, 309351.0], [531012.0, 310415.0], [525872.0, 307587.0], [522347.0, 307620.0], [521389.0, 309309.0], [517701.0, 307383.0], [512569.0, 309832.0], [508058.0, 306793.0], [502291.0, 306179.0], [503619.0, 303393.0], [501860.0, 299807.0], [503161.0, 298366.0], [507452.0, 299070.0], [507723.0, 293202.0], [511800.0, 291090.0], [512749.0, 286706.0], [506292.0, 277629.0], [502480.0, 276814.0], [504670.0, 270497.0], [500990.0, 269931.0], [499777.0, 263177.0], [498010.0, 262652.0], [494897.0, 265528.0], [491936.0, 264248.0], [493160.0, 259622.0], [491162.0, 256036.0], [476688.0, 248206.0], [480208.0, 242145.0], [477139.0, 237447.0], [475009.0, 236558.0], [471912.0, 243119.0], [465715.0, 242177.0], [466872.0, 241092.0], [460329.0, 238928.0], [459536.0, 233536.0], [455271.0, 231286.0], [449331.0, 231468.0], [449650.0, 235386.0], [447182.0, 239399.0], [448224.0, 242467.0], [446573.0, 243430.0], [451628.0, 244580.0], [445773.0, 252841.0], [451013.0, 255828.0], [448975.0, 260334.0], [453638.0, 263196.0], [452328.0, 266118.0], [454003.0, 268827.0], [450360.0, 270991.0], [456500.0, 273993.0], [447282.0, 288577.0], [429818.0, 299939.0], [429087.0, 304216.0], [431048.0, 306308.0], [427779.0, 311182.0], [423415.0, 311281.0], [423262.0, 313849.0], [420023.0, 314814.0], [422597.0, 320819.0], [426322.0, 320471.0], [428045.0, 326108.0], [425225.0, 328662.0], [411333.0, 332157.0], [409782.0, 336680.0], [411729.0, 342190.0], [416056.0, 344771.0], [416252.0, 348932.0], [414502.0, 350272.0], [414624.0, 356022.0], [411328.0, 363965.0], [402624.0, 369948.0], [400816.0, 368724.0], [399497.0, 384995.0], [397834.0, 385607.0], [400605.0, 390990.0], [398253.0, 392826.0], [401020.0, 395395.0], [401986.0, 400901.0], [408472.0, 404823.0], [413312.0, 401653.0], [413460.0, 397983.0], [416852.0, 396403.0], [416937.0, 392121.0], [423044.0, 388476.0], [422504.0, 385537.0], [427367.0, 383360.0], [424889.0, 380044.0], [430933.0, 378733.0], [439435.0, 382956.0], [440844.0, 380276.0], [444246.0, 380061.0], [445891.0, 382157.0], [450507.0, 378533.0], [457463.0, 383016.0], [455847.0, 384833.0], [457443.0, 384729.0], [458898.0, 390376.0], [460740.0, 392479.0], [466813.0, 393784.0], [467380.0, 397708.0], [470715.0, 401183.0], [473042.0, 398159.0], [472029.0, 396553.0], [479922.0, 396067.0], [478427.0, 394451.0], [478591.0, 392863.0], [479579.0, 391778.0], [480208.0, 391422.0], [480482.0, 391549.0], [480552.0, 391550.0], [480621.0, 391551.0], [481273.0, 389849.0], [480538.0, 388246.0], [481523.0, 387406.0], [480834.0, 387149.0], [480500.0, 386409.0], [480509.0, 385920.0], [480580.0, 385799.0], [481069.0, 385562.0], [481483.0, 385692.0], [481687.0, 385940.0], [482186.0, 385092.0], [482396.0, 384973.0], [482607.0, 384855.0], [482676.0, 384856.0], [482275.0, 383992.0], [482842.0, 383268.0], [482237.0, 382156.0], [482664.0, 381552.0], [482872.0, 381555.0], [483149.0, 381560.0], [483357.0, 381564.0], [483089.0, 381069.0], [483030.0, 380457.0], [483108.0, 379968.0], [483535.0, 379364.0], [483346.0, 378259.0], [483209.0, 378135.0], [483003.0, 378009.0], [482934.0, 378007.0], [482862.0, 378129.0], [482782.0, 378739.0], [482435.0, 378733.0], [481358.0, 376757.0], [482486.0, 375797.0], [481882.0, 374563.0], [481964.0, 373830.0], [482107.0, 373588.0], [481621.0, 373579.0], [481296.0, 372228.0], [481648.0, 371989.0], [481258.0, 370392.0], [481833.0, 369300.0], [481631.0, 368930.0], [481774.0, 368687.0], [481845.0, 368566.0], [481506.0, 368071.0], [481791.0, 367709.0], [481519.0, 367337.0], [481459.0, 366724.0], [481042.0, 366717.0], [480905.0, 366592.0], [480702.0, 366222.0], [480575.0, 365485.0], [481349.0, 365009.0], [480643.0, 365609.0], [480837.0, 366469.0], [481599.0, 366726.0], [481862.0, 367587.0], [482557.0, 375676.0], [482484.0, 375919.0], [481632.0, 377006.0], [483767.0, 378022.0], [483676.0, 379244.0], [483429.0, 381443.0], [483286.0, 381685.0], [483078.0, 381681.0], [482803.0, 381554.0], [482662.0, 381674.0], [482588.0, 381917.0], [482306.0, 382157.0], [482911.0, 383269.0], [482745.0, 384857.0], [481684.0, 386062.0], [480580.0, 385799.0], [481659.0, 387531.0], [481485.0, 389608.0], [480619.0, 391673.0], [478661.0, 392864.0], [478498.0, 394330.0], [480873.0, 397062.0], [481842.0, 400995.0], [483735.0, 403353.0], [491278.0, 402636.0], [491047.0, 396635.0], [499117.0, 397776.0], [501518.0, 398683.0], [500342.0, 401963.0], [505834.0, 403551.0], [504107.0, 406695.0], [499436.0, 405615.0], [503427.0, 409373.0], [510354.0, 408183.0], [512479.0, 414599.0]]]]}, "wealth": 261000, "region": "East Midlands"}, {"id": "4", "type": "Feature", "properties": {"region": "West Midlands", "wealth": 260800}, "geometry": {"type": "Polygon", "coordinates": [[[410561.0, 364575.0], [416394.0, 348198.0], [416056.0, 344771.0], [411729.0, 342190.0], [409782.0, 336680.0], [411333.0, 332157.0], [425225.0, 328662.0], [428045.0, 326108.0], [426322.0, 320471.0], [422597.0, 320819.0], [420023.0, 314814.0], [423262.0, 313849.0], [423415.0, 311281.0], [427779.0, 311182.0], [431048.0, 306308.0], [429087.0, 304216.0], [429818.0, 299939.0], [447282.0, 288577.0], [456500.0, 273993.0], [450360.0, 270991.0], [454003.0, 268827.0], [452328.0, 266118.0], [453499.0, 262950.0], [448975.0, 260334.0], [451013.0, 255828.0], [447035.0, 254933.0], [444599.0, 248672.0], [442182.0, 247917.0], [443920.0, 244874.0], [442214.0, 244125.0], [439197.0, 246791.0], [437490.0, 246167.0], [437931.0, 244457.0], [435151.0, 244070.0], [432728.0, 232800.0], [427517.0, 231056.0], [426743.0, 228606.0], [422790.0, 232378.0], [426268.0, 237410.0], [421050.0, 237997.0], [418668.0, 244715.0], [417744.0, 243733.0], [416024.0, 246052.0], [412896.0, 242251.0], [408687.0, 241263.0], [412124.0, 236989.0], [411129.0, 234296.0], [406049.0, 238446.0], [404836.0, 236854.0], [401192.0, 237464.0], [397476.0, 234040.0], [392402.0, 235268.0], [390469.0, 233437.0], [392191.0, 237592.0], [388980.0, 239189.0], [387186.0, 235646.0], [388680.0, 232951.0], [384963.0, 233083.0], [382806.0, 229788.0], [379443.0, 229801.0], [375967.0, 235932.0], [371090.0, 232900.0], [367250.0, 236104.0], [365702.0, 229265.0], [368129.0, 228270.0], [369881.0, 222143.0], [365071.0, 220829.0], [363474.0, 218149.0], [358665.0, 217698.0], [355048.0, 214304.0], [350552.0, 216915.0], [349175.0, 215583.0], [346484.0, 218914.0], [347218.0, 220496.0], [340810.0, 224238.0], [341044.0, 225825.0], [339046.0, 226461.0], [333706.0, 223348.0], [332952.0, 225928.0], [330802.0, 225835.0], [322972.0, 242832.0], [324464.0, 247091.0], [321916.0, 248354.0], [326738.0, 251339.0], [323331.0, 252247.0], [326726.0, 260148.0], [335311.0, 263943.0], [330990.0, 264980.0], [331765.0, 269618.0], [335072.0, 272754.0], [327906.0, 272732.0], [316098.0, 283441.0], [318992.0, 287186.0], [330205.0, 289705.0], [332688.0, 295420.0], [331171.0, 298011.0], [326402.0, 295388.0], [326516.0, 293551.0], [322980.0, 293361.0], [324691.0, 294313.0], [322861.0, 299236.0], [328367.0, 304168.0], [326765.0, 305416.0], [328958.0, 305995.0], [331123.0, 314528.0], [335197.0, 314105.0], [331166.0, 317587.0], [331473.0, 319418.0], [327263.0, 319846.0], [326812.0, 322545.0], [324684.0, 321231.0], [321963.0, 322376.0], [321781.0, 328496.0], [324198.0, 330538.0], [323053.0, 333493.0], [325157.0, 333582.0], [326410.0, 337601.0], [330114.0, 337178.0], [334588.0, 341765.0], [337690.0, 338298.0], [340510.0, 339853.0], [343575.0, 338715.0], [346386.0, 333422.0], [351113.0, 336675.0], [350963.0, 342549.0], [353150.0, 344485.0], [357973.0, 344440.0], [360732.0, 339890.0], [362419.0, 340978.0], [364503.0, 339004.0], [365085.0, 342059.0], [367801.0, 340327.0], [374540.0, 344568.0], [374572.0, 350685.0], [383591.0, 354805.0], [390650.0, 362126.0], [390726.0, 365185.0], [395457.0, 363832.0], [402624.0, 369948.0], [410561.0, 364575.0]]]}, "wealth": 260800, "region": "West Midlands"}, {"id": "5", "type": "Feature", "properties": {"region": "East of England", "wealth": 400700}, "geometry": {"type": "MultiPolygon", "coordinates": [[[[576058.0, 183026.0], [576139.0, 182784.0], [575777.0, 182771.0], [576058.0, 183026.0]]], [[[575038.0, 183236.0], [575272.0, 182754.0], [575123.0, 182871.0], [575038.0, 183236.0]]], [[[581063.0, 184671.0], [581067.0, 184549.0], [580765.0, 184905.0], [581063.0, 184671.0]]], [[[579240.0, 185096.0], [579168.0, 185094.0], [579095.0, 185091.0], [579240.0, 185096.0]]], [[[578951.0, 185086.0], [578879.0, 185083.0], [579023.0, 185089.0], [578951.0, 185086.0]]], [[[579023.0, 185089.0], [578951.0, 185086.0], [578947.0, 185208.0], [579023.0, 185089.0]]], [[[580187.0, 184885.0], [579822.0, 184994.0], [579677.0, 184989.0], [579456.0, 185104.0], [579380.0, 185224.0], [579524.0, 185229.0], [580472.0, 185017.0], [580259.0, 184887.0], [580187.0, 184885.0]]], [[[579303.0, 185343.0], [579452.0, 185226.0], [579159.0, 185338.0], [579303.0, 185343.0]]], [[[579524.0, 185229.0], [579231.0, 185341.0], [579448.0, 185348.0], [579741.0, 185236.0], [579524.0, 185229.0]]], [[[582656.0, 184606.0], [582128.0, 185199.0], [582481.0, 185457.0], [583135.0, 185358.0], [583636.0, 185498.0], [582656.0, 184606.0]]], [[[579380.0, 185224.0], [579456.0, 185104.0], [579240.0, 185096.0], [579168.0, 185094.0], [579023.0, 185089.0], [579091.0, 185213.0], [578874.0, 185206.0], [578806.0, 185081.0], [579027.0, 184966.0], [579023.0, 185089.0], [579095.0, 185091.0], [579172.0, 184971.0], [579456.0, 185104.0], [579894.0, 184997.0], [579971.0, 184877.0], [580187.0, 184885.0], [580472.0, 185017.0], [580544.0, 185020.0], [580128.0, 184516.0], [582678.0, 183994.0], [581607.0, 183589.0], [581761.0, 183349.0], [583052.0, 183641.0], [578702.0, 181894.0], [574788.0, 184206.0], [575136.0, 184586.0], [575650.0, 184359.0], [575795.0, 184364.0], [575939.0, 184369.0], [576432.0, 184753.0], [576551.0, 185492.0], [576466.0, 185856.0], [576597.0, 186228.0], [577124.0, 185634.0], [579380.0, 185224.0]]], [[[595866.0, 189017.0], [596510.0, 189164.0], [596808.0, 188931.0], [596890.0, 188689.0], [596972.0, 188448.0], [596611.0, 188434.0], [596322.0, 188422.0], [595866.0, 189017.0]]], [[[594626.0, 191174.0], [596656.0, 191007.0], [595798.0, 188892.0], [595726.0, 188889.0], [595582.0, 188884.0], [595577.0, 189006.0], [595649.0, 189009.0], [595428.0, 189123.0], [595476.0, 189737.0], [594626.0, 191174.0]]], [[[597044.0, 188450.0], [596737.0, 190765.0], [598512.0, 189732.0], [596680.0, 192233.0], [598695.0, 192434.0], [599118.0, 194532.0], [604855.0, 195496.0], [601369.0, 190580.0], [597044.0, 188450.0]]], [[[589583.0, 196615.0], [589515.0, 196490.0], [589511.0, 196612.0], [589583.0, 196615.0]]], [[[590519.0, 196650.0], [589803.0, 196501.0], [590168.0, 196392.0], [590236.0, 196517.0], [590519.0, 196650.0]]], [[[586696.0, 196630.0], [586763.0, 196755.0], [586768.0, 196633.0], [586696.0, 196630.0]]], [[[583931.0, 197263.0], [584075.0, 197268.0], [584003.0, 197266.0], [583931.0, 197263.0]]], [[[590375.0, 196645.0], [591145.0, 197286.0], [591293.0, 197169.0], [590375.0, 196645.0]]], [[[589641.0, 196984.0], [590073.0, 197001.0], [589785.0, 196990.0], [589641.0, 196984.0], [589497.0, 196979.0], [589353.0, 196974.0], [589281.0, 196971.0], [589348.0, 197096.0], [589204.0, 197090.0], [589146.0, 196721.0], [589592.0, 196370.0], [587705.0, 196667.0], [588119.0, 197172.0], [588628.0, 197069.0], [589127.0, 197210.0], [589641.0, 196984.0]]], [[[597083.0, 205964.0], [597016.0, 205839.0], [596877.0, 205711.0], [597083.0, 205964.0]]], [[[590429.0, 206688.0], [592677.0, 206283.0], [590366.0, 206440.0], [590429.0, 206688.0]]], [[[587148.0, 205830.0], [588564.0, 206495.0], [588457.0, 205511.0], [587148.0, 205830.0]]], [[[598823.0, 207502.0], [599163.0, 208005.0], [599029.0, 207755.0], [598823.0, 207502.0]]], [[[596417.0, 208265.0], [596340.0, 208384.0], [596561.0, 208270.0], [596417.0, 208265.0]]], [[[596815.0, 209137.0], [596676.0, 209009.0], [596666.0, 209254.0], [596815.0, 209137.0]]], [[[598391.0, 211159.0], [599124.0, 210820.0], [598616.0, 210923.0], [598391.0, 211159.0]]], [[[599928.0, 212322.0], [599866.0, 212074.0], [599851.0, 212441.0], [599928.0, 212322.0]]], [[[599123.0, 212657.0], [599487.0, 212549.0], [599650.0, 212066.0], [599123.0, 212657.0]]], [[[609057.0, 216000.0], [609277.0, 215887.0], [608698.0, 215985.0], [609057.0, 216000.0]]], [[[601678.0, 215331.0], [607292.0, 215192.0], [600210.0, 212455.0], [601678.0, 215331.0]]], [[[605002.0, 216690.0], [605376.0, 216338.0], [604787.0, 216681.0], [605002.0, 216690.0]]], [[[605259.0, 217435.0], [605853.0, 216970.0], [605187.0, 217433.0], [605259.0, 217435.0]]], [[[625143.0, 222943.0], [625215.0, 222946.0], [625286.0, 222950.0], [625220.0, 222824.0], [625143.0, 222943.0], [625066.0, 223062.0], [625143.0, 222943.0]]], [[[623947.0, 223992.0], [624796.0, 224275.0], [625115.0, 223554.0], [623947.0, 223992.0]]], [[[624129.0, 224735.0], [624719.0, 224394.0], [624134.0, 224613.0], [624129.0, 224735.0]]], [[[621087.0, 225335.0], [621092.0, 225213.0], [621015.0, 225332.0], [621087.0, 225335.0]]], [[[620795.0, 225445.0], [620877.0, 225203.0], [620657.0, 225316.0], [620795.0, 225445.0]]], [[[624234.0, 225598.0], [623450.0, 223847.0], [622128.0, 224524.0], [622382.0, 225270.0], [624234.0, 225598.0]]], [[[626207.0, 224829.0], [625248.0, 225398.0], [624653.0, 225861.0], [626207.0, 224829.0]]], [[[622057.0, 226113.0], [622063.0, 225991.0], [622366.0, 225637.0], [621798.0, 225489.0], [621875.0, 225370.0], [621737.0, 225241.0], [621665.0, 225238.0], [621450.0, 225229.0], [621379.0, 225226.0], [621456.0, 225106.0], [621312.0, 225100.0], [621235.0, 225219.0], [621169.0, 225094.0], [621312.0, 225100.0], [621445.0, 225351.0], [621732.0, 225364.0], [621809.0, 225245.0], [622366.0, 225637.0], [622057.0, 226113.0]]], [[[621804.0, 226960.0], [622157.0, 227098.0], [622240.0, 226856.0], [621804.0, 226960.0]]], [[[622421.0, 226007.0], [622592.0, 226995.0], [623314.0, 226904.0], [623220.0, 225797.0], [622421.0, 226007.0]]], [[[637624.0, 244473.0], [637416.0, 244341.0], [637552.0, 244470.0], [637547.0, 244592.0], [637624.0, 244473.0]]], [[[628518.0, 244905.0], [628513.0, 245027.0], [628590.0, 244908.0], [628518.0, 244905.0]]], [[[638303.0, 245241.0], [638225.0, 245360.0], [638428.0, 245615.0], [638636.0, 245747.0], [638779.0, 245754.0], [639053.0, 246012.0], [638303.0, 245241.0]]], [[[641657.0, 248344.0], [642531.0, 248019.0], [641015.0, 246842.0], [640028.0, 246549.0], [640938.0, 246961.0], [641657.0, 248344.0]]], [[[629418.0, 250215.0], [629412.0, 250337.0], [629489.0, 250218.0], [629418.0, 250215.0]]], [[[647908.0, 276229.0], [647819.0, 276592.0], [647961.0, 276600.0], [648038.0, 276481.0], [647896.0, 276474.0], [647908.0, 276229.0], [647837.0, 276226.0], [647619.0, 276337.0], [647353.0, 275956.0], [647501.0, 275841.0], [647295.0, 275708.0], [647430.0, 275837.0], [647359.0, 275834.0], [647347.0, 276078.0], [647477.0, 276330.0], [647760.0, 276344.0], [647908.0, 276229.0]]], [[[646666.0, 305094.0], [646593.0, 303742.0], [646393.0, 303487.0], [646265.0, 303235.0], [646320.0, 302135.0], [644823.0, 300956.0], [644571.0, 300331.0], [644590.0, 299964.0], [644814.0, 299730.0], [645096.0, 299744.0], [645520.0, 299765.0], [645590.0, 299769.0], [645633.0, 298913.0], [642752.0, 301343.0], [643657.0, 301633.0], [644590.0, 302783.0], [644654.0, 302909.0], [644648.0, 303031.0], [644566.0, 303272.0], [644559.0, 303394.0], [644694.0, 303524.0], [645194.0, 303426.0], [645406.0, 303437.0], [645611.0, 303570.0], [646556.0, 304475.0], [646666.0, 305094.0]]], [[[653080.0, 293163.0], [652090.0, 293112.0], [651261.0, 292702.0], [650554.0, 292666.0], [650111.0, 293011.0], [650150.0, 293626.0], [650049.0, 294234.0], [650152.0, 294974.0], [649325.0, 295913.0], [649043.0, 295898.0], [648425.0, 295499.0], [648137.0, 295607.0], [647786.0, 296938.0], [647574.0, 296927.0], [647420.0, 297165.0], [646253.0, 297841.0], [646293.0, 298456.0], [645627.0, 299035.0], [645661.0, 299772.0], [644577.0, 300208.0], [646069.0, 301509.0], [646391.0, 302138.0], [646329.0, 303361.0], [647433.0, 303907.0], [647334.0, 305863.0], [651463.0, 308036.0], [655606.0, 293662.0], [655535.0, 293659.0], [655490.0, 293166.0], [655432.0, 292918.0], [655438.0, 292795.0], [655303.0, 292666.0], [655490.0, 293166.0], [655156.0, 292781.0], [653080.0, 293163.0]]], [[[635450.0, 316305.0], [635379.0, 316302.0], [635444.0, 316428.0], [635450.0, 316305.0]]], [[[639399.0, 317724.0], [639329.0, 317720.0], [639259.0, 317717.0], [639253.0, 317839.0], [639399.0, 317724.0]]], [[[592469.0, 344302.0], [592838.0, 343827.0], [592483.0, 343935.0], [592343.0, 343929.0], [592208.0, 343802.0], [591999.0, 343793.0], [592059.0, 344041.0], [592469.0, 344302.0]]], [[[601290.0, 344417.0], [601515.0, 344059.0], [601090.0, 344164.0], [601290.0, 344417.0]]], [[[570130.0, 344319.0], [570060.0, 344317.0], [570196.0, 344444.0], [570270.0, 344324.0], [570130.0, 344319.0]]], [[[583844.0, 344578.0], [583713.0, 344328.0], [583644.0, 344325.0], [583574.0, 344322.0], [583578.0, 344200.0], [583513.0, 344075.0], [583588.0, 343956.0], [583448.0, 343950.0], [583508.0, 344197.0], [583774.0, 344575.0], [583844.0, 344578.0]]], [[[599042.0, 344569.0], [598977.0, 344444.0], [598982.0, 344321.0], [598912.0, 344319.0], [598907.0, 344441.0], [598697.0, 344432.0], [598562.0, 344304.0], [598003.0, 344281.0], [598063.0, 344529.0], [597913.0, 344767.0], [599042.0, 344569.0]]], [[[602528.0, 344959.0], [602618.0, 344473.0], [602548.0, 344470.0], [602774.0, 344112.0], [602419.0, 344220.0], [602484.0, 344345.0], [602409.0, 344464.0], [602269.0, 344458.0], [602264.0, 344581.0], [602124.0, 344575.0], [602054.0, 344572.0], [602074.0, 344083.0], [601494.0, 344548.0], [600865.0, 344522.0], [600710.0, 344883.0], [602528.0, 344959.0]]], [[[592469.0, 344302.0], [593213.0, 344944.0], [593218.0, 344822.0], [593153.0, 344697.0], [593158.0, 344575.0], [593088.0, 344572.0], [593028.0, 344324.0], [593033.0, 344202.0], [592469.0, 344302.0]]], [[[603217.0, 345233.0], [603222.0, 345111.0], [603292.0, 345114.0], [603152.0, 345108.0], [603217.0, 345233.0]]], [[[603502.0, 345123.0], [603432.0, 345120.0], [603362.0, 345117.0], [603357.0, 345239.0], [603502.0, 345123.0]]], [[[604550.0, 345167.0], [604481.0, 345164.0], [604545.0, 345289.0], [604550.0, 345167.0]]], [[[594387.0, 345359.0], [594776.0, 344395.0], [594716.0, 344147.0], [594567.0, 344386.0], [594217.0, 344372.0], [594087.0, 344122.0], [593243.0, 344210.0], [592968.0, 344077.0], [593857.0, 344603.0], [593213.0, 344944.0], [593418.0, 345075.0], [593568.0, 344836.0], [593783.0, 344722.0], [594192.0, 344984.0], [594322.0, 345234.0], [594387.0, 345359.0]]], [[[582893.0, 345644.0], [583667.0, 345551.0], [581709.0, 345476.0], [581770.0, 345724.0], [582194.0, 345617.0], [582264.0, 345620.0], [582614.0, 345633.0], [582893.0, 345644.0]]], [[[592530.0, 346264.0], [594247.0, 345353.0], [594322.0, 345234.0], [594122.0, 344981.0], [593982.0, 344975.0], [593713.0, 344719.0], [593568.0, 344836.0], [593488.0, 345078.0], [592434.0, 345158.0], [592399.0, 344299.0], [591984.0, 344160.0], [592054.0, 344163.0], [591854.0, 343910.0], [591714.0, 343904.0], [592530.0, 346264.0]]], [[[639399.0, 317724.0], [639813.0, 315048.0], [639162.0, 315383.0], [638881.0, 315370.0], [638746.0, 315240.0], [638394.0, 315223.0], [638235.0, 315583.0], [637508.0, 316038.0], [637572.0, 316164.0], [637631.0, 316411.0], [637607.0, 316901.0], [636862.0, 317722.0], [636229.0, 317691.0], [636269.0, 318306.0], [637019.0, 318833.0], [636889.0, 320052.0], [636760.0, 319801.0], [637019.0, 318833.0], [636756.0, 318452.0], [636269.0, 318306.0], [636146.0, 317932.0], [636229.0, 317691.0], [636446.0, 317579.0], [636862.0, 317722.0], [637536.0, 316897.0], [637631.0, 316411.0], [637578.0, 316041.0], [637508.0, 316038.0], [637367.0, 316031.0], [637226.0, 316024.0], [637214.0, 316269.0], [636951.0, 315888.0], [636728.0, 316122.0], [636664.0, 315997.0], [636605.0, 315749.0], [636470.0, 315620.0], [636253.0, 315732.0], [636042.0, 315721.0], [635942.0, 316329.0], [635450.0, 316305.0], [635444.0, 316428.0], [635373.0, 316424.0], [635379.0, 316302.0], [635303.0, 316421.0], [635315.0, 316176.0], [635045.0, 315918.0], [634981.0, 315793.0], [634905.0, 315911.0], [634758.0, 316027.0], [634746.0, 316271.0], [634670.0, 316390.0], [634383.0, 316499.0], [634512.0, 316750.0], [633902.0, 317701.0], [630871.0, 316209.0], [633908.0, 317579.0], [634389.0, 316377.0], [634840.0, 315786.0], [634911.0, 315789.0], [635116.0, 315922.0], [635520.0, 316309.0], [635872.0, 316326.0], [635896.0, 315837.0], [636042.0, 315721.0], [636330.0, 315613.0], [636541.0, 315623.0], [636675.0, 315752.0], [636664.0, 315997.0], [636804.0, 316004.0], [636951.0, 315888.0], [637021.0, 315892.0], [637437.0, 316034.0], [637878.0, 315688.0], [637315.0, 315661.0], [637234.0, 314431.0], [637948.0, 315692.0], [638394.0, 315223.0], [638752.0, 315118.0], [639608.0, 314915.0], [639813.0, 315048.0], [640018.0, 315181.0], [640342.0, 314339.0], [640783.0, 313993.0], [640942.0, 313633.0], [640662.0, 312148.0], [640674.0, 311904.0], [641451.0, 310471.0], [641598.0, 310356.0], [641739.0, 310363.0], [641938.0, 310618.0], [642162.0, 310384.0], [642379.0, 310272.0], [642590.0, 310283.0], [643001.0, 310548.0], [643190.0, 309577.0], [643708.0, 309113.0], [644066.0, 309008.0], [644207.0, 309015.0], [644483.0, 309152.0], [644553.0, 309155.0], [644958.0, 309543.0], [644933.0, 310032.0], [645209.0, 310169.0], [645362.0, 309931.0], [646642.0, 309751.0], [646636.0, 309873.0], [647059.0, 309894.0], [647335.0, 310031.0], [648257.0, 309955.0], [648410.0, 309718.0], [649108.0, 309876.0], [649537.0, 309775.0], [649709.0, 309171.0], [650068.0, 309067.0], [650138.0, 309071.0], [650343.0, 309204.0], [650401.0, 309452.0], [650613.0, 309463.0], [650747.0, 309592.0], [650876.0, 309844.0], [651215.0, 310107.0], [651920.0, 310143.0], [652310.0, 309428.0], [647772.0, 306989.0], [646595.0, 305090.0], [646550.0, 304598.0], [644483.0, 303513.0], [643587.0, 301630.0], [641034.0, 301748.0], [640141.0, 301214.0], [639905.0, 301693.0], [639752.0, 301930.0], [638835.0, 301886.0], [638946.0, 302504.0], [638846.0, 303112.0], [638263.0, 303451.0], [637094.0, 302781.0], [636306.0, 304459.0], [636159.0, 304574.0], [635876.0, 304561.0], [635600.0, 304425.0], [635107.0, 304401.0], [634866.0, 305002.0], [634642.0, 305237.0], [634078.0, 305209.0], [634049.0, 305821.0], [633820.0, 306177.0], [632569.0, 307221.0], [632828.0, 307723.0], [632458.0, 308073.0], [632187.0, 307815.0], [631741.0, 308284.0], [631254.0, 308139.0], [631189.0, 308013.0], [630913.0, 307877.0], [630778.0, 307748.0], [630731.0, 307256.0], [630513.0, 307368.0], [630314.0, 307114.0], [630196.0, 306618.0], [629514.0, 306096.0], [629079.0, 306320.0], [628652.0, 307893.0], [628212.0, 308240.0], [627790.0, 308221.0], [626814.0, 307930.0], [626809.0, 308052.0], [626516.0, 308284.0], [626451.0, 308158.0], [626299.0, 308396.0], [625594.0, 308364.0], [624906.0, 307964.0], [624982.0, 307845.0], [624847.0, 307716.0], [624430.0, 307575.0], [624289.0, 307568.0], [624072.0, 307681.0], [623779.0, 307912.0], [623697.0, 308154.0], [623951.0, 308778.0], [624010.0, 309026.0], [624004.0, 309148.0], [623576.0, 309251.0], [623300.0, 309116.0], [623170.0, 308865.0], [622601.0, 308961.0], [624323.0, 306835.0], [628142.0, 308237.0], [628582.0, 307890.0], [629015.0, 306195.0], [629302.0, 306086.0], [629514.0, 306096.0], [629796.0, 306109.0], [630272.0, 306499.0], [630319.0, 306991.0], [630801.0, 307259.0], [630913.0, 307877.0], [632193.0, 307693.0], [632534.0, 307954.0], [632428.0, 307214.0], [634008.0, 305206.0], [635107.0, 304401.0], [635677.0, 304306.0], [636088.0, 304571.0], [636335.0, 303848.0], [637023.0, 302778.0], [637241.0, 302666.0], [638410.0, 303336.0], [638764.0, 301882.0], [639905.0, 301693.0], [640082.0, 300966.0], [640159.0, 300847.0], [639588.0, 300942.0], [639453.0, 300813.0], [639401.0, 300443.0], [639259.0, 300436.0], [639007.0, 299810.0], [638801.0, 299678.0], [638736.0, 299552.0], [638519.0, 299664.0], [637748.0, 299504.0], [636848.0, 299093.0], [636560.0, 299201.0], [636489.0, 299198.0], [636142.0, 299059.0], [636219.0, 298940.0], [636560.0, 299201.0], [636566.0, 299079.0], [636848.0, 299093.0], [638736.0, 299552.0], [639077.0, 299814.0], [639259.0, 300436.0], [639401.0, 300443.0], [639465.0, 300568.0], [639453.0, 300813.0], [640159.0, 300847.0], [640970.0, 301623.0], [642310.0, 301689.0], [648066.0, 295604.0], [650088.0, 294848.0], [649238.0, 293457.0], [649410.0, 292853.0], [648541.0, 291828.0], [647873.0, 292407.0], [647526.0, 292267.0], [647603.0, 292148.0], [647545.0, 291900.0], [647480.0, 291774.0], [647062.0, 291631.0], [647010.0, 291260.0], [646727.0, 291246.0], [646450.0, 291110.0], [645737.0, 291196.0], [645082.0, 291531.0], [644839.0, 292132.0], [644409.0, 292233.0], [644326.0, 292474.0], [643742.0, 292813.0], [643530.0, 292802.0], [643401.0, 292551.0], [643171.0, 292907.0], [643401.0, 292551.0], [642906.0, 292526.0], [642488.0, 292383.0], [642223.0, 292002.0], [642312.0, 291639.0], [641977.0, 291254.0], [642072.0, 290769.0], [641871.0, 290514.0], [641807.0, 290388.0], [641589.0, 290500.0], [641235.0, 290483.0], [641152.0, 290724.0], [640857.0, 290954.0], [640651.0, 290822.0], [640274.0, 291293.0], [639837.0, 291517.0], [638906.0, 291717.0], [638317.0, 290708.0], [637580.0, 291285.0], [637362.0, 291397.0], [637009.0, 291380.0], [636708.0, 291733.0], [636425.0, 291719.0], [637009.0, 291380.0], [637580.0, 291285.0], [638394.0, 290589.0], [641954.0, 290273.0], [643672.0, 292809.0], [645082.0, 291531.0], [645808.0, 291200.0], [645878.0, 291203.0], [646521.0, 291113.0], [647016.0, 291138.0], [648541.0, 291828.0], [648857.0, 292579.0], [649410.0, 292853.0], [650042.0, 294356.0], [650130.0, 292644.0], [650791.0, 292188.0], [652804.0, 293027.0], [655239.0, 292540.0], [650614.0, 274773.0], [649488.0, 275941.0], [648920.0, 275912.0], [648470.0, 276380.0], [647813.0, 276715.0], [647742.0, 276711.0], [647606.0, 276582.0], [647535.0, 276578.0], [647091.0, 276924.0], [646184.0, 275162.0], [645484.0, 276353.0], [645515.0, 275742.0], [645367.0, 275857.0], [645308.0, 275609.0], [645095.0, 275598.0], [644966.0, 275347.0], [644889.0, 275465.0], [644824.0, 275340.0], [644753.0, 275336.0], [644617.0, 275207.0], [644481.0, 275077.0], [644262.0, 275189.0], [644185.0, 275308.0], [644031.0, 275545.0], [643575.0, 276136.0], [642493.0, 276450.0], [643286.0, 276244.0], [643575.0, 276136.0], [644114.0, 275304.0], [644333.0, 275193.0], [644623.0, 275084.0], [644682.0, 275333.0], [644824.0, 275340.0], [644895.0, 275343.0], [645037.0, 275350.0], [645308.0, 275609.0], [645918.0, 274781.0], [647662.0, 275481.0], [647449.0, 275471.0], [647378.0, 275467.0], [647513.0, 275596.0], [647520.0, 275474.0], [647591.0, 275478.0], [647513.0, 275596.0], [647372.0, 275589.0], [647572.0, 275845.0], [647424.0, 275960.0], [647915.0, 276107.0], [647967.0, 276477.0], [650472.0, 274765.0], [647913.0, 270469.0], [647705.0, 260408.0], [645532.0, 249514.0], [637593.0, 243614.0], [645449.0, 249755.0], [642733.0, 248274.0], [644557.0, 250447.0], [646376.0, 255561.0], [643045.0, 257971.0], [639064.0, 257655.0], [646103.0, 255303.0], [640718.0, 247073.0], [639345.0, 247374.0], [639303.0, 248230.0], [639779.0, 248743.0], [639744.0, 249477.0], [639441.0, 249830.0], [639572.0, 250081.0], [639417.0, 250319.0], [639334.0, 250560.0], [639257.0, 250679.0], [638609.0, 250770.0], [638889.0, 250906.0], [638842.0, 251884.0], [638628.0, 251874.0], [638812.0, 251025.0], [638604.0, 250892.0], [638615.0, 250648.0], [639625.0, 248981.0], [639167.0, 248101.0], [639196.0, 247490.0], [639351.0, 247252.0], [640070.0, 247164.0], [636713.0, 244062.0], [635833.0, 239977.0], [633084.0, 237519.0], [627539.0, 247555.0], [628496.0, 250050.0], [629418.0, 250215.0], [629483.0, 250340.0], [629412.0, 250337.0], [629555.0, 250344.0], [629478.0, 250463.0], [629620.0, 250469.0], [629740.0, 250965.0], [629658.0, 251206.0], [629729.0, 251209.0], [629800.0, 251213.0], [629652.0, 251328.0], [629275.0, 250208.0], [628628.0, 250301.0], [628217.0, 249914.0], [625849.0, 246988.0], [626979.0, 247285.0], [627869.0, 246590.0], [629033.0, 241498.0], [632929.0, 237757.0], [628288.0, 231172.0], [625336.0, 237776.0], [618867.0, 239938.0], [616699.0, 242049.0], [617074.0, 243290.0], [616619.0, 243883.0], [616400.0, 243996.0], [615763.0, 243846.0], [615543.0, 243959.0], [615467.0, 244078.0], [615390.0, 244197.0], [615242.0, 244313.0], [615319.0, 244194.0], [615247.0, 244191.0], [615176.0, 244188.0], [615022.0, 244426.0], [615017.0, 244548.0], [614946.0, 244545.0], [615104.0, 244185.0], [615472.0, 243955.0], [615763.0, 243846.0], [616120.0, 243861.0], [616471.0, 243999.0], [616625.0, 243760.0], [616773.0, 243644.0], [616128.0, 242024.0], [618470.0, 239186.0], [624428.0, 237245.0], [625364.0, 233979.0], [619085.0, 233333.0], [617365.0, 234972.0], [615232.0, 232920.0], [610280.0, 233077.0], [610546.0, 231863.0], [626266.0, 233040.0], [626696.0, 231467.0], [623529.0, 226914.0], [622995.0, 227625.0], [622268.0, 227838.0], [621987.0, 227703.0], [618919.0, 224015.0], [622029.0, 225132.0], [621295.0, 223874.0], [622727.0, 222345.0], [624470.0, 223525.0], [625325.0, 222094.0], [625595.0, 222473.0], [625055.0, 224899.0], [626648.0, 224604.0], [625429.0, 221363.0], [621044.0, 216513.0], [615017.0, 212822.0], [610148.0, 212248.0], [608134.0, 215717.0], [611462.0, 215243.0], [609990.0, 216039.0], [611318.0, 216952.0], [611487.0, 218061.0], [607314.0, 216418.0], [605681.0, 219412.0], [607490.0, 219119.0], [607633.0, 219125.0], [607705.0, 219128.0], [607777.0, 219131.0], [608120.0, 219513.0], [605738.0, 219782.0], [605339.0, 220746.0], [604018.0, 221427.0], [603296.0, 221520.0], [603333.0, 222379.0], [603027.0, 222856.0], [601438.0, 224874.0], [600931.0, 224976.0], [600783.0, 225093.0], [600697.0, 225457.0], [601438.0, 224874.0], [603262.0, 222376.0], [603148.0, 221636.0], [603301.0, 221398.0], [603665.0, 221290.0], [603039.0, 220775.0], [602978.0, 220527.0], [602547.0, 220510.0], [602327.0, 220623.0], [602122.0, 220370.0], [600898.0, 220443.0], [600759.0, 220315.0], [602122.0, 220370.0], [602327.0, 220623.0], [602978.0, 220527.0], [603470.0, 220792.0], [603670.0, 221168.0], [603665.0, 221290.0], [603588.0, 221409.0], [604981.0, 220731.0], [605618.0, 217450.0], [604521.0, 217895.0], [604271.0, 218742.0], [603539.0, 219080.0], [604378.0, 217889.0], [603579.0, 218102.0], [603292.0, 218090.0], [602943.0, 217831.0], [606314.0, 216254.0], [604925.0, 216809.0], [601054.0, 216531.0], [602586.0, 215980.0], [601740.0, 215578.0], [600075.0, 214042.0], [600085.0, 213798.0], [600008.0, 213917.0], [600013.0, 213795.0], [599951.0, 213547.0], [599884.0, 213422.0], [599889.0, 213300.0], [599879.0, 213544.0], [600070.0, 214164.0], [600821.0, 215174.0], [600591.0, 215532.0], [600381.0, 215401.0], [600299.0, 215643.0], [600447.0, 215527.0], [600381.0, 215401.0], [600668.0, 215413.0], [600611.0, 215043.0], [599639.0, 214147.0], [599707.0, 212435.0], [597906.0, 214324.0], [595264.0, 213853.0], [599818.0, 211460.0], [597193.0, 212336.0], [595694.0, 212033.0], [599066.0, 210451.0], [596666.0, 209254.0], [596681.0, 208887.0], [597049.0, 208657.0], [596700.0, 208398.0], [591721.0, 208696.0], [589265.0, 207011.0], [588015.0, 207699.0], [587583.0, 207683.0], [587579.0, 207805.0], [587363.0, 207797.0], [586914.0, 206311.0], [583957.0, 208406.0], [587319.0, 205102.0], [591366.0, 204764.0], [589290.0, 202481.0], [591538.0, 204036.0], [591814.0, 202454.0], [592116.0, 202098.0], [593194.0, 205936.0], [594839.0, 206244.0], [595874.0, 205549.0], [597164.0, 205722.0], [601764.0, 209578.0], [603313.0, 208661.0], [604007.0, 202198.0], [602236.0, 196003.0], [595913.0, 195264.0], [591207.0, 197533.0], [588114.0, 197295.0], [587565.0, 196540.0], [586615.0, 196872.0], [584467.0, 196426.0], [584584.0, 197165.0], [583481.0, 197737.0], [584030.0, 196532.0], [581995.0, 196948.0], [583242.0, 196381.0], [580602.0, 195551.0], [580526.0, 195671.0], [580377.0, 195788.0], [580360.0, 196277.0], [580135.0, 196514.0], [579635.0, 196374.0], [579775.0, 196501.0], [579978.0, 196876.0], [580041.0, 197123.0], [579906.0, 196873.0], [579965.0, 197243.0], [579884.0, 197485.0], [579659.0, 197722.0], [579635.0, 196374.0], [580530.0, 195549.0], [579873.0, 195770.0], [579156.0, 195622.0], [576757.0, 194069.0], [583530.0, 196392.0], [584066.0, 195554.0], [583895.0, 196282.0], [589678.0, 196006.0], [591384.0, 196683.0], [592395.0, 194762.0], [598464.0, 194629.0], [598334.0, 192419.0], [593851.0, 194450.0], [592495.0, 194031.0], [595368.0, 192549.0], [593833.0, 191143.0], [590866.0, 191275.0], [591187.0, 190430.0], [588662.0, 190336.0], [588964.0, 189980.0], [588825.0, 189852.0], [588680.0, 189847.0], [588541.0, 189719.0], [588396.0, 189713.0], [588329.0, 189589.0], [588184.0, 189583.0], [588117.0, 189458.0], [594482.0, 191168.0], [593191.0, 189037.0], [594655.0, 190440.0], [595379.0, 188508.0], [597727.0, 187620.0], [593098.0, 183890.0], [583772.0, 185748.0], [582693.0, 185587.0], [581338.0, 185048.0], [580761.0, 185028.0], [576742.0, 186233.0], [576525.0, 186225.0], [576466.0, 185856.0], [576487.0, 185245.0], [576419.0, 185120.0], [576432.0, 184753.0], [576143.0, 184743.0], [575939.0, 184369.0], [575353.0, 184593.0], [575064.0, 184583.0], [574643.0, 184201.0], [574061.0, 184304.0], [574113.0, 184918.0], [573862.0, 185889.0], [573200.0, 186233.0], [573336.0, 186483.0], [573408.0, 186485.0], [573616.0, 186737.0], [573612.0, 186859.0], [572983.0, 186226.0], [573740.0, 187353.0], [573664.0, 187473.0], [572670.0, 186950.0], [573628.0, 184289.0], [573819.0, 185030.0], [573989.0, 184301.0], [574877.0, 183720.0], [574906.0, 182864.0], [576372.0, 182302.0], [570540.0, 181491.0], [569120.0, 180709.0], [569188.0, 180834.0], [568272.0, 182272.0], [568971.0, 180827.0], [569188.0, 180834.0], [569120.0, 180709.0], [569264.0, 180714.0], [569694.0, 180851.0], [569850.0, 180489.0], [569190.0, 176427.0], [563149.0, 175128.0], [561407.0, 177521.0], [558556.0, 176085.0], [553541.0, 179113.0], [556085.0, 183475.0], [557134.0, 182283.0], [557229.0, 183877.0], [561965.0, 185005.0], [556440.0, 193033.0], [554001.0, 194917.0], [542910.0, 191776.0], [537599.0, 196035.0], [537640.0, 199830.0], [527035.0, 200409.0], [520679.0, 195113.0], [510949.0, 191709.0], [506914.0, 191500.0], [504129.0, 193645.0], [504269.0, 190344.0], [502612.0, 190188.0], [501326.0, 196769.0], [503459.0, 198158.0], [500413.0, 199198.0], [500234.0, 204577.0], [491601.0, 208573.0], [486501.0, 216680.0], [489840.0, 218573.0], [491936.0, 213840.0], [497841.0, 212972.0], [500874.0, 215724.0], [497631.0, 220065.0], [489382.0, 224193.0], [493120.0, 231235.0], [493198.0, 238578.0], [491390.0, 239768.0], [496541.0, 246717.0], [493486.0, 249839.0], [493966.0, 254620.0], [491165.0, 255914.0], [493160.0, 259622.0], [491936.0, 264248.0], [494897.0, 265528.0], [498010.0, 262652.0], [499777.0, 263177.0], [500990.0, 269931.0], [504670.0, 270497.0], [502480.0, 276814.0], [506292.0, 277629.0], [512749.0, 286706.0], [511800.0, 291090.0], [507723.0, 293202.0], [507452.0, 299070.0], [503161.0, 298366.0], [501860.0, 299807.0], [503619.0, 303393.0], [502291.0, 306179.0], [508058.0, 306793.0], [512569.0, 309832.0], [517701.0, 307383.0], [521389.0, 309309.0], [522347.0, 307620.0], [525872.0, 307587.0], [531012.0, 310415.0], [536820.0, 309351.0], [539437.0, 316402.0], [546639.0, 317961.0], [545761.0, 314384.0], [545582.0, 310951.0], [546045.0, 309618.0], [545626.0, 309484.0], [543737.0, 306612.0], [542557.0, 305965.0], [541800.0, 305331.0], [539946.0, 303564.0], [539681.0, 302944.0], [527216.0, 299299.0], [539755.0, 302824.0], [544219.0, 306993.0], [546045.0, 309618.0], [546713.0, 317841.0], [553412.0, 321843.0], [551474.0, 323129.0], [552981.0, 326604.0], [558614.0, 326173.0], [561579.0, 319414.0], [559091.0, 315904.0], [558866.0, 314182.0], [560379.0, 313130.0], [559701.0, 310169.0], [559793.0, 303071.0], [558904.0, 302185.0], [553478.0, 292830.0], [543915.0, 281278.0], [542962.0, 279904.0], [542562.0, 279035.0], [539761.0, 275283.0], [539623.0, 275157.0], [539484.0, 275030.0], [539278.0, 274780.0], [538215.0, 274750.0], [536975.0, 273369.0], [536992.0, 272757.0], [539353.0, 274659.0], [553549.0, 292832.0], [559930.0, 303198.0], [560536.0, 312645.0], [560446.0, 313255.0], [559111.0, 315292.0], [561852.0, 319668.0], [559024.0, 326553.0], [564694.0, 331273.0], [567348.0, 341773.0], [570249.0, 344935.0], [572879.0, 343805.0], [574964.0, 344247.0], [574015.0, 345315.0], [579612.0, 345398.0], [577328.0, 344701.0], [577486.0, 344217.0], [580931.0, 345692.0], [582497.0, 345016.0], [582833.0, 345397.0], [584231.0, 345450.0], [584869.0, 345229.0], [583541.0, 345178.0], [583774.0, 344575.0], [583438.0, 344195.0], [583448.0, 343950.0], [583592.0, 343833.0], [585303.0, 344878.0], [585195.0, 345854.0], [590508.0, 346061.0], [591574.0, 343899.0], [591719.0, 343782.0], [591859.0, 343788.0], [592488.0, 343813.0], [592768.0, 343824.0], [592918.0, 343585.0], [595910.0, 344073.0], [596015.0, 344935.0], [596824.0, 343988.0], [602639.0, 343984.0], [602774.0, 344112.0], [602673.0, 344843.0], [602823.0, 344604.0], [602947.0, 344977.0], [602813.0, 344849.0], [602738.0, 344968.0], [603502.0, 345123.0], [603981.0, 345388.0], [604398.0, 343813.0], [604685.0, 345295.0], [601208.0, 346374.0], [598727.0, 345413.0], [600074.0, 346694.0], [624851.0, 341047.0], [648859.0, 321631.0], [653565.0, 309738.0], [653858.0, 304114.0], [653088.0, 303952.0], [651963.0, 307939.0], [652310.0, 309428.0], [652221.0, 309791.0], [651920.0, 310143.0], [645209.0, 310169.0], [644792.0, 310025.0], [644483.0, 309152.0], [644066.0, 309008.0], [643218.0, 310437.0], [643001.0, 310548.0], [642162.0, 310384.0], [641938.0, 310618.0], [641868.0, 310614.0], [641598.0, 310356.0], [640668.0, 312026.0], [640942.0, 313633.0], [639659.0, 316756.0], [641522.0, 317584.0], [641720.0, 317839.0], [641785.0, 317964.0], [641971.0, 318464.0], [643417.0, 319149.0], [643839.0, 319170.0], [644050.0, 319181.0], [644530.0, 319450.0], [645395.0, 320474.0], [643668.0, 319775.0], [644050.0, 319181.0], [643206.0, 319139.0], [642176.0, 318597.0], [641971.0, 318464.0], [641837.0, 318335.0], [641720.0, 317839.0], [641176.0, 317444.0], [639399.0, 317724.0]]], [[[584776.0, 345838.0], [581346.0, 345830.0], [581258.0, 346317.0], [580978.0, 346306.0], [580097.0, 345538.0], [578802.0, 346470.0], [581100.0, 346801.0], [584776.0, 345838.0]]]]}, "wealth": 400700, "region": "East of England"}, {"id": "6", "type": "Feature", "properties": {"region": "London", "wealth": 244800}, "geometry": {"type": "MultiPolygon", "coordinates": [[[[516711.0, 173240.0], [516497.0, 173113.0], [516282.0, 172986.0], [516421.0, 173234.0], [516711.0, 173240.0]]], [[[516794.0, 175934.0], [516733.0, 175443.0], [516722.0, 175932.0], [516794.0, 175934.0]]], [[[518204.0, 177557.0], [518273.0, 177681.0], [518276.0, 177559.0], [518204.0, 177557.0]]], [[[518490.0, 177686.0], [518348.0, 177561.0], [518418.0, 177685.0], [518490.0, 177686.0]]], [[[518562.0, 177688.0], [518559.0, 177810.0], [518849.0, 177817.0], [518562.0, 177688.0]]], [[[521955.0, 178013.0], [521813.0, 177887.0], [521882.0, 178011.0], [521955.0, 178013.0]]], [[[537599.0, 196035.0], [544792.0, 191585.0], [554001.0, 194917.0], [561965.0, 185005.0], [557229.0, 183877.0], [557134.0, 182283.0], [556085.0, 183475.0], [554885.0, 180133.0], [551958.0, 178821.0], [550288.0, 181464.0], [545505.0, 181814.0], [545257.0, 182908.0], [544751.0, 182894.0], [544235.0, 183247.0], [544091.0, 183242.0], [544084.0, 183487.0], [543936.0, 183605.0], [544005.0, 183730.0], [543698.0, 184333.0], [543630.0, 184208.0], [543623.0, 184453.0], [543547.0, 184573.0], [543523.0, 185429.0], [543592.0, 185554.0], [543354.0, 186281.0], [543557.0, 184206.0], [543702.0, 184210.0], [543864.0, 183603.0], [544012.0, 183485.0], [544091.0, 183242.0], [543874.0, 183236.0], [545581.0, 181694.0], [543826.0, 179808.0], [540357.0, 179711.0], [538887.0, 183220.0], [538012.0, 178178.0], [536786.0, 180715.0], [532299.0, 180841.0], [530571.0, 180552.0], [530052.0, 178213.0], [526886.0, 177522.0], [525778.0, 175536.0], [523109.0, 178163.0], [521952.0, 178135.0], [521599.0, 177760.0], [521550.0, 176780.0], [520914.0, 176153.0], [519430.0, 177708.0], [518701.0, 177936.0], [518487.0, 177809.0], [518204.0, 177557.0], [518134.0, 177433.0], [517848.0, 177304.0], [517648.0, 176565.0], [516649.0, 175931.0], [516738.0, 175199.0], [517927.0, 173880.0], [516349.0, 173232.0], [516004.0, 172490.0], [516461.0, 171521.0], [516970.0, 171411.0], [516143.0, 172738.0], [517791.0, 173510.0], [518069.0, 174006.0], [516866.0, 175936.0], [517651.0, 176443.0], [518279.0, 177437.0], [518562.0, 177688.0], [518921.0, 177819.0], [520112.0, 176378.0], [521061.0, 176034.0], [522747.0, 178154.0], [525576.0, 174919.0], [530062.0, 177847.0], [531149.0, 180567.0], [536576.0, 180465.0], [537539.0, 176942.0], [538895.0, 180283.0], [540952.0, 179116.0], [544271.0, 179454.0], [547539.0, 181506.0], [550314.0, 180608.0], [551322.0, 178312.0], [554020.0, 177659.0], [549977.0, 172398.0], [549892.0, 165419.0], [545416.0, 159537.0], [545914.0, 157349.0], [543615.0, 156427.0], [541815.0, 158457.0], [540628.0, 156711.0], [539571.0, 160843.0], [536788.0, 161747.0], [530914.0, 155842.0], [528105.0, 160665.0], [523374.0, 161161.0], [522242.0, 166028.0], [516581.0, 159900.0], [517135.0, 167377.0], [503565.0, 175281.0], [505676.0, 185112.0], [503987.0, 193519.0], [506914.0, 191500.0], [510949.0, 191709.0], [520679.0, 195113.0], [527035.0, 200409.0], [531056.0, 200878.0], [537640.0, 199830.0], [537599.0, 196035.0]]]]}, "wealth": 244800, "region": "London"}, {"id": "7", "type": "Feature", "properties": {"region": "South East", "wealth": 489800}, "geometry": {"type": "MultiPolygon", "coordinates": [[[[429195.0, 84910.0], [429122.0, 84788.0], [429048.0, 84910.0], [429195.0, 84910.0]]], [[[465581.0, 94901.0], [465507.0, 94900.0], [465579.0, 95023.0], [465581.0, 94901.0]]], [[[449623.0, 96315.0], [450688.0, 92534.0], [449983.0, 89470.0], [450209.0, 88861.0], [451202.0, 92662.0], [450064.0, 96320.0], [451163.0, 96575.0], [455604.0, 93440.0], [454877.0, 92699.0], [454737.0, 91963.0], [460242.0, 92758.0], [462974.0, 91689.0], [463085.0, 88633.0], [465815.0, 87933.0], [459536.0, 83699.0], [457760.0, 77809.0], [449675.0, 75281.0], [436479.0, 85323.0], [429342.0, 84911.0], [433874.0, 89830.0], [435345.0, 89840.0], [434684.0, 89713.0], [434848.0, 87146.0], [435125.0, 89716.0], [440695.0, 92080.0], [439980.0, 89506.0], [442474.0, 90260.0], [441809.0, 90744.0], [441733.0, 90988.0], [441876.0, 91478.0], [442095.0, 91724.0], [442241.0, 91848.0], [442390.0, 91604.0], [442316.0, 91726.0], [442168.0, 91847.0], [441876.0, 91478.0], [441953.0, 91112.0], [441733.0, 90988.0], [441808.0, 90866.0], [444092.0, 90273.0], [444597.0, 91378.0], [441726.0, 91966.0], [449623.0, 96315.0]]], [[[444026.0, 98100.0], [443661.0, 97852.0], [443075.0, 97725.0], [443512.0, 98095.0], [444026.0, 98100.0]]], [[[476737.0, 100802.0], [477104.0, 100807.0], [477036.0, 100439.0], [476814.0, 100558.0], [476737.0, 100802.0]]], [[[544635.0, 101509.0], [544412.0, 101625.0], [544478.0, 101872.0], [544635.0, 101509.0]]], [[[464023.0, 102098.0], [463364.0, 101968.0], [463795.0, 102707.0], [464023.0, 102098.0]]], [[[469949.0, 103397.0], [469806.0, 103151.0], [470029.0, 102909.0], [469881.0, 103029.0], [469806.0, 103151.0], [469874.0, 103518.0], [469949.0, 103397.0]]], [[[469359.0, 103634.0], [469653.0, 103638.0], [469656.0, 103393.0], [469359.0, 103634.0]]], [[[474588.0, 102238.0], [476107.0, 103728.0], [476996.0, 103130.0], [476808.0, 100925.0], [474588.0, 102238.0]]], [[[469864.0, 104252.0], [470383.0, 103892.0], [470384.0, 103770.0], [469864.0, 104252.0]]], [[[472724.0, 104291.0], [473987.0, 103208.0], [472870.0, 99156.0], [475088.0, 98087.0], [468979.0, 99103.0], [472724.0, 104291.0]]], [[[466195.0, 104449.0], [468537.0, 99220.0], [464294.0, 97943.0], [462713.0, 101226.0], [464104.0, 101487.0], [464167.0, 102344.0], [463493.0, 103437.0], [464596.0, 103206.0], [466195.0, 104449.0]]], [[[503083.0, 108596.0], [503147.0, 109086.0], [503068.0, 109330.0], [503364.0, 109213.0], [503662.0, 108974.0], [503811.0, 108855.0], [503813.0, 108733.0], [503818.0, 108488.0], [503601.0, 108361.0], [503457.0, 108236.0], [502868.0, 108347.0], [503012.0, 108472.0], [503083.0, 108596.0]]], [[[502507.0, 111765.0], [502434.0, 111764.0], [502505.0, 111887.0], [502507.0, 111765.0]]], [[[541397.0, 112556.0], [541417.0, 111822.0], [540755.0, 111926.0], [541397.0, 112556.0]]], [[[617781.0, 159902.0], [617927.0, 159908.0], [618004.0, 159789.0], [617859.0, 159783.0], [617787.0, 159780.0], [617714.0, 159777.0], [617781.0, 159902.0]]], [[[633666.0, 160848.0], [634040.0, 160620.0], [633968.0, 160617.0], [633744.0, 160729.0], [633672.0, 160726.0], [633532.0, 160597.0], [633409.0, 160101.0], [633711.0, 159870.0], [633929.0, 159880.0], [634007.0, 159761.0], [633644.0, 159744.0], [633661.0, 159378.0], [633884.0, 159265.0], [633756.0, 158892.0], [633834.0, 158773.0], [634208.0, 158545.0], [633845.0, 158528.0], [633856.0, 158284.0], [633644.0, 158152.0], [633420.0, 158264.0], [633203.0, 158254.0], [633046.0, 158492.0], [632974.0, 158489.0], [633035.0, 158736.0], [632806.0, 158971.0], [632733.0, 158968.0], [632594.0, 158839.0], [632449.0, 158832.0], [632432.0, 159199.0], [632203.0, 159434.0], [632968.0, 160204.0], [633287.0, 161198.0], [633594.0, 160845.0], [633666.0, 160848.0]]], [[[596612.0, 165902.0], [597419.0, 165688.0], [596984.0, 165671.0], [596612.0, 165902.0]]], [[[598836.0, 166600.0], [598604.0, 166959.0], [598981.0, 166606.0], [598836.0, 166600.0]]], [[[580235.0, 169215.0], [580022.0, 169086.0], [580018.0, 169208.0], [580235.0, 169215.0]]], [[[586746.0, 169695.0], [585813.0, 169416.0], [586669.0, 169814.0], [586746.0, 169695.0]]], [[[580734.0, 169478.0], [582106.0, 169649.0], [582038.0, 169524.0], [580734.0, 169478.0]]], [[[581922.0, 170745.0], [581998.0, 170625.0], [581926.0, 170622.0], [581922.0, 170745.0]]], [[[581487.0, 170729.0], [582003.0, 170503.0], [581491.0, 170607.0], [581487.0, 170729.0]]], [[[578245.0, 170125.0], [579532.0, 170660.0], [579694.0, 170176.0], [578245.0, 170125.0]]], [[[580695.0, 170578.0], [580763.0, 170703.0], [581125.0, 170716.0], [580695.0, 170578.0]]], [[[582134.0, 170875.0], [581559.0, 170732.0], [581483.0, 170851.0], [582134.0, 170875.0]]], [[[585547.0, 170753.0], [587258.0, 171550.0], [587538.0, 169846.0], [585547.0, 170753.0]]], [[[582951.0, 172373.0], [583602.0, 172396.0], [583548.0, 171905.0], [582951.0, 172373.0]]], [[[585064.0, 172082.0], [587000.0, 172642.0], [587032.0, 171787.0], [585064.0, 172082.0]]], [[[583350.0, 173367.0], [583363.0, 173000.0], [583142.0, 173114.0], [583350.0, 173367.0]]], [[[584527.0, 174879.0], [584690.0, 174395.0], [584251.0, 174501.0], [584527.0, 174879.0]]], [[[584659.0, 175251.0], [585029.0, 175019.0], [584740.0, 175009.0], [584659.0, 175251.0]]], [[[597788.0, 167417.0], [592574.0, 167095.0], [592424.0, 169171.0], [590055.0, 170429.0], [589349.0, 171872.0], [591082.0, 172059.0], [590732.0, 175597.0], [601493.0, 172828.0], [605460.0, 167965.0], [601846.0, 165739.0], [599025.0, 167342.0], [597788.0, 167417.0]]], [[[491162.0, 256036.0], [493966.0, 254620.0], [493486.0, 249839.0], [496541.0, 246717.0], [491390.0, 239768.0], [493198.0, 238578.0], [493120.0, 231235.0], [489382.0, 224193.0], [497631.0, 220065.0], [500874.0, 215724.0], [497841.0, 212972.0], [491936.0, 213840.0], [489840.0, 218573.0], [486582.0, 216192.0], [490746.0, 212105.0], [491601.0, 208573.0], [500234.0, 204577.0], [500413.0, 199198.0], [503459.0, 198158.0], [501159.0, 194318.0], [505664.0, 185723.0], [503565.0, 175281.0], [517135.0, 167377.0], [516581.0, 159900.0], [522242.0, 166028.0], [523374.0, 161161.0], [528105.0, 160665.0], [530914.0, 155842.0], [536788.0, 161747.0], [539571.0, 160843.0], [540628.0, 156711.0], [541815.0, 158457.0], [542516.0, 156763.0], [545489.0, 156969.0], [545416.0, 159537.0], [549892.0, 165419.0], [549977.0, 172398.0], [554029.0, 174966.0], [554084.0, 177906.0], [558442.0, 175102.0], [560635.0, 176762.0], [565640.0, 174229.0], [570810.0, 175624.0], [572349.0, 179349.0], [584819.0, 178807.0], [585876.0, 177621.0], [586608.0, 177403.0], [586771.0, 176919.0], [586907.0, 177169.0], [586920.0, 176802.0], [587060.0, 176930.0], [586753.0, 177408.0], [585637.0, 178225.0], [587734.0, 178302.0], [588684.0, 174174.0], [586232.0, 173839.0], [585807.0, 175537.0], [583212.0, 175198.0], [581661.0, 171960.0], [576175.0, 171277.0], [575407.0, 168313.0], [574645.0, 169388.0], [574278.0, 169498.0], [570630.0, 165825.0], [570555.0, 163741.0], [571248.0, 162540.0], [570821.0, 162281.0], [570838.0, 161792.0], [571132.0, 161679.0], [571414.0, 161934.0], [571136.0, 161557.0], [571181.0, 160212.0], [571649.0, 159248.0], [571803.0, 159009.0], [571879.0, 158889.0], [572250.0, 158657.0], [574522.0, 158121.0], [573847.0, 158711.0], [572174.0, 158776.0], [571803.0, 159009.0], [571726.0, 159129.0], [571637.0, 159615.0], [571479.0, 159977.0], [571548.0, 160102.0], [571407.0, 159975.0], [571463.0, 160466.0], [571314.0, 160584.0], [571592.0, 160960.0], [571822.0, 160601.0], [571410.0, 162056.0], [570910.0, 161794.0], [571321.0, 162543.0], [570700.0, 163746.0], [571259.0, 164377.0], [570638.0, 165580.0], [574581.0, 169141.0], [575633.0, 168076.0], [576477.0, 170920.0], [582035.0, 167565.0], [583440.0, 168840.0], [582683.0, 167711.0], [582623.0, 167342.0], [583067.0, 167113.0], [584568.0, 169738.0], [585966.0, 167217.0], [587049.0, 169338.0], [589313.0, 168932.0], [587584.0, 172541.0], [589747.0, 172866.0], [588819.0, 172465.0], [589775.0, 170174.0], [592451.0, 168437.0], [590501.0, 164323.0], [592752.0, 166245.0], [596032.0, 165880.0], [595698.0, 165132.0], [595939.0, 164529.0], [600329.0, 165557.0], [601895.0, 164516.0], [600729.0, 162756.0], [603191.0, 162976.0], [601285.0, 161553.0], [603273.0, 162734.0], [603263.0, 162978.0], [602876.0, 163575.0], [601856.0, 163657.0], [601832.0, 164269.0], [608913.0, 165166.0], [610645.0, 167197.0], [638473.0, 171607.0], [640164.0, 169603.0], [638615.0, 163894.0], [635323.0, 164354.0], [633359.0, 161201.0], [633342.0, 161568.0], [633259.0, 161809.0], [633097.0, 162170.0], [632868.0, 162404.0], [632500.0, 162510.0], [632288.0, 162378.0], [631830.0, 162847.0], [625298.0, 164270.0], [617418.0, 159887.0], [617636.0, 159896.0], [617787.0, 159780.0], [617859.0, 159783.0], [618217.0, 159921.0], [618714.0, 160187.0], [619083.0, 160080.0], [619145.0, 160328.0], [620301.0, 160500.0], [625375.0, 164151.0], [626859.0, 163481.0], [625061.0, 163034.0], [626563.0, 163591.0], [626859.0, 163481.0], [627087.0, 163247.0], [628409.0, 162938.0], [629710.0, 163119.0], [630820.0, 162679.0], [631836.0, 162725.0], [632288.0, 162378.0], [632723.0, 162398.0], [632130.0, 159430.0], [632449.0, 158832.0], [632733.0, 158968.0], [632901.0, 158485.0], [633203.0, 158254.0], [633420.0, 158264.0], [633649.0, 158029.0], [634208.0, 158545.0], [633756.0, 158892.0], [633890.0, 159143.0], [633884.0, 159265.0], [633649.0, 159622.0], [633873.0, 159510.0], [634007.0, 159761.0], [634001.0, 159883.0], [633476.0, 160227.0], [633532.0, 160597.0], [634046.0, 160498.0], [634040.0, 160620.0], [634035.0, 160742.0], [633739.0, 160851.0], [633661.0, 160970.0], [633582.0, 161089.0], [634978.0, 162378.0], [637798.0, 153320.0], [636498.0, 143581.0], [631807.0, 140795.0], [633011.0, 139992.0], [625210.0, 138052.0], [623931.0, 135547.0], [613034.0, 132268.0], [608820.0, 126218.0], [609492.0, 116816.0], [594848.0, 118326.0], [594300.0, 119285.0], [592425.0, 120440.0], [592494.0, 120565.0], [592489.0, 120687.0], [592476.0, 121054.0], [592965.0, 121684.0], [593033.0, 121809.0], [593097.0, 122056.0], [593102.0, 121934.0], [593225.0, 122551.0], [591698.0, 120290.0], [595086.0, 117846.0], [587912.0, 111582.0], [566793.0, 104619.0], [558416.0, 95178.0], [551651.0, 97670.0], [551773.0, 98530.0], [551224.0, 99738.0], [551073.0, 99856.0], [551254.0, 101207.0], [552124.0, 101600.0], [552191.0, 101846.0], [552040.0, 101964.0], [552110.0, 102089.0], [551883.0, 102327.0], [552232.0, 102949.0], [552228.0, 103071.0], [552225.0, 103194.0], [552364.0, 103442.0], [552434.0, 103567.0], [552570.0, 103938.0], [552567.0, 104060.0], [551254.0, 101207.0], [551492.0, 100602.0], [551073.0, 99856.0], [551080.0, 99611.0], [551651.0, 97670.0], [545190.0, 100056.0], [545023.0, 100785.0], [544154.0, 102964.0], [544004.0, 103082.0], [543414.0, 103188.0], [543184.0, 103549.0], [542884.0, 103786.0], [544305.0, 108108.0], [543596.0, 107232.0], [542419.0, 110014.0], [540615.0, 111678.0], [541933.0, 111714.0], [541470.0, 112557.0], [542123.0, 112820.0], [542193.0, 112944.0], [542263.0, 113069.0], [542259.0, 113191.0], [542109.0, 113309.0], [542465.0, 113686.0], [542688.0, 113570.0], [542835.0, 113574.0], [542908.0, 113576.0], [543055.0, 113580.0], [542808.0, 114552.0], [543310.0, 114933.0], [543055.0, 113580.0], [542465.0, 113686.0], [542396.0, 113562.0], [542109.0, 113309.0], [542193.0, 112944.0], [541537.0, 112804.0], [540681.0, 111924.0], [540541.0, 111676.0], [543596.0, 107232.0], [542810.0, 103784.0], [545207.0, 99444.0], [531504.0, 103853.0], [523565.0, 104393.0], [524140.0, 104896.0], [521274.0, 105073.0], [520253.0, 107986.0], [519588.0, 108215.0], [519869.0, 108711.0], [519864.0, 108955.0], [519636.0, 109317.0], [519486.0, 109436.0], [519551.0, 109805.0], [519466.0, 110292.0], [519241.0, 110532.0], [519086.0, 110895.0], [519154.0, 111141.0], [519005.0, 111260.0], [519427.0, 112004.0], [519416.0, 112493.0], [520210.0, 113001.0], [520126.0, 113488.0], [519973.0, 113729.0], [519678.0, 113845.0], [519588.0, 114577.0], [518831.0, 115661.0], [518895.0, 116029.0], [519326.0, 116406.0], [519467.0, 116654.0], [519461.0, 116899.0], [519607.0, 116902.0], [519672.0, 117271.0], [519962.0, 117400.0], [520032.0, 117524.0], [519953.0, 117767.0], [520167.0, 118016.0], [520969.0, 118157.0], [521247.0, 118775.0], [521256.0, 118409.0], [520969.0, 118157.0], [519953.0, 117767.0], [519669.0, 117393.0], [519461.0, 116899.0], [519467.0, 116654.0], [518049.0, 117845.0], [518856.0, 117741.0], [519467.0, 116654.0], [518895.0, 116029.0], [518901.0, 115785.0], [518831.0, 115661.0], [519140.0, 114934.0], [519588.0, 114577.0], [519599.0, 114088.0], [519678.0, 113845.0], [520210.0, 113001.0], [520078.0, 112386.0], [519416.0, 112493.0], [519137.0, 111875.0], [519143.0, 111630.0], [519005.0, 111260.0], [519007.0, 111138.0], [519588.0, 108215.0], [521203.0, 104949.0], [520766.0, 104816.0], [523260.0, 104875.0], [523488.0, 104513.0], [523494.0, 104269.0], [502861.0, 101251.0], [502627.0, 101981.0], [502106.0, 102338.0], [501590.0, 102450.0], [501356.0, 103179.0], [501136.0, 103175.0], [500700.0, 102922.0], [500686.0, 103656.0], [500386.0, 104017.0], [501041.0, 104274.0], [501039.0, 104396.0], [500960.0, 104640.0], [500736.0, 104880.0], [501171.0, 105133.0], [501242.0, 105257.0], [501433.0, 106728.0], [502162.0, 106987.0], [502240.0, 106744.0], [502386.0, 106747.0], [502750.0, 106877.0], [502821.0, 107000.0], [502890.0, 107246.0], [502963.0, 107248.0], [502572.0, 108463.0], [502646.0, 108465.0], [502719.0, 108466.0], [503383.0, 108235.0], [503530.0, 108238.0], [503889.0, 108612.0], [503887.0, 108734.0], [503738.0, 108853.0], [503513.0, 109094.0], [503437.0, 109214.0], [503288.0, 109334.0], [502775.0, 109324.0], [502695.0, 109689.0], [502910.0, 109938.0], [502832.0, 110181.0], [501355.0, 110764.0], [501423.0, 111010.0], [502148.0, 111391.0], [502507.0, 111765.0], [502581.0, 111767.0], [502503.0, 112010.0], [502354.0, 112129.0], [502061.0, 112123.0], [501761.0, 112484.0], [501687.0, 112483.0], [502976.0, 113976.0], [502215.0, 115429.0], [504616.0, 116211.0], [504684.0, 116457.0], [504528.0, 116943.0], [505037.0, 117076.0], [505325.0, 117327.0], [505323.0, 117449.0], [505247.0, 117570.0], [505318.0, 117693.0], [505313.0, 117938.0], [505459.0, 117941.0], [505673.0, 118190.0], [505971.0, 117951.0], [506480.0, 118084.0], [505081.0, 118545.0], [504057.0, 118524.0], [503555.0, 118025.0], [503038.0, 118259.0], [503535.0, 119003.0], [503579.0, 120472.0], [503350.0, 120957.0], [503781.0, 121332.0], [503637.0, 121207.0], [503350.0, 120957.0], [503279.0, 120833.0], [502962.0, 118380.0], [503038.0, 118259.0], [503335.0, 118021.0], [503482.0, 118023.0], [503411.0, 117900.0], [505083.0, 118423.0], [505252.0, 117325.0], [504528.0, 116943.0], [504608.0, 116578.0], [504684.0, 116457.0], [504689.0, 116213.0], [504616.0, 116211.0], [504177.0, 116202.0], [503884.0, 116196.0], [503440.0, 116432.0], [502142.0, 115428.0], [501281.0, 110762.0], [502758.0, 110180.0], [502837.0, 109937.0], [502695.0, 109689.0], [502697.0, 109567.0], [502775.0, 109324.0], [503071.0, 109207.0], [503083.0, 108596.0], [503085.0, 108474.0], [502939.0, 108471.0], [502866.0, 108469.0], [502499.0, 108462.0], [502428.0, 108338.0], [502821.0, 107000.0], [502013.0, 107107.0], [501360.0, 106727.0], [500315.0, 103893.0], [500629.0, 102798.0], [502864.0, 101129.0], [488047.0, 96088.0], [487873.0, 97675.0], [486044.0, 97277.0], [488047.0, 96088.0], [485761.0, 92135.0], [476477.0, 98474.0], [478858.0, 101323.0], [481511.0, 100629.0], [482895.0, 101263.0], [483611.0, 102375.0], [483871.0, 104459.0], [481134.0, 101235.0], [480487.0, 105139.0], [479142.0, 101938.0], [477997.0, 104857.0], [474855.0, 104077.0], [475425.0, 105186.0], [475197.0, 105794.0], [471843.0, 104401.0], [470425.0, 106217.0], [468849.0, 103382.0], [467954.0, 104472.0], [467373.0, 104097.0], [467444.0, 104220.0], [466784.0, 104212.0], [466195.0, 104449.0], [464873.0, 104555.0], [464298.0, 103569.0], [463246.0, 105635.0], [458416.0, 104845.0], [458041.0, 105575.0], [458770.0, 105950.0], [458766.0, 106317.0], [458395.0, 106679.0], [458694.0, 106194.0], [457892.0, 105818.0], [457907.0, 104473.0], [459815.0, 104372.0], [462363.0, 99754.0], [460320.0, 98752.0], [462661.0, 99391.0], [460629.0, 97410.0], [448957.0, 104748.0], [449576.0, 109034.0], [449204.0, 109642.0], [452919.0, 111758.0], [451586.0, 113212.0], [451971.0, 111381.0], [449633.0, 110747.0], [448115.0, 108531.0], [448654.0, 105723.0], [443559.0, 110081.0], [444270.0, 112655.0], [443165.0, 113380.0], [443894.0, 113753.0], [444099.0, 115467.0], [442874.0, 113133.0], [442758.0, 109463.0], [441131.0, 111407.0], [437903.0, 112238.0], [436718.0, 114064.0], [436864.0, 114188.0], [436935.0, 114433.0], [436860.0, 114677.0], [436714.0, 114676.0], [436785.0, 114921.0], [436637.0, 115164.0], [435850.0, 112591.0], [440770.0, 110792.0], [447588.0, 102044.0], [448904.0, 102546.0], [446445.0, 98610.0], [443140.0, 98704.0], [442410.0, 98209.0], [442115.0, 98329.0], [441434.0, 100891.0], [438927.0, 102462.0], [441512.0, 100280.0], [441454.0, 98446.0], [442562.0, 97598.0], [442708.0, 97722.0], [442928.0, 97724.0], [442929.0, 97601.0], [436484.0, 95229.0], [432878.0, 96183.0], [433046.0, 92882.0], [429749.0, 91028.0], [431816.0, 89695.0], [421800.0, 93068.0], [422528.0, 94783.0], [418122.0, 94277.0], [417816.0, 97823.0], [415251.0, 96102.0], [413330.0, 100744.0], [414861.0, 104050.0], [413680.0, 107104.0], [410382.0, 107097.0], [413442.0, 114197.0], [408979.0, 113087.0], [403265.0, 119806.0], [403118.0, 121151.0], [408962.0, 122992.0], [408966.0, 120547.0], [411592.0, 123365.0], [413059.0, 120800.0], [419862.0, 119721.0], [423313.0, 116433.0], [426527.0, 117304.0], [427976.0, 120002.0], [426137.0, 122194.0], [428322.0, 123551.0], [425675.0, 126962.0], [426289.0, 135403.0], [423660.0, 136491.0], [424301.0, 139674.0], [421438.0, 145043.0], [425724.0, 146530.0], [427521.0, 150453.0], [432466.0, 149993.0], [432983.0, 160025.0], [435021.0, 159060.0], [435880.0, 160778.0], [429886.0, 168690.0], [432994.0, 169565.0], [433195.0, 172135.0], [429039.0, 177491.0], [428876.0, 180793.0], [427651.0, 180052.0], [424008.0, 186516.0], [422496.0, 185653.0], [421479.0, 187238.0], [423617.0, 192996.0], [421375.0, 194821.0], [421073.0, 198245.0], [424383.0, 198626.0], [421126.0, 202648.0], [419445.0, 209491.0], [422022.0, 211703.0], [421704.0, 218796.0], [425343.0, 222360.0], [424471.0, 224925.0], [426539.0, 226647.0], [423077.0, 232135.0], [426743.0, 228606.0], [427517.0, 231056.0], [432728.0, 232800.0], [435151.0, 244070.0], [437931.0, 244457.0], [437490.0, 246167.0], [439197.0, 246791.0], [442214.0, 244125.0], [443920.0, 244874.0], [441620.0, 246933.0], [444599.0, 248672.0], [445776.0, 252475.0], [451628.0, 244580.0], [446573.0, 243430.0], [448224.0, 242467.0], [447182.0, 239399.0], [449650.0, 235386.0], [449331.0, 231468.0], [455271.0, 231286.0], [459536.0, 233536.0], [460329.0, 238928.0], [466872.0, 241092.0], [465715.0, 242177.0], [471912.0, 243119.0], [475153.0, 236438.0], [480208.0, 242145.0], [476688.0, 248206.0], [491162.0, 256036.0]]]]}, "wealth": 489800, "region": "South East"}, {"id": "8", "type": "Feature", "properties": {"region": "South West", "wealth": 347700}, "geometry": {"type": "MultiPolygon", "coordinates": [[[[84722.0, 5666.0], [84865.0, 5535.0], [84715.0, 5544.0], [84722.0, 5666.0]]], [[[84117.0, 5579.0], [83967.0, 5588.0], [84049.0, 5706.0], [84117.0, 5579.0]]], [[[83981.0, 5832.0], [83974.0, 5710.0], [83899.0, 5715.0], [83981.0, 5832.0]]], [[[83996.0, 6077.0], [83764.0, 5968.0], [83921.0, 6081.0], [83996.0, 6077.0]]], [[[83853.0, 6208.0], [83846.0, 6086.0], [83779.0, 6212.0], [83853.0, 6208.0]]], [[[86112.0, 6321.0], [86112.0, 6321.0], [86194.0, 6438.0], [86186.0, 6316.0], [86112.0, 6321.0]]], [[[82768.0, 6885.0], [82700.0, 7012.0], [82775.0, 7007.0], [82768.0, 6885.0]]], [[[83156.0, 7107.0], [83081.0, 7112.0], [83163.0, 7230.0], [83156.0, 7107.0]]], [[[86204.0, 7909.0], [86212.0, 8032.0], [86286.0, 8027.0], [86204.0, 7909.0]]], [[[87468.0, 7713.0], [89366.0, 8093.0], [88256.0, 7054.0], [87468.0, 7713.0]]], [[[85649.0, 8678.0], [86607.0, 8376.0], [86368.0, 8145.0], [85649.0, 8678.0]]], [[[87156.0, 12636.0], [87006.0, 12645.0], [87088.0, 12763.0], [87156.0, 12636.0]]], [[[91598.0, 12992.0], [93204.0, 10938.0], [91007.0, 9225.0], [89419.0, 10297.0], [91598.0, 12992.0]]], [[[85452.0, 12981.0], [85363.0, 12741.0], [85309.0, 13112.0], [85452.0, 12981.0]]], [[[87938.0, 13204.0], [87373.0, 12501.0], [87721.0, 13339.0], [87938.0, 13204.0]]], [[[93426.0, 13500.0], [93433.0, 13622.0], [93582.0, 13614.0], [93426.0, 13500.0]]], [[[95613.0, 13743.0], [95450.0, 13507.0], [95307.0, 13638.0], [95613.0, 13743.0]]], [[[94574.0, 13925.0], [94717.0, 13794.0], [94493.0, 13807.0], [94574.0, 13925.0]]], [[[93372.0, 13871.0], [93291.0, 13753.0], [93216.0, 13757.0], [93372.0, 13871.0]]], [[[85808.0, 13941.0], [85875.0, 13815.0], [85801.0, 13819.0], [85808.0, 13941.0]]], [[[93970.0, 13837.0], [94037.0, 13710.0], [94315.0, 13327.0], [94166.0, 13335.0], [93970.0, 13837.0]]], [[[86338.0, 14033.0], [86331.0, 13911.0], [86263.0, 14037.0], [86338.0, 14033.0]]], [[[85367.0, 14090.0], [85434.0, 13963.0], [85360.0, 13968.0], [85367.0, 14090.0]]], [[[95260.0, 14131.0], [95410.0, 14123.0], [95403.0, 14000.0], [95260.0, 14131.0]]], [[[93991.0, 14204.0], [93909.0, 14086.0], [93767.0, 14216.0], [93991.0, 14204.0]]], [[[95566.0, 14236.0], [95559.0, 14114.0], [95491.0, 14241.0], [95566.0, 14236.0]]], [[[85008.0, 14356.0], [84933.0, 14361.0], [84940.0, 14483.0], [85008.0, 14356.0]]], [[[94555.0, 14907.0], [94955.0, 14026.0], [94324.0, 14798.0], [94555.0, 14907.0]]], [[[86551.0, 15124.0], [86768.0, 14989.0], [86687.0, 14871.0], [86551.0, 15124.0]]], [[[90057.0, 16146.0], [90050.0, 16024.0], [89975.0, 16029.0], [90057.0, 16146.0]]], [[[89833.0, 16159.0], [89826.0, 16037.0], [89751.0, 16042.0], [89833.0, 16159.0]]], [[[89474.0, 16425.0], [89535.0, 16177.0], [89325.0, 16434.0], [89474.0, 16425.0]]], [[[87608.0, 16534.0], [88208.0, 15273.0], [87913.0, 14064.0], [86985.0, 14854.0], [87608.0, 16534.0]]], [[[88041.0, 16263.0], [90285.0, 14907.0], [89297.0, 13370.0], [88041.0, 16263.0]]], [[[90452.0, 16491.0], [91130.0, 16575.0], [91102.0, 16086.0], [90452.0, 16491.0]]], [[[89659.0, 17028.0], [90338.0, 17111.0], [89794.0, 16775.0], [89659.0, 17028.0]]], [[[165920.0, 17560.0], [166143.0, 17550.0], [166138.0, 17428.0], [165920.0, 17560.0]]], [[[91468.0, 15942.0], [92680.0, 17467.0], [92528.0, 16127.0], [94448.0, 15649.0], [91468.0, 15942.0]]], [[[90067.0, 17617.0], [90298.0, 17727.0], [90210.0, 17486.0], [90067.0, 17617.0]]], [[[147412.0, 26120.0], [147406.0, 25998.0], [147343.0, 26246.0], [147412.0, 26120.0]]], [[[151387.0, 29731.0], [151479.0, 30094.0], [151553.0, 30091.0], [151559.0, 30213.0], [151622.0, 29965.0], [151387.0, 29731.0]]], [[[134069.0, 31057.0], [133995.0, 31061.0], [134069.0, 31057.0], [134001.0, 31183.0], [134007.0, 31305.0], [134069.0, 31057.0]]], [[[192824.0, 36897.0], [192670.0, 36781.0], [192675.0, 36903.0], [192824.0, 36897.0]]], [[[157611.0, 43531.0], [157611.0, 43531.0], [157537.0, 43534.0], [157617.0, 43653.0], [157611.0, 43531.0]]], [[[264712.0, 44125.0], [264777.0, 43756.0], [264483.0, 43886.0], [264712.0, 44125.0]]], [[[250254.0, 47450.0], [249953.0, 47336.0], [250109.0, 47577.0], [250254.0, 47450.0]]], [[[247220.0, 50351.0], [246483.0, 50495.0], [247962.0, 50330.0], [247220.0, 50351.0]]], [[[225823.0, 51624.0], [225589.0, 51265.0], [225523.0, 51512.0], [225823.0, 51624.0]]], [[[246843.0, 52687.0], [247069.0, 52803.0], [246991.0, 52683.0], [246843.0, 52687.0]]], [[[199090.0, 72406.0], [199095.0, 72529.0], [199164.0, 72404.0], [199090.0, 72406.0]]], [[[198251.0, 73663.0], [198030.0, 73671.0], [198108.0, 73791.0], [198113.0, 73913.0], [197887.0, 73799.0], [197744.0, 73927.0], [197970.0, 74041.0], [198187.0, 73910.0], [198251.0, 73663.0]]], [[[187748.0, 78975.0], [187970.0, 78966.0], [187822.0, 78972.0], [187748.0, 78975.0]]], [[[384133.0, 79718.0], [384207.0, 79595.0], [384133.0, 79596.0], [384133.0, 79718.0]]], [[[384133.0, 79718.0], [384133.0, 79596.0], [384060.0, 79718.0], [384133.0, 79718.0]]], [[[191380.0, 81156.0], [191449.0, 81030.0], [191375.0, 81033.0], [191380.0, 81156.0]]], [[[193905.0, 81546.0], [193826.0, 81426.0], [193757.0, 81551.0], [193905.0, 81546.0]]], [[[401519.0, 85075.0], [401446.0, 85197.0], [401667.0, 85075.0], [401519.0, 85075.0]]], [[[400563.0, 86420.0], [400563.0, 86175.0], [400415.0, 86420.0], [400489.0, 86420.0], [400563.0, 86420.0]]], [[[399532.0, 86909.0], [399753.0, 86542.0], [399606.0, 86664.0], [399532.0, 86909.0]]], [[[401004.0, 86664.0], [400342.0, 86664.0], [400489.0, 87031.0], [401004.0, 86664.0]]], [[[399459.0, 87153.0], [399385.0, 87031.0], [399238.0, 87153.0], [399312.0, 87153.0], [399459.0, 87153.0]]], [[[400710.0, 87031.0], [401519.0, 87153.0], [401372.0, 86909.0], [400710.0, 87031.0]]], [[[400047.0, 87276.0], [400047.0, 86786.0], [399900.0, 86786.0], [400047.0, 87276.0]]], [[[399459.0, 87153.0], [399385.0, 87153.0], [399606.0, 87276.0], [399753.0, 87276.0], [399753.0, 87031.0], [399459.0, 87153.0]]], [[[394972.0, 87889.0], [395045.0, 87767.0], [394972.0, 87767.0], [394972.0, 87889.0]]], [[[395045.0, 88012.0], [394825.0, 88012.0], [394898.0, 88134.0], [395045.0, 88012.0]]], [[[398576.0, 88254.0], [399238.0, 87642.0], [398870.0, 87153.0], [398576.0, 88254.0]]], [[[401225.0, 87520.0], [403063.0, 88377.0], [403211.0, 87643.0], [401225.0, 87520.0]]], [[[400048.0, 92412.0], [399901.0, 92656.0], [400121.0, 92779.0], [400048.0, 92412.0]]], [[[416216.0, 92803.0], [416069.0, 92803.0], [416069.0, 92925.0], [416215.0, 93048.0], [416216.0, 92803.0]]], [[[329366.0, 148055.0], [329214.0, 147567.0], [328932.0, 148183.0], [329366.0, 148055.0]]], [[[213146.0, 148158.0], [214587.0, 143698.0], [213332.0, 143254.0], [212734.0, 144868.0], [213146.0, 148158.0]]], [[[328940.0, 148794.0], [329228.0, 148546.0], [328867.0, 148795.0], [328940.0, 148794.0]]], [[[323086.0, 160867.0], [322573.0, 160507.0], [322430.0, 160632.0], [323086.0, 160867.0]]], [[[421264.0, 237998.0], [426340.0, 237288.0], [422790.0, 232378.0], [426539.0, 226647.0], [424471.0, 224925.0], [425343.0, 222360.0], [421704.0, 218796.0], [422022.0, 211703.0], [419445.0, 209491.0], [421126.0, 202648.0], [424383.0, 198626.0], [421073.0, 198245.0], [421375.0, 194821.0], [423617.0, 192996.0], [421479.0, 187238.0], [422496.0, 185653.0], [424008.0, 186516.0], [427651.0, 180052.0], [428876.0, 180793.0], [429039.0, 177491.0], [433195.0, 172135.0], [432994.0, 169565.0], [429886.0, 168690.0], [435880.0, 160778.0], [435021.0, 159060.0], [432983.0, 160025.0], [432466.0, 149993.0], [427521.0, 150453.0], [425724.0, 146530.0], [421438.0, 145043.0], [424301.0, 139674.0], [423660.0, 136491.0], [426289.0, 135403.0], [425675.0, 126962.0], [428322.0, 123551.0], [426137.0, 122194.0], [427976.0, 120002.0], [426527.0, 117304.0], [423313.0, 116433.0], [419862.0, 119721.0], [413059.0, 120800.0], [411592.0, 123365.0], [408966.0, 120547.0], [408962.0, 122992.0], [403118.0, 121151.0], [408979.0, 113087.0], [411172.0, 114681.0], [413442.0, 114197.0], [410382.0, 107097.0], [413680.0, 107104.0], [415030.0, 96346.0], [417816.0, 97823.0], [418122.0, 94277.0], [422528.0, 94783.0], [418278.0, 91587.0], [416140.0, 93537.0], [416068.0, 93170.0], [415847.0, 93291.0], [415700.0, 93291.0], [415700.0, 93169.0], [416364.0, 92315.0], [415997.0, 92436.0], [415997.0, 92314.0], [415115.0, 92311.0], [415262.0, 92311.0], [415115.0, 92189.0], [414894.0, 92310.0], [414968.0, 92311.0], [414600.0, 92432.0], [414747.0, 92432.0], [414820.0, 92555.0], [414820.0, 92677.0], [414745.0, 93044.0], [414524.0, 93288.0], [414304.0, 93287.0], [413936.0, 93531.0], [413862.0, 93530.0], [413789.0, 93530.0], [414674.0, 92310.0], [415042.0, 92188.0], [415335.0, 92312.0], [415482.0, 92312.0], [415556.0, 92190.0], [415923.0, 92313.0], [416439.0, 91948.0], [416810.0, 90971.0], [418425.0, 91588.0], [417841.0, 90241.0], [410120.0, 90954.0], [403873.0, 87032.0], [404828.0, 88745.0], [402988.0, 90700.0], [400636.0, 90333.0], [400415.0, 93145.0], [399239.0, 92167.0], [400930.0, 89721.0], [397254.0, 91067.0], [398137.0, 92290.0], [396299.0, 92168.0], [397180.0, 90456.0], [395636.0, 90824.0], [395120.0, 88745.0], [394457.0, 88501.0], [394236.0, 88135.0], [394090.0, 88380.0], [393943.0, 88502.0], [393796.0, 88502.0], [393649.0, 88625.0], [393354.0, 88625.0], [392913.0, 88381.0], [393649.0, 88625.0], [394163.0, 88135.0], [394236.0, 88135.0], [394384.0, 88257.0], [394531.0, 88257.0], [394530.0, 87645.0], [394236.0, 87890.0], [394015.0, 87768.0], [393721.0, 87769.0], [393647.0, 87524.0], [393868.0, 87279.0], [393353.0, 87280.0], [393131.0, 86669.0], [392911.0, 87036.0], [392322.0, 87159.0], [392175.0, 87037.0], [392249.0, 87159.0], [391954.0, 86793.0], [391880.0, 86548.0], [391954.0, 86548.0], [391806.0, 86548.0], [391953.0, 86426.0], [392322.0, 87159.0], [393058.0, 86669.0], [393131.0, 86669.0], [393352.0, 86913.0], [393353.0, 87280.0], [393794.0, 87035.0], [393941.0, 87401.0], [393721.0, 87646.0], [393795.0, 87768.0], [394015.0, 87768.0], [394163.0, 87890.0], [394236.0, 87890.0], [394309.0, 87523.0], [394383.0, 87401.0], [395486.0, 87400.0], [397694.0, 89844.0], [398797.0, 89110.0], [396957.0, 85687.0], [399091.0, 87031.0], [400268.0, 85319.0], [401593.0, 86420.0], [401151.0, 85564.0], [401667.0, 84341.0], [403653.0, 86665.0], [403655.0, 82874.0], [405497.0, 82509.0], [403215.0, 79817.0], [403512.0, 77127.0], [396139.0, 75171.0], [395551.0, 77128.0], [386051.0, 80446.0], [370442.0, 81979.0], [368070.0, 79425.0], [369458.0, 77460.0], [368209.0, 78079.0], [367245.0, 77229.0], [366723.0, 76254.0], [366722.0, 76131.0], [366796.0, 76131.0], [366795.0, 76008.0], [366722.0, 76131.0], [366649.0, 76254.0], [365841.0, 76626.0], [365843.0, 76993.0], [364814.0, 77489.0], [363505.0, 79944.0], [356907.0, 84030.0], [362910.0, 79214.0], [366792.0, 75519.0], [366869.0, 76008.0], [367524.0, 74659.0], [370178.0, 74521.0], [370457.0, 71584.0], [367632.0, 68299.0], [368327.0, 73309.0], [364886.0, 77122.0], [344100.0, 91244.0], [335741.0, 93053.0], [327455.0, 89248.0], [325331.0, 89889.0], [325646.0, 91353.0], [325429.0, 91600.0], [325502.0, 91599.0], [325650.0, 91597.0], [325800.0, 91840.0], [325502.0, 91599.0], [325879.0, 92205.0], [325880.0, 92328.0], [325733.0, 92330.0], [325212.0, 91848.0], [325186.0, 90014.0], [325257.0, 89890.0], [325623.0, 89763.0], [322726.0, 87848.0], [310559.0, 86330.0], [303955.0, 79474.0], [299405.0, 80538.0], [297299.0, 89632.0], [297030.0, 87190.0], [296100.0, 88554.0], [294791.0, 89314.0], [294350.0, 89323.0], [294065.0, 89818.0], [294068.0, 89941.0], [293855.0, 90312.0], [293479.0, 89953.0], [293994.0, 89942.0], [294134.0, 89572.0], [294350.0, 89323.0], [294494.0, 89198.0], [296309.0, 87938.0], [297900.0, 78977.0], [299322.0, 80051.0], [294006.0, 72327.0], [293723.0, 72944.0], [289589.0, 72907.0], [286904.0, 71618.0], [286551.0, 72360.0], [286759.0, 71744.0], [286538.0, 71749.0], [286393.0, 71874.0], [286176.0, 72123.0], [286103.0, 72125.0], [286179.0, 72246.0], [286108.0, 72370.0], [286103.0, 72125.0], [285963.0, 72495.0], [285742.0, 72500.0], [287030.0, 70637.0], [288393.0, 72198.0], [294073.0, 71958.0], [292617.0, 65749.0], [295014.0, 63621.0], [290796.0, 63462.0], [289312.0, 59701.0], [290217.0, 56991.0], [294727.0, 56654.0], [292088.0, 50714.0], [290210.0, 49529.0], [288164.0, 50918.0], [288435.0, 53236.0], [286914.0, 54859.0], [287966.0, 55570.0], [288124.0, 56056.0], [285679.0, 55986.0], [283943.0, 57859.0], [283047.0, 57512.0], [283425.0, 57871.0], [283285.0, 58241.0], [282246.0, 58141.0], [282109.0, 58634.0], [280660.0, 60012.0], [281386.0, 62687.0], [280022.0, 61250.0], [280756.0, 60989.0], [280589.0, 60136.0], [280655.0, 59768.0], [281734.0, 58398.0], [283189.0, 57264.0], [284006.0, 57368.0], [281249.0, 56573.0], [286710.0, 55719.0], [286686.0, 54619.0], [287702.0, 53619.0], [286184.0, 51938.0], [287750.0, 52394.0], [287936.0, 50678.0], [288744.0, 50294.0], [283133.0, 44665.0], [281805.0, 38333.0], [282306.0, 37466.0], [282897.0, 37330.0], [283038.0, 36960.0], [277121.0, 35014.0], [273609.0, 37421.0], [277463.0, 40144.0], [274915.0, 39225.0], [277519.0, 42590.0], [274807.0, 40940.0], [274882.0, 44119.0], [273387.0, 43666.0], [274005.0, 41571.0], [272832.0, 42211.0], [274695.0, 39353.0], [274395.0, 39237.0], [273816.0, 39863.0], [273516.0, 39748.0], [272760.0, 36096.0], [270026.0, 36773.0], [266676.0, 39548.0], [267696.0, 41725.0], [266026.0, 43235.0], [268152.0, 45139.0], [268337.0, 46603.0], [268942.0, 47077.0], [269159.0, 46827.0], [270058.0, 47172.0], [270061.0, 47294.0], [268053.0, 47099.0], [266564.0, 43955.0], [261637.0, 45795.0], [261447.0, 47023.0], [262384.0, 48834.0], [262832.0, 48945.0], [263367.0, 49543.0], [263447.0, 49785.0], [262314.0, 48958.0], [262941.0, 50288.0], [263025.0, 50653.0], [262964.0, 51144.0], [263041.0, 51264.0], [263121.0, 51506.0], [263124.0, 51629.0], [261382.0, 47392.0], [256294.0, 45814.0], [252319.0, 47025.0], [255235.0, 47801.0], [253917.0, 48449.0], [256511.0, 51070.0], [254477.0, 49902.0], [254082.0, 51748.0], [253749.0, 47719.0], [249250.0, 48702.0], [248194.0, 53260.0], [250624.0, 52701.0], [249824.0, 53213.0], [250885.0, 54040.0], [250148.0, 54183.0], [251906.0, 56091.0], [251987.0, 56334.0], [251845.0, 56583.0], [251919.0, 56580.0], [252000.0, 56823.0], [252004.0, 56945.0], [249608.0, 53464.0], [244805.0, 53970.0], [245205.0, 57507.0], [243366.0, 57929.0], [244333.0, 60592.0], [246242.0, 60047.0], [244569.0, 61075.0], [246993.0, 62962.0], [247497.0, 65027.0], [244957.0, 61675.0], [242852.0, 65531.0], [241415.0, 64473.0], [242874.0, 66265.0], [242581.0, 68843.0], [243815.0, 68072.0], [244184.0, 68061.0], [245468.0, 69003.0], [245483.0, 69492.0], [245272.0, 69865.0], [244903.0, 69876.0], [244752.0, 69758.0], [244674.0, 69638.0], [244604.0, 69762.0], [244516.0, 69275.0], [243929.0, 69415.0], [244035.0, 70513.0], [243444.0, 70531.0], [243677.0, 70891.0], [243684.0, 71136.0], [243444.0, 70531.0], [243851.0, 69295.0], [245395.0, 69005.0], [242585.0, 68966.0], [241894.0, 68130.0], [242652.0, 66271.0], [241141.0, 65215.0], [240705.0, 65473.0], [240554.0, 65355.0], [240406.0, 65360.0], [241773.0, 64095.0], [242689.0, 65047.0], [243859.0, 62075.0], [243612.0, 61225.0], [242576.0, 61256.0], [242643.0, 61009.0], [242421.0, 61016.0], [242491.0, 60892.0], [242414.0, 60772.0], [242340.0, 60774.0], [242269.0, 60898.0], [242199.0, 61023.0], [242051.0, 61027.0], [241933.0, 62010.0], [241274.0, 62274.0], [242107.0, 60414.0], [243153.0, 60750.0], [242918.0, 57820.0], [238255.0, 55513.0], [237263.0, 57012.0], [238326.0, 57836.0], [238697.0, 60272.0], [238623.0, 60274.0], [238627.0, 60397.0], [238482.0, 60523.0], [238497.0, 61012.0], [238361.0, 61384.0], [237808.0, 57852.0], [236671.0, 57030.0], [236510.0, 58993.0], [236284.0, 58878.0], [236288.0, 59000.0], [236070.0, 59129.0], [236148.0, 59249.0], [236077.0, 59374.0], [235926.0, 59256.0], [235859.0, 59503.0], [235719.0, 59752.0], [235571.0, 59757.0], [235493.0, 59637.0], [235131.0, 59893.0], [236542.0, 57646.0], [234817.0, 56965.0], [238895.0, 54637.0], [242970.0, 57084.0], [244090.0, 54848.0], [242834.0, 55007.0], [243116.0, 54510.0], [241935.0, 54667.0], [242002.0, 54420.0], [241032.0, 54205.0], [240795.0, 53722.0], [243824.0, 53387.0], [243040.0, 51942.0], [245672.0, 53211.0], [243441.0, 50462.0], [244280.0, 48724.0], [241737.0, 48065.0], [241225.0, 50772.0], [235906.0, 53872.0], [230367.0, 54536.0], [226793.0, 54040.0], [225654.0, 53221.0], [225720.0, 52974.0], [225645.0, 52976.0], [225505.0, 53226.0], [225452.0, 53840.0], [225307.0, 53967.0], [225134.0, 55441.0], [224772.0, 55698.0], [224780.0, 55943.0], [224862.0, 56185.0], [224792.0, 56309.0], [224948.0, 56549.0], [224890.0, 57040.0], [224754.0, 57412.0], [224698.0, 55701.0], [225159.0, 53972.0], [223196.0, 55139.0], [225303.0, 53845.0], [225357.0, 53231.0], [225497.0, 52981.0], [225790.0, 52849.0], [224173.0, 51067.0], [212504.0, 50488.0], [212303.0, 51107.0], [213951.0, 51539.0], [213955.0, 51661.0], [214408.0, 51890.0], [214487.0, 52010.0], [212521.0, 53058.0], [212638.0, 54278.0], [214115.0, 54104.0], [214564.0, 54210.0], [214642.0, 54330.0], [214721.0, 54450.0], [212642.0, 54401.0], [214153.0, 57285.0], [212546.0, 55873.0], [210548.0, 60106.0], [212464.0, 55631.0], [211924.0, 50876.0], [209792.0, 49361.0], [209295.0, 52072.0], [207710.0, 53354.0], [203859.0, 51536.0], [204094.0, 47855.0], [201454.0, 44770.0], [202883.0, 43248.0], [200426.0, 39177.0], [195970.0, 41305.0], [192011.0, 37051.0], [189063.0, 37780.0], [187054.0, 32227.0], [185066.0, 30960.0], [184516.0, 32084.0], [186722.0, 33220.0], [186736.0, 35424.0], [183950.0, 32842.0], [184317.0, 40052.0], [187511.0, 39923.0], [189594.0, 41799.0], [185090.0, 40755.0], [186959.0, 46557.0], [184268.0, 42503.0], [183482.0, 43269.0], [182948.0, 44761.0], [182730.0, 44892.0], [182284.0, 43074.0], [185075.0, 42225.0], [184783.0, 40523.0], [184030.0, 40308.0], [183392.0, 41069.0], [182936.0, 40843.0], [184045.0, 38838.0], [181741.0, 37096.0], [181296.0, 38951.0], [178860.0, 39419.0], [177556.0, 38494.0], [181459.0, 37475.0], [181973.0, 35494.0], [180437.0, 36170.0], [182627.0, 35100.0], [182047.0, 33654.0], [179405.0, 34620.0], [178641.0, 34162.0], [182314.0, 32909.0], [182780.0, 31543.0], [180310.0, 31277.0], [178410.0, 26825.0], [175506.0, 26946.0], [176297.0, 28015.0], [175786.0, 28281.0], [173853.0, 26648.0], [174202.0, 27858.0], [173931.0, 28482.0], [173422.0, 27034.0], [174135.0, 26269.0], [170417.0, 26550.0], [171689.0, 24904.0], [178013.0, 26229.0], [177063.0, 24921.0], [180058.0, 25164.0], [181174.0, 21445.0], [177894.0, 16192.0], [173114.0, 16270.0], [171578.0, 11805.0], [167311.0, 13458.0], [166549.0, 19982.0], [162847.0, 25779.0], [154864.0, 27487.0], [151078.0, 31093.0], [147786.0, 30880.0], [146689.0, 25052.0], [144125.0, 22969.0], [136582.0, 21498.0], [134541.0, 24049.0], [136287.0, 27639.0], [134930.0, 31872.0], [137746.0, 36021.0], [150741.0, 41399.0], [154839.0, 38268.0], [154377.0, 36330.0], [154915.0, 35080.0], [157977.0, 43392.0], [162808.0, 43296.0], [169114.0, 48040.0], [169861.0, 51559.0], [175698.0, 54370.0], [176496.0, 60949.0], [181941.0, 59987.0], [178007.0, 61620.0], [179844.0, 63013.0], [181499.0, 61842.0], [184070.0, 64920.0], [184020.0, 70922.0], [185916.0, 72069.0], [184994.0, 76638.0], [188722.0, 75629.0], [191573.0, 78577.0], [192357.0, 74137.0], [191507.0, 73192.0], [191906.0, 72074.0], [192805.0, 74242.0], [197228.0, 73947.0], [201277.0, 69630.0], [201208.0, 71714.0], [199445.0, 72025.0], [198680.0, 73279.0], [198247.0, 73541.0], [198251.0, 73663.0], [198192.0, 74032.0], [198270.0, 74152.0], [198127.0, 74280.0], [192789.0, 75712.0], [193666.0, 79228.0], [192314.0, 80506.0], [202084.0, 81230.0], [204744.0, 89211.0], [210810.0, 91926.0], [212824.0, 96750.0], [219446.0, 101046.0], [220737.0, 106510.0], [219409.0, 114758.0], [222936.0, 127857.0], [235668.0, 123641.0], [238626.0, 124650.0], [244696.0, 131930.0], [246557.0, 130650.0], [245611.0, 128353.0], [245308.0, 125547.0], [245469.0, 123584.0], [247317.0, 124263.0], [245830.0, 123451.0], [246375.0, 122088.0], [246806.0, 121831.0], [245903.0, 123449.0], [247317.0, 124263.0], [245454.0, 125543.0], [248150.0, 132683.0], [249120.0, 133389.0], [251378.0, 133201.0], [251374.0, 133079.0], [251655.0, 132704.0], [251944.0, 132573.0], [252090.0, 132569.0], [252236.0, 132565.0], [251778.0, 134413.0], [254146.0, 133000.0], [255535.0, 133083.0], [255963.0, 132704.0], [256032.0, 132579.0], [256172.0, 132331.0], [255946.0, 132092.0], [255908.0, 130747.0], [256332.0, 130246.0], [256448.0, 129141.0], [256624.0, 130238.0], [256109.0, 132700.0], [255324.0, 133334.0], [255556.0, 133817.0], [255702.0, 133812.0], [255848.0, 133808.0], [256584.0, 134033.0], [251719.0, 134905.0], [248478.0, 133897.0], [248605.0, 135730.0], [246662.0, 131748.0], [244733.0, 133152.0], [244505.0, 137688.0], [241898.0, 140704.0], [244670.0, 140742.0], [245636.0, 143773.0], [244232.0, 145529.0], [246313.0, 146935.0], [273458.0, 149497.0], [275536.0, 151159.0], [286947.0, 147591.0], [292367.0, 149310.0], [301713.0, 143617.0], [308401.0, 143004.0], [319299.0, 146124.0], [324960.0, 145181.0], [328700.0, 147208.0], [328157.0, 144769.0], [326247.0, 143573.0], [325862.0, 142110.0], [326157.0, 142351.0], [327013.0, 141115.0], [327738.0, 140860.0], [328777.0, 142314.0], [329921.0, 140708.0], [330430.0, 140701.0], [330867.0, 140695.0], [330197.0, 139603.0], [330187.0, 138869.0], [330619.0, 138497.0], [329957.0, 138016.0], [329879.0, 137650.0], [330439.0, 135930.0], [330581.0, 135684.0], [330946.0, 135679.0], [331164.0, 135676.0], [331381.0, 135551.0], [331527.0, 135549.0], [331887.0, 135177.0], [331953.0, 134687.0], [332169.0, 134439.0], [332313.0, 134315.0], [332457.0, 134191.0], [332454.0, 133946.0], [332452.0, 133824.0], [332955.0, 133206.0], [333606.0, 132831.0], [333898.0, 132827.0], [334616.0, 131962.0], [334686.0, 131716.0], [334685.0, 131594.0], [335188.0, 130976.0], [335405.0, 130851.0], [335476.0, 130728.0], [335621.0, 130603.0], [335835.0, 130234.0], [331631.0, 126863.0], [333315.0, 127208.0], [335835.0, 130234.0], [336197.0, 129985.0], [336629.0, 129490.0], [337287.0, 129604.0], [337504.0, 129479.0], [337502.0, 129235.0], [337500.0, 129113.0], [337496.0, 128746.0], [337713.0, 128621.0], [337856.0, 128374.0], [337853.0, 128130.0], [338142.0, 127882.0], [338434.0, 127878.0], [337577.0, 129479.0], [337287.0, 129604.0], [336921.0, 129487.0], [336629.0, 129490.0], [335834.0, 130112.0], [335837.0, 130356.0], [335694.0, 130603.0], [334685.0, 131594.0], [333898.0, 132827.0], [333028.0, 133205.0], [331960.0, 135176.0], [331600.0, 135548.0], [331381.0, 135551.0], [331237.0, 135675.0], [330946.0, 135679.0], [330656.0, 135805.0], [330510.0, 135807.0], [330439.0, 135930.0], [330230.0, 136667.0], [330162.0, 137035.0], [329879.0, 137650.0], [330692.0, 138496.0], [331013.0, 140693.0], [328781.0, 142558.0], [327739.0, 140983.0], [326304.0, 142471.0], [328813.0, 144882.0], [330092.0, 147922.0], [330376.0, 147429.0], [331102.0, 147297.0], [331320.0, 147294.0], [331394.0, 147415.0], [328771.0, 152344.0], [329584.0, 158571.0], [327925.0, 159328.0], [330745.0, 158555.0], [330597.0, 158313.0], [331385.0, 157568.0], [330723.0, 156965.0], [330717.0, 156476.0], [330859.0, 156230.0], [331456.0, 157445.0], [331657.0, 161601.0], [330796.0, 162346.0], [333144.0, 164395.0], [331861.0, 166002.0], [334917.0, 166940.0], [334762.0, 166208.0], [336507.0, 166676.0], [337801.0, 165803.0], [338019.0, 165801.0], [338091.0, 165800.0], [338163.0, 165799.0], [336580.0, 166675.0], [338947.0, 170682.0], [346405.0, 177570.0], [350244.0, 178265.0], [352535.0, 175919.0], [352610.0, 176163.0], [352824.0, 175916.0], [353186.0, 175913.0], [353330.0, 175912.0], [353694.0, 176153.0], [353693.0, 176031.0], [354205.0, 176638.0], [356626.0, 172213.0], [357130.0, 171964.0], [359229.0, 171947.0], [359811.0, 172309.0], [359952.0, 171819.0], [360240.0, 171694.0], [360458.0, 171693.0], [361111.0, 171932.0], [361330.0, 172175.0], [361332.0, 172420.0], [361622.0, 172540.0], [356698.0, 172212.0], [355067.0, 176018.0], [354206.0, 176760.0], [352825.0, 176039.0], [350251.0, 178999.0], [356632.0, 189826.0], [360835.0, 192360.0], [361516.0, 196514.0], [366724.0, 199902.0], [366817.0, 203081.0], [373741.0, 206710.0], [373608.0, 208667.0], [369307.0, 210282.0], [370327.0, 212722.0], [374264.0, 210499.0], [375558.0, 210615.0], [376280.0, 211467.0], [375873.0, 216484.0], [378600.0, 216594.0], [379382.0, 215001.0], [379525.0, 214878.0], [379669.0, 214877.0], [379741.0, 214877.0], [380028.0, 214998.0], [380174.0, 215609.0], [380894.0, 216218.0], [380327.0, 217932.0], [382192.0, 218170.0], [381702.0, 221230.0], [380183.0, 217933.0], [380823.0, 216340.0], [380031.0, 215610.0], [379741.0, 214877.0], [378887.0, 216593.0], [377167.0, 216967.0], [375801.0, 216484.0], [375199.0, 210739.0], [370186.0, 213212.0], [369017.0, 209917.0], [372024.0, 208064.0], [357920.0, 197277.0], [354618.0, 190456.0], [354096.0, 196454.0], [352653.0, 196223.0], [354680.0, 197305.0], [352837.0, 200502.0], [354330.0, 206359.0], [353302.0, 211751.0], [356214.0, 216251.0], [369881.0, 222143.0], [368129.0, 228270.0], [365702.0, 229265.0], [367250.0, 236104.0], [371090.0, 232900.0], [375967.0, 235932.0], [379443.0, 229801.0], [382806.0, 229788.0], [384963.0, 233083.0], [388680.0, 232951.0], [387186.0, 235646.0], [388980.0, 239189.0], [392191.0, 237592.0], [390469.0, 233437.0], [392402.0, 235268.0], [397476.0, 234040.0], [401192.0, 237464.0], [404836.0, 236854.0], [406049.0, 238446.0], [411129.0, 234296.0], [412124.0, 236989.0], [408687.0, 241263.0], [412896.0, 242251.0], [416024.0, 246052.0], [417744.0, 243733.0], [418668.0, 244715.0], [418536.0, 241657.0], [420535.0, 241665.0], [421264.0, 237998.0]]]]}, "wealth": 347700, "region": "South West"}, {"id": "9", "type": "Feature", "properties": {"region": "Scotland", "wealth": 239500}, "geometry": {"type": "MultiPolygon", "coordinates": [[[[265718.0, 543250.0], [266119.0, 543238.0], [265844.0, 543001.0], [265718.0, 543250.0]]], [[[257625.0, 548152.0], [257900.0, 548388.0], [257885.0, 547899.0], [257625.0, 548152.0]]], [[[257400.0, 549506.0], [256853.0, 549156.0], [257274.0, 549755.0], [257400.0, 549506.0]]], [[[256203.0, 549789.0], [256200.0, 549667.0], [256137.0, 549791.0], [256203.0, 549789.0]]], [[[256219.0, 550278.0], [256211.0, 550034.0], [256011.0, 550040.0], [256219.0, 550278.0]]], [[[283664.0, 550219.0], [283992.0, 549966.0], [283788.0, 549849.0], [283664.0, 550219.0]]], [[[284414.0, 553383.0], [284338.0, 553018.0], [284214.0, 553388.0], [284414.0, 553383.0]]], [[[202238.0, 600249.0], [201538.0, 599422.0], [201781.0, 600392.0], [202238.0, 600249.0]]], [[[171834.0, 604778.0], [173382.0, 603963.0], [171663.0, 604051.0], [171834.0, 604778.0]]], [[[174100.0, 605030.0], [174232.0, 605023.0], [174166.0, 605026.0], [174100.0, 605030.0]]], [[[219269.0, 605035.0], [219335.0, 605032.0], [219472.0, 605149.0], [219330.0, 604909.0], [219269.0, 605035.0], [219126.0, 604795.0], [219060.0, 604798.0], [218994.0, 604801.0], [219269.0, 605035.0]]], [[[173464.0, 605553.0], [173187.0, 605322.0], [173146.0, 605814.0], [173464.0, 605553.0]]], [[[202774.0, 619590.0], [202950.0, 619092.0], [202615.0, 618985.0], [202774.0, 619590.0]]], [[[175757.0, 620641.0], [175779.0, 619781.0], [175212.0, 620301.0], [175757.0, 620641.0]]], [[[194712.0, 620818.0], [194772.0, 620692.0], [194706.0, 620695.0], [194712.0, 620818.0]]], [[[177019.0, 625972.0], [177078.0, 625846.0], [177144.0, 625843.0], [177078.0, 625846.0], [177012.0, 625849.0], [177019.0, 625972.0]]], [[[227636.0, 629328.0], [227368.0, 629216.0], [227444.0, 629458.0], [227636.0, 629328.0]]], [[[205994.0, 631213.0], [206204.0, 628508.0], [205272.0, 631245.0], [205994.0, 631213.0]]], [[[201361.0, 636447.0], [201295.0, 636450.0], [201235.0, 636575.0], [201361.0, 636447.0]]], [[[181320.0, 642063.0], [181313.0, 641941.0], [181248.0, 641944.0], [181320.0, 642063.0]]], [[[220955.0, 642953.0], [221343.0, 642814.0], [221333.0, 642570.0], [220955.0, 642953.0]]], [[[127211.0, 643270.0], [127137.0, 643152.0], [127145.0, 643274.0], [127211.0, 643270.0]]], [[[139249.0, 643270.0], [139242.0, 643148.0], [139184.0, 643274.0], [139249.0, 643270.0]]], [[[127160.0, 643519.0], [127095.0, 643523.0], [127102.0, 643645.0], [127160.0, 643519.0]]], [[[127067.0, 644138.0], [127198.0, 644130.0], [127060.0, 644016.0], [127067.0, 644138.0]]], [[[139868.0, 643724.0], [138616.0, 643676.0], [139832.0, 644217.0], [139868.0, 643724.0]]], [[[136352.0, 644304.0], [136279.0, 644185.0], [136286.0, 644308.0], [136352.0, 644304.0]]], [[[136556.0, 644414.0], [136614.0, 644288.0], [136548.0, 644292.0], [136556.0, 644414.0]]], [[[136104.0, 644564.0], [136039.0, 644568.0], [135973.0, 644572.0], [136104.0, 644564.0]]], [[[163462.0, 643608.0], [164189.0, 643691.0], [163769.0, 643223.0], [163462.0, 643608.0]]], [[[138551.0, 644785.0], [138420.0, 644793.0], [138558.0, 644907.0], [138551.0, 644785.0]]], [[[143129.0, 645494.0], [143136.0, 645617.0], [143194.0, 645490.0], [143129.0, 645494.0]]], [[[142277.0, 645545.0], [142205.0, 645426.0], [142212.0, 645548.0], [142277.0, 645545.0]]], [[[164557.0, 645634.0], [164622.0, 645630.0], [164550.0, 645511.0], [164557.0, 645634.0]]], [[[143274.0, 645731.0], [143202.0, 645613.0], [143281.0, 645853.0], [143274.0, 645731.0]]], [[[143296.0, 646098.0], [143289.0, 645976.0], [143223.0, 645980.0], [143296.0, 646098.0]]], [[[164518.0, 646126.0], [164577.0, 646001.0], [164511.0, 646004.0], [164518.0, 646126.0]]], [[[163922.0, 646036.0], [163928.0, 646158.0], [163994.0, 646155.0], [163922.0, 646036.0]]], [[[164760.0, 645745.0], [164570.0, 645878.0], [164845.0, 646109.0], [164760.0, 645745.0]]], [[[164649.0, 646119.0], [164583.0, 646123.0], [164721.0, 646238.0], [164649.0, 646119.0]]], [[[143172.0, 646228.0], [143092.0, 645987.0], [142968.0, 646117.0], [142961.0, 645995.0], [142692.0, 645888.0], [142627.0, 645892.0], [142561.0, 645896.0], [143172.0, 646228.0]]], [[[142728.0, 646500.0], [142786.0, 646373.0], [142590.0, 646385.0], [142728.0, 646500.0]]], [[[163052.0, 646942.0], [162979.0, 646823.0], [162986.0, 646945.0], [163052.0, 646942.0]]], [[[162593.0, 646967.0], [162521.0, 646848.0], [162528.0, 646970.0], [162593.0, 646967.0]]], [[[145674.0, 647431.0], [145398.0, 647202.0], [145405.0, 647324.0], [145674.0, 647431.0]]], [[[145608.0, 647435.0], [145550.0, 647561.0], [145681.0, 647553.0], [145608.0, 647435.0]]], [[[145950.0, 647660.0], [145877.0, 647542.0], [145885.0, 647664.0], [145950.0, 647660.0]]], [[[145681.0, 647553.0], [145615.0, 647557.0], [145623.0, 647679.0], [145761.0, 647794.0], [145681.0, 647553.0]]], [[[162705.0, 647819.0], [162502.0, 647708.0], [162647.0, 647945.0], [162705.0, 647819.0]]], [[[146037.0, 648023.0], [146154.0, 647771.0], [145885.0, 647664.0], [145833.0, 647912.0], [146037.0, 648023.0]]], [[[129546.0, 648034.0], [129554.0, 648157.0], [129619.0, 648152.0], [129546.0, 648034.0]]], [[[146037.0, 648023.0], [145899.0, 647909.0], [145768.0, 647916.0], [146044.0, 648145.0], [146037.0, 648023.0]]], [[[162797.0, 648305.0], [162725.0, 648186.0], [162732.0, 648308.0], [162797.0, 648305.0]]], [[[165488.0, 648282.0], [165416.0, 648163.0], [165350.0, 648167.0], [165488.0, 648282.0]]], [[[144779.0, 647851.0], [145200.0, 648317.0], [145266.0, 648314.0], [144779.0, 647851.0]]], [[[145607.0, 648539.0], [145207.0, 648440.0], [145556.0, 648787.0], [145607.0, 648539.0]]], [[[145105.0, 648937.0], [145032.0, 648818.0], [145178.0, 649055.0], [145105.0, 648937.0]]], [[[146952.0, 649074.0], [147410.0, 649048.0], [147120.0, 648574.0], [146952.0, 649074.0]]], [[[145570.0, 649032.0], [145650.0, 649273.0], [145708.0, 649147.0], [145570.0, 649032.0]]], [[[146755.0, 649086.0], [146763.0, 649208.0], [146966.0, 649319.0], [146755.0, 649086.0]]], [[[146973.0, 649441.0], [146442.0, 649349.0], [146915.0, 649567.0], [146973.0, 649441.0]]], [[[392143.0, 649565.0], [392404.0, 649319.0], [391882.0, 649565.0], [392143.0, 649565.0]]], [[[146922.0, 649689.0], [146856.0, 649693.0], [146994.0, 649808.0], [146922.0, 649689.0]]], [[[145919.0, 649380.0], [146078.0, 649861.0], [146144.0, 649857.0], [145919.0, 649380.0]]], [[[166044.0, 650092.0], [166038.0, 649969.0], [166031.0, 649847.0], [166044.0, 650092.0]]], [[[116416.0, 651325.0], [116408.0, 651203.0], [116342.0, 651207.0], [116416.0, 651325.0]]], [[[116538.0, 651194.0], [116473.0, 651198.0], [116416.0, 651325.0], [116538.0, 651194.0]]], [[[116227.0, 651460.0], [116162.0, 651464.0], [116096.0, 651468.0], [116227.0, 651460.0]]], [[[116538.0, 651194.0], [116416.0, 651325.0], [116211.0, 651215.0], [116227.0, 651460.0], [116104.0, 651591.0], [116178.0, 651709.0], [116366.0, 651574.0], [116186.0, 651831.0], [116751.0, 651426.0], [116735.0, 651181.0], [116538.0, 651194.0]]], [[[200913.0, 636712.0], [201284.0, 636205.0], [201864.0, 635933.0], [204073.0, 635344.0], [205616.0, 633069.0], [202606.0, 630507.0], [205667.0, 628286.0], [205133.0, 622182.0], [198970.0, 620130.0], [194389.0, 620955.0], [188170.0, 628852.0], [189577.0, 633443.0], [186181.0, 640718.0], [188356.0, 647601.0], [191727.0, 650871.0], [192654.0, 651072.0], [193600.0, 650291.0], [193737.0, 650407.0], [193070.0, 651543.0], [193556.0, 652132.0], [195660.0, 652278.0], [201332.0, 647357.0], [203090.0, 639800.0], [201417.0, 637670.0], [200913.0, 636712.0]]], [[[165319.0, 652461.0], [165254.0, 652465.0], [165326.0, 652583.0], [165319.0, 652461.0]]], [[[115891.0, 652341.0], [116226.0, 652442.0], [116325.0, 651945.0], [115891.0, 652341.0]]], [[[116388.0, 652923.0], [116258.0, 652931.0], [116266.0, 653053.0], [116258.0, 652931.0], [116266.0, 653053.0], [116388.0, 652923.0]]], [[[215605.0, 652980.0], [214978.0, 650555.0], [214504.0, 650208.0], [213711.0, 651590.0], [215605.0, 652980.0]]], [[[165457.0, 653803.0], [165385.0, 653684.0], [165392.0, 653806.0], [165457.0, 653803.0]]], [[[115283.0, 654100.0], [115275.0, 653978.0], [115218.0, 654104.0], [115283.0, 654100.0]]], [[[115341.0, 653973.0], [115349.0, 654096.0], [115414.0, 654091.0], [115341.0, 653973.0]]], [[[116403.0, 654149.0], [116411.0, 654272.0], [116476.0, 654267.0], [116403.0, 654149.0]]], [[[216587.0, 654531.0], [216451.0, 654415.0], [216386.0, 654417.0], [216587.0, 654531.0]]], [[[216461.0, 654659.0], [216456.0, 654537.0], [216391.0, 654540.0], [216461.0, 654659.0]]], [[[166889.0, 653603.0], [165568.0, 652202.0], [165423.0, 649512.0], [165697.0, 649742.0], [165887.0, 649609.0], [166437.0, 650071.0], [165121.0, 648792.0], [165441.0, 647426.0], [165219.0, 646947.0], [164832.0, 647091.0], [163306.0, 645579.0], [162772.0, 649042.0], [165385.0, 652458.0], [165536.0, 654044.0], [164986.0, 653583.0], [165359.0, 654421.0], [166889.0, 653603.0]]], [[[117544.0, 655548.0], [117618.0, 655666.0], [117683.0, 655662.0], [117544.0, 655548.0]]], [[[166536.0, 655584.0], [166471.0, 655588.0], [166543.0, 655707.0], [166536.0, 655584.0]]], [[[174778.0, 657847.0], [174309.0, 657626.0], [174732.0, 658218.0], [174778.0, 657847.0]]], [[[218164.0, 659367.0], [217974.0, 654841.0], [216210.0, 654915.0], [215053.0, 653861.0], [218164.0, 659367.0]]], [[[118705.0, 659279.0], [118713.0, 659401.0], [118778.0, 659397.0], [118705.0, 659279.0]]], [[[202040.0, 661422.0], [202723.0, 659184.0], [202286.0, 658223.0], [201499.0, 659608.0], [202040.0, 661422.0]]], [[[180664.0, 661592.0], [180658.0, 661470.0], [180593.0, 661473.0], [180664.0, 661592.0]]], [[[149699.0, 662534.0], [149866.0, 662034.0], [149612.0, 662171.0], [149699.0, 662534.0]]], [[[132684.0, 662691.0], [132937.0, 662553.0], [132618.0, 662695.0], [132684.0, 662691.0]]], [[[146973.0, 662938.0], [146828.0, 662701.0], [146915.0, 663064.0], [146973.0, 662938.0]]], [[[147306.0, 663041.0], [147234.0, 662923.0], [147241.0, 663045.0], [147306.0, 663041.0]]], [[[182406.0, 663712.0], [182400.0, 663589.0], [182335.0, 663593.0], [182406.0, 663712.0]]], [[[152579.0, 664822.0], [152585.0, 664945.0], [152651.0, 664941.0], [152579.0, 664822.0]]], [[[144877.0, 665147.0], [144732.0, 664910.0], [144616.0, 665162.0], [144877.0, 665147.0]]], [[[183566.0, 665983.0], [183364.0, 665871.0], [183435.0, 665990.0], [183566.0, 665983.0]]], [[[194307.0, 666563.0], [194171.0, 666447.0], [194177.0, 666569.0], [194307.0, 666563.0]]], [[[193075.0, 666744.0], [192998.0, 666503.0], [192939.0, 666628.0], [193075.0, 666744.0]]], [[[153905.0, 667446.0], [153645.0, 667461.0], [154122.0, 667802.0], [153905.0, 667446.0]]], [[[154815.0, 668498.0], [154808.0, 668376.0], [154743.0, 668380.0], [154815.0, 668498.0]]], [[[154352.0, 668402.0], [154547.0, 668391.0], [154345.0, 668280.0], [154352.0, 668402.0]]], [[[154047.0, 668787.0], [154249.0, 668899.0], [154105.0, 668661.0], [154047.0, 668787.0]]], [[[186981.0, 669002.0], [186981.0, 669002.0], [186916.0, 669005.0], [186981.0, 669002.0]]], [[[191700.0, 669385.0], [191629.0, 669266.0], [191635.0, 669388.0], [191700.0, 669385.0]]], [[[155282.0, 669821.0], [155614.0, 669925.0], [155398.0, 669569.0], [155282.0, 669821.0]]], [[[191363.0, 670505.0], [191351.0, 670260.0], [191292.0, 670386.0], [191363.0, 670505.0]]], [[[123658.0, 671114.0], [123601.0, 671240.0], [123666.0, 671236.0], [123658.0, 671114.0]]], [[[190516.0, 671894.0], [190445.0, 671775.0], [190451.0, 671897.0], [190516.0, 671894.0]]], [[[190534.0, 672261.0], [190664.0, 672255.0], [190599.0, 672258.0], [190534.0, 672261.0]]], [[[169540.0, 672595.0], [169534.0, 672472.0], [169547.0, 672717.0], [169540.0, 672595.0]]], [[[171252.0, 672872.0], [171317.0, 672868.0], [171037.0, 672515.0], [171252.0, 672872.0]]], [[[171258.0, 672994.0], [171122.0, 672879.0], [171193.0, 672997.0], [171258.0, 672994.0]]], [[[169443.0, 673213.0], [169371.0, 673094.0], [169449.0, 673336.0], [169443.0, 673213.0]]], [[[169657.0, 673570.0], [169651.0, 673447.0], [169592.0, 673573.0], [169657.0, 673570.0]]], [[[127532.0, 673446.0], [127475.0, 673572.0], [127540.0, 673568.0], [127532.0, 673446.0]]], [[[127815.0, 673796.0], [127750.0, 673800.0], [127823.0, 673918.0], [127815.0, 673796.0]]], [[[157887.0, 674336.0], [157822.0, 674340.0], [157894.0, 674459.0], [157887.0, 674336.0]]], [[[172897.0, 674379.0], [172767.0, 674386.0], [172904.0, 674502.0], [172897.0, 674379.0]]], [[[166262.0, 674733.0], [166125.0, 674618.0], [166268.0, 674856.0], [166262.0, 674733.0]]], [[[127682.0, 674786.0], [128065.0, 674640.0], [127667.0, 674542.0], [127682.0, 674786.0]]], [[[169462.0, 674807.0], [169449.0, 674562.0], [169397.0, 674810.0], [169462.0, 674807.0]]], [[[201218.0, 674821.0], [207570.0, 669630.0], [206565.0, 667591.0], [208438.0, 667140.0], [208536.0, 664930.0], [210709.0, 665324.0], [211847.0, 656940.0], [209829.0, 655680.0], [211471.0, 652790.0], [209919.0, 651754.0], [206079.0, 658175.0], [204354.0, 657639.0], [204077.0, 665987.0], [199187.0, 670379.0], [198687.0, 672241.0], [201218.0, 674821.0]]], [[[201886.0, 675158.0], [201804.0, 674794.0], [201756.0, 675164.0], [201886.0, 675158.0]]], [[[201626.0, 675170.0], [201555.0, 675051.0], [201631.0, 675292.0], [201626.0, 675170.0]]], [[[201891.0, 675280.0], [201832.0, 675406.0], [201897.0, 675403.0], [201891.0, 675280.0]]], [[[166640.0, 675694.0], [166958.0, 675554.0], [166529.0, 674842.0], [166640.0, 675694.0]]], [[[169111.0, 675561.0], [168832.0, 675208.0], [169118.0, 675684.0], [169111.0, 675561.0]]], [[[200738.0, 675701.0], [200602.0, 675585.0], [200548.0, 675833.0], [200738.0, 675701.0]]], [[[169710.0, 675775.0], [169573.0, 675659.0], [169781.0, 675893.0], [169710.0, 675775.0]]], [[[175257.0, 675850.0], [175192.0, 675853.0], [175263.0, 675972.0], [175257.0, 675850.0]]], [[[167960.0, 675991.0], [168084.0, 675862.0], [167941.0, 675624.0], [167960.0, 675991.0]]], [[[167629.0, 675886.0], [167889.0, 675872.0], [167537.0, 675401.0], [167629.0, 675886.0]]], [[[128670.0, 675952.0], [128899.0, 675446.0], [128582.0, 675589.0], [128670.0, 675952.0]]], [[[175094.0, 676472.0], [174957.0, 676356.0], [175029.0, 676475.0], [175094.0, 676472.0]]], [[[168735.0, 677053.0], [168657.0, 676812.0], [168663.0, 676935.0], [168735.0, 677053.0]]], [[[168878.0, 677291.0], [168943.0, 677287.0], [168800.0, 677050.0], [168741.0, 677176.0], [168819.0, 677417.0], [168878.0, 677291.0]]], [[[168586.0, 677920.0], [168508.0, 677679.0], [168443.0, 677682.0], [168586.0, 677920.0]]], [[[168612.0, 678409.0], [168469.0, 678171.0], [168684.0, 678528.0], [168612.0, 678409.0]]], [[[319762.0, 678457.0], [319439.0, 678586.0], [319769.0, 678824.0], [319762.0, 678457.0]]], [[[166422.0, 678895.0], [166350.0, 678776.0], [166357.0, 678899.0], [166422.0, 678895.0]]], [[[166227.0, 678906.0], [166155.0, 678787.0], [166234.0, 679028.0], [166227.0, 678906.0]]], [[[146020.0, 649987.0], [143549.0, 648169.0], [143296.0, 646098.0], [143310.0, 646343.0], [143238.0, 646224.0], [143172.0, 646228.0], [142997.0, 646606.0], [143026.0, 647095.0], [138871.0, 644643.0], [138835.0, 645136.0], [137728.0, 645325.0], [136563.0, 644536.0], [134584.0, 645515.0], [131086.0, 639961.0], [126826.0, 641330.0], [128992.0, 647578.0], [132217.0, 648728.0], [127610.0, 656992.0], [133494.0, 662028.0], [133148.0, 662785.0], [127537.0, 663134.0], [122734.0, 654600.0], [116890.0, 651540.0], [115717.0, 653703.0], [120189.0, 659920.0], [120671.0, 663326.0], [118850.0, 664549.0], [120860.0, 666260.0], [121306.0, 671142.0], [122858.0, 671902.0], [123707.0, 670865.0], [125114.0, 671389.0], [126808.0, 673369.0], [127061.0, 673230.0], [127654.0, 673315.0], [127532.0, 673446.0], [127613.0, 673686.0], [127482.0, 673694.0], [127873.0, 673670.0], [128149.0, 673898.0], [128447.0, 674493.0], [129649.0, 674908.0], [127948.0, 668632.0], [128580.0, 667242.0], [129623.0, 667177.0], [130113.0, 672915.0], [137963.0, 678446.0], [142644.0, 679268.0], [142935.0, 665507.0], [147111.0, 655200.0], [147444.0, 650763.0], [146595.0, 649708.0], [146289.0, 650094.0], [146020.0, 649987.0]]], [[[313611.0, 679556.0], [313611.0, 679556.0], [313481.0, 679558.0], [313611.0, 679556.0]]], [[[151582.0, 680461.0], [151575.0, 680339.0], [151517.0, 680465.0], [151582.0, 680461.0]]], [[[168943.0, 677287.0], [168878.0, 677291.0], [168963.0, 677654.0], [168703.0, 677668.0], [168787.0, 678032.0], [168651.0, 677916.0], [169269.0, 679723.0], [170354.0, 679297.0], [171205.0, 680601.0], [169671.0, 677494.0], [168943.0, 677287.0]]], [[[320582.0, 680646.0], [320710.0, 680521.0], [320645.0, 680522.0], [320582.0, 680646.0]]], [[[151661.0, 680702.0], [151654.0, 680580.0], [151589.0, 680584.0], [151661.0, 680702.0]]], [[[185234.0, 681105.0], [185163.0, 680986.0], [185169.0, 681108.0], [185234.0, 681105.0]]], [[[153530.0, 681454.0], [153523.0, 681331.0], [153465.0, 681457.0], [153530.0, 681454.0]]], [[[155369.0, 681717.0], [155557.0, 681583.0], [155355.0, 681472.0], [155369.0, 681717.0]]], [[[155571.0, 681828.0], [155629.0, 681702.0], [155564.0, 681706.0], [155571.0, 681828.0]]], [[[151479.0, 682062.0], [151407.0, 681944.0], [151342.0, 681947.0], [151479.0, 682062.0]]], [[[157468.0, 681966.0], [157345.0, 682096.0], [157475.0, 682088.0], [157468.0, 681966.0]]], [[[155981.0, 682173.0], [155968.0, 681928.0], [155838.0, 681936.0], [155981.0, 682173.0]]], [[[158340.0, 682408.0], [158405.0, 682404.0], [158463.0, 682278.0], [158398.0, 682282.0], [158333.0, 682285.0], [158268.0, 682289.0], [158340.0, 682408.0]]], [[[171952.0, 682401.0], [171614.0, 682174.0], [171686.0, 682293.0], [171952.0, 682401.0]]], [[[172212.0, 682387.0], [172335.0, 682258.0], [172290.0, 682629.0], [172212.0, 682387.0]]], [[[158802.0, 682505.0], [158672.0, 682512.0], [158808.0, 682627.0], [158802.0, 682505.0]]], [[[318537.0, 682398.0], [319318.0, 682506.0], [318664.0, 682273.0], [318537.0, 682398.0]]], [[[150547.0, 682852.0], [150605.0, 682726.0], [150475.0, 682734.0], [150547.0, 682852.0]]], [[[172549.0, 682615.0], [172601.0, 682367.0], [172472.0, 682374.0], [172549.0, 682615.0]]], [[[328998.0, 682947.0], [329578.0, 682693.0], [329635.0, 682202.0], [328998.0, 682947.0]]], [[[188944.0, 683742.0], [188802.0, 683503.0], [188885.0, 683867.0], [188944.0, 683742.0]]], [[[189021.0, 683983.0], [189015.0, 683861.0], [188956.0, 683986.0], [189021.0, 683983.0]]], [[[150481.0, 683960.0], [150417.0, 683964.0], [150424.0, 684086.0], [150481.0, 683960.0]]], [[[188431.0, 683889.0], [188088.0, 683538.0], [188514.0, 684253.0], [188431.0, 683889.0]]], [[[170816.0, 685528.0], [170751.0, 685531.0], [170888.0, 685647.0], [170816.0, 685528.0]]], [[[151230.0, 685635.0], [151165.0, 685639.0], [151237.0, 685757.0], [151230.0, 685635.0]]], [[[175313.0, 685658.0], [175242.0, 685539.0], [175319.0, 685781.0], [175313.0, 685658.0]]], [[[175514.0, 685770.0], [175346.0, 685043.0], [175287.0, 685169.0], [175281.0, 685047.0], [175229.0, 685295.0], [175514.0, 685770.0]]], [[[191252.0, 685713.0], [191116.0, 685597.0], [191258.0, 685836.0], [191252.0, 685713.0]]], [[[163634.0, 686285.0], [163621.0, 686040.0], [163556.0, 686044.0], [163634.0, 686285.0]]], [[[171303.0, 686115.0], [171297.0, 685993.0], [171232.0, 685996.0], [171303.0, 686115.0]]], [[[171387.0, 686479.0], [171167.0, 686000.0], [171024.0, 685762.0], [171387.0, 686479.0]]], [[[177369.0, 686410.0], [177233.0, 686294.0], [177239.0, 686417.0], [177369.0, 686410.0]]], [[[164238.0, 686619.0], [164296.0, 686494.0], [164231.0, 686497.0], [164225.0, 686375.0], [164160.0, 686378.0], [164238.0, 686619.0]]], [[[136572.0, 686631.0], [136499.0, 686512.0], [136435.0, 686516.0], [136572.0, 686631.0]]], [[[353506.0, 686652.0], [353504.0, 686529.0], [353441.0, 686652.0], [353506.0, 686652.0]]], [[[133385.0, 686704.0], [133305.0, 686464.0], [133248.0, 686590.0], [133385.0, 686704.0]]], [[[351431.0, 686674.0], [351301.0, 686676.0], [351172.0, 686677.0], [351238.0, 686799.0], [351368.0, 686798.0], [351497.0, 686796.0], [351431.0, 686674.0]]], [[[133587.0, 686814.0], [133507.0, 686574.0], [133450.0, 686700.0], [133587.0, 686814.0]]], [[[133904.0, 686672.0], [133652.0, 686810.0], [133976.0, 686790.0], [133904.0, 686672.0]]], [[[351370.0, 687042.0], [351173.0, 686800.0], [351176.0, 687045.0], [351370.0, 687042.0]]], [[[355391.0, 687121.0], [355129.0, 686879.0], [355132.0, 687124.0], [355391.0, 687121.0]]], [[[134266.0, 687263.0], [134683.0, 686624.0], [133862.0, 687043.0], [134266.0, 687263.0]]], [[[136876.0, 687348.0], [137063.0, 687214.0], [136789.0, 686985.0], [136876.0, 687348.0]]], [[[360320.0, 687317.0], [360062.0, 687442.0], [360387.0, 687562.0], [360320.0, 687317.0]]], [[[171738.0, 686950.0], [172082.0, 687300.0], [172146.0, 687297.0], [172075.0, 687178.0], [171939.0, 687062.0], [171868.0, 686944.0], [171738.0, 686950.0]]], [[[172704.0, 688003.0], [171997.0, 686937.0], [172360.0, 687653.0], [172704.0, 688003.0]]], [[[176336.0, 687813.0], [176277.0, 687938.0], [176413.0, 688054.0], [176336.0, 687813.0]]], [[[165421.0, 688027.0], [165350.0, 687908.0], [165356.0, 688030.0], [165421.0, 688027.0]]], [[[152675.0, 688128.0], [152675.0, 688128.0], [152610.0, 688132.0], [152675.0, 688128.0]]], [[[176537.0, 687925.0], [176478.0, 688050.0], [176744.0, 688159.0], [176537.0, 687925.0]]], [[[176549.0, 688169.0], [176556.0, 688292.0], [176686.0, 688285.0], [176549.0, 688169.0]]], [[[134147.0, 688498.0], [134197.0, 688250.0], [133880.0, 688392.0], [134018.0, 688506.0], [134147.0, 688498.0]]], [[[176822.0, 688400.0], [176757.0, 688404.0], [176828.0, 688523.0], [176822.0, 688400.0]]], [[[165649.0, 688627.0], [165656.0, 688750.0], [165721.0, 688746.0], [165656.0, 688750.0], [165721.0, 688746.0], [165649.0, 688627.0]]], [[[134300.0, 688857.0], [133564.0, 688534.0], [133384.0, 688791.0], [134300.0, 688857.0]]], [[[173093.0, 689209.0], [173359.0, 689318.0], [173061.0, 688598.0], [173093.0, 689209.0]]], [[[136370.0, 689711.0], [136443.0, 689830.0], [136435.0, 689707.0], [136370.0, 689711.0]]], [[[134479.0, 688600.0], [133948.0, 689492.0], [136290.0, 689471.0], [136767.0, 689810.0], [138011.0, 688874.0], [134885.0, 686734.0], [134479.0, 688600.0]]], [[[136378.0, 689834.0], [136313.0, 689838.0], [136248.0, 689842.0], [136378.0, 689834.0]]], [[[135218.0, 690028.0], [135462.0, 689767.0], [135211.0, 689905.0], [135218.0, 690028.0]]], [[[135794.0, 689869.0], [135672.0, 690000.0], [135550.0, 690130.0], [135794.0, 689869.0]]], [[[135664.0, 689877.0], [135470.0, 689889.0], [135420.0, 690138.0], [135485.0, 690134.0], [135542.0, 690008.0], [135729.0, 689873.0], [135664.0, 689877.0]]], [[[136069.0, 690098.0], [136198.0, 690090.0], [136206.0, 690212.0], [136069.0, 690098.0]]], [[[135248.0, 690517.0], [135306.0, 690390.0], [135183.0, 690521.0], [135248.0, 690517.0]]], [[[135248.0, 690517.0], [135183.0, 690521.0], [135313.0, 690513.0], [135248.0, 690517.0]]], [[[133563.0, 690621.0], [133555.0, 690499.0], [133490.0, 690503.0], [133563.0, 690621.0]]], [[[135191.0, 690643.0], [135061.0, 690651.0], [135134.0, 690769.0], [135256.0, 690639.0], [135191.0, 690643.0]]], [[[287284.0, 691554.0], [286976.0, 692174.0], [287430.0, 692162.0], [287284.0, 691554.0]]], [[[286403.0, 692557.0], [286407.0, 692679.0], [286465.0, 692432.0], [286403.0, 692557.0]]], [[[286216.0, 692806.0], [286342.0, 692681.0], [286138.0, 692319.0], [286216.0, 692806.0]]], [[[172244.0, 692811.0], [172238.0, 692689.0], [172101.0, 692573.0], [172244.0, 692811.0]]], [[[158757.0, 693303.0], [158692.0, 693306.0], [158764.0, 693425.0], [158757.0, 693303.0]]], [[[135250.0, 693708.0], [135250.0, 693708.0], [135178.0, 693590.0], [135250.0, 693708.0]]], [[[134876.0, 693976.0], [134934.0, 693850.0], [134804.0, 693858.0], [134876.0, 693976.0]]], [[[198431.0, 694565.0], [198425.0, 694443.0], [198360.0, 694446.0], [198431.0, 694565.0]]], [[[178188.0, 694707.0], [178228.0, 694214.0], [178098.0, 694221.0], [178188.0, 694707.0]]], [[[198631.0, 694679.0], [198496.0, 694562.0], [198501.0, 694685.0], [198631.0, 694679.0]]], [[[180007.0, 694736.0], [179671.0, 694508.0], [179819.0, 694868.0], [180007.0, 694736.0]]], [[[141315.0, 696160.0], [141243.0, 696042.0], [141185.0, 696168.0], [141315.0, 696160.0]]], [[[174704.0, 696360.0], [174633.0, 696241.0], [174775.0, 696479.0], [174704.0, 696360.0]]], [[[177772.0, 696691.0], [177701.0, 696572.0], [177843.0, 696810.0], [177772.0, 696691.0]]], [[[174723.0, 696727.0], [174730.0, 696850.0], [174795.0, 696846.0], [174723.0, 696727.0]]], [[[175267.0, 697189.0], [174989.0, 696836.0], [175137.0, 697196.0], [175267.0, 697189.0]]], [[[175073.0, 697199.0], [175008.0, 697203.0], [175079.0, 697322.0], [175073.0, 697199.0]]], [[[164764.0, 697385.0], [164757.0, 697263.0], [164693.0, 697266.0], [164764.0, 697385.0]]], [[[175416.0, 697549.0], [175273.0, 697312.0], [175280.0, 697434.0], [175416.0, 697549.0]]], [[[174562.0, 697349.0], [174497.0, 697352.0], [174704.0, 697587.0], [174562.0, 697349.0]]], [[[177777.0, 698039.0], [177764.0, 697795.0], [177635.0, 697801.0], [177777.0, 698039.0]]], [[[175758.0, 697899.0], [175441.0, 698039.0], [175842.0, 698263.0], [175758.0, 697899.0]]], [[[165393.0, 698209.0], [165329.0, 698213.0], [165400.0, 698332.0], [165393.0, 698209.0]]], [[[173837.0, 699595.0], [173681.0, 699112.0], [173410.0, 698882.0], [173837.0, 699595.0]]], [[[366310.0, 698895.0], [365215.0, 699393.0], [365154.0, 699761.0], [366310.0, 698895.0]]], [[[365154.0, 699761.0], [364897.0, 700008.0], [364962.0, 700007.0], [365091.0, 700006.0], [365156.0, 700006.0], [365221.0, 700128.0], [365154.0, 699761.0]]], [[[178784.0, 699949.0], [178869.0, 699087.0], [177996.0, 698519.0], [178784.0, 699949.0]]], [[[365026.0, 700007.0], [364963.0, 700130.0], [365027.0, 700129.0], [364898.0, 700130.0], [364964.0, 700252.0], [365157.0, 700128.0], [365092.0, 700129.0], [365157.0, 700128.0], [365026.0, 700007.0]]], [[[179268.0, 700538.0], [179120.0, 700177.0], [178926.0, 700187.0], [179268.0, 700538.0]]], [[[174600.0, 700536.0], [174651.0, 700288.0], [174587.0, 700291.0], [174600.0, 700536.0]]], [[[174871.0, 700767.0], [174800.0, 700648.0], [174806.0, 700770.0], [174871.0, 700767.0]]], [[[174949.0, 701008.0], [174942.0, 700886.0], [174878.0, 700889.0], [174949.0, 701008.0]]], [[[167423.0, 700920.0], [167558.0, 701035.0], [167552.0, 700913.0], [167423.0, 700920.0]]], [[[167429.0, 701042.0], [167365.0, 701046.0], [167436.0, 701165.0], [167429.0, 701042.0]]], [[[168406.0, 701112.0], [168464.0, 700986.0], [168334.0, 700993.0], [168406.0, 701112.0]]], [[[139384.0, 691123.0], [135648.0, 691719.0], [134024.0, 690715.0], [133528.0, 691114.0], [135651.0, 692824.0], [135991.0, 696240.0], [138601.0, 698534.0], [139915.0, 697718.0], [142401.0, 701249.0], [143218.0, 699727.0], [138798.0, 693245.0], [139384.0, 691123.0]]], [[[174988.0, 700515.0], [174936.0, 700763.0], [175013.0, 701005.0], [174949.0, 701008.0], [174955.0, 701130.0], [175097.0, 701368.0], [175291.0, 701358.0], [174988.0, 700515.0]]], [[[165649.0, 688627.0], [164706.0, 686839.0], [164361.0, 686490.0], [164238.0, 686619.0], [164323.0, 686983.0], [163648.0, 686529.0], [161710.0, 682097.0], [160729.0, 682029.0], [157850.0, 674829.0], [157637.0, 673369.0], [157805.0, 672869.0], [153833.0, 670763.0], [151598.0, 662548.0], [147117.0, 663175.0], [144159.0, 667398.0], [144608.0, 674979.0], [148688.0, 680016.0], [155696.0, 680594.0], [157636.0, 681466.0], [158073.0, 682300.0], [158391.0, 682160.0], [158398.0, 682282.0], [158535.0, 682397.0], [158802.0, 682505.0], [158938.0, 682620.0], [158853.0, 682256.0], [159991.0, 682806.0], [159676.0, 684173.0], [157663.0, 681955.0], [157226.0, 683452.0], [157185.0, 682718.0], [155879.0, 682669.0], [154815.0, 681135.0], [154908.0, 681620.0], [154165.0, 681172.0], [154309.0, 681409.0], [153530.0, 681454.0], [153045.0, 682095.0], [152252.0, 681895.0], [150886.0, 683078.0], [150555.0, 682975.0], [150684.0, 682967.0], [150612.0, 682849.0], [150547.0, 682852.0], [150555.0, 682975.0], [150475.0, 682734.0], [150100.0, 683001.0], [150734.0, 683823.0], [150539.0, 683834.0], [150546.0, 683957.0], [150481.0, 683960.0], [150489.0, 684083.0], [150481.0, 683960.0], [150489.0, 684083.0], [150424.0, 684086.0], [150661.0, 684809.0], [151064.0, 685031.0], [151165.0, 685639.0], [151230.0, 685635.0], [151367.0, 685750.0], [151374.0, 685872.0], [151503.0, 685864.0], [151928.0, 686453.0], [152058.0, 686446.0], [152223.0, 687050.0], [153022.0, 687372.0], [154142.0, 689884.0], [156222.0, 690992.0], [157075.0, 692294.0], [159712.0, 694108.0], [162363.0, 695064.0], [169718.0, 701409.0], [170847.0, 697055.0], [165649.0, 688627.0]]], [[[178620.0, 701798.0], [178820.0, 701910.0], [178808.0, 701665.0], [178620.0, 701798.0]]], [[[354449.0, 702188.0], [354514.0, 702187.0], [354448.0, 702065.0], [354449.0, 702188.0]]], [[[176170.0, 702048.0], [176358.0, 701915.0], [176228.0, 701922.0], [176170.0, 702048.0]]], [[[179169.0, 702382.0], [179285.0, 702131.0], [178995.0, 701533.0], [179169.0, 702382.0]]], [[[112239.0, 702681.0], [112029.0, 702450.0], [111972.0, 702576.0], [112239.0, 702681.0]]], [[[112256.0, 702926.0], [111981.0, 702698.0], [111924.0, 702825.0], [112256.0, 702926.0]]], [[[180338.0, 702445.0], [179656.0, 700518.0], [179210.0, 700663.0], [180338.0, 702445.0]]], [[[111868.0, 702952.0], [111657.0, 702720.0], [111803.0, 702956.0], [111868.0, 702952.0]]], [[[181137.0, 704121.0], [179988.0, 703199.0], [180956.0, 704375.0], [181137.0, 704121.0]]], [[[167887.0, 704697.0], [167822.0, 704701.0], [167894.0, 704820.0], [167887.0, 704697.0]]], [[[174218.0, 705585.0], [174528.0, 705323.0], [174199.0, 705218.0], [174218.0, 705585.0]]], [[[172100.0, 705942.0], [172042.0, 706068.0], [172106.0, 706065.0], [172100.0, 705942.0]]], [[[178757.0, 706941.0], [178680.0, 706700.0], [178821.0, 706938.0], [178757.0, 706941.0]]], [[[172035.0, 705946.0], [172092.0, 703367.0], [167464.0, 702880.0], [168864.0, 705994.0], [172035.0, 705946.0]]], [[[171455.0, 707203.0], [171578.0, 707074.0], [171384.0, 707085.0], [171455.0, 707203.0]]], [[[178847.0, 707427.0], [178453.0, 707325.0], [178730.0, 707679.0], [178847.0, 707427.0]]], [[[169881.0, 708024.0], [169938.0, 707898.0], [169874.0, 707902.0], [169881.0, 708024.0]]], [[[169293.0, 707933.0], [169493.0, 708045.0], [169144.0, 707573.0], [169293.0, 707933.0]]], [[[178671.0, 709031.0], [178471.0, 708918.0], [178684.0, 709275.0], [178671.0, 709031.0]]], [[[169534.0, 710005.0], [169592.0, 709879.0], [169463.0, 709886.0], [169534.0, 710005.0]]], [[[176509.0, 709757.0], [177556.0, 707494.0], [176065.0, 706223.0], [175690.0, 707715.0], [176509.0, 709757.0]]], [[[164709.0, 710514.0], [164146.0, 709686.0], [163337.0, 709118.0], [164709.0, 710514.0]]], [[[173129.0, 710671.0], [173058.0, 710552.0], [173135.0, 710793.0], [173129.0, 710671.0]]], [[[164852.0, 710752.0], [165045.0, 710741.0], [164845.0, 710629.0], [164852.0, 710752.0]]], [[[170084.0, 710589.0], [169032.0, 710278.0], [170103.0, 710956.0], [170084.0, 710589.0]]], [[[173206.0, 710912.0], [173335.0, 710905.0], [173264.0, 710786.0], [173206.0, 710912.0]]], [[[218003.0, 710849.0], [218008.0, 710971.0], [218072.0, 710968.0], [218067.0, 710846.0], [218003.0, 710849.0]]], [[[178257.0, 711014.0], [178308.0, 710766.0], [178179.0, 710773.0], [178257.0, 711014.0]]], [[[171455.0, 707203.0], [170488.0, 708482.0], [170139.0, 708010.0], [169945.0, 708020.0], [169881.0, 708024.0], [169816.0, 708027.0], [169707.0, 708401.0], [171400.0, 711009.0], [171455.0, 707203.0]]], [[[172826.0, 711055.0], [173142.0, 710916.0], [172935.0, 710681.0], [172826.0, 711055.0]]], [[[169343.0, 711242.0], [169781.0, 710973.0], [169581.0, 710861.0], [169343.0, 711242.0]]], [[[165266.0, 711219.0], [165782.0, 711191.0], [165181.0, 710856.0], [165266.0, 711219.0]]], [[[173303.0, 711520.0], [173232.0, 711401.0], [173381.0, 711762.0], [173303.0, 711520.0]]], [[[171110.0, 711638.0], [171181.0, 711756.0], [171239.0, 711631.0], [171110.0, 711638.0]]], [[[173426.0, 711391.0], [173226.0, 711279.0], [173232.0, 711401.0], [173297.0, 711398.0], [173303.0, 711520.0], [173523.0, 711999.0], [173426.0, 711391.0]]], [[[173426.0, 711391.0], [173503.0, 711632.0], [173594.0, 712118.0], [173639.0, 711748.0], [173561.0, 711507.0], [173490.0, 711388.0], [173426.0, 711391.0]]], [[[128434.0, 712302.0], [128427.0, 712180.0], [128370.0, 712306.0], [128434.0, 712302.0]]], [[[172052.0, 712323.0], [172046.0, 712201.0], [171924.0, 712330.0], [172052.0, 712323.0]]], [[[173484.0, 712492.0], [173413.0, 712373.0], [173420.0, 712495.0], [173484.0, 712492.0]]], [[[166429.0, 712382.0], [167499.0, 711833.0], [165989.0, 711425.0], [166429.0, 712382.0]]], [[[167939.0, 712790.0], [168048.0, 712416.0], [167919.0, 712423.0], [167939.0, 712790.0]]], [[[127957.0, 712947.0], [127821.0, 712833.0], [127828.0, 712955.0], [127957.0, 712947.0]]], [[[171240.0, 712857.0], [171550.0, 712595.0], [171292.0, 712609.0], [171240.0, 712857.0]]], [[[180170.0, 713000.0], [180086.0, 712637.0], [180028.0, 712762.0], [180170.0, 713000.0]]], [[[175928.0, 713467.0], [175857.0, 713348.0], [175792.0, 713351.0], [175799.0, 713473.0], [175928.0, 713467.0]]], [[[126851.0, 713877.0], [126715.0, 713763.0], [126722.0, 713885.0], [126851.0, 713877.0]]], [[[175612.0, 712379.0], [175489.0, 712508.0], [175502.0, 712753.0], [176605.0, 714044.0], [175612.0, 712379.0]]], [[[127705.0, 714068.0], [127625.0, 713827.0], [127576.0, 714076.0], [127705.0, 714068.0]]], [[[175489.0, 712508.0], [175954.0, 711503.0], [174599.0, 705442.0], [172844.0, 708969.0], [174697.0, 714635.0], [175489.0, 712508.0]]], [[[129361.0, 715681.0], [129418.0, 715554.0], [129354.0, 715558.0], [129361.0, 715681.0]]], [[[177925.0, 715815.0], [177996.0, 715934.0], [178067.0, 716053.0], [177989.0, 715811.0], [177854.0, 715696.0], [177925.0, 715815.0]]], [[[135916.0, 716005.0], [135924.0, 716128.0], [135981.0, 716001.0], [135916.0, 716005.0]]], [[[135916.0, 716005.0], [135852.0, 716009.0], [135860.0, 716132.0], [135916.0, 716005.0]]], [[[133547.0, 716399.0], [133676.0, 716391.0], [133604.0, 716272.0], [133547.0, 716399.0]]], [[[133555.0, 716521.0], [133627.0, 716639.0], [133684.0, 716513.0], [133555.0, 716521.0]]], [[[133369.0, 716655.0], [133426.0, 716529.0], [133241.0, 716663.0], [133369.0, 716655.0]]], [[[136349.0, 716715.0], [136413.0, 716711.0], [136341.0, 716593.0], [136349.0, 716715.0]]], [[[135526.0, 717012.0], [135519.0, 716889.0], [135454.0, 716893.0], [135526.0, 717012.0]]], [[[134416.0, 716835.0], [134086.0, 716733.0], [134230.0, 716970.0], [134416.0, 716835.0]]], [[[135719.0, 717000.0], [135583.0, 716885.0], [135591.0, 717008.0], [135719.0, 717000.0]]], [[[134037.0, 716982.0], [133972.0, 716986.0], [133980.0, 717108.0], [134037.0, 716982.0]]], [[[177415.0, 717191.0], [177461.0, 716820.0], [177274.0, 716953.0], [177415.0, 717191.0]]], [[[130751.0, 717188.0], [130622.0, 717197.0], [130694.0, 717315.0], [130751.0, 717188.0]]], [[[173615.0, 717391.0], [173969.0, 716759.0], [173325.0, 716793.0], [173615.0, 717391.0]]], [[[131081.0, 717290.0], [130952.0, 717298.0], [131266.0, 717156.0], [131081.0, 717290.0]]], [[[131104.0, 717657.0], [130823.0, 717307.0], [130388.0, 717580.0], [131104.0, 717657.0]]], [[[132021.0, 717845.0], [132014.0, 717722.0], [131957.0, 717849.0], [132021.0, 717845.0]]], [[[129372.0, 717890.0], [129300.0, 717771.0], [129308.0, 717894.0], [129372.0, 717890.0]]], [[[138372.0, 718063.0], [138300.0, 717945.0], [138307.0, 718067.0], [138372.0, 718063.0]]], [[[138572.0, 718174.0], [138565.0, 718051.0], [138501.0, 718055.0], [138572.0, 718174.0]]], [[[138444.0, 718181.0], [138372.0, 718063.0], [138379.0, 718185.0], [138444.0, 718181.0]]], [[[137864.0, 718217.0], [137792.0, 718099.0], [137800.0, 718221.0], [137864.0, 718217.0]]], [[[141221.0, 718134.0], [141092.0, 718142.0], [141228.0, 718257.0], [141221.0, 718134.0]]], [[[138966.0, 718272.0], [138894.0, 718154.0], [138902.0, 718276.0], [138966.0, 718272.0]]], [[[142016.0, 718454.0], [141944.0, 718336.0], [141951.0, 718458.0], [142016.0, 718454.0]]], [[[140076.0, 718450.0], [140012.0, 718453.0], [140084.0, 718572.0], [140076.0, 718450.0]]], [[[130256.0, 718570.0], [130249.0, 718448.0], [130184.0, 718452.0], [130256.0, 718570.0]]], [[[130522.0, 718676.0], [130627.0, 718301.0], [130370.0, 718317.0], [130522.0, 718676.0]]], [[[140606.0, 718663.0], [140599.0, 718540.0], [140535.0, 718544.0], [140606.0, 718663.0]]], [[[139769.0, 718714.0], [139834.0, 718710.0], [139762.0, 718592.0], [139769.0, 718714.0]]], [[[139447.0, 718734.0], [139375.0, 718615.0], [139383.0, 718737.0], [139447.0, 718734.0]]], [[[129620.0, 718733.0], [129564.0, 718860.0], [129628.0, 718855.0], [129620.0, 718733.0]]], [[[130602.0, 718916.0], [130530.0, 718798.0], [130537.0, 718921.0], [130602.0, 718916.0]]], [[[130344.0, 718933.0], [130280.0, 718937.0], [130352.0, 719055.0], [130344.0, 718933.0]]], [[[322899.0, 718925.0], [321675.0, 718825.0], [323161.0, 719165.0], [322899.0, 718925.0]]], [[[130746.0, 719153.0], [130674.0, 719035.0], [130617.0, 719161.0], [130746.0, 719153.0]]], [[[128219.0, 719068.0], [128420.0, 719178.0], [128412.0, 719056.0], [128219.0, 719068.0]]], [[[124283.0, 719199.0], [124548.0, 719304.0], [124460.0, 718942.0], [124283.0, 719199.0]]], [[[124363.0, 719439.0], [124307.0, 719565.0], [124371.0, 719561.0], [124363.0, 719439.0]]], [[[130841.0, 719638.0], [130834.0, 719516.0], [130769.0, 719520.0], [130841.0, 719638.0]]], [[[162756.0, 719578.0], [162627.0, 719585.0], [162884.0, 719571.0], [162756.0, 719578.0]]], [[[128266.0, 719802.0], [128258.0, 719679.0], [128201.0, 719806.0], [128266.0, 719802.0]]], [[[176848.0, 719919.0], [176777.0, 719800.0], [176784.0, 719922.0], [176848.0, 719919.0]]], [[[176977.0, 719912.0], [176906.0, 719793.0], [176842.0, 719796.0], [176977.0, 719912.0]]], [[[128845.0, 719765.0], [128516.0, 719663.0], [128853.0, 719887.0], [128845.0, 719765.0]]], [[[172683.0, 719281.0], [173540.0, 719603.0], [172786.0, 718785.0], [172683.0, 719281.0]]], [[[129118.0, 719993.0], [128982.0, 719879.0], [128990.0, 720001.0], [129118.0, 719993.0]]], [[[128531.0, 719907.0], [128467.0, 719912.0], [128539.0, 720030.0], [128531.0, 719907.0]]], [[[177035.0, 719786.0], [176977.0, 719912.0], [177048.0, 720031.0], [177241.0, 720021.0], [177035.0, 719786.0]]], [[[128997.0, 720123.0], [128861.0, 720009.0], [128869.0, 720131.0], [128997.0, 720123.0]]], [[[128418.0, 720160.0], [128346.0, 720042.0], [128354.0, 720164.0], [128418.0, 720160.0]]], [[[177762.0, 720116.0], [178026.0, 720225.0], [177820.0, 719990.0], [177762.0, 720116.0]]], [[[178032.0, 720347.0], [177968.0, 720350.0], [177904.0, 720354.0], [178032.0, 720347.0]]], [[[128756.0, 720384.0], [129005.0, 720245.0], [128748.0, 720262.0], [128756.0, 720384.0]]], [[[129085.0, 720486.0], [128892.0, 720498.0], [128964.0, 720616.0], [129085.0, 720486.0]]], [[[178238.0, 720582.0], [178161.0, 720340.0], [178026.0, 720225.0], [178103.0, 720466.0], [177981.0, 720595.0], [178238.0, 720582.0]]], [[[154551.0, 720657.0], [154544.0, 720535.0], [154487.0, 720661.0], [154551.0, 720657.0]]], [[[129821.0, 718843.0], [128685.0, 719284.0], [129376.0, 719976.0], [129487.0, 720706.0], [129821.0, 718843.0]]], [[[128707.0, 720633.0], [128836.0, 720625.0], [128771.0, 720629.0], [128707.0, 720633.0]]], [[[154744.0, 720646.0], [154873.0, 720639.0], [154808.0, 720642.0], [154744.0, 720646.0]]], [[[178496.0, 720568.0], [178367.0, 720575.0], [178502.0, 720691.0], [178496.0, 720568.0]]], [[[174021.0, 717737.0], [177292.0, 719773.0], [176617.0, 719195.0], [176726.0, 718821.0], [178695.0, 720680.0], [175631.0, 713973.0], [174021.0, 717737.0]]], [[[178257.0, 720949.0], [178187.0, 720830.0], [178122.0, 720833.0], [178257.0, 720949.0]]], [[[125882.0, 720937.0], [125947.0, 720933.0], [125874.0, 720815.0], [125882.0, 720937.0]]], [[[125947.0, 720933.0], [126019.0, 721051.0], [126075.0, 720924.0], [125947.0, 720933.0]]], [[[178373.0, 720697.0], [178180.0, 720707.0], [178521.0, 721057.0], [178373.0, 720697.0]]], [[[125761.0, 721067.0], [125753.0, 720945.0], [125697.0, 721072.0], [125761.0, 721067.0]]], [[[125882.0, 720937.0], [125890.0, 721059.0], [125954.0, 721055.0], [125882.0, 720937.0]]], [[[129904.0, 721170.0], [129832.0, 721052.0], [129768.0, 721056.0], [129904.0, 721170.0]]], [[[129719.0, 721305.0], [129655.0, 721309.0], [129727.0, 721427.0], [129719.0, 721305.0]]], [[[178026.0, 721451.0], [178277.0, 721316.0], [178000.0, 720962.0], [178026.0, 721451.0]]], [[[125672.0, 721687.0], [125729.0, 721561.0], [125721.0, 721438.0], [125672.0, 721687.0]]], [[[129629.0, 721924.0], [129565.0, 721929.0], [129637.0, 722047.0], [129629.0, 721924.0]]], [[[125173.0, 721965.0], [125245.0, 722083.0], [125237.0, 721961.0], [125173.0, 721965.0]]], [[[137870.0, 722513.0], [137927.0, 722386.0], [137806.0, 722517.0], [137870.0, 722513.0]]], [[[125140.0, 722458.0], [125076.0, 722462.0], [125084.0, 722584.0], [125140.0, 722458.0]]], [[[125671.0, 722669.0], [125607.0, 722673.0], [125542.0, 722678.0], [125671.0, 722669.0]]], [[[125220.0, 722698.0], [125213.0, 722576.0], [125156.0, 722703.0], [125220.0, 722698.0]]], [[[137257.0, 723042.0], [137106.0, 722683.0], [137129.0, 723049.0], [137257.0, 723042.0]]], [[[161403.0, 723089.0], [161396.0, 722966.0], [161274.0, 723096.0], [161403.0, 723089.0]]], [[[312657.0, 721694.0], [312148.0, 721950.0], [312176.0, 723296.0], [312227.0, 722683.0], [312657.0, 721694.0]]], [[[136951.0, 723306.0], [137007.0, 723180.0], [136943.0, 723184.0], [136951.0, 723306.0]]], [[[137409.0, 723400.0], [137465.0, 723274.0], [137401.0, 723278.0], [137409.0, 723400.0]]], [[[139683.0, 723629.0], [139618.0, 723633.0], [139626.0, 723755.0], [139683.0, 723629.0]]], [[[139769.0, 723991.0], [139633.0, 723877.0], [139576.0, 724003.0], [139769.0, 723991.0]]], [[[126345.0, 724099.0], [126272.0, 723981.0], [126216.0, 724107.0], [126345.0, 724099.0]]], [[[130091.0, 724105.0], [130019.0, 723987.0], [130027.0, 724109.0], [130091.0, 724105.0]]], [[[140621.0, 724185.0], [140549.0, 724066.0], [140556.0, 724189.0], [140621.0, 724185.0]]], [[[126224.0, 724230.0], [126152.0, 724112.0], [125967.0, 724246.0], [126224.0, 724230.0]]], [[[161150.0, 724330.0], [160886.0, 724222.0], [161028.0, 724459.0], [161150.0, 724330.0]]], [[[125990.0, 724613.0], [125918.0, 724495.0], [125926.0, 724617.0], [125990.0, 724613.0]]], [[[126175.0, 724478.0], [126047.0, 724487.0], [126119.0, 724605.0], [126175.0, 724478.0]]], [[[146653.0, 724680.0], [146582.0, 724561.0], [146589.0, 724683.0], [146653.0, 724680.0]]], [[[129808.0, 724737.0], [129793.0, 724492.0], [129744.0, 724741.0], [129808.0, 724737.0]]], [[[136085.0, 724955.0], [136085.0, 724955.0], [136020.0, 724959.0], [136085.0, 724955.0]]], [[[129970.0, 724235.0], [130153.0, 725083.0], [130338.0, 724948.0], [129970.0, 724235.0]]], [[[135899.0, 725090.0], [135835.0, 725094.0], [135843.0, 725216.0], [135899.0, 725090.0]]], [[[130418.0, 725189.0], [130289.0, 725197.0], [130297.0, 725319.0], [130418.0, 725189.0]]], [[[131069.0, 725270.0], [131005.0, 725274.0], [131077.0, 725393.0], [131069.0, 725270.0]]], [[[176488.0, 725334.0], [176417.0, 725215.0], [176359.0, 725341.0], [176488.0, 725334.0]]], [[[131406.0, 725494.0], [131398.0, 725372.0], [131342.0, 725499.0], [131406.0, 725494.0]]], [[[130434.0, 725433.0], [130490.0, 725307.0], [130369.0, 725437.0], [130434.0, 725433.0]]], [[[130827.0, 725531.0], [130755.0, 725413.0], [130763.0, 725535.0], [130827.0, 725531.0]]], [[[132129.0, 725694.0], [132072.0, 725821.0], [132136.0, 725817.0], [132129.0, 725694.0]]], [[[148998.0, 726136.0], [148991.0, 726013.0], [148926.0, 726017.0], [148998.0, 726136.0]]], [[[148998.0, 726136.0], [148934.0, 726139.0], [149062.0, 726132.0], [148998.0, 726136.0]]], [[[124156.0, 726205.0], [124020.0, 726091.0], [124028.0, 726214.0], [124156.0, 726205.0]]], [[[125277.0, 722572.0], [126763.0, 723581.0], [126608.0, 725187.0], [129380.0, 726114.0], [127586.0, 722301.0], [125277.0, 722572.0]]], [[[128037.0, 726323.0], [128158.0, 726192.0], [127957.0, 726083.0], [128037.0, 726323.0]]], [[[124478.0, 726184.0], [124293.0, 726319.0], [124614.0, 726298.0], [124478.0, 726184.0]]], [[[129660.0, 726465.0], [129853.0, 726452.0], [129652.0, 726342.0], [129660.0, 726465.0]]], [[[179329.0, 726657.0], [179515.0, 726525.0], [179252.0, 726416.0], [179329.0, 726657.0]]], [[[177664.0, 726867.0], [177921.0, 726853.0], [177915.0, 726731.0], [177664.0, 726867.0]]], [[[149756.0, 728054.0], [149692.0, 728058.0], [149763.0, 728176.0], [149828.0, 728173.0], [149756.0, 728054.0]]], [[[154125.0, 728903.0], [154189.0, 728899.0], [154118.0, 728780.0], [154125.0, 728903.0]]], [[[184047.0, 729480.0], [183913.0, 729364.0], [184054.0, 729602.0], [184047.0, 729480.0]]], [[[170806.0, 729931.0], [170735.0, 729812.0], [170677.0, 729937.0], [170806.0, 729931.0]]], [[[182550.0, 730415.0], [182550.0, 730415.0], [182486.0, 730418.0], [182614.0, 730412.0], [182550.0, 730415.0]]], [[[182101.0, 730438.0], [182036.0, 730442.0], [182107.0, 730561.0], [182101.0, 730438.0]]], [[[181837.0, 730329.0], [181703.0, 730213.0], [181786.0, 730577.0], [181837.0, 730329.0]]], [[[179521.0, 726647.0], [180258.0, 729675.0], [183109.0, 730019.0], [184211.0, 731434.0], [184963.0, 731028.0], [180962.0, 725837.0], [179521.0, 726647.0]]], [[[175225.0, 731901.0], [175154.0, 731783.0], [175161.0, 731905.0], [175225.0, 731901.0]]], [[[200644.0, 731977.0], [200714.0, 732096.0], [200778.0, 732093.0], [200644.0, 731977.0]]], [[[184756.0, 732019.0], [184808.0, 731771.0], [184698.0, 732145.0], [184756.0, 732019.0]]], [[[138097.0, 732441.0], [138218.0, 732311.0], [138089.0, 732319.0], [138097.0, 732441.0]]], [[[201664.0, 733155.0], [201536.0, 733161.0], [201605.0, 733280.0], [201664.0, 733155.0]]], [[[144084.0, 733425.0], [144077.0, 733302.0], [144012.0, 733306.0], [144084.0, 733425.0]]], [[[195226.0, 734320.0], [195412.0, 734188.0], [195220.0, 734198.0], [195226.0, 734320.0]]], [[[193179.0, 734542.0], [193121.0, 734668.0], [193185.0, 734665.0], [193179.0, 734542.0]]], [[[193447.0, 734774.0], [193377.0, 734655.0], [193319.0, 734781.0], [193447.0, 734774.0]]], [[[188882.0, 734755.0], [188491.0, 734651.0], [188637.0, 735012.0], [188882.0, 734755.0]]], [[[178248.0, 735544.0], [178036.0, 735187.0], [177773.0, 735078.0], [178248.0, 735544.0]]], [[[132177.0, 735635.0], [132595.0, 735117.0], [132331.0, 735011.0], [132177.0, 735635.0]]], [[[173387.0, 736047.0], [173253.0, 735932.0], [173259.0, 736054.0], [173387.0, 736047.0]]], [[[143319.0, 735680.0], [144360.0, 735863.0], [143896.0, 735645.0], [143524.0, 734809.0], [143460.0, 734812.0], [143395.0, 734816.0], [143319.0, 735680.0]]], [[[206323.0, 736617.0], [206451.0, 736611.0], [206382.0, 736492.0], [206323.0, 736617.0]]], [[[145174.0, 736550.0], [145302.0, 736542.0], [145238.0, 736546.0], [145174.0, 736550.0]]], [[[183671.0, 737225.0], [183408.0, 737116.0], [183543.0, 737232.0], [183671.0, 737225.0]]], [[[183799.0, 737219.0], [183928.0, 737212.0], [183793.0, 737097.0], [183799.0, 737219.0]]], [[[143095.0, 737289.0], [143280.0, 737155.0], [143088.0, 737167.0], [143095.0, 737289.0]]], [[[142839.0, 737305.0], [142910.0, 737423.0], [142903.0, 737301.0], [142839.0, 737305.0]]], [[[137207.0, 736792.0], [138249.0, 736973.0], [138090.0, 736492.0], [137207.0, 736792.0]]], [[[138743.0, 737679.0], [138799.0, 737553.0], [138735.0, 737557.0], [138743.0, 737679.0]]], [[[138984.0, 737418.0], [138856.0, 737426.0], [138999.0, 737663.0], [138984.0, 737418.0]]], [[[139063.0, 737659.0], [139256.0, 737647.0], [139056.0, 737537.0], [139063.0, 737659.0]]], [[[140176.0, 737959.0], [140297.0, 737829.0], [140232.0, 737833.0], [140176.0, 737959.0]]], [[[182811.0, 738005.0], [182940.0, 737999.0], [182805.0, 737883.0], [182811.0, 738005.0]]], [[[123750.0, 737773.0], [124014.0, 737879.0], [123862.0, 737520.0], [123750.0, 737773.0]]], [[[138773.0, 738168.0], [138637.0, 738054.0], [138581.0, 738180.0], [138773.0, 738168.0]]], [[[139799.0, 738105.0], [139991.0, 738093.0], [139855.0, 737978.0], [139799.0, 738105.0]]], [[[139078.0, 737904.0], [138837.0, 738164.0], [138901.0, 738160.0], [139037.0, 738274.0], [139078.0, 737904.0]]], [[[140191.0, 738203.0], [140112.0, 737963.0], [140063.0, 738211.0], [140191.0, 738203.0]]], [[[147499.0, 737760.0], [148938.0, 738165.0], [149045.0, 737791.0], [147499.0, 737760.0]]], [[[183202.0, 738108.0], [183285.0, 738472.0], [183471.0, 738339.0], [183202.0, 738108.0]]], [[[183932.0, 738561.0], [184234.0, 738178.0], [183587.0, 738088.0], [183932.0, 738561.0]]], [[[140591.0, 738424.0], [140462.0, 738432.0], [140534.0, 738550.0], [140591.0, 738424.0]]], [[[140790.0, 738535.0], [140711.0, 738294.0], [140726.0, 738539.0], [140790.0, 738535.0]]], [[[97010.0, 738623.0], [97066.0, 738497.0], [97002.0, 738501.0], [97010.0, 738623.0]]], [[[138483.0, 738677.0], [138619.0, 738791.0], [138611.0, 738669.0], [138483.0, 738677.0]]], [[[140100.0, 738823.0], [140149.0, 738574.0], [140021.0, 738582.0], [140100.0, 738823.0]]], [[[138490.0, 738799.0], [138419.0, 738681.0], [138426.0, 738803.0], [138490.0, 738799.0]]], [[[140036.0, 738826.0], [139916.0, 738957.0], [139980.0, 738953.0], [140036.0, 738826.0]]], [[[145649.0, 739098.0], [145578.0, 738980.0], [145521.0, 739106.0], [145649.0, 739098.0]]], [[[187237.0, 739129.0], [187039.0, 739016.0], [187244.0, 739251.0], [187237.0, 739129.0]]], [[[124751.0, 739304.0], [124511.0, 738583.0], [124046.0, 738368.0], [124751.0, 739304.0]]], [[[134924.0, 739390.0], [134988.0, 739386.0], [134981.0, 739263.0], [134924.0, 739390.0]]], [[[134811.0, 739642.0], [134660.0, 739284.0], [134747.0, 739646.0], [134811.0, 739642.0]]], [[[179357.0, 739534.0], [179325.0, 738922.0], [178748.0, 738952.0], [179357.0, 739534.0]]], [[[143828.0, 739822.0], [143828.0, 739822.0], [143892.0, 739818.0], [143828.0, 739822.0]]], [[[143835.0, 739944.0], [143779.0, 740071.0], [143843.0, 740067.0], [143835.0, 739944.0]]], [[[135162.0, 740111.0], [135106.0, 740238.0], [135170.0, 740234.0], [135162.0, 740111.0]]], [[[144193.0, 740536.0], [144355.0, 740036.0], [144057.0, 740422.0], [144193.0, 740536.0]]], [[[143872.0, 740556.0], [143865.0, 740434.0], [143801.0, 740437.0], [143680.0, 740568.0], [143872.0, 740556.0]]], [[[172420.0, 740760.0], [172528.0, 740387.0], [172349.0, 740642.0], [172420.0, 740760.0]]], [[[144129.0, 740540.0], [143880.0, 740678.0], [143823.0, 740804.0], [144129.0, 740540.0]]], [[[143702.0, 740934.0], [143816.0, 740682.0], [143638.0, 740938.0], [143702.0, 740934.0]]], [[[143318.0, 740958.0], [143439.0, 740828.0], [143311.0, 740835.0], [143318.0, 740958.0]]], [[[138201.0, 741395.0], [137115.0, 740480.0], [136606.0, 739530.0], [134921.0, 740372.0], [134862.0, 741480.0], [135111.0, 741342.0], [135070.0, 741713.0], [135198.0, 741705.0], [135303.0, 741330.0], [135421.0, 742182.0], [138201.0, 741395.0]]], [[[143813.0, 739578.0], [144979.0, 738648.0], [141122.0, 737655.0], [140956.0, 739138.0], [137269.0, 739857.0], [139735.0, 742282.0], [142810.0, 740007.0], [143047.0, 740729.0], [143813.0, 739578.0]]], [[[135285.0, 742068.0], [134773.0, 742100.0], [134980.0, 742332.0], [135285.0, 742068.0]]], [[[187654.0, 742297.0], [187181.0, 741830.0], [187660.0, 742419.0], [187654.0, 742297.0]]], [[[127121.0, 741115.0], [128065.0, 741790.0], [127233.0, 740862.0], [127121.0, 741115.0]]], [[[128904.0, 742841.0], [128896.0, 742719.0], [128832.0, 742723.0], [128904.0, 742841.0]]], [[[128088.0, 743139.0], [127800.0, 742667.0], [127736.0, 742671.0], [128088.0, 743139.0]]], [[[128800.0, 743216.0], [128728.0, 743098.0], [128736.0, 743220.0], [128800.0, 743216.0]]], [[[103911.0, 743293.0], [103902.0, 743171.0], [103847.0, 743298.0], [103911.0, 743293.0]]], [[[128623.0, 743473.0], [128472.0, 743115.0], [128431.0, 743485.0], [128623.0, 743473.0]]], [[[190602.0, 743498.0], [190419.0, 742403.0], [189727.0, 742683.0], [189062.0, 742226.0], [190602.0, 743498.0]]], [[[158313.0, 743508.0], [158192.0, 743638.0], [158377.0, 743504.0], [158313.0, 743508.0]]], [[[128975.0, 743942.0], [128967.0, 743819.0], [128911.0, 743946.0], [128975.0, 743942.0]]], [[[93298.0, 744298.0], [93289.0, 744175.0], [93225.0, 744180.0], [93298.0, 744298.0]]], [[[129839.0, 744377.0], [129984.0, 743631.0], [129520.0, 743416.0], [129839.0, 744377.0]]], [[[104726.0, 744833.0], [104854.0, 744824.0], [104846.0, 744702.0], [104726.0, 744833.0]]], [[[130702.0, 744813.0], [130502.0, 744703.0], [130454.0, 744952.0], [130702.0, 744813.0]]], [[[130774.0, 744931.0], [130974.0, 745041.0], [130894.0, 744801.0], [130774.0, 744931.0]]], [[[159620.0, 745028.0], [159556.0, 745032.0], [159499.0, 745158.0], [159620.0, 745028.0]]], [[[188140.0, 745583.0], [188012.0, 745590.0], [188146.0, 745705.0], [188140.0, 745583.0]]], [[[186336.0, 745429.0], [186144.0, 745439.0], [186477.0, 745667.0], [186336.0, 745429.0]]], [[[188356.0, 746063.0], [188031.0, 745957.0], [188299.0, 746188.0], [188356.0, 746063.0]]], [[[133939.0, 746203.0], [133931.0, 746081.0], [133875.0, 746207.0], [133939.0, 746203.0]]], [[[161936.0, 746246.0], [162249.0, 746106.0], [162178.0, 745987.0], [161936.0, 746246.0]]], [[[188682.0, 746169.0], [188414.0, 745937.0], [188753.0, 746288.0], [188682.0, 746169.0]]], [[[187019.0, 746253.0], [186949.0, 746134.0], [187090.0, 746372.0], [187019.0, 746253.0]]], [[[189456.0, 746253.0], [184239.0, 739527.0], [178383.0, 735660.0], [180202.0, 739735.0], [183359.0, 741166.0], [186958.0, 745030.0], [186821.0, 746140.0], [187668.0, 745116.0], [189456.0, 746253.0]]], [[[189904.0, 746231.0], [189834.0, 746111.0], [190038.0, 746346.0], [189904.0, 746231.0]]], [[[107163.0, 745646.0], [107525.0, 746235.0], [107701.0, 745977.0], [107163.0, 745646.0]]], [[[106984.0, 746764.0], [106911.0, 746646.0], [106864.0, 746895.0], [106984.0, 746764.0]]], [[[189864.0, 746723.0], [190120.0, 746710.0], [189858.0, 746601.0], [189864.0, 746723.0]]], [[[108161.0, 747051.0], [108280.0, 746920.0], [108152.0, 746928.0], [108161.0, 747051.0]]], [[[109786.0, 747307.0], [109722.0, 747311.0], [109730.0, 747434.0], [109786.0, 747307.0]]], [[[189064.0, 747376.0], [189000.0, 747379.0], [189070.0, 747499.0], [189064.0, 747376.0]]], [[[94562.0, 747523.0], [94425.0, 747410.0], [94434.0, 747533.0], [94562.0, 747523.0]]], [[[189977.0, 747698.0], [189843.0, 747582.0], [189913.0, 747702.0], [189977.0, 747698.0]]], [[[188826.0, 747756.0], [188628.0, 747643.0], [188832.0, 747878.0], [188826.0, 747756.0]]], [[[92084.0, 747949.0], [92203.0, 747818.0], [92075.0, 747827.0], [92084.0, 747949.0]]], [[[92404.0, 747926.0], [92331.0, 747809.0], [92340.0, 747931.0], [92404.0, 747926.0]]], [[[91765.0, 747973.0], [91756.0, 747851.0], [91692.0, 747855.0], [91765.0, 747973.0]]], [[[91829.0, 747968.0], [91765.0, 747973.0], [91701.0, 747978.0], [91718.0, 748222.0], [91829.0, 747968.0]]], [[[92221.0, 748062.0], [92422.0, 748171.0], [92468.0, 747921.0], [92221.0, 748062.0]]], [[[110548.0, 748114.0], [110484.0, 748119.0], [110493.0, 748241.0], [110548.0, 748114.0]]], [[[370726.0, 748194.0], [370662.0, 748072.0], [370662.0, 748194.0], [370727.0, 748316.0], [370726.0, 748194.0]]], [[[155510.0, 748332.0], [155439.0, 748214.0], [155446.0, 748336.0], [155510.0, 748332.0]]], [[[98535.0, 748220.0], [98424.0, 748474.0], [98607.0, 748338.0], [98535.0, 748220.0]]], [[[91818.0, 748706.0], [91946.0, 748697.0], [91882.0, 748702.0], [91818.0, 748706.0]]], [[[91818.0, 748706.0], [91754.0, 748711.0], [91763.0, 748833.0], [91818.0, 748706.0]]], [[[91818.0, 748706.0], [91763.0, 748833.0], [91891.0, 748824.0], [91818.0, 748706.0]]], [[[106987.0, 749589.0], [106795.0, 749602.0], [106868.0, 749720.0], [106987.0, 749589.0]]], [[[108795.0, 749709.0], [108786.0, 749587.0], [108731.0, 749713.0], [108795.0, 749709.0]]], [[[191155.0, 749479.0], [192528.0, 750024.0], [191408.0, 748118.0], [191155.0, 749479.0]]], [[[107550.0, 750287.0], [107597.0, 750038.0], [107405.0, 750051.0], [107550.0, 750287.0]]], [[[104633.0, 747174.0], [103719.0, 743307.0], [100004.0, 743569.0], [97643.0, 738455.0], [94779.0, 740750.0], [93243.0, 740001.0], [93985.0, 744002.0], [92509.0, 745830.0], [95720.0, 748422.0], [100047.0, 746883.0], [103956.0, 749432.0], [106335.0, 748529.0], [107563.0, 749549.0], [108023.0, 750622.0], [109521.0, 747202.0], [104633.0, 747174.0]]], [[[111556.0, 750624.0], [111483.0, 750506.0], [111500.0, 750751.0], [111556.0, 750624.0]]], [[[111645.0, 750987.0], [111636.0, 750864.0], [111581.0, 750991.0], [111645.0, 750987.0]]], [[[115616.0, 750839.0], [115688.0, 750957.0], [115744.0, 750831.0], [115616.0, 750839.0]]], [[[115466.0, 751463.0], [115769.0, 751197.0], [115505.0, 751092.0], [115466.0, 751463.0]]], [[[110080.0, 751586.0], [110072.0, 751463.0], [110008.0, 751468.0], [109953.0, 751594.0], [110080.0, 751586.0]]], [[[109863.0, 751232.0], [110894.0, 751284.0], [109327.0, 750901.0], [109424.0, 751385.0], [109863.0, 751232.0]]], [[[115554.0, 751826.0], [115482.0, 751708.0], [115418.0, 751712.0], [115491.0, 751830.0], [115554.0, 751826.0]]], [[[114668.0, 752009.0], [114660.0, 751886.0], [114604.0, 752013.0], [114668.0, 752009.0]]], [[[110561.0, 752044.0], [110809.0, 751904.0], [110498.0, 752048.0], [110561.0, 752044.0]]], [[[116618.0, 752368.0], [116754.0, 752482.0], [116738.0, 752237.0], [116618.0, 752368.0]]], [[[113112.0, 752729.0], [113176.0, 752724.0], [113168.0, 752602.0], [113112.0, 752729.0]]], [[[113112.0, 752729.0], [113040.0, 752611.0], [113048.0, 752733.0], [113112.0, 752729.0]]], [[[116220.0, 753132.0], [116212.0, 753010.0], [116148.0, 753014.0], [116220.0, 753132.0]]], [[[111365.0, 753462.0], [111237.0, 753471.0], [111374.0, 753585.0], [111365.0, 753462.0]]], [[[119967.0, 753495.0], [119895.0, 753377.0], [119975.0, 753617.0], [119967.0, 753495.0]]], [[[140756.0, 753634.0], [140763.0, 753756.0], [140820.0, 753630.0], [140756.0, 753634.0]]], [[[119991.0, 753861.0], [120111.0, 753731.0], [119983.0, 753739.0], [119991.0, 753861.0]]], [[[120510.0, 753950.0], [120438.0, 753832.0], [120446.0, 753954.0], [120510.0, 753950.0]]], [[[152630.0, 753900.0], [152821.0, 753889.0], [152750.0, 753770.0], [152630.0, 753900.0]]], [[[195496.0, 754416.0], [195460.0, 753682.0], [195071.0, 753578.0], [195496.0, 754416.0]]], [[[112871.0, 754833.0], [113054.0, 754698.0], [112926.0, 754706.0], [112871.0, 754833.0]]], [[[121469.0, 754868.0], [121477.0, 754991.0], [121525.0, 754742.0], [121469.0, 754868.0]]], [[[151609.0, 755065.0], [151850.0, 754805.0], [151538.0, 754946.0], [151609.0, 755065.0]]], [[[152624.0, 754882.0], [151963.0, 754553.0], [151822.0, 755420.0], [152624.0, 754882.0]]], [[[122276.0, 755429.0], [122507.0, 755045.0], [122307.0, 754936.0], [122276.0, 755429.0]]], [[[123354.0, 756217.0], [123346.0, 756095.0], [123290.0, 756221.0], [123354.0, 756217.0]]], [[[123003.0, 756732.0], [123187.0, 756597.0], [123226.0, 756226.0], [122987.0, 756487.0], [123003.0, 756732.0]]], [[[141605.0, 757019.0], [141549.0, 757145.0], [141613.0, 757141.0], [141605.0, 757019.0]]], [[[161679.0, 757549.0], [161615.0, 757552.0], [161686.0, 757671.0], [161679.0, 757549.0]]], [[[161083.0, 758319.0], [161012.0, 758200.0], [160969.0, 758571.0], [161083.0, 758319.0]]], [[[158694.0, 759069.0], [158623.0, 758950.0], [158630.0, 759073.0], [158694.0, 759069.0]]], [[[208318.0, 759205.0], [208440.0, 759077.0], [208249.0, 759086.0], [208318.0, 759205.0]]], [[[155368.0, 748095.0], [157012.0, 743215.0], [166345.0, 742442.0], [173072.0, 734960.0], [174965.0, 735472.0], [174962.0, 731793.0], [173263.0, 733723.0], [172343.0, 732178.0], [173423.0, 733102.0], [174788.0, 730943.0], [173726.0, 727934.0], [170892.0, 727963.0], [171301.0, 730762.0], [168862.0, 730895.0], [169783.0, 728882.0], [165746.0, 725791.0], [171123.0, 727460.0], [171879.0, 725947.0], [163091.0, 719804.0], [159613.0, 721104.0], [162402.0, 723646.0], [162071.0, 724646.0], [161228.0, 724571.0], [161178.0, 724819.0], [160799.0, 724963.0], [160542.0, 724977.0], [156846.0, 721261.0], [153578.0, 721695.0], [149773.0, 718482.0], [147778.0, 719704.0], [143733.0, 717982.0], [140307.0, 719049.0], [140019.0, 718576.0], [140171.0, 718935.0], [139898.0, 718706.0], [139769.0, 718714.0], [139841.0, 718832.0], [139133.0, 718876.0], [138637.0, 718170.0], [138572.0, 718174.0], [138508.0, 718177.0], [138444.0, 718181.0], [138523.0, 718422.0], [138129.0, 718324.0], [137830.0, 718710.0], [136985.0, 718640.0], [136053.0, 716120.0], [135799.0, 717240.0], [133931.0, 717357.0], [133627.0, 716639.0], [133369.0, 716655.0], [133142.0, 717160.0], [132354.0, 716964.0], [131256.0, 721085.0], [129413.0, 721570.0], [129742.0, 721672.0], [129565.0, 721929.0], [129629.0, 721924.0], [129637.0, 722047.0], [129894.0, 722030.0], [129967.0, 722149.0], [130099.0, 724227.0], [131462.0, 725368.0], [131406.0, 725494.0], [131285.0, 725625.0], [131293.0, 725747.0], [134806.0, 725158.0], [136277.0, 722857.0], [134411.0, 722973.0], [138147.0, 721759.0], [137564.0, 724864.0], [139618.0, 723633.0], [139747.0, 723625.0], [139683.0, 723629.0], [139747.0, 723625.0], [139811.0, 723621.0], [139762.0, 723869.0], [140484.0, 724070.0], [141090.0, 723420.0], [146560.0, 724194.0], [151912.0, 726332.0], [152262.0, 729011.0], [153640.0, 728317.0], [154525.0, 729125.0], [154189.0, 728899.0], [154125.0, 728903.0], [154196.0, 729021.0], [154004.0, 729033.0], [154075.0, 729151.0], [153882.0, 729162.0], [153476.0, 728818.0], [151856.0, 729771.0], [141012.0, 726370.0], [140564.0, 729589.0], [143946.0, 732206.0], [145665.0, 736152.0], [150233.0, 736125.0], [154109.0, 740806.0], [146268.0, 738693.0], [140251.0, 745441.0], [133691.0, 746342.0], [133781.0, 748791.0], [137252.0, 750906.0], [135086.0, 751164.0], [134776.0, 754376.0], [139107.0, 754964.0], [142921.0, 751292.0], [140832.0, 756943.0], [142814.0, 755840.0], [142686.0, 757934.0], [147057.0, 759264.0], [150768.0, 757078.0], [150453.0, 755011.0], [152623.0, 753778.0], [155105.0, 750197.0], [155077.0, 748603.0], [155368.0, 748095.0]]], [[[207043.0, 759264.0], [206910.0, 759147.0], [206915.0, 759270.0], [207043.0, 759264.0]]], [[[125613.0, 759384.0], [125668.0, 759258.0], [125605.0, 759262.0], [125613.0, 759384.0]]], [[[208770.0, 759307.0], [208706.0, 759310.0], [208712.0, 759433.0], [208770.0, 759307.0]]], [[[158934.0, 759914.0], [158927.0, 759792.0], [158864.0, 759795.0], [158934.0, 759914.0]]], [[[161373.0, 758916.0], [162846.0, 758955.0], [161693.0, 757793.0], [161373.0, 758916.0]]], [[[160721.0, 758708.0], [158687.0, 758947.0], [158814.0, 758939.0], [158694.0, 759069.0], [159027.0, 759295.0], [158998.0, 759910.0], [159452.0, 760007.0], [160721.0, 758708.0]]], [[[206121.0, 760042.0], [206045.0, 759800.0], [205993.0, 760048.0], [206121.0, 760042.0]]], [[[164765.0, 760074.0], [164828.0, 760070.0], [164822.0, 759948.0], [164765.0, 760074.0]]], [[[161251.0, 760150.0], [160975.0, 759797.0], [160805.0, 760175.0], [161251.0, 760150.0]]], [[[160507.0, 760560.0], [160570.0, 760557.0], [160563.0, 760434.0], [160507.0, 760560.0]]], [[[161846.0, 760484.0], [161789.0, 760610.0], [161916.0, 760603.0], [161846.0, 760484.0]]], [[[160953.0, 760535.0], [161130.0, 760279.0], [160882.0, 760416.0], [160953.0, 760535.0]]], [[[175600.0, 760584.0], [175791.0, 760574.0], [176103.0, 760434.0], [175771.0, 760207.0], [175600.0, 760584.0]]], [[[174676.0, 761247.0], [174606.0, 761128.0], [174613.0, 761250.0], [174676.0, 761247.0]]], [[[120480.0, 761197.0], [120352.0, 761205.0], [120424.0, 761323.0], [120480.0, 761197.0]]], [[[121294.0, 761879.0], [121286.0, 761757.0], [121222.0, 761761.0], [121294.0, 761879.0]]], [[[158573.0, 761407.0], [158877.0, 761144.0], [158360.0, 761051.0], [158573.0, 761407.0]]], [[[174008.0, 761896.0], [174206.0, 762008.0], [174065.0, 761770.0], [174008.0, 761896.0]]], [[[173766.0, 762154.0], [173696.0, 762035.0], [173703.0, 762158.0], [173766.0, 762154.0]]], [[[121980.0, 762571.0], [121972.0, 762448.0], [121916.0, 762575.0], [121980.0, 762571.0]]], [[[121789.0, 762583.0], [121781.0, 762461.0], [121725.0, 762587.0], [121789.0, 762583.0]]], [[[148298.0, 762871.0], [148418.0, 762741.0], [148291.0, 762749.0], [148298.0, 762871.0]]], [[[122913.0, 763123.0], [123040.0, 763114.0], [122985.0, 763241.0], [122913.0, 763123.0]]], [[[123359.0, 763093.0], [123232.0, 763102.0], [123303.0, 763220.0], [123359.0, 763093.0]]], [[[123893.0, 763426.0], [123837.0, 763553.0], [123957.0, 763422.0], [123893.0, 763426.0]]], [[[124308.0, 763890.0], [124300.0, 763768.0], [124236.0, 763772.0], [124308.0, 763890.0]]], [[[142481.0, 763961.0], [142473.0, 763839.0], [142417.0, 763965.0], [142481.0, 763961.0]]], [[[124244.0, 763894.0], [124172.0, 763776.0], [124188.0, 764021.0], [124244.0, 763894.0]]], [[[124634.0, 763992.0], [124626.0, 763869.0], [124507.0, 764000.0], [124571.0, 763996.0], [124634.0, 763992.0]]], [[[124770.0, 764105.0], [124698.0, 763987.0], [124706.0, 764110.0], [124833.0, 764101.0], [124770.0, 764105.0]]], [[[127788.0, 764277.0], [127780.0, 764154.0], [127717.0, 764158.0], [127788.0, 764277.0]]], [[[126124.0, 764262.0], [126052.0, 764144.0], [126060.0, 764266.0], [126124.0, 764262.0]]], [[[127533.0, 763311.0], [123681.0, 756318.0], [122844.0, 757233.0], [122247.0, 758869.0], [122120.0, 758877.0], [122564.0, 755901.0], [119880.0, 754114.0], [119687.0, 753145.0], [116921.0, 752102.0], [116223.0, 754114.0], [115243.0, 751970.0], [114668.0, 752009.0], [114679.0, 753113.0], [112818.0, 753117.0], [112101.0, 751078.0], [110851.0, 752515.0], [114315.0, 754366.0], [117327.0, 759075.0], [121445.0, 761255.0], [122522.0, 763026.0], [123407.0, 762845.0], [123359.0, 763093.0], [123519.0, 763574.0], [123686.0, 763195.0], [123893.0, 763426.0], [123941.0, 763178.0], [124068.0, 763169.0], [124546.0, 763629.0], [124308.0, 763890.0], [124984.0, 763477.0], [124921.0, 764464.0], [126235.0, 764009.0], [126522.0, 764482.0], [127533.0, 763311.0]]], [[[127183.0, 764807.0], [127175.0, 764685.0], [127111.0, 764689.0], [127175.0, 764685.0], [127119.0, 764811.0], [127183.0, 764807.0]]], [[[127509.0, 764909.0], [127438.0, 764790.0], [127446.0, 764913.0], [127509.0, 764909.0]]], [[[127502.0, 764786.0], [127573.0, 764904.0], [127645.0, 765023.0], [127637.0, 764900.0], [127502.0, 764786.0]]], [[[127390.0, 765039.0], [127318.0, 764921.0], [127263.0, 765047.0], [127390.0, 765039.0]]], [[[127709.0, 765018.0], [127653.0, 765145.0], [127716.0, 765141.0], [127709.0, 765018.0]]], [[[127916.0, 765251.0], [128075.0, 764749.0], [127693.0, 764774.0], [127916.0, 765251.0]]], [[[127605.0, 765393.0], [127541.0, 765398.0], [127478.0, 765402.0], [127605.0, 765393.0]]], [[[127287.0, 765414.0], [127414.0, 765406.0], [127406.0, 765284.0], [127287.0, 765414.0]]], [[[127669.0, 765389.0], [127740.0, 765507.0], [127732.0, 765385.0], [127669.0, 765389.0]]], [[[127549.0, 765520.0], [127486.0, 765524.0], [127541.0, 765398.0], [127549.0, 765520.0]]], [[[127693.0, 765756.0], [127613.0, 765516.0], [127565.0, 765764.0], [127693.0, 765756.0]]], [[[128075.0, 765731.0], [128146.0, 765849.0], [128130.0, 765605.0], [128075.0, 765731.0]]], [[[128083.0, 765854.0], [128011.0, 765735.0], [128019.0, 765858.0], [128083.0, 765854.0]]], [[[142309.0, 767408.0], [142253.0, 767535.0], [142317.0, 767531.0], [142309.0, 767408.0]]], [[[380976.0, 767721.0], [380975.0, 767476.0], [380848.0, 767599.0], [380976.0, 767721.0]]], [[[202283.0, 768068.0], [202341.0, 767943.0], [202278.0, 767946.0], [202283.0, 768068.0]]], [[[202347.0, 768065.0], [202289.0, 768191.0], [202353.0, 768188.0], [202347.0, 768065.0]]], [[[142545.0, 768130.0], [142474.0, 768012.0], [142482.0, 768134.0], [142545.0, 768130.0]]], [[[202682.0, 768417.0], [202735.0, 768170.0], [202671.0, 768173.0], [202682.0, 768417.0]]], [[[143721.0, 768549.0], [143777.0, 768423.0], [143713.0, 768427.0], [143721.0, 768549.0]]], [[[143852.0, 769646.0], [143796.0, 769772.0], [143860.0, 769768.0], [143852.0, 769646.0]]], [[[162809.0, 772944.0], [162802.0, 772822.0], [162738.0, 772825.0], [162809.0, 772944.0]]], [[[166503.0, 772859.0], [166114.0, 772758.0], [166192.0, 772999.0], [166503.0, 772859.0]]], [[[167011.0, 772830.0], [167202.0, 772820.0], [167322.0, 772690.0], [167011.0, 772830.0]]], [[[163642.0, 773020.0], [163713.0, 773138.0], [163706.0, 773016.0], [163642.0, 773020.0]]], [[[163141.0, 773171.0], [163077.0, 773174.0], [163084.0, 773297.0], [163141.0, 773171.0]]], [[[162957.0, 773304.0], [162830.0, 773311.0], [162837.0, 773433.0], [162957.0, 773304.0]]], [[[162710.0, 773441.0], [162766.0, 773315.0], [162646.0, 773444.0], [162710.0, 773441.0]]], [[[162610.0, 773937.0], [162540.0, 773818.0], [162547.0, 773941.0], [162610.0, 773937.0]]], [[[167497.0, 773539.0], [163225.0, 773534.0], [163218.0, 773412.0], [162710.0, 773441.0], [163273.0, 775494.0], [167497.0, 773539.0]]], [[[163582.0, 776458.0], [163568.0, 776214.0], [163519.0, 776462.0], [163582.0, 776458.0]]], [[[163773.0, 776448.0], [163956.0, 776315.0], [163752.0, 776081.0], [163773.0, 776448.0]]], [[[387304.0, 777980.0], [387240.0, 777858.0], [387177.0, 777980.0], [387304.0, 777980.0]]], [[[166106.0, 778279.0], [166282.0, 778024.0], [166028.0, 778038.0], [166106.0, 778279.0]]], [[[172127.0, 778927.0], [172006.0, 779056.0], [172260.0, 779042.0], [172127.0, 778927.0]]], [[[173232.0, 779357.0], [173162.0, 779238.0], [173105.0, 779364.0], [173232.0, 779357.0]]], [[[172217.0, 779413.0], [172083.0, 779297.0], [171963.0, 779427.0], [172217.0, 779413.0]]], [[[169291.0, 779451.0], [169468.0, 779196.0], [169404.0, 779199.0], [169291.0, 779451.0]]], [[[171920.0, 779797.0], [172350.0, 779528.0], [171970.0, 779549.0], [171920.0, 779797.0]]], [[[55086.0, 780093.0], [55023.0, 780098.0], [55150.0, 780088.0], [55086.0, 780093.0]]], [[[170854.0, 780101.0], [170918.0, 780097.0], [170974.0, 779972.0], [170854.0, 780101.0]]], [[[169331.0, 780185.0], [169388.0, 780059.0], [169275.0, 780311.0], [169331.0, 780185.0]]], [[[56242.0, 779383.0], [54822.0, 779992.0], [54461.0, 780268.0], [56280.0, 780610.0], [57436.0, 779899.0], [56242.0, 779383.0]]], [[[140141.0, 780800.0], [142552.0, 780650.0], [142992.0, 779518.0], [139884.0, 778729.0], [140141.0, 780800.0]]], [[[387948.0, 781283.0], [388012.0, 781283.0], [388011.0, 781161.0], [387948.0, 781283.0]]], [[[174734.0, 781238.0], [174601.0, 781123.0], [174671.0, 781242.0], [174734.0, 781238.0]]], [[[54860.0, 781219.0], [54723.0, 781107.0], [54933.0, 781336.0], [54860.0, 781219.0]]], [[[138910.0, 781491.0], [139022.0, 781238.0], [138895.0, 781246.0], [138910.0, 781491.0]]], [[[139156.0, 781353.0], [139727.0, 781317.0], [139522.0, 781084.0], [139156.0, 781353.0]]], [[[166663.0, 782542.0], [166656.0, 782420.0], [166593.0, 782423.0], [166663.0, 782542.0]]], [[[162597.0, 782649.0], [162774.0, 782394.0], [162520.0, 782408.0], [162597.0, 782649.0]]], [[[54537.0, 782722.0], [54453.0, 782483.0], [54473.0, 782727.0], [54537.0, 782722.0]]], [[[167311.0, 782751.0], [167501.0, 782740.0], [167438.0, 782744.0], [167311.0, 782751.0]]], [[[388144.0, 783119.0], [388143.0, 782996.0], [388080.0, 783119.0], [388144.0, 783119.0]]], [[[167275.0, 783244.0], [167078.0, 783132.0], [167085.0, 783255.0], [167275.0, 783244.0]]], [[[168437.0, 783547.0], [168303.0, 783432.0], [168310.0, 783554.0], [168437.0, 783547.0]]], [[[167091.0, 783377.0], [167479.0, 783478.0], [167282.0, 783366.0], [167211.0, 783247.0], [167148.0, 783251.0], [167091.0, 783377.0]]], [[[172197.0, 783707.0], [172134.0, 783711.0], [172071.0, 783714.0], [172197.0, 783707.0]]], [[[55009.0, 783790.0], [54925.0, 783551.0], [54819.0, 783806.0], [55009.0, 783790.0]]], [[[148732.0, 783832.0], [148997.0, 782957.0], [148546.0, 782861.0], [148732.0, 783832.0]]], [[[172084.0, 783959.0], [172021.0, 783962.0], [172027.0, 784085.0], [172084.0, 783959.0]]], [[[171514.0, 783990.0], [171704.0, 783980.0], [171640.0, 783983.0], [171577.0, 783987.0], [171514.0, 783990.0]]], [[[172238.0, 784441.0], [172294.0, 784316.0], [172231.0, 784319.0], [172238.0, 784441.0]]], [[[57774.0, 784792.0], [57658.0, 784924.0], [57784.0, 784914.0], [57774.0, 784792.0]]], [[[57477.0, 785062.0], [57330.0, 784828.0], [57224.0, 785083.0], [57477.0, 785062.0]]], [[[56972.0, 782029.0], [55476.0, 783259.0], [54869.0, 784417.0], [57160.0, 785088.0], [56972.0, 782029.0]]], [[[160568.0, 786079.0], [161061.0, 785805.0], [160554.0, 785834.0], [160568.0, 786079.0]]], [[[162110.0, 786358.0], [162166.0, 786232.0], [162103.0, 786236.0], [162110.0, 786358.0]]], [[[58432.0, 786583.0], [58506.0, 786700.0], [58496.0, 786577.0], [58432.0, 786583.0]]], [[[57354.0, 786671.0], [57354.0, 786671.0], [57291.0, 786677.0], [57354.0, 786671.0]]], [[[57101.0, 786692.0], [57154.0, 786565.0], [57091.0, 786570.0], [57101.0, 786692.0]]], [[[57365.0, 786794.0], [57291.0, 786677.0], [57238.0, 786804.0], [57365.0, 786794.0]]], [[[58442.0, 786705.0], [58389.0, 786832.0], [58569.0, 786694.0], [58442.0, 786705.0]]], [[[58526.0, 786944.0], [58579.0, 786817.0], [58462.0, 786949.0], [58526.0, 786944.0]]], [[[162468.0, 787074.0], [162532.0, 787070.0], [162525.0, 786948.0], [162468.0, 787074.0]]], [[[161652.0, 787243.0], [161525.0, 787251.0], [161596.0, 787369.0], [161652.0, 787243.0]]], [[[161842.0, 787232.0], [161912.0, 787351.0], [161849.0, 787355.0], [162229.0, 787333.0], [161962.0, 787103.0], [161842.0, 787232.0]]], [[[161793.0, 787481.0], [161842.0, 787232.0], [161715.0, 787240.0], [161793.0, 787481.0]]], [[[61312.0, 787454.0], [61385.0, 787571.0], [61575.0, 787556.0], [61823.0, 786674.0], [61312.0, 787454.0]]], [[[163700.0, 787494.0], [163630.0, 787376.0], [163637.0, 787498.0], [163700.0, 787494.0]]], [[[163517.0, 787628.0], [163573.0, 787502.0], [163447.0, 787509.0], [163517.0, 787628.0]]], [[[163608.0, 788113.0], [163678.0, 788232.0], [163671.0, 788110.0], [163608.0, 788113.0]]], [[[163305.0, 788376.0], [163651.0, 787743.0], [162693.0, 787675.0], [163305.0, 788376.0]]], [[[61375.0, 787449.0], [61312.0, 787454.0], [61185.0, 787464.0], [60995.0, 787480.0], [60858.0, 787368.0], [60681.0, 786767.0], [58853.0, 787040.0], [60114.0, 788413.0], [61215.0, 787831.0], [61258.0, 787581.0], [61332.0, 787698.0], [61322.0, 787576.0], [61258.0, 787581.0], [61322.0, 787576.0], [61375.0, 787449.0]]], [[[61881.0, 789745.0], [61818.0, 789750.0], [61828.0, 789872.0], [61881.0, 789745.0]]], [[[61881.0, 789745.0], [61891.0, 789867.0], [62135.0, 789724.0], [61998.0, 789612.0], [61881.0, 789745.0]]], [[[60097.0, 789767.0], [60637.0, 789354.0], [60374.0, 789253.0], [60097.0, 789767.0]]], [[[65342.0, 789956.0], [65278.0, 789961.0], [65288.0, 790083.0], [65342.0, 789956.0]]], [[[165253.0, 790228.0], [165119.0, 790113.0], [165189.0, 790232.0], [165253.0, 790228.0]]], [[[165309.0, 790103.0], [165569.0, 790211.0], [165499.0, 790092.0], [165436.0, 790095.0], [165309.0, 790103.0]]], [[[65844.0, 790654.0], [65708.0, 790542.0], [65718.0, 790664.0], [65844.0, 790654.0]]], [[[65664.0, 790791.0], [65654.0, 790669.0], [65601.0, 790796.0], [65664.0, 790791.0]]], [[[165414.0, 790833.0], [165407.0, 790710.0], [165344.0, 790714.0], [165414.0, 790833.0]]], [[[63087.0, 791245.0], [63194.0, 790991.0], [63024.0, 791251.0], [63087.0, 791245.0]]], [[[149768.0, 789415.0], [147863.0, 783148.0], [143727.0, 785242.0], [143926.0, 787439.0], [146956.0, 788113.0], [146978.0, 790566.0], [148486.0, 791334.0], [149768.0, 789415.0]]], [[[164703.0, 791732.0], [164696.0, 791610.0], [164633.0, 791613.0], [164703.0, 791732.0]]], [[[165659.0, 791800.0], [165589.0, 791682.0], [165596.0, 791804.0], [165659.0, 791800.0]]], [[[60954.0, 791665.0], [61207.0, 791644.0], [61134.0, 791527.0], [60954.0, 791665.0]]], [[[65436.0, 791916.0], [65499.0, 791911.0], [65490.0, 791789.0], [65436.0, 791916.0]]], [[[61237.0, 792011.0], [60974.0, 791909.0], [60994.0, 792154.0], [61120.0, 792143.0], [61237.0, 792011.0]]], [[[65436.0, 791916.0], [64138.0, 790053.0], [62913.0, 792243.0], [64156.0, 792635.0], [65436.0, 791916.0]]], [[[60897.0, 792531.0], [61330.0, 792372.0], [61310.0, 792128.0], [61184.0, 792138.0], [61174.0, 792016.0], [61184.0, 792138.0], [60897.0, 792531.0]]], [[[68719.0, 793129.0], [68656.0, 793134.0], [68539.0, 793266.0], [68602.0, 793261.0], [68666.0, 793256.0], [68719.0, 793129.0]]], [[[65024.0, 793917.0], [64951.0, 793800.0], [64961.0, 793922.0], [65024.0, 793917.0]]], [[[179187.0, 794370.0], [179237.0, 794122.0], [179174.0, 794126.0], [179187.0, 794370.0]]], [[[69347.0, 793816.0], [68427.0, 794259.0], [69143.0, 794447.0], [69347.0, 793816.0]]], [[[61730.0, 794923.0], [61666.0, 794928.0], [61676.0, 795050.0], [61730.0, 794923.0]]], [[[185511.0, 795265.0], [185315.0, 795152.0], [185384.0, 795271.0], [185511.0, 795265.0]]], [[[66924.0, 795363.0], [66851.0, 795246.0], [66861.0, 795368.0], [66924.0, 795363.0]]], [[[66428.0, 795526.0], [66690.0, 795628.0], [66481.0, 795399.0], [66428.0, 795526.0]]], [[[115511.0, 796167.0], [115439.0, 796049.0], [115456.0, 796293.0], [115511.0, 796167.0]]], [[[115519.0, 796289.0], [115756.0, 796027.0], [115566.0, 796040.0], [115519.0, 796289.0]]], [[[115882.0, 796018.0], [115772.0, 796272.0], [115844.0, 796390.0], [115882.0, 796018.0]]], [[[60647.0, 796487.0], [60691.0, 796238.0], [60574.0, 796370.0], [60647.0, 796487.0]]], [[[60974.0, 796583.0], [60691.0, 796238.0], [60647.0, 796487.0], [60837.0, 796472.0], [60974.0, 796583.0]]], [[[115954.0, 796136.0], [115996.0, 796748.0], [116143.0, 796123.0], [115954.0, 796136.0]]], [[[167164.0, 797114.0], [167220.0, 796988.0], [167157.0, 796992.0], [167164.0, 797114.0]]], [[[167487.0, 797219.0], [167613.0, 797212.0], [167550.0, 797215.0], [167487.0, 797219.0]]], [[[64152.0, 797308.0], [64132.0, 797064.0], [63943.0, 797079.0], [64152.0, 797308.0]]], [[[66575.0, 797359.0], [66735.0, 796977.0], [66546.0, 796992.0], [66575.0, 797359.0]]], [[[62395.0, 799173.0], [62331.0, 799178.0], [62341.0, 799301.0], [62395.0, 799173.0]]], [[[70471.0, 799137.0], [70681.0, 799367.0], [70724.0, 799117.0], [70471.0, 799137.0]]], [[[156002.0, 799230.0], [155939.0, 799233.0], [156009.0, 799352.0], [156002.0, 799230.0]]], [[[395324.0, 800243.0], [395261.0, 800121.0], [395198.0, 800243.0], [395324.0, 800243.0]]], [[[70938.0, 800207.0], [70948.0, 800329.0], [71001.0, 800202.0], [70938.0, 800207.0]]], [[[70885.0, 800334.0], [70938.0, 800207.0], [70875.0, 800212.0], [70885.0, 800334.0]]], [[[74000.0, 800333.0], [73991.0, 800211.0], [73937.0, 800338.0], [74000.0, 800333.0]]], [[[170766.0, 800348.0], [170696.0, 800230.0], [170640.0, 800355.0], [170766.0, 800348.0]]], [[[74063.0, 800328.0], [74000.0, 800333.0], [73937.0, 800338.0], [74063.0, 800328.0]]], [[[72926.0, 800418.0], [73043.0, 800286.0], [72980.0, 800291.0], [72926.0, 800418.0]]], [[[73315.0, 800510.0], [73305.0, 800388.0], [73252.0, 800515.0], [73315.0, 800510.0]]], [[[73125.0, 800525.0], [73188.0, 800520.0], [73116.0, 800403.0], [73062.0, 800530.0], [73125.0, 800525.0]]], [[[73884.0, 800466.0], [73884.0, 800466.0], [73820.0, 800471.0], [73884.0, 800466.0]]], [[[63209.0, 800583.0], [63136.0, 800466.0], [63146.0, 800588.0], [63209.0, 800583.0]]], [[[63336.0, 800573.0], [63462.0, 800562.0], [63399.0, 800567.0], [63336.0, 800573.0]]], [[[64483.0, 800602.0], [64473.0, 800480.0], [64420.0, 800607.0], [64483.0, 800602.0]]], [[[73587.0, 800735.0], [73704.0, 800603.0], [73631.0, 800485.0], [73587.0, 800735.0]]], [[[395703.0, 800732.0], [395766.0, 800855.0], [395766.0, 800732.0], [395703.0, 800732.0]]], [[[170674.0, 800967.0], [170541.0, 800852.0], [170681.0, 801089.0], [170674.0, 800967.0]]], [[[73635.0, 801346.0], [73572.0, 801351.0], [73509.0, 801356.0], [73635.0, 801346.0]]], [[[75636.0, 802541.0], [75626.0, 802419.0], [75509.0, 802551.0], [75636.0, 802541.0]]], [[[74786.0, 802239.0], [75661.0, 802047.0], [74767.0, 801994.0], [74786.0, 802239.0]]], [[[74193.0, 802777.0], [74558.0, 801765.0], [74233.0, 801668.0], [73542.0, 802583.0], [73561.0, 802827.0], [73795.0, 802563.0], [73751.0, 802812.0], [74003.0, 802792.0], [74193.0, 802777.0]]], [[[74319.0, 802767.0], [74329.0, 802890.0], [74382.0, 802762.0], [74319.0, 802767.0]]], [[[75339.0, 802810.0], [75266.0, 802693.0], [75213.0, 802820.0], [75339.0, 802810.0]]], [[[71225.0, 803012.0], [71278.0, 802885.0], [71215.0, 802890.0], [71225.0, 803012.0]]], [[[72604.0, 802780.0], [72488.0, 802912.0], [72551.0, 802907.0], [72604.0, 802780.0]]], [[[71983.0, 802952.0], [71919.0, 802957.0], [72046.0, 802947.0], [71983.0, 802952.0]]], [[[74202.0, 802900.0], [74130.0, 802782.0], [74067.0, 802787.0], [74013.0, 802915.0], [74023.0, 803037.0], [74202.0, 802900.0]]], [[[72604.0, 802780.0], [72561.0, 803029.0], [72624.0, 803024.0], [72813.0, 803009.0], [72731.0, 802770.0], [72604.0, 802780.0]]], [[[71225.0, 803012.0], [71152.0, 802895.0], [71162.0, 803017.0], [71225.0, 803012.0]]], [[[72940.0, 802999.0], [72876.0, 803004.0], [72886.0, 803127.0], [72940.0, 802999.0]]], [[[71108.0, 803145.0], [71288.0, 803007.0], [71225.0, 803012.0], [71162.0, 803017.0], [71099.0, 803022.0], [71108.0, 803145.0]]], [[[72813.0, 803009.0], [72687.0, 803019.0], [72633.0, 803147.0], [72760.0, 803137.0], [72813.0, 803009.0]]], [[[73328.0, 803092.0], [73401.0, 803209.0], [73464.0, 803204.0], [73328.0, 803092.0]]], [[[73527.0, 803199.0], [73634.0, 802944.0], [73445.0, 802959.0], [73527.0, 803199.0]]], [[[73158.0, 803351.0], [73275.0, 803219.0], [73211.0, 803224.0], [73148.0, 803229.0], [73158.0, 803351.0]]], [[[74187.0, 803516.0], [74159.0, 803149.0], [73935.0, 803535.0], [74187.0, 803516.0]]], [[[72726.0, 803508.0], [73022.0, 803239.0], [73003.0, 802994.0], [72940.0, 802999.0], [72833.0, 803254.0], [72769.0, 803259.0], [72726.0, 803508.0]]], [[[121413.0, 803626.0], [121468.0, 803499.0], [121405.0, 803503.0], [121413.0, 803626.0]]], [[[72546.0, 803645.0], [72590.0, 803396.0], [72483.0, 803650.0], [72546.0, 803645.0]]], [[[73629.0, 803683.0], [73619.0, 803560.0], [73746.0, 803550.0], [73619.0, 803560.0], [73556.0, 803565.0], [73629.0, 803683.0]]], [[[65110.0, 803626.0], [64983.0, 803637.0], [65056.0, 803754.0], [65110.0, 803626.0]]], [[[73294.0, 803463.0], [73070.0, 803850.0], [73546.0, 803443.0], [73294.0, 803463.0]]], [[[65571.0, 803835.0], [65625.0, 803708.0], [65562.0, 803713.0], [65571.0, 803835.0]]], [[[65435.0, 803723.0], [65319.0, 803855.0], [65382.0, 803850.0], [65435.0, 803723.0]]], [[[396968.0, 803792.0], [396905.0, 803792.0], [396968.0, 803914.0], [396968.0, 803792.0]]], [[[397157.0, 804159.0], [397094.0, 804036.0], [397094.0, 804159.0], [397157.0, 804159.0]]], [[[127916.0, 804175.0], [127979.0, 804171.0], [127971.0, 804048.0], [127916.0, 804175.0]]], [[[76285.0, 804334.0], [76158.0, 804344.0], [76231.0, 804462.0], [76285.0, 804334.0]]], [[[76547.0, 804437.0], [76474.0, 804320.0], [76483.0, 804442.0], [76547.0, 804437.0]]], [[[65305.0, 804471.0], [65358.0, 804344.0], [65295.0, 804349.0], [65305.0, 804471.0]]], [[[73886.0, 804523.0], [73813.0, 804406.0], [73823.0, 804528.0], [73886.0, 804523.0]]], [[[74605.0, 803975.0], [76110.0, 803733.0], [76581.0, 804065.0], [76577.0, 803205.0], [74605.0, 803975.0]]], [[[125037.0, 804734.0], [124966.0, 804616.0], [124903.0, 804620.0], [125037.0, 804734.0]]], [[[75619.0, 804755.0], [75755.0, 804868.0], [75808.0, 804741.0], [75619.0, 804755.0]]], [[[137593.0, 804899.0], [141660.0, 802065.0], [142303.0, 800183.0], [140284.0, 799327.0], [142765.0, 798436.0], [141133.0, 793627.0], [137847.0, 790887.0], [129323.0, 799539.0], [137593.0, 804899.0]]], [[[128113.0, 804284.0], [126495.0, 803777.0], [126299.0, 804650.0], [127404.0, 805068.0], [129280.0, 803717.0], [128199.0, 803665.0], [128113.0, 804284.0]]], [[[73988.0, 805007.0], [73978.0, 804885.0], [73861.0, 805017.0], [73988.0, 805007.0]]], [[[126962.0, 805097.0], [127081.0, 804967.0], [126954.0, 804975.0], [126962.0, 805097.0]]], [[[126836.0, 805106.0], [126773.0, 805110.0], [126710.0, 805114.0], [126836.0, 805106.0]]], [[[76948.0, 805512.0], [76556.0, 804559.0], [75818.0, 804863.0], [76948.0, 805512.0]]], [[[73531.0, 805658.0], [73521.0, 805536.0], [73458.0, 805541.0], [73531.0, 805658.0]]], [[[171639.0, 805821.0], [171626.0, 805576.0], [171562.0, 805580.0], [171639.0, 805821.0]]], [[[71235.0, 806332.0], [71711.0, 805925.0], [71016.0, 805980.0], [71235.0, 806332.0]]], [[[186409.0, 806502.0], [186340.0, 806383.0], [186346.0, 806505.0], [186409.0, 806502.0]]], [[[128061.0, 806375.0], [124266.0, 805522.0], [121367.0, 803874.0], [120431.0, 805043.0], [123914.0, 806896.0], [128061.0, 806375.0]]], [[[190929.0, 807129.0], [190923.0, 807007.0], [190860.0, 807010.0], [190929.0, 807129.0]]], [[[78435.0, 807486.0], [78867.0, 807329.0], [78650.0, 806978.0], [78435.0, 807486.0]]], [[[71594.0, 807656.0], [71521.0, 807539.0], [71531.0, 807661.0], [71594.0, 807656.0]]], [[[78823.0, 807579.0], [78707.0, 807711.0], [78770.0, 807706.0], [78823.0, 807579.0]]], [[[78896.0, 807696.0], [78896.0, 807696.0], [78833.0, 807701.0], [78896.0, 807696.0]]], [[[78517.0, 807725.0], [78508.0, 807603.0], [78454.0, 807730.0], [78517.0, 807725.0]]], [[[78959.0, 807691.0], [79032.0, 807808.0], [79095.0, 807803.0], [79221.0, 807794.0], [78959.0, 807691.0]]], [[[79230.0, 807916.0], [79158.0, 807799.0], [79041.0, 807931.0], [79104.0, 807926.0], [79230.0, 807916.0]]], [[[183158.0, 808389.0], [183025.0, 808273.0], [183032.0, 808395.0], [183158.0, 808389.0]]], [[[71483.0, 808648.0], [71619.0, 808761.0], [71672.0, 808633.0], [71546.0, 808643.0], [71483.0, 808648.0]]], [[[71691.0, 808878.0], [71565.0, 808888.0], [71764.0, 808995.0], [71691.0, 808878.0]]], [[[72454.0, 803284.0], [72561.0, 803029.0], [72308.0, 803049.0], [71419.0, 803858.0], [70914.0, 803898.0], [70574.0, 804417.0], [70841.0, 803781.0], [71876.0, 803207.0], [70351.0, 803205.0], [73411.0, 801732.0], [73378.0, 800505.0], [73125.0, 800525.0], [73081.0, 800775.0], [71954.0, 800987.0], [71545.0, 802249.0], [70831.0, 802060.0], [71716.0, 800391.0], [71643.0, 800274.0], [71264.0, 800304.0], [71011.0, 800324.0], [70885.0, 800334.0], [70822.0, 800339.0], [70622.0, 800232.0], [70243.0, 798664.0], [69441.0, 798974.0], [69494.0, 797248.0], [63803.0, 797706.0], [63816.0, 797090.0], [63091.0, 796780.0], [65844.0, 796188.0], [66364.0, 795531.0], [64496.0, 796051.0], [63375.0, 794789.0], [65234.0, 794146.0], [62253.0, 793527.0], [62143.0, 794520.0], [61720.0, 794800.0], [61730.0, 794923.0], [61740.0, 795045.0], [62982.0, 795436.0], [61143.0, 796324.0], [61400.0, 797902.0], [63793.0, 797584.0], [61976.0, 798716.0], [62531.0, 799285.0], [62464.0, 800029.0], [62990.0, 800232.0], [62747.0, 800375.0], [64463.0, 800358.0], [65154.0, 801040.0], [64562.0, 801580.0], [64612.0, 802191.0], [65540.0, 801870.0], [66140.0, 803789.0], [65199.0, 804726.0], [64577.0, 804899.0], [68958.0, 805653.0], [69533.0, 809665.0], [71424.0, 807915.0], [69623.0, 805231.0], [71827.0, 804194.0], [72201.0, 803304.0], [72400.0, 803411.0], [72381.0, 803167.0], [72454.0, 803284.0]]], [[[72536.0, 808319.0], [74456.0, 808536.0], [72793.0, 807561.0], [72536.0, 808319.0]]], [[[69752.0, 810016.0], [69689.0, 810021.0], [69699.0, 810144.0], [69752.0, 810016.0]]], [[[69864.0, 810622.0], [70727.0, 810307.0], [69762.0, 810139.0], [69864.0, 810622.0]]], [[[181606.0, 811292.0], [181857.0, 811279.0], [181851.0, 811156.0], [181606.0, 811292.0]]], [[[152215.0, 811114.0], [152412.0, 811225.0], [152341.0, 811107.0], [152278.0, 811111.0], [152215.0, 811114.0]]], [[[83369.0, 811407.0], [83296.0, 811290.0], [83315.0, 811534.0], [83369.0, 811407.0]]], [[[77543.0, 811490.0], [77678.0, 811602.0], [77741.0, 811597.0], [77795.0, 811470.0], [77543.0, 811490.0]]], [[[75119.0, 811311.0], [75400.0, 811658.0], [75444.0, 811409.0], [75119.0, 811311.0]]], [[[76544.0, 811691.0], [76472.0, 811574.0], [76481.0, 811696.0], [76544.0, 811691.0]]], [[[77625.0, 811729.0], [77562.0, 811734.0], [77499.0, 811739.0], [77625.0, 811729.0]]], [[[180995.0, 811692.0], [181297.0, 811431.0], [181108.0, 811441.0], [180995.0, 811692.0]]], [[[76229.0, 811716.0], [76302.0, 811833.0], [76365.0, 811828.0], [76229.0, 811716.0]]], [[[75599.0, 811766.0], [75536.0, 811770.0], [75546.0, 811893.0], [75599.0, 811766.0]]], [[[76239.0, 811838.0], [76176.0, 811843.0], [76113.0, 811848.0], [76239.0, 811838.0]]], [[[75933.0, 811985.0], [76059.0, 811975.0], [76050.0, 811853.0], [75924.0, 811863.0], [75798.0, 811873.0], [75933.0, 811985.0]]], [[[75618.0, 812010.0], [75851.0, 811746.0], [76040.0, 811731.0], [75841.0, 811623.0], [75672.0, 811883.0], [75599.0, 811766.0], [75618.0, 812010.0]]], [[[170851.0, 812122.0], [170725.0, 812129.0], [170858.0, 812244.0], [170851.0, 812122.0]]], [[[171166.0, 812104.0], [171424.0, 812213.0], [171355.0, 812094.0], [171166.0, 812104.0]]], [[[76539.0, 812429.0], [76592.0, 812302.0], [76476.0, 812434.0], [76539.0, 812429.0]]], [[[159503.0, 812523.0], [159426.0, 812282.0], [159363.0, 812286.0], [159503.0, 812523.0]]], [[[177326.0, 812748.0], [177257.0, 812629.0], [177264.0, 812751.0], [177326.0, 812748.0]]], [[[80807.0, 812711.0], [81069.0, 812814.0], [81122.0, 812687.0], [80807.0, 812711.0]]], [[[171339.0, 812953.0], [170606.0, 812258.0], [170773.0, 812985.0], [171339.0, 812953.0]]], [[[78074.0, 813416.0], [80968.0, 812330.0], [79249.0, 808160.0], [78297.0, 808972.0], [78074.0, 813416.0]]], [[[75472.0, 813374.0], [75661.0, 813359.0], [75598.0, 813364.0], [75661.0, 813359.0], [75598.0, 813364.0], [75661.0, 813359.0], [75535.0, 813369.0], [75472.0, 813374.0]]], [[[77986.0, 813914.0], [77913.0, 813797.0], [77850.0, 813802.0], [77986.0, 813914.0]]], [[[78616.0, 813865.0], [78616.0, 813865.0], [78553.0, 813870.0], [78490.0, 813875.0], [78616.0, 813865.0]]], [[[78553.0, 813870.0], [78427.0, 813880.0], [78436.0, 814002.0], [78553.0, 813870.0]]], [[[74953.0, 814030.0], [75079.0, 814020.0], [75016.0, 814025.0], [74953.0, 814030.0]]], [[[74900.0, 814157.0], [74827.0, 814040.0], [74837.0, 814162.0], [74900.0, 814157.0]]], [[[176475.0, 814512.0], [176538.0, 814508.0], [176469.0, 814389.0], [176475.0, 814512.0]]], [[[176104.0, 814654.0], [176217.0, 814403.0], [176091.0, 814410.0], [176104.0, 814654.0]]], [[[176922.0, 814610.0], [176859.0, 814613.0], [176796.0, 814617.0], [176922.0, 814610.0]]], [[[176734.0, 814620.0], [176614.0, 814749.0], [176740.0, 814742.0], [176734.0, 814620.0]]], [[[73132.0, 815035.0], [73321.0, 815020.0], [73122.0, 814912.0], [73132.0, 815035.0]]], [[[73708.0, 815112.0], [73825.0, 814980.0], [73762.0, 814985.0], [73708.0, 815112.0]]], [[[82914.0, 815376.0], [82967.0, 815249.0], [82851.0, 815381.0], [82914.0, 815376.0]]], [[[145826.0, 816168.0], [147183.0, 814612.0], [144373.0, 812085.0], [142692.0, 814522.0], [145826.0, 816168.0]]], [[[164492.0, 815794.0], [164632.0, 816031.0], [164827.0, 816142.0], [164932.0, 815768.0], [164492.0, 815794.0]]], [[[72498.0, 817421.0], [72856.0, 817147.0], [72542.0, 817172.0], [72498.0, 817421.0]]], [[[79327.0, 818113.0], [79443.0, 817981.0], [79318.0, 817991.0], [79327.0, 818113.0]]], [[[82149.0, 817771.0], [81863.0, 818162.0], [82284.0, 817883.0], [82149.0, 817771.0]]], [[[79211.0, 818245.0], [79201.0, 818123.0], [79138.0, 818128.0], [79211.0, 818245.0]]], [[[78006.0, 818216.0], [77996.0, 818094.0], [77933.0, 818099.0], [78006.0, 818216.0]]], [[[79419.0, 818475.0], [79481.0, 818470.0], [79535.0, 818343.0], [79419.0, 818475.0]]], [[[79481.0, 818470.0], [79554.0, 818587.0], [79607.0, 818460.0], [79481.0, 818470.0]]], [[[77962.0, 818465.0], [77783.0, 818602.0], [77793.0, 818725.0], [77962.0, 818465.0]]], [[[77116.0, 818163.0], [77226.0, 818769.0], [77566.0, 818251.0], [77116.0, 818163.0]]], [[[77667.0, 818734.0], [77575.0, 818373.0], [77478.0, 818749.0], [77667.0, 818734.0]]], [[[79825.0, 818812.0], [80211.0, 818905.0], [80192.0, 818660.0], [79825.0, 818812.0]]], [[[77623.0, 818984.0], [77812.0, 818969.0], [77730.0, 818730.0], [77623.0, 818984.0]]], [[[79419.0, 818475.0], [79588.0, 818215.0], [79346.0, 818357.0], [79337.0, 818235.0], [79211.0, 818245.0], [79085.0, 818255.0], [78896.0, 818269.0], [78673.0, 818656.0], [78393.0, 818309.0], [77981.0, 818710.0], [77884.0, 819086.0], [79419.0, 818475.0]]], [[[149291.0, 819147.0], [149410.0, 819017.0], [149284.0, 819025.0], [149291.0, 819147.0]]], [[[77768.0, 819218.0], [77884.0, 819086.0], [77695.0, 819101.0], [77768.0, 819218.0]]], [[[78020.0, 819199.0], [77957.0, 819204.0], [78145.0, 819189.0], [78020.0, 819199.0]]], [[[77589.0, 819355.0], [77705.0, 819223.0], [77642.0, 819228.0], [77579.0, 819233.0], [77589.0, 819355.0]]], [[[148622.0, 819556.0], [148733.0, 819304.0], [148489.0, 819441.0], [148622.0, 819556.0]]], [[[79316.0, 819589.0], [79262.0, 819716.0], [79325.0, 819711.0], [79316.0, 819589.0]]], [[[79523.0, 819819.0], [79577.0, 819692.0], [79460.0, 819824.0], [79523.0, 819819.0]]], [[[79398.0, 819829.0], [79335.0, 819834.0], [79272.0, 819838.0], [79398.0, 819829.0]]], [[[83205.0, 821623.0], [83133.0, 821506.0], [83142.0, 821628.0], [83205.0, 821623.0]]], [[[134512.0, 822899.0], [134379.0, 822785.0], [134449.0, 822903.0], [134512.0, 822899.0]]], [[[83758.0, 823056.0], [83677.0, 822816.0], [83633.0, 823066.0], [83758.0, 823056.0]]], [[[82700.0, 823261.0], [83535.0, 823442.0], [83246.0, 822972.0], [82700.0, 823261.0]]], [[[83026.0, 824219.0], [82891.0, 824106.0], [82901.0, 824228.0], [83026.0, 824219.0]]], [[[82421.0, 825372.0], [82411.0, 825250.0], [82358.0, 825377.0], [82421.0, 825372.0]]], [[[184178.0, 825385.0], [184585.0, 824750.0], [184272.0, 824767.0], [184178.0, 825385.0]]], [[[82421.0, 825372.0], [82358.0, 825377.0], [82493.0, 825489.0], [82421.0, 825372.0]]], [[[82154.0, 826007.0], [82082.0, 825890.0], [82028.0, 826017.0], [82154.0, 826007.0]]], [[[176324.0, 826788.0], [176324.0, 826788.0], [176387.0, 826784.0], [176262.0, 826791.0], [176324.0, 826788.0]]], [[[176638.0, 826771.0], [176631.0, 826648.0], [176582.0, 826896.0], [176638.0, 826771.0]]], [[[174581.0, 827129.0], [174769.0, 827118.0], [174512.0, 827010.0], [174581.0, 827129.0]]], [[[174902.0, 827234.0], [174832.0, 827115.0], [174971.0, 827353.0], [174902.0, 827234.0]]], [[[79854.0, 827293.0], [79791.0, 827298.0], [79801.0, 827420.0], [79854.0, 827293.0]]], [[[163826.0, 827244.0], [163756.0, 827125.0], [163777.0, 827492.0], [163826.0, 827244.0]]], [[[78598.0, 827391.0], [78608.0, 827513.0], [78733.0, 827504.0], [78724.0, 827381.0], [78598.0, 827391.0]]], [[[77855.0, 827572.0], [77802.0, 827700.0], [77864.0, 827695.0], [77855.0, 827572.0]]], [[[78313.0, 827782.0], [78169.0, 827548.0], [78115.0, 827675.0], [78313.0, 827782.0]]], [[[166858.0, 827438.0], [168155.0, 826996.0], [167109.0, 826319.0], [166858.0, 827438.0]]], [[[78835.0, 827987.0], [78781.0, 828115.0], [78844.0, 828110.0], [78835.0, 827987.0]]], [[[78781.0, 828115.0], [78646.0, 828002.0], [78719.0, 828119.0], [78781.0, 828115.0]]], [[[78719.0, 828119.0], [78656.0, 828124.0], [78728.0, 828242.0], [78719.0, 828119.0]]], [[[79867.0, 828275.0], [79795.0, 828158.0], [79732.0, 828163.0], [79742.0, 828285.0], [79867.0, 828275.0]]], [[[174747.0, 827856.0], [175018.0, 828209.0], [174935.0, 827845.0], [174747.0, 827856.0]]], [[[80200.0, 828495.0], [80075.0, 828505.0], [80084.0, 828627.0], [80200.0, 828495.0]]], [[[80282.0, 828735.0], [80103.0, 828872.0], [80166.0, 828867.0], [80282.0, 828735.0]]], [[[77333.0, 828966.0], [77410.0, 828345.0], [77526.0, 828213.0], [77222.0, 828360.0], [76966.0, 829118.0], [77207.0, 828976.0], [77333.0, 828966.0]]], [[[76966.0, 829118.0], [76903.0, 829123.0], [77029.0, 829113.0], [76966.0, 829118.0]]], [[[404820.0, 829380.0], [404820.0, 829257.0], [404757.0, 829257.0], [404820.0, 829380.0]]], [[[175329.0, 829296.0], [175148.0, 829428.0], [175336.0, 829418.0], [175329.0, 829296.0]]], [[[175161.0, 829673.0], [175217.0, 829547.0], [175092.0, 829554.0], [175161.0, 829673.0]]], [[[407009.0, 831709.0], [407009.0, 831586.0], [406947.0, 831586.0], [407009.0, 831709.0]]], [[[166245.0, 831031.0], [165542.0, 830826.0], [165528.0, 831686.0], [166245.0, 831031.0]]], [[[407196.0, 831954.0], [407259.0, 832076.0], [407259.0, 831954.0], [407196.0, 831954.0]]], [[[177829.0, 832472.0], [177822.0, 832349.0], [177766.0, 832475.0], [177829.0, 832472.0]]], [[[407759.0, 832567.0], [407884.0, 832567.0], [407759.0, 832445.0], [407759.0, 832567.0]]], [[[177535.0, 832856.0], [177542.0, 832978.0], [177605.0, 832975.0], [177535.0, 832856.0]]], [[[409010.0, 833059.0], [409073.0, 833059.0], [409010.0, 832937.0], [409010.0, 833059.0]]], [[[163781.0, 833014.0], [163656.0, 833021.0], [163788.0, 833136.0], [163781.0, 833014.0]]], [[[159264.0, 833154.0], [163668.0, 831057.0], [162906.0, 827665.0], [160180.0, 827333.0], [158650.0, 829141.0], [159264.0, 833154.0]]], [[[179481.0, 833977.0], [179418.0, 833980.0], [179356.0, 833984.0], [179481.0, 833977.0]]], [[[72883.0, 834115.0], [73196.0, 834090.0], [73133.0, 834095.0], [72945.0, 834110.0], [72883.0, 834115.0]]], [[[183221.0, 834636.0], [183215.0, 834513.0], [183159.0, 834639.0], [183221.0, 834636.0]]], [[[183284.0, 834632.0], [183403.0, 834503.0], [183277.0, 834510.0], [183284.0, 834632.0]]], [[[182578.0, 835529.0], [182516.0, 835532.0], [182585.0, 835651.0], [182578.0, 835529.0]]], [[[168298.0, 836191.0], [168932.0, 834069.0], [169022.0, 835659.0], [170212.0, 834488.0], [170095.0, 833513.0], [168661.0, 833716.0], [168298.0, 836191.0]]], [[[131085.0, 836016.0], [131907.0, 836085.0], [131116.0, 835523.0], [131085.0, 836016.0]]], [[[129843.0, 837203.0], [129738.0, 835614.0], [128494.0, 835819.0], [128668.0, 836544.0], [129843.0, 837203.0]]], [[[180911.0, 837212.0], [180772.0, 836974.0], [180716.0, 837100.0], [180911.0, 837212.0]]], [[[411003.0, 837104.0], [410877.0, 837349.0], [411065.0, 837104.0], [411003.0, 837104.0]]], [[[118893.0, 837083.0], [119223.0, 837306.0], [119181.0, 836694.0], [118893.0, 837083.0]]], [[[85819.0, 837527.0], [85891.0, 837644.0], [85881.0, 837522.0], [85819.0, 837527.0]]], [[[180499.0, 837725.0], [180736.0, 837467.0], [180604.0, 837352.0], [180499.0, 837725.0]]], [[[169598.0, 838081.0], [169209.0, 837857.0], [169417.0, 838213.0], [169598.0, 838081.0]]], [[[84282.0, 838014.0], [84623.0, 838356.0], [84792.0, 838097.0], [84282.0, 838014.0]]], [[[85625.0, 838279.0], [85562.0, 838284.0], [85509.0, 838411.0], [85625.0, 838279.0]]], [[[411062.0, 838329.0], [410999.0, 838328.0], [411062.0, 838451.0], [411062.0, 838329.0]]], [[[83434.0, 838448.0], [83246.0, 838463.0], [83381.0, 838575.0], [83434.0, 838448.0]]], [[[84651.0, 838723.0], [84363.0, 838254.0], [84006.0, 838527.0], [84651.0, 838723.0]]], [[[85537.0, 838778.0], [85894.0, 838504.0], [85456.0, 838538.0], [85537.0, 838778.0]]], [[[190655.0, 838786.0], [190523.0, 838670.0], [190786.0, 838902.0], [190655.0, 838786.0]]], [[[411872.0, 839433.0], [411809.0, 839310.0], [411809.0, 839433.0], [411872.0, 839433.0]]], [[[129864.0, 839412.0], [129682.0, 838565.0], [129739.0, 839421.0], [129864.0, 839412.0]]], [[[191130.0, 839498.0], [191186.0, 839372.0], [191124.0, 839375.0], [191130.0, 839498.0]]], [[[127595.0, 839318.0], [128134.0, 838913.0], [127688.0, 838820.0], [127595.0, 839318.0]]], [[[412245.0, 839801.0], [412183.0, 839801.0], [412245.0, 839924.0], [412245.0, 839801.0]]], [[[85077.0, 840165.0], [84952.0, 840175.0], [84899.0, 840302.0], [85077.0, 840165.0]]], [[[83908.0, 840502.0], [83961.0, 840375.0], [83836.0, 840384.0], [83908.0, 840502.0]]], [[[86930.0, 840515.0], [86839.0, 840153.0], [86704.0, 840040.0], [86930.0, 840515.0]]], [[[83908.0, 840502.0], [83980.0, 840619.0], [84095.0, 840487.0], [83908.0, 840502.0]]], [[[83792.0, 840634.0], [83792.0, 840634.0], [83729.0, 840638.0], [83792.0, 840634.0]]], [[[84177.0, 840727.0], [84230.0, 840600.0], [84105.0, 840609.0], [84177.0, 840727.0]]], [[[85303.0, 840640.0], [85178.0, 840649.0], [85115.0, 840654.0], [85240.0, 840645.0], [85365.0, 840635.0], [85303.0, 840640.0]]], [[[84990.0, 840664.0], [84928.0, 840669.0], [84865.0, 840674.0], [84990.0, 840664.0]]], [[[86160.0, 840328.0], [86598.0, 840294.0], [86132.0, 839961.0], [86160.0, 840328.0]]], [[[85500.0, 840747.0], [85437.0, 840752.0], [85563.0, 840743.0], [85500.0, 840747.0]]], [[[85009.0, 840908.0], [85000.0, 840786.0], [84946.0, 840913.0], [85009.0, 840908.0]]], [[[86198.0, 840817.0], [86260.0, 840812.0], [86323.0, 840807.0], [86198.0, 840817.0]]], [[[85134.0, 840899.0], [85072.0, 840903.0], [85018.0, 841030.0], [85144.0, 841021.0], [85134.0, 840899.0]]], [[[86207.0, 840939.0], [86395.0, 840924.0], [86332.0, 840929.0], [86207.0, 840939.0]]], [[[83498.0, 840902.0], [83695.0, 841010.0], [83748.0, 840883.0], [83498.0, 840902.0]]], [[[85788.0, 841217.0], [85832.0, 840968.0], [85653.0, 841104.0], [85788.0, 841217.0]]], [[[413304.0, 841151.0], [413241.0, 841151.0], [413366.0, 841274.0], [413304.0, 841151.0]]], [[[84421.0, 841445.0], [84618.0, 841553.0], [84546.0, 841436.0], [84421.0, 841445.0]]], [[[413177.0, 841518.0], [413240.0, 841396.0], [413178.0, 841396.0], [413177.0, 841518.0]]], [[[170000.0, 840757.0], [170347.0, 841351.0], [170195.0, 840869.0], [170000.0, 840757.0]]], [[[86576.0, 841648.0], [86442.0, 841536.0], [86514.0, 841653.0], [86576.0, 841648.0]]], [[[84493.0, 841563.0], [84503.0, 841685.0], [84565.0, 841680.0], [84556.0, 841558.0], [84493.0, 841563.0]]], [[[413550.0, 842131.0], [413737.0, 842377.0], [413800.0, 842255.0], [413550.0, 842131.0]]], [[[413736.0, 842744.0], [413674.0, 842621.0], [413611.0, 842744.0], [413736.0, 842744.0]]], [[[84213.0, 842814.0], [84150.0, 842819.0], [84400.0, 842799.0], [84213.0, 842814.0]]], [[[83347.0, 843004.0], [83212.0, 842892.0], [83222.0, 843014.0], [83347.0, 843004.0]]], [[[84794.0, 843015.0], [84910.0, 842883.0], [84741.0, 843142.0], [84794.0, 843015.0]]], [[[83678.0, 843224.0], [83794.0, 843092.0], [83606.0, 843107.0], [83678.0, 843224.0]]], [[[414046.0, 843235.0], [414047.0, 843112.0], [413984.0, 843235.0], [414046.0, 843235.0]]], [[[84428.0, 843166.0], [84375.0, 843293.0], [84438.0, 843288.0], [84428.0, 843166.0]]], [[[84250.0, 843303.0], [84044.0, 843073.0], [83919.0, 843083.0], [83813.0, 843337.0], [84250.0, 843303.0]]], [[[82750.0, 843419.0], [82687.0, 843424.0], [82812.0, 843414.0], [82750.0, 843419.0]]], [[[82947.0, 843527.0], [83313.0, 843376.0], [83000.0, 843400.0], [82947.0, 843527.0]]], [[[83894.0, 843576.0], [83904.0, 843699.0], [83957.0, 843571.0], [83894.0, 843576.0]]], [[[83595.0, 844583.0], [83648.0, 844456.0], [83523.0, 844466.0], [83532.0, 844588.0], [83595.0, 844583.0]]], [[[85364.0, 844692.0], [85480.0, 844560.0], [85355.0, 844570.0], [85364.0, 844692.0]]], [[[84855.0, 844608.0], [85292.0, 844575.0], [85523.0, 844311.0], [84855.0, 844608.0]]], [[[87061.0, 844684.0], [86989.0, 844567.0], [86936.0, 844694.0], [87061.0, 844684.0]]], [[[83604.0, 844705.0], [83532.0, 844588.0], [83479.0, 844715.0], [83604.0, 844705.0]]], [[[87633.0, 844763.0], [87623.0, 844641.0], [87561.0, 844646.0], [87633.0, 844763.0]]], [[[85927.0, 844649.0], [85998.0, 844766.0], [85989.0, 844644.0], [85927.0, 844649.0]]], [[[86758.0, 844830.0], [86623.0, 844718.0], [86695.0, 844835.0], [86758.0, 844830.0]]], [[[84811.0, 844858.0], [84926.0, 844726.0], [84801.0, 844735.0], [84811.0, 844858.0]]], [[[85123.0, 844834.0], [85114.0, 844711.0], [84998.0, 844843.0], [85123.0, 844834.0]]], [[[86642.0, 844962.0], [86633.0, 844840.0], [86580.0, 844967.0], [86642.0, 844962.0]]], [[[84695.0, 844990.0], [84758.0, 844985.0], [84748.0, 844863.0], [84695.0, 844990.0]]], [[[84570.0, 844999.0], [84436.0, 844887.0], [84445.0, 845009.0], [84570.0, 844999.0]]], [[[85527.0, 845171.0], [85748.0, 844785.0], [85258.0, 844946.0], [85527.0, 845171.0]]], [[[83008.0, 845121.0], [82873.0, 845008.0], [82883.0, 845130.0], [83008.0, 845121.0]]], [[[86536.0, 845216.0], [86724.0, 845202.0], [86599.0, 845212.0], [86536.0, 845216.0]]], [[[86920.0, 845310.0], [86911.0, 845187.0], [86849.0, 845192.0], [86920.0, 845310.0]]], [[[85536.0, 845293.0], [85661.0, 845284.0], [85599.0, 845289.0], [85536.0, 845293.0]]], [[[84527.0, 845248.0], [84724.0, 845356.0], [84911.0, 845342.0], [84527.0, 845248.0]]], [[[87180.0, 845413.0], [87233.0, 845286.0], [87108.0, 845295.0], [87180.0, 845413.0]]], [[[84402.0, 845258.0], [84286.0, 845390.0], [84411.0, 845380.0], [84402.0, 845258.0]]], [[[84599.0, 845366.0], [84474.0, 845376.0], [84608.0, 845488.0], [84599.0, 845366.0]]], [[[83839.0, 845302.0], [84036.0, 845409.0], [84027.0, 845287.0], [83839.0, 845302.0]]], [[[88198.0, 845580.0], [88136.0, 845585.0], [88270.0, 845698.0], [88198.0, 845580.0]]], [[[83983.0, 845537.0], [83868.0, 845668.0], [83930.0, 845664.0], [83983.0, 845537.0]]], [[[85511.0, 845787.0], [85502.0, 845665.0], [85449.0, 845792.0], [85511.0, 845787.0]]], [[[83396.0, 846074.0], [83512.0, 845942.0], [83324.0, 845957.0], [83396.0, 846074.0]]], [[[83771.0, 846045.0], [84796.0, 845474.0], [84046.0, 845532.0], [83771.0, 846045.0]]], [[[84218.0, 846133.0], [84334.0, 846001.0], [84165.0, 846260.0], [84218.0, 846133.0]]], [[[82344.0, 846279.0], [82397.0, 846152.0], [82272.0, 846161.0], [82344.0, 846279.0]]], [[[85790.0, 846134.0], [85862.0, 846252.0], [85915.0, 846125.0], [85790.0, 846134.0]]], [[[83540.0, 846309.0], [83718.0, 846172.0], [83593.0, 846182.0], [83540.0, 846309.0]]], [[[82459.0, 846147.0], [82719.0, 846250.0], [82700.0, 846005.0], [82459.0, 846147.0]]], [[[88504.0, 846295.0], [88442.0, 846299.0], [88379.0, 846304.0], [88504.0, 846295.0]]], [[[83271.0, 846084.0], [83468.0, 846191.0], [83584.0, 846059.0], [83271.0, 846084.0]]], [[[84449.0, 845869.0], [84656.0, 846099.0], [84940.0, 845708.0], [84449.0, 845869.0]]], [[[83290.0, 846328.0], [83156.0, 846216.0], [83113.0, 846465.0], [83290.0, 846328.0]]], [[[85246.0, 846422.0], [85371.0, 846413.0], [85362.0, 846290.0], [85246.0, 846422.0]]], [[[83353.0, 846323.0], [83238.0, 846455.0], [83362.0, 846445.0], [83353.0, 846323.0]]], [[[85121.0, 846432.0], [85324.0, 845802.0], [85074.0, 845821.0], [84684.0, 846466.0], [84934.0, 846446.0], [85121.0, 846432.0]]], [[[83925.0, 846402.0], [84050.0, 846392.0], [84040.0, 846270.0], [83925.0, 846402.0]]], [[[83737.0, 846416.0], [83550.0, 846431.0], [83622.0, 846548.0], [83737.0, 846416.0]]], [[[85068.0, 846559.0], [85059.0, 846437.0], [85006.0, 846564.0], [85068.0, 846559.0]]], [[[83809.0, 846534.0], [83800.0, 846411.0], [83684.0, 846543.0], [83809.0, 846534.0]]], [[[86318.0, 846463.0], [86255.0, 846467.0], [86202.0, 846594.0], [86318.0, 846463.0]]], [[[84444.0, 846607.0], [84434.0, 846485.0], [84372.0, 846490.0], [84319.0, 846617.0], [84444.0, 846607.0]]], [[[85506.0, 846525.0], [85515.0, 846647.0], [85568.0, 846520.0], [85506.0, 846525.0]]], [[[86087.0, 846726.0], [86077.0, 846604.0], [86024.0, 846731.0], [86087.0, 846726.0]]], [[[88586.0, 846534.0], [88398.0, 846549.0], [88542.0, 846784.0], [88586.0, 846534.0]]], [[[85899.0, 846741.0], [85755.0, 846506.0], [85649.0, 846760.0], [85899.0, 846741.0]]], [[[84078.0, 846759.0], [84194.0, 846627.0], [84069.0, 846636.0], [84078.0, 846759.0]]], [[[84078.0, 846759.0], [84088.0, 846881.0], [84150.0, 846876.0], [84203.0, 846749.0], [84078.0, 846759.0]]], [[[82507.0, 846758.0], [82819.0, 846734.0], [82747.0, 846616.0], [82507.0, 846758.0]]], [[[83204.0, 846827.0], [83329.0, 846817.0], [83319.0, 846695.0], [83141.0, 846831.0], [83204.0, 846827.0]]], [[[84213.0, 846871.0], [84213.0, 846871.0], [84266.0, 846744.0], [84213.0, 846871.0]]], [[[84650.0, 846837.0], [84587.0, 846842.0], [84525.0, 846847.0], [84650.0, 846837.0]]], [[[84587.0, 846842.0], [84534.0, 846969.0], [84597.0, 846964.0], [84587.0, 846842.0]]], [[[86499.0, 847186.0], [86427.0, 847069.0], [86374.0, 847196.0], [86499.0, 847186.0]]], [[[84356.0, 847106.0], [84294.0, 847111.0], [84419.0, 847101.0], [84356.0, 847106.0]]], [[[86259.0, 847328.0], [86187.0, 847210.0], [86196.0, 847332.0], [86259.0, 847328.0]]], [[[82367.0, 847384.0], [82420.0, 847256.0], [82295.0, 847266.0], [82367.0, 847384.0]]], [[[84001.0, 847379.0], [84063.0, 847374.0], [83991.0, 847257.0], [84001.0, 847379.0]]], [[[82367.0, 847384.0], [82377.0, 847506.0], [82492.0, 847374.0], [82430.0, 847379.0], [82367.0, 847384.0]]], [[[83635.0, 847531.0], [83501.0, 847418.0], [83510.0, 847540.0], [83635.0, 847531.0]]], [[[87848.0, 847574.0], [87473.0, 845144.0], [86555.0, 845461.0], [86411.0, 845226.0], [86527.0, 845094.0], [87224.0, 845163.0], [87133.0, 844802.0], [86883.0, 844821.0], [86642.0, 844962.0], [86652.0, 845085.0], [86267.0, 844991.0], [85680.0, 845528.0], [87848.0, 847574.0]]], [[[83510.0, 847540.0], [83386.0, 847550.0], [83395.0, 847672.0], [83510.0, 847540.0]]], [[[80315.0, 847667.0], [80479.0, 844949.0], [83104.0, 844744.0], [83582.0, 843601.0], [81518.0, 843761.0], [83265.0, 842765.0], [83525.0, 842867.0], [83299.0, 842393.0], [84349.0, 841328.0], [84912.0, 841285.0], [82954.0, 841190.0], [83094.0, 840565.0], [84558.0, 839960.0], [85641.0, 840122.0], [85760.0, 840850.0], [86116.0, 840577.0], [85262.0, 839291.0], [83515.0, 838688.0], [81588.0, 839821.0], [82779.0, 838130.0], [84754.0, 837609.0], [85418.0, 838049.0], [87394.0, 835070.0], [83439.0, 831194.0], [82239.0, 827107.0], [79936.0, 827532.0], [81263.0, 827552.0], [80113.0, 828994.0], [78154.0, 828164.0], [76657.0, 830003.0], [77227.0, 827622.0], [81849.0, 826154.0], [83102.0, 820279.0], [81532.0, 818802.0], [78458.0, 820763.0], [79573.0, 818831.0], [77961.0, 820064.0], [76287.0, 819704.0], [77329.0, 817654.0], [82740.0, 817233.0], [82715.0, 815268.0], [84658.0, 814996.0], [83336.0, 812639.0], [79249.0, 814676.0], [78247.0, 814017.0], [78137.0, 813411.0], [78074.0, 813416.0], [78112.0, 813905.0], [77870.0, 814046.0], [78005.0, 814159.0], [75709.0, 813970.0], [73737.0, 815478.0], [72400.0, 828866.0], [70837.0, 829852.0], [75525.0, 835626.0], [73831.0, 845968.0], [80315.0, 847667.0]]], [[[85840.0, 847606.0], [85768.0, 847488.0], [85653.0, 847620.0], [85715.0, 847615.0], [85840.0, 847606.0]]], [[[85528.0, 847630.0], [85466.0, 847635.0], [85475.0, 847757.0], [85591.0, 847625.0], [85528.0, 847630.0]]], [[[83520.0, 847663.0], [83645.0, 847653.0], [83582.0, 847658.0], [83520.0, 847663.0]]], [[[85216.0, 847654.0], [85528.0, 847630.0], [85331.0, 847522.0], [85153.0, 847659.0], [85216.0, 847654.0]]], [[[83208.0, 847687.0], [83217.0, 847809.0], [83333.0, 847677.0], [83208.0, 847687.0]]], [[[86868.0, 847895.0], [86805.0, 847900.0], [86877.0, 848018.0], [86940.0, 848013.0], [87055.0, 847881.0], [86868.0, 847895.0]]], [[[82852.0, 847960.0], [82790.0, 847965.0], [82727.0, 847970.0], [82852.0, 847960.0]]], [[[87099.0, 847632.0], [87171.0, 847749.0], [88055.0, 847804.0], [87277.0, 847495.0], [87099.0, 847632.0]]], [[[82727.0, 847970.0], [82602.0, 847980.0], [82540.0, 847985.0], [82727.0, 847970.0]]], [[[86181.0, 847948.0], [86171.0, 847826.0], [86109.0, 847831.0], [86181.0, 847948.0], [85931.0, 847968.0], [86056.0, 847958.0], [86181.0, 847948.0]]], [[[86484.0, 847802.0], [86893.0, 847402.0], [85912.0, 847723.0], [86537.0, 847675.0], [86315.0, 848061.0], [86484.0, 847802.0]]], [[[87814.0, 847946.0], [87814.0, 847946.0], [87761.0, 848073.0], [87823.0, 848068.0], [87814.0, 847946.0]]], [[[82477.0, 847990.0], [82415.0, 847995.0], [82424.0, 848117.0], [82477.0, 847990.0]]], [[[82299.0, 848127.0], [82352.0, 847999.0], [82175.0, 848136.0], [82299.0, 848127.0]]], [[[82122.0, 848263.0], [82006.0, 848395.0], [82069.0, 848390.0], [82122.0, 848263.0]]], [[[82256.0, 848376.0], [82194.0, 848381.0], [82131.0, 848386.0], [82256.0, 848376.0]]], [[[87976.0, 848425.0], [87914.0, 848430.0], [88039.0, 848420.0], [87976.0, 848425.0]]], [[[87727.0, 848444.0], [87664.0, 848449.0], [87736.0, 848566.0], [87727.0, 848444.0]]], [[[88504.0, 848753.0], [88557.0, 848626.0], [88495.0, 848631.0], [88504.0, 848753.0]]], [[[88129.0, 848782.0], [88058.0, 848665.0], [88067.0, 848787.0], [88129.0, 848782.0]]], [[[87827.0, 848928.0], [87702.0, 848938.0], [87649.0, 849065.0], [87827.0, 848928.0]]], [[[77610.0, 847635.0], [77616.0, 848495.0], [78164.0, 849066.0], [77610.0, 847635.0]]], [[[122519.0, 848749.0], [122902.0, 848845.0], [122735.0, 848243.0], [122519.0, 848749.0]]], [[[88292.0, 849261.0], [88167.0, 849271.0], [88176.0, 849393.0], [88292.0, 849261.0]]], [[[122302.0, 849255.0], [122207.0, 848770.0], [121999.0, 849398.0], [122302.0, 849255.0]]], [[[158537.0, 849520.0], [158537.0, 849520.0], [158475.0, 849524.0], [158537.0, 849520.0]]], [[[87936.0, 849534.0], [87820.0, 849666.0], [87945.0, 849657.0], [87936.0, 849534.0]]], [[[122585.0, 849727.0], [122818.0, 849465.0], [122523.0, 849731.0], [122585.0, 849727.0]]], [[[123513.0, 849541.0], [124092.0, 849747.0], [124112.0, 849132.0], [123513.0, 849541.0]]], [[[88276.0, 849877.0], [88392.0, 849745.0], [88329.0, 849750.0], [88276.0, 849877.0]]], [[[158310.0, 849902.0], [158240.0, 849783.0], [158247.0, 849906.0], [158310.0, 849902.0]]], [[[121533.0, 849922.0], [121757.0, 849538.0], [121391.0, 849686.0], [121533.0, 849922.0]]], [[[88579.0, 849731.0], [88694.0, 849599.0], [88517.0, 849736.0], [88463.0, 849863.0], [88579.0, 849731.0]]], [[[86207.0, 849913.0], [86135.0, 849796.0], [86154.0, 850040.0], [86207.0, 849913.0]]], [[[88535.0, 849980.0], [88410.0, 849990.0], [88482.0, 850107.0], [88535.0, 849980.0]]], [[[123680.0, 850144.0], [123867.0, 850131.0], [123734.0, 850017.0], [123680.0, 850144.0]]], [[[87796.0, 850160.0], [88286.0, 849999.0], [88214.0, 849882.0], [87796.0, 850160.0]]], [[[123189.0, 850300.0], [123243.0, 850173.0], [122993.0, 850190.0], [123189.0, 850300.0]]], [[[87440.0, 850433.0], [87377.0, 850438.0], [87502.0, 850428.0], [87440.0, 850433.0]]], [[[84631.0, 850650.0], [84684.0, 850523.0], [84622.0, 850528.0], [84631.0, 850650.0]]], [[[85131.0, 850611.0], [85202.0, 850729.0], [85193.0, 850606.0], [85131.0, 850611.0]]], [[[85015.0, 850743.0], [85006.0, 850621.0], [84953.0, 850748.0], [85015.0, 850743.0]]], [[[86835.0, 850726.0], [86316.0, 850520.0], [86263.0, 850647.0], [86835.0, 850726.0]]], [[[84391.0, 850791.0], [84641.0, 850772.0], [84578.0, 850777.0], [84516.0, 850782.0], [84454.0, 850787.0], [84391.0, 850791.0]]], [[[85150.0, 850856.0], [85078.0, 850738.0], [85087.0, 850860.0], [85150.0, 850856.0]]], [[[86666.0, 850984.0], [86604.0, 850989.0], [86729.0, 850980.0], [86666.0, 850984.0]]], [[[86435.0, 851248.0], [86426.0, 851126.0], [86613.0, 851111.0], [86364.0, 851131.0], [86301.0, 851135.0], [86435.0, 851248.0]]], [[[86676.0, 851107.0], [86623.0, 851234.0], [86685.0, 851229.0], [86676.0, 851107.0]]], [[[86186.0, 851267.0], [86176.0, 851145.0], [86123.0, 851272.0], [86186.0, 851267.0]]], [[[84607.0, 851144.0], [84544.0, 851148.0], [84554.0, 851271.0], [84607.0, 851144.0]]], [[[86186.0, 851267.0], [86258.0, 851385.0], [86311.0, 851258.0], [86186.0, 851267.0]]], [[[84314.0, 851412.0], [84367.0, 851285.0], [84242.0, 851295.0], [84251.0, 851417.0], [84304.0, 851290.0], [84314.0, 851412.0]]], [[[84501.0, 851398.0], [84491.0, 851275.0], [84439.0, 851403.0], [84501.0, 851398.0]]], [[[84688.0, 851383.0], [84698.0, 851505.0], [84751.0, 851378.0], [84688.0, 851383.0]]], [[[157843.0, 851525.0], [157891.0, 851277.0], [157828.0, 851281.0], [157843.0, 851525.0]]], [[[152512.0, 851355.0], [152450.0, 851359.0], [152457.0, 851482.0], [152512.0, 851355.0]]], [[[85456.0, 851570.0], [85384.0, 851452.0], [85331.0, 851579.0], [85456.0, 851570.0]]], [[[87524.0, 851533.0], [87649.0, 851523.0], [87640.0, 851401.0], [87524.0, 851533.0]]], [[[85715.0, 851672.0], [85893.0, 851536.0], [85768.0, 851545.0], [85715.0, 851672.0]]], [[[87989.0, 851866.0], [87855.0, 851753.0], [87802.0, 851880.0], [87989.0, 851866.0]]], [[[86982.0, 851821.0], [87044.0, 851816.0], [87097.0, 851689.0], [86982.0, 851821.0]]], [[[87106.0, 851811.0], [87418.0, 851787.0], [87294.0, 851797.0], [87169.0, 851806.0], [87106.0, 851811.0]]], [[[88944.0, 852039.0], [88997.0, 851912.0], [88935.0, 851917.0], [88882.0, 852044.0], [88944.0, 852039.0]]], [[[89381.0, 852005.0], [89496.0, 851874.0], [89371.0, 851883.0], [89381.0, 852005.0]]], [[[88819.0, 852048.0], [88810.0, 851926.0], [88747.0, 851931.0], [88819.0, 852048.0]]], [[[89131.0, 852024.0], [89069.0, 852029.0], [89006.0, 852034.0], [88944.0, 852039.0], [89131.0, 852024.0]]], [[[158754.0, 849998.0], [159332.0, 851314.0], [159094.0, 850469.0], [158754.0, 849998.0]]], [[[86770.0, 852329.0], [86957.0, 852314.0], [86948.0, 852192.0], [86770.0, 852329.0]]], [[[87269.0, 852290.0], [87331.0, 852285.0], [87206.0, 852295.0], [87269.0, 852290.0]]], [[[86779.0, 852451.0], [86707.0, 852334.0], [86717.0, 852456.0], [86779.0, 852451.0]]], [[[86592.0, 852465.0], [86645.0, 852338.0], [86530.0, 852470.0], [86592.0, 852465.0]]], [[[88660.0, 852429.0], [88651.0, 852307.0], [88598.0, 852434.0], [88660.0, 852429.0]]], [[[86208.0, 852372.0], [86146.0, 852377.0], [86093.0, 852504.0], [86218.0, 852494.0], [86208.0, 852372.0]]], [[[88027.0, 852355.0], [88099.0, 852472.0], [88161.0, 852468.0], [88027.0, 852355.0]]], [[[89168.0, 852513.0], [89178.0, 852636.0], [89293.0, 852504.0], [89168.0, 852513.0]]], [[[87038.0, 852554.0], [87048.0, 852676.0], [87101.0, 852549.0], [87038.0, 852554.0]]], [[[88554.0, 852683.0], [88607.0, 852556.0], [88482.0, 852566.0], [88554.0, 852683.0]]], [[[88117.0, 852717.0], [88233.0, 852585.0], [88055.0, 852722.0], [88117.0, 852717.0]]], [[[88981.0, 852528.0], [89178.0, 852636.0], [89044.0, 852523.0], [89034.0, 852401.0], [89159.0, 852391.0], [89221.0, 852386.0], [89097.0, 852396.0], [88981.0, 852528.0]]], [[[88688.0, 852796.0], [88857.0, 852537.0], [88669.0, 852552.0], [88688.0, 852796.0]]], [[[88707.0, 853040.0], [88439.0, 852815.0], [88529.0, 853177.0], [88707.0, 853040.0]]], [[[86203.0, 853110.0], [86496.0, 852842.0], [86904.0, 852441.0], [86592.0, 852465.0], [86203.0, 853110.0]]], [[[160952.0, 853305.0], [161333.0, 850214.0], [158067.0, 844762.0], [159980.0, 836794.0], [156278.0, 833699.0], [154171.0, 836280.0], [155167.0, 845549.0], [156849.0, 848516.0], [159115.0, 847645.0], [158460.0, 849279.0], [160865.0, 851837.0], [160568.0, 852100.0], [160640.0, 853323.0], [160952.0, 853305.0]]], [[[161839.0, 853498.0], [161776.0, 853502.0], [161784.0, 853624.0], [161839.0, 853498.0]]], [[[161215.0, 853535.0], [161285.0, 853653.0], [161340.0, 853527.0], [161215.0, 853535.0]]], [[[161604.0, 853757.0], [161721.0, 853628.0], [161486.0, 853887.0], [161604.0, 853757.0]]], [[[161549.0, 853883.0], [161992.0, 853980.0], [161915.0, 853739.0], [161549.0, 853883.0]]], [[[87669.0, 854226.0], [88024.0, 853953.0], [87597.0, 854109.0], [87669.0, 854226.0]]], [[[87553.0, 854358.0], [87491.0, 854363.0], [87616.0, 854353.0], [87553.0, 854358.0]]], [[[160456.0, 854438.0], [160218.0, 853593.0], [159763.0, 854357.0], [160456.0, 854438.0]]], [[[84863.0, 854443.0], [84729.0, 854331.0], [84738.0, 854453.0], [84863.0, 854443.0]]], [[[181083.0, 854378.0], [181063.0, 854011.0], [180840.0, 854514.0], [181083.0, 854378.0]]], [[[87946.0, 854574.0], [87946.0, 854574.0], [87884.0, 854579.0], [87946.0, 854574.0]]], [[[88080.0, 854687.0], [88258.0, 854550.0], [88196.0, 854555.0], [88080.0, 854687.0]]], [[[179531.0, 854584.0], [179407.0, 854591.0], [179413.0, 854714.0], [179531.0, 854584.0]]], [[[88080.0, 854687.0], [88018.0, 854691.0], [87956.0, 854696.0], [88080.0, 854687.0]]], [[[88473.0, 854902.0], [88483.0, 855024.0], [88536.0, 854897.0], [88473.0, 854902.0]]], [[[86219.0, 854953.0], [86522.0, 854807.0], [86459.0, 854811.0], [86272.0, 854826.0], [86335.0, 854821.0], [86397.0, 854816.0], [86219.0, 854953.0]]], [[[90478.0, 854872.0], [90559.0, 855112.0], [90612.0, 854985.0], [90478.0, 854872.0]]], [[[179371.0, 855084.0], [179364.0, 854962.0], [179309.0, 855087.0], [179371.0, 855084.0]]], [[[86924.0, 855144.0], [86977.0, 855017.0], [86799.0, 855154.0], [86924.0, 855144.0]]], [[[88688.0, 855255.0], [88741.0, 855128.0], [88679.0, 855132.0], [88688.0, 855255.0]]], [[[88804.0, 855123.0], [88938.0, 855235.0], [88857.0, 854996.0], [88804.0, 855123.0]]], [[[88377.0, 855278.0], [88305.0, 855161.0], [88314.0, 855283.0], [88377.0, 855278.0]]], [[[75976.0, 855512.0], [75851.0, 855522.0], [76101.0, 855502.0], [75976.0, 855512.0]]], [[[88885.0, 855362.0], [88386.0, 855401.0], [88539.0, 855758.0], [88770.0, 855494.0], [88885.0, 855362.0]]], [[[88779.0, 855616.0], [88654.0, 855626.0], [88726.0, 855743.0], [88788.0, 855739.0], [88717.0, 855621.0], [88779.0, 855616.0]]], [[[84958.0, 855665.0], [84771.0, 855680.0], [84708.0, 855685.0], [84958.0, 855665.0]]], [[[84196.0, 854741.0], [84992.0, 855294.0], [84944.0, 854683.0], [84196.0, 854741.0]]], [[[84478.0, 855948.0], [84593.0, 855817.0], [84291.0, 855963.0], [84478.0, 855948.0]]], [[[91079.0, 856178.0], [90954.0, 856188.0], [91026.0, 856305.0], [91079.0, 856178.0]]], [[[160494.0, 856154.0], [160813.0, 856258.0], [160743.0, 856140.0], [160494.0, 856154.0]]], [[[90910.0, 856437.0], [91088.0, 856301.0], [90963.0, 856310.0], [90892.0, 856193.0], [90705.0, 856207.0], [90910.0, 856437.0]]], [[[87598.0, 856568.0], [87794.0, 856676.0], [87847.0, 856549.0], [87598.0, 856568.0]]], [[[84036.0, 856721.0], [84320.0, 856330.0], [83840.0, 856613.0], [84036.0, 856721.0]]], [[[90991.0, 856677.0], [91116.0, 856667.0], [91054.0, 856672.0], [90991.0, 856677.0]]], [[[83236.0, 856906.0], [83289.0, 856779.0], [83164.0, 856789.0], [83236.0, 856906.0]]], [[[84056.0, 856965.0], [84171.0, 856833.0], [84482.0, 856809.0], [84286.0, 856701.0], [84099.0, 856716.0], [84046.0, 856843.0], [84056.0, 856965.0]]], [[[90636.0, 856950.0], [90511.0, 856959.0], [90583.0, 857077.0], [90636.0, 856950.0]]], [[[88010.0, 857028.0], [87947.0, 857033.0], [87894.0, 857160.0], [88010.0, 857028.0]]], [[[80192.0, 857268.0], [80590.0, 856744.0], [80091.0, 856784.0], [80192.0, 857268.0]]], [[[135742.0, 857323.0], [135843.0, 856948.0], [135710.0, 856834.0], [135742.0, 857323.0]]], [[[87974.0, 852482.0], [86159.0, 853359.0], [85753.0, 852161.0], [87088.0, 851567.0], [85777.0, 851668.0], [85220.0, 852571.0], [85518.0, 851565.0], [85097.0, 850983.0], [84318.0, 852273.0], [84510.0, 851520.0], [84386.0, 851530.0], [84376.0, 851407.0], [84314.0, 851412.0], [84021.0, 851681.0], [83949.0, 851564.0], [84348.0, 851041.0], [83090.0, 851016.0], [85136.0, 849873.0], [85414.0, 850220.0], [85948.0, 849810.0], [86073.0, 849801.0], [86135.0, 849796.0], [86197.0, 849791.0], [86260.0, 849786.0], [86385.0, 849777.0], [86510.0, 849767.0], [86581.0, 849884.0], [86634.0, 849757.0], [86769.0, 849870.0], [85861.0, 850309.0], [85477.0, 850216.0], [85399.0, 850836.0], [86557.0, 850378.0], [86691.0, 850491.0], [87190.0, 850452.0], [87511.0, 848092.0], [86378.0, 848056.0], [86147.0, 848320.0], [85959.0, 848334.0], [86190.0, 848071.0], [85628.0, 848114.0], [85922.0, 847845.0], [85797.0, 847855.0], [85912.0, 847723.0], [85787.0, 847733.0], [85778.0, 847611.0], [85538.0, 847752.0], [85350.0, 847767.0], [85360.0, 847889.0], [84610.0, 847947.0], [84841.0, 847683.0], [85572.0, 847381.0], [85390.0, 846657.0], [83477.0, 847912.0], [83030.0, 847824.0], [83039.0, 847946.0], [82852.0, 847960.0], [82612.0, 848102.0], [82684.0, 848219.0], [81108.0, 848957.0], [81070.0, 848469.0], [81401.0, 848689.0], [81737.0, 848170.0], [82842.0, 847838.0], [82886.0, 847589.0], [82905.0, 847833.0], [83439.0, 847423.0], [83448.0, 847545.0], [83544.0, 847169.0], [83794.0, 847149.0], [83997.0, 846519.0], [83809.0, 846534.0], [83391.0, 846812.0], [83204.0, 846827.0], [82530.0, 847863.0], [82155.0, 847892.0], [81435.0, 846719.0], [80767.0, 847017.0], [80743.0, 847511.0], [80431.0, 847535.0], [80378.0, 847662.0], [80315.0, 847667.0], [80253.0, 847672.0], [80138.0, 847804.0], [80147.0, 847926.0], [79782.0, 848078.0], [79326.0, 849466.0], [76454.0, 849694.0], [75649.0, 854554.0], [79588.0, 857561.0], [80273.0, 855909.0], [83179.0, 856173.0], [84307.0, 853749.0], [85543.0, 855128.0], [87974.0, 852482.0]]], [[[86739.0, 857617.0], [86677.0, 857622.0], [86801.0, 857613.0], [86739.0, 857617.0]]], [[[90779.0, 857185.0], [92044.0, 857334.0], [91303.0, 856653.0], [90779.0, 857185.0]]], [[[86240.0, 857656.0], [86178.0, 857661.0], [86116.0, 857666.0], [86240.0, 857656.0]]], [[[89624.0, 857642.0], [91042.0, 855689.0], [90007.0, 855277.0], [89717.0, 853947.0], [88863.0, 854258.0], [89162.0, 855710.0], [88894.0, 855485.0], [88779.0, 855616.0], [88922.0, 855851.0], [88361.0, 855894.0], [88087.0, 856407.0], [89624.0, 857642.0]]], [[[136397.0, 857772.0], [136381.0, 857527.0], [136327.0, 857654.0], [136397.0, 857772.0]]], [[[89633.0, 857764.0], [89499.0, 857651.0], [89374.0, 857661.0], [89633.0, 857764.0]]], [[[88378.0, 857737.0], [88306.0, 857620.0], [88315.0, 857742.0], [88378.0, 857737.0]]], [[[91324.0, 857758.0], [91262.0, 857762.0], [91200.0, 857767.0], [91324.0, 857758.0]]], [[[88742.0, 857586.0], [88502.0, 857728.0], [88574.0, 857845.0], [88742.0, 857586.0]]], [[[86322.0, 857896.0], [86437.0, 857764.0], [86374.0, 857769.0], [86322.0, 857896.0]]], [[[87122.0, 857711.0], [87060.0, 857716.0], [87007.0, 857843.0], [87247.0, 857701.0], [87122.0, 857711.0]]], [[[121483.0, 857418.0], [122351.0, 856376.0], [121657.0, 856300.0], [121483.0, 857418.0]]], [[[91147.0, 857894.0], [91271.0, 857885.0], [91209.0, 857889.0], [91147.0, 857894.0]]], [[[85502.0, 857836.0], [85512.0, 857958.0], [85565.0, 857831.0], [85502.0, 857836.0]]], [[[88396.0, 857982.0], [88511.0, 857850.0], [88325.0, 857864.0], [88396.0, 857982.0]]], [[[86758.0, 857862.0], [86829.0, 857979.0], [86820.0, 857857.0], [86758.0, 857862.0]]], [[[90150.0, 857970.0], [89954.0, 857862.0], [89963.0, 857984.0], [90150.0, 857970.0]]], [[[91511.0, 857743.0], [91405.0, 857997.0], [91636.0, 857734.0], [91511.0, 857743.0]]], [[[90720.0, 858050.0], [90754.0, 857678.0], [90658.0, 858054.0], [90720.0, 858050.0]]], [[[88023.0, 858010.0], [88013.0, 857888.0], [87960.0, 858015.0], [88023.0, 858010.0]]], [[[87328.0, 857941.0], [87452.0, 857931.0], [87630.0, 857795.0], [87328.0, 857941.0]]], [[[84194.0, 857938.0], [84069.0, 857947.0], [84141.0, 858065.0], [84194.0, 857938.0]]], [[[83169.0, 857649.0], [83073.0, 858025.0], [83365.0, 857756.0], [83169.0, 857649.0]]], [[[88138.0, 857878.0], [88023.0, 858010.0], [88209.0, 857996.0], [88138.0, 857878.0]]], [[[85210.0, 858105.0], [85334.0, 858095.0], [85272.0, 858100.0], [85210.0, 858105.0]]], [[[122389.0, 857847.0], [122347.0, 857236.0], [122219.0, 858104.0], [122389.0, 857847.0]]], [[[87586.0, 858044.0], [87337.0, 858063.0], [87409.0, 858180.0], [87586.0, 858044.0]]], [[[87284.0, 858190.0], [87275.0, 858068.0], [87222.0, 858195.0], [87284.0, 858190.0]]], [[[88851.0, 858193.0], [88842.0, 858070.0], [88789.0, 858197.0], [88851.0, 858193.0]]], [[[85272.0, 858100.0], [85210.0, 858105.0], [85219.0, 858227.0], [85272.0, 858100.0]]], [[[91467.0, 857993.0], [92153.0, 857941.0], [91770.0, 857847.0], [91467.0, 857993.0]]], [[[87668.0, 858283.0], [87720.0, 858156.0], [87596.0, 858166.0], [87668.0, 858283.0]]], [[[82656.0, 858304.0], [82876.0, 857918.0], [82752.0, 857927.0], [82680.0, 857810.0], [82617.0, 857815.0], [82656.0, 858304.0]]], [[[88166.0, 858245.0], [88406.0, 858104.0], [88104.0, 858250.0], [88166.0, 858245.0]]], [[[89110.0, 858296.0], [89829.0, 857872.0], [89019.0, 857934.0], [89110.0, 858296.0]]], [[[84855.0, 858378.0], [84783.0, 858261.0], [84793.0, 858383.0], [84855.0, 858378.0]]], [[[84409.0, 858290.0], [84606.0, 858398.0], [84596.0, 858275.0], [84409.0, 858290.0]]], [[[80250.0, 858001.0], [79771.0, 858285.0], [80154.0, 858377.0], [80250.0, 858001.0]]], [[[122484.0, 858332.0], [122468.0, 858087.0], [122360.0, 858340.0], [122484.0, 858332.0]]], [[[85363.0, 858462.0], [86331.0, 858018.0], [85751.0, 857817.0], [86337.0, 857280.0], [87664.0, 857423.0], [87205.0, 856352.0], [88267.0, 854672.0], [84218.0, 857444.0], [84252.0, 857073.0], [84075.0, 857209.0], [83993.0, 856970.0], [83816.0, 857107.0], [83423.0, 856891.0], [83361.0, 856896.0], [83298.0, 856901.0], [83361.0, 856896.0], [83111.0, 856916.0], [83236.0, 856906.0], [83361.0, 856896.0], [83245.0, 857028.0], [83495.0, 857009.0], [83619.0, 856999.0], [83557.0, 857004.0], [83567.0, 857126.0], [83504.0, 857131.0], [83629.0, 857121.0], [83691.0, 857116.0], [83816.0, 857107.0], [83471.0, 857502.0], [84889.0, 858007.0], [84807.0, 857767.0], [84942.0, 857880.0], [84994.0, 857753.0], [85128.0, 857865.0], [85555.0, 857709.0], [85617.0, 857704.0], [85363.0, 858462.0]]], [[[89119.0, 858418.0], [89119.0, 858418.0], [89057.0, 858423.0], [89119.0, 858418.0]]], [[[83609.0, 858475.0], [83662.0, 858348.0], [83547.0, 858480.0], [83609.0, 858475.0]]], [[[175746.0, 858473.0], [175553.0, 858361.0], [175560.0, 858483.0], [175746.0, 858473.0]]], [[[84491.0, 858529.0], [84357.0, 858417.0], [84366.0, 858539.0], [84491.0, 858529.0]]], [[[86690.0, 858605.0], [86680.0, 858483.0], [86493.0, 858497.0], [86690.0, 858605.0]]], [[[89751.0, 858492.0], [89689.0, 858497.0], [89761.0, 858615.0], [89751.0, 858492.0]]], [[[84242.0, 858549.0], [84055.0, 858563.0], [83992.0, 858568.0], [84242.0, 858549.0]]], [[[89200.0, 858657.0], [89315.0, 858526.0], [89023.0, 858794.0], [89200.0, 858657.0]]], [[[83834.0, 858949.0], [84385.0, 858784.0], [83877.0, 858700.0], [83834.0, 858949.0]]], [[[88721.0, 858940.0], [89032.0, 858916.0], [88826.0, 858686.0], [88721.0, 858940.0]]], [[[83355.0, 859233.0], [83427.0, 859350.0], [83417.0, 859228.0], [83355.0, 859233.0]]], [[[84121.0, 859419.0], [84165.0, 859170.0], [83987.0, 859306.0], [84121.0, 859419.0]]], [[[84576.0, 859629.0], [84639.0, 859624.0], [84504.0, 859512.0], [84514.0, 859634.0], [84576.0, 859629.0]]], [[[84399.0, 859766.0], [84576.0, 859629.0], [84452.0, 859639.0], [84399.0, 859766.0]]], [[[80840.0, 859922.0], [80572.0, 859697.0], [80787.0, 860049.0], [80840.0, 859922.0]]], [[[82488.0, 860161.0], [82425.0, 860166.0], [82363.0, 860171.0], [82488.0, 860161.0]]], [[[81065.0, 860396.0], [80984.0, 860156.0], [80869.0, 860288.0], [81065.0, 860396.0]]], [[[62889.0, 860391.0], [63066.0, 860253.0], [62941.0, 860264.0], [62889.0, 860391.0]]], [[[161563.0, 860510.0], [161501.0, 860513.0], [161439.0, 860517.0], [161563.0, 860510.0]]], [[[81343.0, 860743.0], [81314.0, 860376.0], [81209.0, 860630.0], [81343.0, 860743.0]]], [[[80615.0, 861046.0], [80855.0, 860904.0], [80658.0, 860797.0], [80615.0, 861046.0]]], [[[80654.0, 861535.0], [80644.0, 861413.0], [80520.0, 861423.0], [80654.0, 861535.0]]], [[[64619.0, 861601.0], [64619.0, 861601.0], [64557.0, 861606.0], [64619.0, 861601.0]]], [[[80539.0, 861667.0], [80386.0, 861310.0], [80261.0, 861320.0], [80539.0, 861667.0]]], [[[160698.0, 857492.0], [163487.0, 861379.0], [163643.0, 859774.0], [161812.0, 854113.0], [160698.0, 857492.0]]], [[[162327.0, 861815.0], [162382.0, 861689.0], [162265.0, 861818.0], [162327.0, 861815.0]]], [[[62928.0, 861618.0], [62668.0, 862255.0], [63041.0, 862224.0], [62928.0, 861618.0]]], [[[302082.0, 862517.0], [302147.0, 862638.0], [302455.0, 862508.0], [302327.0, 862389.0], [302082.0, 862517.0]]], [[[59141.0, 862796.0], [59504.0, 862643.0], [59369.0, 862531.0], [59141.0, 862796.0]]], [[[59783.0, 862988.0], [59846.0, 862983.0], [59711.0, 862871.0], [59835.0, 862861.0], [59773.0, 862866.0], [59659.0, 862999.0], [59783.0, 862988.0]]], [[[91040.0, 863065.0], [90968.0, 862948.0], [90916.0, 863075.0], [91040.0, 863065.0]]], [[[64678.0, 863072.0], [64816.0, 861707.0], [64256.0, 861754.0], [63594.0, 860579.0], [64678.0, 863072.0]]], [[[59970.0, 862973.0], [59908.0, 862978.0], [59783.0, 862988.0], [59794.0, 863110.0], [59856.0, 863105.0], [60043.0, 863090.0], [59970.0, 862973.0]]], [[[65995.0, 863086.0], [65933.0, 863091.0], [65953.0, 863336.0], [65995.0, 863086.0]]], [[[60125.0, 863329.0], [59794.0, 863110.0], [59804.0, 863233.0], [59794.0, 863110.0], [59866.0, 863227.0], [59804.0, 863233.0], [59866.0, 863227.0], [59804.0, 863233.0], [59928.0, 863222.0], [60001.0, 863339.0], [60125.0, 863329.0]]], [[[90685.0, 863338.0], [90800.0, 863206.0], [90614.0, 863221.0], [90685.0, 863338.0]]], [[[93006.0, 863407.0], [92934.0, 863290.0], [92944.0, 863412.0], [93006.0, 863407.0]]], [[[78362.0, 863438.0], [78487.0, 863428.0], [78424.0, 863433.0], [78362.0, 863438.0]]], [[[60125.0, 863329.0], [60063.0, 863334.0], [59939.0, 863344.0], [60011.0, 863461.0], [60198.0, 863446.0], [60125.0, 863329.0]]], [[[62210.0, 863523.0], [60563.0, 861816.0], [60106.0, 862346.0], [62210.0, 863523.0]]], [[[78559.0, 863545.0], [78496.0, 863550.0], [78434.0, 863555.0], [78559.0, 863545.0]]], [[[88331.0, 863642.0], [88206.0, 863651.0], [88278.0, 863769.0], [88331.0, 863642.0]]], [[[83957.0, 863735.0], [83823.0, 863622.0], [83761.0, 863627.0], [83957.0, 863735.0]]], [[[83833.0, 863745.0], [83770.0, 863750.0], [83646.0, 863759.0], [83833.0, 863745.0]]], [[[129811.0, 863118.0], [130233.0, 863827.0], [130589.0, 863557.0], [129811.0, 863118.0]]], [[[84909.0, 863907.0], [85397.0, 863746.0], [84837.0, 863789.0], [84909.0, 863907.0]]], [[[83407.0, 863901.0], [83478.0, 864018.0], [83469.0, 863896.0], [83407.0, 863901.0]]], [[[84297.0, 864077.0], [84287.0, 863955.0], [84225.0, 863960.0], [84297.0, 864077.0]]], [[[57678.0, 864027.0], [57802.0, 864017.0], [57792.0, 863894.0], [57678.0, 864027.0]]], [[[84057.0, 864219.0], [83986.0, 864102.0], [83933.0, 864229.0], [84057.0, 864219.0]]], [[[130319.0, 864189.0], [130249.0, 864071.0], [130203.0, 864320.0], [130319.0, 864189.0]]], [[[85933.0, 864196.0], [86005.0, 864313.0], [86067.0, 864308.0], [85933.0, 864196.0]]], [[[83426.0, 864145.0], [83187.0, 864287.0], [83923.0, 864106.0], [83426.0, 864145.0]]], [[[85153.0, 864625.0], [85143.0, 864503.0], [85028.0, 864635.0], [85153.0, 864625.0]]], [[[57159.0, 864563.0], [57232.0, 864680.0], [57283.0, 864553.0], [57159.0, 864563.0]]], [[[86157.0, 864670.0], [86024.0, 864558.0], [86033.0, 864680.0], [86157.0, 864670.0]]], [[[85856.0, 864817.0], [85846.0, 864694.0], [85784.0, 864699.0], [85856.0, 864817.0]]], [[[372725.0, 864729.0], [372663.0, 864729.0], [372788.0, 864851.0], [372725.0, 864729.0]]], [[[373720.0, 864845.0], [373657.0, 864723.0], [373658.0, 864845.0], [373720.0, 864845.0]]], [[[130476.0, 864670.0], [130290.0, 864682.0], [130368.0, 864923.0], [130476.0, 864670.0]]], [[[371050.0, 864986.0], [370987.0, 864864.0], [370987.0, 864986.0], [371050.0, 864986.0]]], [[[129830.0, 864345.0], [130157.0, 864568.0], [130133.0, 864202.0], [129830.0, 864345.0]]], [[[86052.0, 864924.0], [85999.0, 865051.0], [86062.0, 865047.0], [86114.0, 864919.0], [86052.0, 864924.0]]], [[[379809.0, 865177.0], [379746.0, 864932.0], [379747.0, 865177.0], [379809.0, 865177.0]]], [[[379809.0, 865177.0], [379748.0, 865300.0], [379810.0, 865299.0], [379809.0, 865177.0]]], [[[387698.0, 865390.0], [387637.0, 865512.0], [387699.0, 865512.0], [387698.0, 865390.0]]], [[[76737.0, 865043.0], [76145.0, 865459.0], [77006.0, 865268.0], [76737.0, 865043.0]]], [[[129257.0, 865120.0], [129576.0, 865221.0], [129568.0, 865099.0], [129257.0, 865120.0]]], [[[76786.0, 865654.0], [76704.0, 865415.0], [76590.0, 865547.0], [76786.0, 865654.0]]], [[[386395.0, 865761.0], [386457.0, 865639.0], [386395.0, 865639.0], [386395.0, 865761.0]]], [[[128925.0, 865756.0], [128590.0, 865410.0], [128677.0, 865773.0], [128925.0, 865756.0]]], [[[77002.0, 866006.0], [77054.0, 865878.0], [76701.0, 866153.0], [77002.0, 866006.0]]], [[[75218.0, 866394.0], [76990.0, 864285.0], [75559.0, 864399.0], [75218.0, 866394.0]]], [[[75974.0, 866457.0], [75716.0, 866355.0], [76171.0, 866564.0], [75974.0, 866457.0]]], [[[380809.0, 866519.0], [380747.0, 866519.0], [380810.0, 866641.0], [380809.0, 866519.0]]], [[[64526.0, 866529.0], [64464.0, 866534.0], [64537.0, 866651.0], [64526.0, 866529.0]]], [[[95192.0, 866684.0], [95245.0, 866557.0], [95183.0, 866562.0], [95192.0, 866684.0]]], [[[400120.0, 866962.0], [400182.0, 866840.0], [400058.0, 866840.0], [400120.0, 866962.0]]], [[[355106.0, 866968.0], [355044.0, 866969.0], [355108.0, 867091.0], [355106.0, 866968.0]]], [[[92227.0, 867154.0], [92280.0, 867027.0], [92156.0, 867037.0], [92227.0, 867154.0]]], [[[92227.0, 867154.0], [92299.0, 867272.0], [92361.0, 867267.0], [92352.0, 867145.0], [92227.0, 867154.0]]], [[[95558.0, 867394.0], [95549.0, 867271.0], [95496.0, 867398.0], [95558.0, 867394.0]]], [[[92122.0, 867408.0], [91749.0, 867437.0], [91820.0, 867554.0], [92122.0, 867408.0]]], [[[93172.0, 868066.0], [93100.0, 867948.0], [92976.0, 867958.0], [93172.0, 868066.0]]], [[[91733.0, 868052.0], [91733.0, 868052.0], [91795.0, 868048.0], [91733.0, 868052.0]]], [[[94619.0, 868202.0], [94734.0, 868070.0], [94610.0, 868080.0], [94619.0, 868202.0]]], [[[91059.0, 868227.0], [91183.0, 868217.0], [91112.0, 868100.0], [91059.0, 868227.0]]], [[[92410.0, 868738.0], [92339.0, 868621.0], [92286.0, 868748.0], [92410.0, 868738.0]]], [[[92162.0, 868757.0], [91966.0, 868649.0], [91975.0, 868772.0], [92162.0, 868757.0]]], [[[93467.0, 868658.0], [93209.0, 868555.0], [93103.0, 868809.0], [93467.0, 868658.0]]], [[[349356.0, 868873.0], [349480.0, 868871.0], [349542.0, 868871.0], [349480.0, 868871.0], [349542.0, 868871.0], [349356.0, 868873.0]]], [[[92997.0, 869063.0], [93050.0, 868936.0], [92988.0, 868940.0], [92997.0, 869063.0]]], [[[93432.0, 869029.0], [93690.0, 869133.0], [93681.0, 869011.0], [93432.0, 869029.0]]], [[[93060.0, 869058.0], [93069.0, 869180.0], [93131.0, 869175.0], [93060.0, 869058.0]]], [[[69440.0, 869200.0], [69430.0, 869078.0], [69368.0, 869083.0], [69440.0, 869200.0]]], [[[92777.0, 869448.0], [93007.0, 869185.0], [92892.0, 869316.0], [92777.0, 869448.0]]], [[[92600.0, 869584.0], [92538.0, 869589.0], [92662.0, 869580.0], [92600.0, 869584.0]]], [[[149037.0, 869000.0], [149370.0, 869348.0], [149534.0, 868969.0], [149037.0, 869000.0]]], [[[92441.0, 869965.0], [92255.0, 869979.0], [92193.0, 869984.0], [92255.0, 869979.0], [92379.0, 869970.0], [92441.0, 869965.0]]], [[[92938.0, 869927.0], [93382.0, 870017.0], [93354.0, 869650.0], [92938.0, 869927.0]]], [[[92398.0, 870214.0], [92451.0, 870088.0], [92389.0, 870092.0], [92398.0, 870214.0]]], [[[94208.0, 870200.0], [93824.0, 869246.0], [93960.0, 870219.0], [94208.0, 870200.0]]], [[[92016.0, 870121.0], [91777.0, 870262.0], [92087.0, 870238.0], [92016.0, 870121.0]]], [[[91600.0, 870398.0], [91590.0, 870276.0], [91538.0, 870403.0], [91600.0, 870398.0]]], [[[91156.0, 870309.0], [91094.0, 870314.0], [91165.0, 870431.0], [91289.0, 870422.0], [91156.0, 870309.0]]], [[[92292.0, 870468.0], [92345.0, 870341.0], [92283.0, 870346.0], [92292.0, 870468.0]]], [[[91031.0, 870319.0], [90979.0, 870446.0], [90917.0, 870450.0], [90979.0, 870446.0], [90917.0, 870450.0], [91031.0, 870319.0]]], [[[66051.0, 870586.0], [66041.0, 870463.0], [65927.0, 870596.0], [66051.0, 870586.0]]], [[[93544.0, 870496.0], [93668.0, 870487.0], [93739.0, 870604.0], [93792.0, 870477.0], [93544.0, 870496.0]]], [[[93214.0, 870275.0], [92975.0, 870416.0], [92985.0, 870539.0], [93233.0, 870520.0], [93419.0, 870506.0], [93596.0, 870369.0], [93454.0, 870134.0], [92646.0, 870196.0], [93214.0, 870275.0]]], [[[90615.0, 870596.0], [90553.0, 870601.0], [90563.0, 870723.0], [90678.0, 870592.0], [90615.0, 870596.0]]], [[[93109.0, 870529.0], [93047.0, 870534.0], [93056.0, 870656.0], [92994.0, 870661.0], [93242.0, 870642.0], [93109.0, 870529.0]]], [[[90935.0, 870695.0], [90926.0, 870573.0], [90864.0, 870577.0], [90935.0, 870695.0]]], [[[90314.0, 870742.0], [90314.0, 870742.0], [90252.0, 870747.0], [90314.0, 870742.0]]], [[[92879.0, 870792.0], [92603.0, 870445.0], [92488.0, 870576.0], [92879.0, 870792.0]]], [[[93509.0, 870868.0], [93562.0, 870741.0], [93438.0, 870750.0], [93509.0, 870868.0]]], [[[92010.0, 870859.0], [92311.0, 870713.0], [92053.0, 870610.0], [92010.0, 870859.0]]], [[[93376.0, 870755.0], [93261.0, 870886.0], [93447.0, 870872.0], [93376.0, 870755.0]]], [[[90013.0, 870889.0], [89951.0, 870893.0], [89827.0, 870903.0], [89889.0, 870898.0], [89827.0, 870903.0], [90013.0, 870889.0]]], [[[91140.0, 870925.0], [91193.0, 870798.0], [91007.0, 870812.0], [91140.0, 870925.0]]], [[[91584.0, 871014.0], [91637.0, 870887.0], [91451.0, 870901.0], [91327.0, 870911.0], [91584.0, 871014.0]]], [[[91398.0, 871028.0], [91389.0, 870906.0], [91202.0, 870920.0], [91398.0, 871028.0]]], [[[90715.0, 871081.0], [90873.0, 870700.0], [90324.0, 870865.0], [90715.0, 871081.0]]], [[[91469.0, 871146.0], [91584.0, 871014.0], [91460.0, 871024.0], [91522.0, 871019.0], [91469.0, 871146.0]]], [[[92783.0, 871169.0], [92773.0, 871046.0], [92711.0, 871051.0], [92783.0, 871169.0]]], [[[91097.0, 871174.0], [90901.0, 871066.0], [90973.0, 871184.0], [91097.0, 871174.0]]], [[[92162.0, 871216.0], [92348.0, 871202.0], [92224.0, 871211.0], [92162.0, 871216.0]]], [[[91168.0, 871292.0], [91106.0, 871296.0], [91240.0, 871409.0], [91168.0, 871292.0]]], [[[92367.0, 871446.0], [92233.0, 871333.0], [92243.0, 871456.0], [92367.0, 871446.0]]], [[[70375.0, 871460.0], [70179.0, 871353.0], [70189.0, 871476.0], [70375.0, 871460.0]]], [[[92811.0, 871535.0], [93050.0, 871394.0], [92978.0, 871277.0], [92926.0, 871404.0], [92792.0, 871291.0], [92668.0, 871300.0], [92811.0, 871535.0]]], [[[92314.0, 871573.0], [92243.0, 871456.0], [92252.0, 871578.0], [92314.0, 871573.0]]], [[[91010.0, 871673.0], [90939.0, 871555.0], [90877.0, 871560.0], [91010.0, 871673.0]]], [[[69516.0, 871654.0], [69247.0, 871430.0], [69195.0, 871557.0], [69516.0, 871654.0]]], [[[92081.0, 870976.0], [91072.0, 871668.0], [92128.0, 871587.0], [92081.0, 870976.0]]], [[[90399.0, 871842.0], [90451.0, 871715.0], [90389.0, 871720.0], [90399.0, 871842.0]]], [[[90718.0, 871941.0], [90656.0, 871946.0], [90594.0, 871950.0], [90718.0, 871941.0]]], [[[319871.0, 872045.0], [319556.0, 871807.0], [319496.0, 871930.0], [319871.0, 872045.0]]], [[[147886.0, 871527.0], [148273.0, 871749.0], [148375.0, 871374.0], [147886.0, 871527.0]]], [[[90666.0, 872068.0], [90737.0, 872185.0], [90914.0, 872049.0], [90666.0, 872068.0]]], [[[90551.0, 872200.0], [90480.0, 872082.0], [90427.0, 872209.0], [90551.0, 872200.0]]], [[[70321.0, 872326.0], [70248.0, 872209.0], [70258.0, 872331.0], [70321.0, 872326.0]]], [[[90393.0, 872580.0], [90570.0, 872444.0], [90321.0, 872463.0], [90393.0, 872580.0]]], [[[147932.0, 872261.0], [148063.0, 872376.0], [148234.0, 872119.0], [147932.0, 872261.0]]], [[[90030.0, 872731.0], [90455.0, 872576.0], [90269.0, 872590.0], [90020.0, 872609.0], [90030.0, 872731.0]]], [[[90545.0, 872938.0], [90855.0, 872914.0], [90846.0, 872792.0], [91032.0, 872777.0], [90970.0, 872782.0], [90722.0, 872801.0], [90598.0, 872811.0], [90545.0, 872938.0]]], [[[89481.0, 872896.0], [89490.0, 873019.0], [89605.0, 872887.0], [89481.0, 872896.0]]], [[[71446.0, 873095.0], [71498.0, 872968.0], [71436.0, 872973.0], [71446.0, 873095.0]]], [[[180412.0, 873062.0], [180281.0, 872946.0], [180157.0, 872953.0], [180412.0, 873062.0]]], [[[89738.0, 873000.0], [89624.0, 873131.0], [89686.0, 873127.0], [89738.0, 873000.0]]], [[[90049.0, 872976.0], [90182.0, 873088.0], [90173.0, 872966.0], [90049.0, 872976.0]]], [[[71135.0, 873120.0], [71083.0, 873248.0], [71145.0, 873243.0], [71135.0, 873120.0]]], [[[180177.0, 873320.0], [180170.0, 873198.0], [180115.0, 873323.0], [180177.0, 873320.0]]], [[[90893.0, 873403.0], [91194.0, 873257.0], [91256.0, 873252.0], [91318.0, 873247.0], [90893.0, 873403.0]]], [[[97890.0, 873487.0], [97809.0, 873247.0], [97756.0, 873374.0], [97890.0, 873487.0]]], [[[93909.0, 873664.0], [94042.0, 873777.0], [94033.0, 873655.0], [93909.0, 873664.0]]], [[[94601.0, 873735.0], [94201.0, 873396.0], [94095.0, 873650.0], [94601.0, 873735.0]]], [[[96596.0, 873707.0], [96453.0, 873472.0], [96357.0, 873848.0], [96596.0, 873707.0]]], [[[179831.0, 873830.0], [179825.0, 873707.0], [179707.0, 873836.0], [179831.0, 873830.0]]], [[[93918.0, 873787.0], [93927.0, 873909.0], [94114.0, 873895.0], [93980.0, 873782.0], [93918.0, 873787.0]]], [[[178157.0, 873921.0], [178095.0, 873925.0], [178226.0, 874040.0], [178157.0, 873921.0]]], [[[96694.0, 874192.0], [96623.0, 874074.0], [96632.0, 874196.0], [96694.0, 874192.0]]], [[[98131.0, 874207.0], [97935.0, 874098.0], [98006.0, 874216.0], [98131.0, 874207.0]]], [[[94514.0, 874233.0], [94628.0, 874102.0], [94442.0, 874116.0], [94514.0, 874233.0]]], [[[92953.0, 874229.0], [92829.0, 874238.0], [93015.0, 874224.0], [92953.0, 874229.0]]], [[[90949.0, 874136.0], [91145.0, 874244.0], [91197.0, 874117.0], [90949.0, 874136.0]]], [[[91650.0, 874328.0], [91579.0, 874211.0], [91526.0, 874338.0], [91650.0, 874328.0]]], [[[71731.0, 874302.0], [71679.0, 874429.0], [71741.0, 874424.0], [71731.0, 874302.0]]], [[[90968.0, 874380.0], [91154.0, 874366.0], [91464.0, 874342.0], [91207.0, 874239.0], [90968.0, 874380.0]]], [[[94213.0, 874379.0], [94141.0, 874261.0], [94107.0, 874633.0], [94213.0, 874379.0]]], [[[72123.0, 874516.0], [72061.0, 874521.0], [72071.0, 874643.0], [72123.0, 874516.0]]], [[[91421.0, 874592.0], [91297.0, 874601.0], [91483.0, 874587.0], [91722.0, 874446.0], [91421.0, 874592.0]]], [[[96226.0, 874596.0], [96226.0, 874596.0], [96102.0, 874605.0], [96226.0, 874596.0]]], [[[77685.0, 874559.0], [77561.0, 874569.0], [77633.0, 874687.0], [77685.0, 874559.0]]], [[[92857.0, 874605.0], [93043.0, 874591.0], [92919.0, 874600.0], [92857.0, 874605.0]]], [[[92857.0, 874605.0], [92733.0, 874614.0], [92804.0, 874732.0], [92857.0, 874605.0]]], [[[91989.0, 874671.0], [92175.0, 874657.0], [92103.0, 874539.0], [91989.0, 874671.0]]], [[[77261.0, 874716.0], [77499.0, 874574.0], [77199.0, 874721.0], [77261.0, 874716.0]]], [[[91421.0, 874592.0], [91359.0, 874596.0], [91368.0, 874719.0], [91244.0, 874728.0], [91492.0, 874709.0], [91421.0, 874592.0]]], [[[178308.0, 874404.0], [179066.0, 874608.0], [178846.0, 874006.0], [178308.0, 874404.0]]], [[[77881.0, 874667.0], [77995.0, 874535.0], [77757.0, 874677.0], [77881.0, 874667.0]]], [[[91173.0, 874611.0], [90977.0, 874503.0], [90881.0, 874879.0], [91120.0, 874738.0], [91049.0, 874620.0], [91173.0, 874611.0], [91163.0, 874488.0], [91225.0, 874484.0], [91287.0, 874479.0], [91173.0, 874611.0]]], [[[135882.0, 874751.0], [135812.0, 874633.0], [135890.0, 874873.0], [135882.0, 874751.0]]], [[[98360.0, 873944.0], [99160.0, 874621.0], [99202.0, 873512.0], [98360.0, 873944.0]]], [[[92308.0, 874770.0], [92432.0, 874760.0], [92370.0, 874765.0], [92432.0, 874760.0], [92370.0, 874765.0], [92308.0, 874770.0]]], [[[85580.0, 874920.0], [85632.0, 874793.0], [85508.0, 874803.0], [85580.0, 874920.0]]], [[[90438.0, 874790.0], [90624.0, 874776.0], [90862.0, 874634.0], [90552.0, 874658.0], [90438.0, 874790.0]]], [[[99488.0, 874843.0], [99621.0, 874956.0], [99612.0, 874833.0], [99488.0, 874843.0]]], [[[92832.0, 875098.0], [92761.0, 874981.0], [92708.0, 875108.0], [92832.0, 875098.0]]], [[[92389.0, 875009.0], [92265.0, 875019.0], [92336.0, 875136.0], [92389.0, 875009.0]]], [[[77786.0, 875043.0], [77724.0, 875048.0], [77848.0, 875038.0], [77786.0, 875043.0]]], [[[85527.0, 875047.0], [85279.0, 875066.0], [85351.0, 875184.0], [85527.0, 875047.0]]], [[[97450.0, 875118.0], [97820.0, 874230.0], [97333.0, 874389.0], [97450.0, 875118.0]]], [[[140875.0, 874918.0], [140922.0, 874670.0], [140643.0, 875179.0], [140875.0, 874918.0]]], [[[98204.0, 875184.0], [98248.0, 874935.0], [98080.0, 875194.0], [98204.0, 875184.0]]], [[[89597.0, 875223.0], [89535.0, 875228.0], [89721.0, 875214.0], [89659.0, 875219.0], [89597.0, 875223.0]]], [[[91911.0, 875292.0], [91778.0, 875179.0], [91787.0, 875301.0], [91911.0, 875292.0]]], [[[94163.0, 875366.0], [93751.0, 874045.0], [93617.0, 873932.0], [93254.0, 874083.0], [94163.0, 875366.0]]], [[[92283.0, 875263.0], [92789.0, 875348.0], [92593.0, 875240.0], [92531.0, 875244.0], [92407.0, 875254.0], [92283.0, 875263.0]]], [[[92178.0, 875517.0], [92240.0, 875512.0], [92107.0, 875400.0], [92178.0, 875517.0]]], [[[96750.0, 874925.0], [95776.0, 875244.0], [96185.0, 875705.0], [96750.0, 874925.0]]], [[[72533.0, 875713.0], [72657.0, 875702.0], [72595.0, 875708.0], [72533.0, 875713.0]]], [[[76151.0, 875666.0], [76203.0, 875539.0], [75964.0, 875681.0], [76151.0, 875666.0]]], [[[92631.0, 875728.0], [92621.0, 875606.0], [92693.0, 875724.0], [92746.0, 875597.0], [92621.0, 875606.0], [92559.0, 875611.0], [92631.0, 875728.0]]], [[[92383.0, 875747.0], [92507.0, 875738.0], [92497.0, 875616.0], [92321.0, 875752.0], [92383.0, 875747.0]]], [[[93012.0, 875822.0], [93366.0, 875550.0], [92932.0, 875583.0], [93012.0, 875822.0]]], [[[76418.0, 875891.0], [76346.0, 875774.0], [76356.0, 875896.0], [76418.0, 875891.0]]], [[[97806.0, 875706.0], [97877.0, 875823.0], [97868.0, 875701.0], [97806.0, 875706.0]]], [[[72791.0, 875815.0], [72729.0, 875820.0], [72739.0, 875942.0], [72791.0, 875815.0]]], [[[93084.0, 875940.0], [93084.0, 875940.0], [93022.0, 875945.0], [93084.0, 875940.0]]], [[[99074.0, 875980.0], [98994.0, 875740.0], [99012.0, 875984.0], [99074.0, 875980.0]]], [[[76036.0, 875798.0], [76242.0, 876028.0], [76294.0, 875901.0], [76036.0, 875798.0]]], [[[97701.0, 875960.0], [97576.0, 875969.0], [97710.0, 876082.0], [97701.0, 875960.0]]], [[[97338.0, 876110.0], [97505.0, 875851.0], [97434.0, 875734.0], [97338.0, 876110.0]]], [[[94181.0, 875611.0], [94439.0, 875714.0], [94429.0, 875592.0], [94181.0, 875611.0]]], [[[94032.0, 876114.0], [94218.0, 876099.0], [94271.0, 875973.0], [93908.0, 876123.0], [93794.0, 876255.0], [94032.0, 876114.0]]], [[[97976.0, 876308.0], [98029.0, 876181.0], [97905.0, 876190.0], [97976.0, 876308.0]]], [[[98020.0, 876059.0], [98383.0, 875909.0], [98312.0, 875791.0], [98020.0, 876059.0]]], [[[94476.0, 876203.0], [94901.0, 876048.0], [95167.0, 876273.0], [95201.0, 875902.0], [94476.0, 876203.0]]], [[[93493.0, 876400.0], [93722.0, 876137.0], [93431.0, 876405.0], [93493.0, 876400.0]]], [[[97108.0, 876373.0], [97285.0, 876237.0], [97090.0, 876128.0], [97108.0, 876373.0]]], [[[84330.0, 876493.0], [84187.0, 876258.0], [84134.0, 876385.0], [84330.0, 876493.0]]], [[[96736.0, 876401.0], [96761.0, 875907.0], [96646.0, 876039.0], [96736.0, 876401.0]]], [[[95868.0, 876466.0], [95512.0, 875879.0], [95682.0, 876480.0], [95868.0, 876466.0]]], [[[84649.0, 876591.0], [84969.0, 875091.0], [83352.0, 875955.0], [84425.0, 876117.0], [84649.0, 876591.0]]], [[[95000.0, 876532.0], [94848.0, 876175.0], [94795.0, 876302.0], [95000.0, 876532.0]]], [[[94166.0, 876226.0], [93865.0, 876372.0], [93732.0, 876259.0], [93511.0, 876645.0], [94166.0, 876226.0]]], [[[93493.0, 876400.0], [93378.0, 876532.0], [93431.0, 876405.0], [93378.0, 876532.0], [93307.0, 876415.0], [93369.0, 876410.0], [93316.0, 876537.0], [93254.0, 876541.0], [93192.0, 876546.0], [93201.0, 876668.0], [93325.0, 876659.0], [93378.0, 876532.0], [93555.0, 876396.0], [93493.0, 876400.0]]], [[[75537.0, 876577.0], [75485.0, 876704.0], [75547.0, 876699.0], [75537.0, 876577.0]]], [[[74245.0, 876804.0], [74369.0, 876794.0], [74307.0, 876799.0], [74245.0, 876804.0]]], [[[93449.0, 876650.0], [93211.0, 876791.0], [93273.0, 876786.0], [93449.0, 876650.0]]], [[[75247.0, 876846.0], [75361.0, 876714.0], [75299.0, 876719.0], [75247.0, 876846.0]]], [[[74751.0, 876886.0], [74875.0, 876876.0], [74813.0, 876881.0], [74751.0, 876886.0]]], [[[73624.0, 876854.0], [73562.0, 876859.0], [73572.0, 876981.0], [73624.0, 876854.0]]], [[[93530.0, 876889.0], [93759.0, 876626.0], [93406.0, 876899.0], [93530.0, 876889.0]]], [[[75009.0, 876988.0], [75061.0, 876861.0], [74999.0, 876866.0], [75009.0, 876988.0]]], [[[141001.0, 876875.0], [144170.0, 876795.0], [147392.0, 868612.0], [149916.0, 868087.0], [152839.0, 862874.0], [151265.0, 845294.0], [148021.0, 843529.0], [148023.0, 842547.0], [147665.0, 841833.0], [147697.0, 841340.0], [147620.0, 841099.0], [148866.0, 842986.0], [151476.0, 842581.0], [150807.0, 838816.0], [153659.0, 835084.0], [148975.0, 830459.0], [155808.0, 832132.0], [156609.0, 829752.0], [154242.0, 828053.0], [153752.0, 827223.0], [157827.0, 829067.0], [165289.0, 823110.0], [173801.0, 826681.0], [180033.0, 824379.0], [178286.0, 818830.0], [172461.0, 814977.0], [169930.0, 815977.0], [169833.0, 809725.0], [166816.0, 808913.0], [162158.0, 801571.0], [157336.0, 799274.0], [155238.0, 803448.0], [157687.0, 805267.0], [158277.0, 811000.0], [166372.0, 815564.0], [167965.0, 816946.0], [168244.0, 817421.0], [168188.0, 817547.0], [158682.0, 815762.0], [156299.0, 822407.0], [156575.0, 817482.0], [152860.0, 811321.0], [151233.0, 812646.0], [151052.0, 819040.0], [148316.0, 819698.0], [148158.0, 817129.0], [138741.0, 815998.0], [141291.0, 820379.0], [137411.0, 818907.0], [135242.0, 822484.0], [137598.0, 823806.0], [138194.0, 826223.0], [138084.0, 826476.0], [137142.0, 824572.0], [134168.0, 824395.0], [129997.0, 831913.0], [133628.0, 834499.0], [133505.0, 836472.0], [138224.0, 831624.0], [139705.0, 831161.0], [140144.0, 831133.0], [140151.0, 831255.0], [140465.0, 831235.0], [140598.0, 831350.0], [140668.0, 831468.0], [140731.0, 831464.0], [135187.0, 836239.0], [136488.0, 838856.0], [131869.0, 836456.0], [130460.0, 843671.0], [128082.0, 840022.0], [128761.0, 842678.0], [127596.0, 844967.0], [127699.0, 842749.0], [125290.0, 842420.0], [125562.0, 837120.0], [124674.0, 836075.0], [116339.0, 841067.0], [115322.0, 846298.0], [112537.0, 846862.0], [113455.0, 850974.0], [116943.0, 849747.0], [115513.0, 854392.0], [117562.0, 856829.0], [120256.0, 850501.0], [122739.0, 847383.0], [123605.0, 849043.0], [125595.0, 846943.0], [124017.0, 850489.0], [122823.0, 850448.0], [122284.0, 855398.0], [124702.0, 855970.0], [126447.0, 854009.0], [126983.0, 855447.0], [121552.0, 860238.0], [123274.0, 867122.0], [132527.0, 854096.0], [135047.0, 856263.0], [133209.0, 852086.0], [134322.0, 850908.0], [136739.0, 857258.0], [141450.0, 848729.0], [140857.0, 852205.0], [141637.0, 851664.0], [142081.0, 851759.0], [137047.0, 861045.0], [139601.0, 863827.0], [137455.0, 863474.0], [135880.0, 869962.0], [140501.0, 872978.0], [141278.0, 874401.0], [141001.0, 876875.0]]], [[[75328.0, 877085.0], [75257.0, 876968.0], [75266.0, 877090.0], [75328.0, 877085.0]]], [[[97836.0, 876933.0], [97783.0, 877060.0], [97907.0, 877050.0], [97836.0, 876933.0]]], [[[73572.0, 876981.0], [73582.0, 877103.0], [73634.0, 876976.0], [73572.0, 876981.0]]], [[[93831.0, 876743.0], [93673.0, 877124.0], [94017.0, 876729.0], [93831.0, 876743.0]]], [[[97597.0, 877074.0], [97517.0, 876834.0], [97411.0, 877088.0], [97597.0, 877074.0]]], [[[92929.0, 877181.0], [92981.0, 877054.0], [92805.0, 877190.0], [92929.0, 877181.0]]], [[[75994.0, 876048.0], [77146.0, 877185.0], [79627.0, 876987.0], [78446.0, 875483.0], [77946.0, 876260.0], [75994.0, 876048.0]]], [[[93877.0, 877355.0], [93948.0, 877472.0], [93992.0, 877223.0], [93877.0, 877355.0]]], [[[93896.0, 877599.0], [93815.0, 877359.0], [93762.0, 877486.0], [93896.0, 877599.0]]], [[[92222.0, 877727.0], [92337.0, 877595.0], [92213.0, 877604.0], [92222.0, 877727.0]]], [[[92994.0, 878036.0], [93099.0, 877783.0], [92985.0, 877914.0], [92994.0, 878036.0]]], [[[93294.0, 877891.0], [93639.0, 877496.0], [93567.0, 877378.0], [93294.0, 877891.0]]], [[[100841.0, 877938.0], [101284.0, 878028.0], [101266.0, 877783.0], [100841.0, 877938.0]]], [[[92073.0, 878230.0], [91993.0, 877990.0], [91816.0, 878126.0], [92073.0, 878230.0]]], [[[83524.0, 878155.0], [83400.0, 878164.0], [83410.0, 878287.0], [83524.0, 878155.0]]], [[[173671.0, 877116.0], [173217.0, 877878.0], [174538.0, 878171.0], [173671.0, 877116.0]]], [[[92836.0, 878417.0], [92950.0, 878286.0], [92941.0, 878163.0], [92879.0, 878168.0], [92827.0, 878295.0], [92888.0, 878290.0], [92836.0, 878417.0]]], [[[92836.0, 878417.0], [92888.0, 878290.0], [92774.0, 878422.0], [92783.0, 878544.0], [92969.0, 878530.0], [92960.0, 878408.0], [92836.0, 878417.0]]], [[[86752.0, 878763.0], [87539.0, 878456.0], [87067.0, 878001.0], [86714.0, 878274.0], [86752.0, 878763.0]]], [[[98930.0, 879063.0], [98912.0, 878819.0], [98859.0, 878946.0], [98930.0, 879063.0]]], [[[91677.0, 878752.0], [92067.0, 878968.0], [92287.0, 878582.0], [91677.0, 878752.0]]], [[[144201.0, 879249.0], [144457.0, 878373.0], [143737.0, 878787.0], [144201.0, 879249.0]]], [[[101161.0, 878897.0], [101498.0, 879241.0], [101586.0, 878743.0], [101161.0, 878897.0]]], [[[89422.0, 879417.0], [89756.0, 878899.0], [89269.0, 879060.0], [89422.0, 879417.0]]], [[[96523.0, 879367.0], [96390.0, 879254.0], [96222.0, 879513.0], [96479.0, 879616.0], [96523.0, 879367.0]]], [[[136760.0, 879606.0], [136930.0, 879349.0], [136690.0, 879487.0], [136760.0, 879606.0]]], [[[89183.0, 879558.0], [89121.0, 879563.0], [88945.0, 879700.0], [89183.0, 879558.0]]], [[[100055.0, 879102.0], [100463.0, 879563.0], [100789.0, 878925.0], [100055.0, 879102.0]]], [[[96975.0, 879579.0], [96532.0, 879489.0], [96746.0, 879842.0], [96975.0, 879579.0]]], [[[99738.0, 879863.0], [99667.0, 879746.0], [99623.0, 879995.0], [99738.0, 879863.0]]], [[[101739.0, 879960.0], [102349.0, 879792.0], [102322.0, 879426.0], [101739.0, 879960.0]]], [[[99412.0, 880502.0], [99279.0, 880389.0], [99173.0, 880643.0], [99412.0, 880502.0]]], [[[98987.0, 880657.0], [99049.0, 880652.0], [99102.0, 880525.0], [98987.0, 880657.0]]], [[[98863.0, 880666.0], [98687.0, 880802.0], [98749.0, 880798.0], [98863.0, 880666.0]]], [[[59414.0, 880860.0], [59528.0, 880727.0], [59342.0, 880743.0], [59414.0, 880860.0]]], [[[98987.0, 880657.0], [98873.0, 880788.0], [98996.0, 880779.0], [98987.0, 880657.0]]], [[[59662.0, 880839.0], [59528.0, 880727.0], [59476.0, 880855.0], [59414.0, 880860.0], [59662.0, 880839.0]]], [[[59672.0, 880961.0], [59662.0, 880839.0], [59549.0, 880972.0], [59672.0, 880961.0]]], [[[59672.0, 880961.0], [59745.0, 881078.0], [59796.0, 880951.0], [59672.0, 880961.0]]], [[[93351.0, 881082.0], [93465.0, 880951.0], [93518.0, 880824.0], [93351.0, 881082.0]]], [[[98723.0, 881291.0], [98395.0, 881070.0], [98299.0, 881446.0], [98723.0, 881291.0]]], [[[135696.0, 881395.0], [136539.0, 880971.0], [136453.0, 880608.0], [135696.0, 881395.0]]], [[[99255.0, 881743.0], [99308.0, 881616.0], [99193.0, 881748.0], [99255.0, 881743.0]]], [[[99689.0, 881711.0], [99565.0, 881720.0], [99512.0, 881847.0], [99689.0, 881711.0]]], [[[99150.0, 881997.0], [99265.0, 881865.0], [99141.0, 881874.0], [99150.0, 881997.0]]], [[[99292.0, 882232.0], [99168.0, 882241.0], [99354.0, 882227.0], [99292.0, 882232.0]]], [[[84489.0, 880907.0], [85990.0, 881773.0], [85608.0, 880082.0], [84489.0, 880907.0]]], [[[284611.0, 882334.0], [284673.0, 882332.0], [284669.0, 882210.0], [284549.0, 882335.0], [284611.0, 882334.0]]], [[[61665.0, 882393.0], [61768.0, 882138.0], [61716.0, 882265.0], [61562.0, 881909.0], [61180.0, 881818.0], [61665.0, 882393.0]]], [[[98063.0, 882447.0], [98239.0, 882311.0], [98001.0, 882452.0], [98063.0, 882447.0]]], [[[98877.0, 882509.0], [98991.0, 882377.0], [98762.0, 882640.0], [98877.0, 882509.0]]], [[[98957.0, 882749.0], [99072.0, 882617.0], [98948.0, 882626.0], [98957.0, 882749.0]]], [[[92321.0, 875752.0], [90919.0, 875368.0], [91936.0, 874798.0], [90695.0, 874893.0], [90342.0, 875166.0], [90146.0, 875058.0], [89898.0, 875077.0], [89907.0, 875199.0], [89597.0, 875223.0], [89607.0, 875346.0], [89483.0, 875355.0], [89411.0, 875238.0], [89297.0, 875369.0], [89144.0, 875012.0], [93648.0, 872701.0], [95833.0, 873519.0], [94551.0, 874722.0], [95022.0, 875178.0], [96249.0, 873242.0], [98012.0, 872618.0], [95554.0, 868992.0], [93714.0, 871098.0], [94782.0, 872000.0], [93928.0, 871450.0], [93298.0, 871375.0], [93121.0, 871512.0], [92811.0, 871535.0], [92686.0, 871545.0], [91948.0, 873322.0], [90788.0, 873657.0], [88683.0, 873081.0], [90143.0, 870141.0], [90535.0, 870357.0], [90774.0, 870216.0], [90783.0, 870338.0], [91031.0, 870319.0], [91218.0, 870305.0], [91271.0, 870178.0], [91342.0, 870295.0], [92432.0, 869843.0], [90612.0, 869736.0], [92305.0, 868992.0], [91727.0, 868790.0], [92097.0, 867902.0], [91177.0, 868955.0], [91609.0, 868062.0], [91360.0, 868081.0], [91236.0, 868090.0], [91307.0, 868208.0], [91059.0, 868227.0], [90997.0, 868232.0], [90873.0, 868241.0], [90882.0, 868363.0], [90695.0, 868378.0], [90605.0, 868016.0], [91236.0, 868090.0], [91662.0, 867935.0], [91652.0, 867813.0], [91466.0, 867827.0], [91404.0, 867832.0], [91332.0, 867714.0], [90214.0, 867800.0], [90329.0, 867668.0], [92262.0, 866783.0], [95310.0, 867412.0], [94013.0, 864314.0], [85584.0, 863731.0], [84947.0, 864395.0], [85445.0, 864357.0], [85339.0, 864611.0], [85536.0, 864719.0], [85737.0, 864088.0], [86316.0, 864289.0], [86401.0, 865389.0], [85817.0, 865926.0], [85918.0, 864812.0], [85856.0, 864817.0], [85865.0, 864939.0], [85440.0, 865095.0], [85449.0, 865217.0], [85138.0, 865241.0], [83794.0, 864854.0], [84947.0, 864395.0], [84847.0, 863911.0], [84402.0, 863823.0], [84297.0, 864077.0], [84172.0, 864087.0], [84306.0, 864199.0], [84182.0, 864209.0], [84120.0, 864214.0], [84387.0, 864439.0], [83694.0, 864370.0], [83722.0, 864737.0], [83536.0, 864751.0], [83459.0, 865372.0], [83407.0, 865499.0], [83344.0, 865504.0], [82722.0, 863954.0], [83952.0, 862875.0], [83957.0, 863735.0], [91127.0, 862567.0], [92810.0, 863299.0], [90589.0, 858797.0], [91844.0, 858824.0], [91807.0, 858336.0], [87407.0, 859779.0], [87245.0, 859300.0], [88649.0, 858823.0], [88602.0, 858212.0], [85923.0, 858418.0], [84820.0, 860348.0], [83671.0, 860069.0], [84389.0, 859644.0], [85051.0, 858486.0], [84889.0, 858007.0], [84140.0, 859663.0], [83269.0, 859731.0], [83106.0, 859252.0], [82071.0, 860440.0], [82909.0, 859145.0], [81769.0, 858988.0], [81492.0, 861838.0], [80315.0, 862791.0], [79181.0, 857962.0], [78535.0, 858505.0], [78316.0, 860490.0], [76777.0, 863195.0], [76745.0, 863567.0], [76836.0, 863928.0], [77767.0, 862255.0], [82411.0, 863979.0], [79311.0, 864346.0], [75002.0, 868380.0], [74855.0, 866547.0], [72276.0, 866386.0], [72194.0, 869221.0], [71411.0, 868055.0], [68764.0, 870116.0], [70429.0, 870595.0], [70931.0, 872153.0], [70154.0, 872585.0], [71073.0, 873125.0], [71426.0, 872851.0], [71818.0, 873065.0], [71731.0, 874302.0], [72104.0, 874271.0], [72061.0, 874521.0], [72186.0, 874511.0], [72617.0, 875214.0], [72471.0, 875718.0], [72895.0, 875560.0], [72655.0, 876441.0], [72416.0, 876583.0], [75175.0, 876729.0], [75644.0, 875584.0], [77355.0, 874340.0], [76095.0, 874195.0], [78862.0, 872867.0], [83258.0, 879528.0], [83256.0, 876331.0], [82899.0, 877343.0], [82088.0, 876546.0], [81853.0, 875950.0], [81887.0, 875578.0], [84348.0, 873541.0], [87183.0, 874672.0], [85355.0, 876044.0], [89733.0, 877795.0], [90013.0, 879002.0], [91399.0, 880002.0], [88701.0, 880579.0], [92441.0, 883856.0], [93905.0, 882638.0], [90552.0, 878715.0], [92321.0, 875752.0]]], [[[98244.0, 884031.0], [98173.0, 883914.0], [98182.0, 884036.0], [98244.0, 884031.0]]], [[[99995.0, 884146.0], [100137.0, 884381.0], [100181.0, 884132.0], [99995.0, 884146.0]]], [[[98395.0, 884389.0], [98386.0, 884266.0], [98271.0, 884398.0], [98395.0, 884389.0]]], [[[98952.0, 884347.0], [98890.0, 884351.0], [98899.0, 884474.0], [98952.0, 884347.0]]], [[[106980.0, 884368.0], [106875.0, 884621.0], [106998.0, 884612.0], [106980.0, 884368.0]]], [[[106362.0, 884413.0], [106857.0, 884377.0], [106653.0, 884146.0], [106362.0, 884413.0]]], [[[96917.0, 883762.0], [97724.0, 884562.0], [98833.0, 882758.0], [96917.0, 883762.0]]], [[[217815.0, 884808.0], [217753.0, 884811.0], [217759.0, 884934.0], [217815.0, 884808.0]]], [[[99431.0, 884926.0], [99360.0, 884808.0], [99369.0, 884930.0], [99431.0, 884926.0]]], [[[96452.0, 885027.0], [96443.0, 884904.0], [96390.0, 885031.0], [96452.0, 885027.0]]], [[[101571.0, 885258.0], [101739.0, 884999.0], [101615.0, 885009.0], [101571.0, 885258.0]]], [[[96285.0, 885285.0], [96461.0, 885149.0], [96337.0, 885158.0], [96285.0, 885285.0]]], [[[96665.0, 885379.0], [96718.0, 885252.0], [96656.0, 885257.0], [96665.0, 885379.0]]], [[[96480.0, 885393.0], [96470.0, 885271.0], [96418.0, 885398.0], [96480.0, 885393.0]]], [[[96170.0, 885417.0], [96118.0, 885544.0], [96179.0, 885539.0], [96170.0, 885417.0]]], [[[96056.0, 885548.0], [95985.0, 885431.0], [95870.0, 885562.0], [96056.0, 885548.0]]], [[[99477.0, 885537.0], [99415.0, 885541.0], [99362.0, 885668.0], [99477.0, 885537.0]]], [[[99990.0, 885744.0], [99928.0, 885749.0], [99875.0, 885876.0], [99990.0, 885744.0]]], [[[101440.0, 886005.0], [101360.0, 885765.0], [101255.0, 886019.0], [101440.0, 886005.0]]], [[[101007.0, 886037.0], [100936.0, 885919.0], [100945.0, 886042.0], [101007.0, 886037.0]]], [[[88713.0, 886357.0], [88827.0, 886225.0], [88651.0, 886361.0], [88713.0, 886357.0]]], [[[100416.0, 886450.0], [100407.0, 886328.0], [100354.0, 886454.0], [100416.0, 886450.0]]], [[[283491.0, 886409.0], [285564.0, 885369.0], [285746.0, 885241.0], [283491.0, 886409.0]]], [[[87713.0, 886311.0], [88218.0, 886395.0], [88137.0, 886155.0], [87713.0, 886311.0]]], [[[87618.0, 886687.0], [87732.0, 886556.0], [87670.0, 886560.0], [87618.0, 886687.0]]], [[[99701.0, 886872.0], [99868.0, 886614.0], [99745.0, 886623.0], [99701.0, 886872.0]]], [[[99454.0, 886890.0], [99639.0, 886877.0], [99630.0, 886754.0], [99454.0, 886890.0]]], [[[99525.0, 887008.0], [99463.0, 887013.0], [99534.0, 887130.0], [99525.0, 887008.0]]], [[[99410.0, 887140.0], [99401.0, 887017.0], [99348.0, 887144.0], [99410.0, 887140.0]]], [[[96961.0, 886832.0], [98558.0, 885728.0], [98175.0, 884774.0], [96961.0, 886832.0]]], [[[107831.0, 887501.0], [107822.0, 887379.0], [107769.0, 887506.0], [107831.0, 887501.0]]], [[[98645.0, 888549.0], [98831.0, 888535.0], [98698.0, 888422.0], [98645.0, 888549.0]]], [[[110763.0, 888517.0], [111549.0, 888215.0], [111479.0, 888097.0], [111108.0, 888124.0], [110763.0, 888517.0]]], [[[87133.0, 888447.0], [90938.0, 887783.0], [88413.0, 886503.0], [87138.0, 887708.0], [87133.0, 888447.0]]], [[[183198.0, 890087.0], [183178.0, 889720.0], [183123.0, 889845.0], [183198.0, 890087.0]]], [[[184557.0, 890013.0], [186078.0, 888337.0], [186130.0, 886985.0], [184039.0, 888446.0], [184557.0, 890013.0]]], [[[116112.0, 890347.0], [115864.0, 890364.0], [115935.0, 890482.0], [116112.0, 890347.0]]], [[[113517.0, 889671.0], [113799.0, 890143.0], [114108.0, 890121.0], [114135.0, 889627.0], [113517.0, 889671.0]]], [[[87499.0, 890754.0], [87480.0, 890510.0], [87314.0, 890768.0], [87499.0, 890754.0]]], [[[87808.0, 890730.0], [87685.0, 890740.0], [87756.0, 890857.0], [87808.0, 890730.0]]], [[[116411.0, 891063.0], [116332.0, 890823.0], [116225.0, 891076.0], [116411.0, 891063.0]]], [[[97232.0, 891237.0], [97223.0, 891114.0], [97170.0, 891241.0], [97232.0, 891237.0]]], [[[88113.0, 891444.0], [88051.0, 891449.0], [88060.0, 891571.0], [88113.0, 891444.0]]], [[[88113.0, 891444.0], [88597.0, 891283.0], [87808.0, 890730.0], [87556.0, 891487.0], [87628.0, 891605.0], [87937.0, 891581.0], [88113.0, 891444.0]]], [[[174270.0, 892175.0], [174209.0, 892178.0], [174277.0, 892297.0], [174332.0, 892171.0], [174270.0, 892175.0]]], [[[181280.0, 892399.0], [181218.0, 892403.0], [181157.0, 892406.0], [181280.0, 892399.0]]], [[[181403.0, 892393.0], [181342.0, 892396.0], [181287.0, 892522.0], [181293.0, 892644.0], [181465.0, 892389.0], [181403.0, 892393.0]]], [[[119266.0, 892828.0], [119204.0, 892832.0], [119213.0, 892954.0], [119266.0, 892828.0]]], [[[119089.0, 892963.0], [119019.0, 892845.0], [118966.0, 892972.0], [119089.0, 892963.0]]], [[[180449.0, 893058.0], [180634.0, 893048.0], [180628.0, 892926.0], [180449.0, 893058.0]]], [[[118930.0, 893343.0], [118921.0, 893220.0], [118868.0, 893347.0], [118930.0, 893343.0]]], [[[179832.0, 893092.0], [179852.0, 893459.0], [180209.0, 893194.0], [179832.0, 893092.0]]], [[[95722.0, 893441.0], [95660.0, 893445.0], [95669.0, 893568.0], [95722.0, 893441.0]]], [[[119000.0, 893461.0], [118938.0, 893465.0], [118947.0, 893587.0], [119000.0, 893461.0]]], [[[93085.0, 893888.0], [93465.0, 893982.0], [93313.0, 893624.0], [93085.0, 893888.0]]], [[[122463.0, 894202.0], [122455.0, 894080.0], [122402.0, 894206.0], [122463.0, 894202.0]]], [[[121414.0, 894275.0], [121538.0, 894266.0], [121476.0, 894270.0], [121414.0, 894275.0]]], [[[118945.0, 894447.0], [119060.0, 894316.0], [118928.0, 894203.0], [118945.0, 894447.0]]], [[[118892.0, 894574.0], [118962.0, 894692.0], [118954.0, 894570.0], [118892.0, 894574.0]]], [[[122180.0, 894590.0], [121731.0, 894376.0], [122065.0, 894721.0], [122180.0, 894590.0]]], [[[118901.0, 894696.0], [118777.0, 894705.0], [118909.0, 894818.0], [118901.0, 894696.0]]], [[[96009.0, 894771.0], [96000.0, 894649.0], [95947.0, 894776.0], [95885.0, 894780.0], [95956.0, 894898.0], [96009.0, 894771.0]]], [[[96071.0, 894766.0], [96009.0, 894771.0], [96018.0, 894893.0], [96071.0, 894766.0]]], [[[120884.0, 894680.0], [121201.0, 894781.0], [121246.0, 894532.0], [120884.0, 894680.0]]], [[[118539.0, 894844.0], [118469.0, 894726.0], [118424.0, 894975.0], [118539.0, 894844.0]]], [[[121650.0, 894995.0], [121880.0, 894734.0], [121510.0, 894759.0], [121650.0, 894995.0]]], [[[193691.0, 894194.0], [194987.0, 894127.0], [194986.0, 892901.0], [193691.0, 894194.0]]], [[[120265.0, 895583.0], [120601.0, 895068.0], [120293.0, 895090.0], [120265.0, 895583.0]]], [[[120114.0, 896085.0], [119974.0, 895849.0], [119991.0, 896094.0], [120114.0, 896085.0]]], [[[120414.0, 895941.0], [120291.0, 895950.0], [120246.0, 896199.0], [120414.0, 895941.0]]], [[[120810.0, 896282.0], [120616.0, 896173.0], [120633.0, 896418.0], [120810.0, 896282.0]]], [[[120148.0, 896574.0], [120061.0, 896212.0], [120025.0, 896583.0], [120148.0, 896574.0]]], [[[13336.0, 896732.0], [13386.0, 896604.0], [13324.0, 896610.0], [13336.0, 896732.0]]], [[[119038.0, 896652.0], [119029.0, 896530.0], [118985.0, 896779.0], [119038.0, 896652.0]]], [[[118253.0, 896953.0], [118306.0, 896826.0], [118192.0, 896957.0], [118253.0, 896953.0]]], [[[117011.0, 896918.0], [116941.0, 896800.0], [116958.0, 897044.0], [117011.0, 896918.0]]], [[[10705.0, 897234.0], [10766.0, 897228.0], [10693.0, 897112.0], [10705.0, 897234.0]]], [[[122012.0, 894847.0], [121142.0, 897488.0], [123875.0, 896684.0], [124798.0, 894778.0], [122012.0, 894847.0]]], [[[10247.0, 897648.0], [10296.0, 897520.0], [10235.0, 897526.0], [10247.0, 897648.0]]], [[[118156.0, 897328.0], [119125.0, 897015.0], [118668.0, 896678.0], [118156.0, 897328.0]]], [[[9838.0, 897934.0], [10320.0, 897764.0], [10828.0, 897222.0], [10902.0, 897338.0], [11002.0, 897082.0], [10828.0, 897222.0], [10705.0, 897234.0], [10643.0, 897240.0], [10569.0, 897124.0], [10247.0, 897648.0], [9741.0, 897574.0], [9838.0, 897934.0]]], [[[138918.0, 898376.0], [139041.0, 898368.0], [139165.0, 898360.0], [139041.0, 898368.0], [138980.0, 898372.0], [138918.0, 898376.0]]], [[[138918.0, 898376.0], [138795.0, 898384.0], [138864.0, 898502.0], [138918.0, 898376.0]]], [[[140499.0, 898887.0], [142393.0, 897536.0], [142121.0, 896203.0], [141854.0, 897817.0], [140598.0, 898512.0], [140499.0, 898887.0]]], [[[142764.0, 898495.0], [143319.0, 898459.0], [143850.0, 898057.0], [142764.0, 898495.0]]], [[[11153.0, 899285.0], [11227.0, 899401.0], [11289.0, 899395.0], [11153.0, 899285.0]]], [[[208372.0, 899841.0], [210103.0, 899881.0], [209860.0, 898666.0], [208372.0, 899841.0]]], [[[98603.0, 900352.0], [98522.0, 900112.0], [98479.0, 900362.0], [98603.0, 900352.0]]], [[[126364.0, 900444.0], [126347.0, 900199.0], [126310.0, 900570.0], [126364.0, 900444.0]]], [[[211980.0, 900405.0], [211919.0, 900408.0], [211986.0, 900528.0], [211980.0, 900405.0]]], [[[9533.0, 900552.0], [9607.0, 900668.0], [9668.0, 900662.0], [9533.0, 900552.0]]], [[[129848.0, 900698.0], [129840.0, 900576.0], [129786.0, 900702.0], [129848.0, 900698.0]]], [[[130349.0, 900787.0], [130341.0, 900665.0], [130287.0, 900791.0], [130349.0, 900787.0]]], [[[10494.0, 900828.0], [10359.0, 900718.0], [10432.0, 900834.0], [10494.0, 900828.0]]], [[[125966.0, 900962.0], [126011.0, 900714.0], [125896.0, 900844.0], [125966.0, 900962.0]]], [[[127030.0, 901135.0], [127022.0, 901013.0], [126960.0, 901017.0], [127030.0, 901135.0]]], [[[124187.0, 901208.0], [124241.0, 901081.0], [124179.0, 901085.0], [124187.0, 901208.0]]], [[[122885.0, 901175.0], [122823.0, 901179.0], [122832.0, 901301.0], [122885.0, 901175.0]]], [[[7422.0, 901252.0], [11265.0, 899151.0], [9703.0, 897824.0], [7422.0, 901252.0]]], [[[7175.0, 901276.0], [7114.0, 901282.0], [7187.0, 901398.0], [7175.0, 901276.0]]], [[[125868.0, 901338.0], [125983.0, 901207.0], [125921.0, 901211.0], [125868.0, 901338.0]]], [[[7175.0, 901276.0], [7372.0, 901380.0], [7434.0, 901374.0], [7237.0, 901270.0], [7175.0, 901276.0]]], [[[201361.0, 901655.0], [201416.0, 901530.0], [201355.0, 901533.0], [201361.0, 901655.0]]], [[[200998.0, 901796.0], [201232.0, 901539.0], [200930.0, 901677.0], [200998.0, 901796.0]]], [[[100941.0, 901774.0], [100931.0, 901652.0], [100879.0, 901779.0], [100941.0, 901774.0]]], [[[201250.0, 901906.0], [201238.0, 901662.0], [201065.0, 901915.0], [201250.0, 901906.0]]], [[[7001.0, 902033.0], [6017.0, 900897.0], [5510.0, 901440.0], [7001.0, 902033.0]]], [[[5953.0, 902136.0], [5879.0, 902020.0], [5817.0, 902026.0], [5953.0, 902136.0]]], [[[196693.0, 902136.0], [196564.0, 902020.0], [196632.0, 902139.0], [196693.0, 902136.0]]], [[[193177.0, 902194.0], [193109.0, 902075.0], [193116.0, 902197.0], [193177.0, 902194.0]]], [[[195209.0, 902089.0], [195708.0, 902186.0], [195258.0, 901841.0], [195209.0, 902089.0]]], [[[110580.0, 902293.0], [110510.0, 902175.0], [110519.0, 902298.0], [110580.0, 902293.0]]], [[[127853.0, 902307.0], [127774.0, 902067.0], [127730.0, 902316.0], [127853.0, 902307.0]]], [[[196767.0, 902377.0], [196700.0, 902258.0], [196706.0, 902380.0], [196767.0, 902377.0]]], [[[196835.0, 902497.0], [196767.0, 902377.0], [196774.0, 902500.0], [196835.0, 902497.0]]], [[[110589.0, 902416.0], [110272.0, 902316.0], [110290.0, 902560.0], [110536.0, 902542.0], [110888.0, 902271.0], [110589.0, 902416.0]]], [[[196835.0, 902497.0], [196780.0, 902622.0], [196841.0, 902619.0], [196835.0, 902497.0]]], [[[196109.0, 902779.0], [196583.0, 902387.0], [195776.0, 902305.0], [196109.0, 902779.0]]], [[[192545.0, 903085.0], [192277.0, 901505.0], [191515.0, 902280.0], [192545.0, 903085.0]]], [[[111205.0, 903231.0], [111135.0, 903113.0], [111082.0, 903240.0], [111205.0, 903231.0]]], [[[103541.0, 903424.0], [104009.0, 899702.0], [101299.0, 900764.0], [99090.0, 898595.0], [98824.0, 900827.0], [101000.0, 900910.0], [103541.0, 903424.0]]], [[[203926.0, 903614.0], [203920.0, 903491.0], [203865.0, 903617.0], [203926.0, 903614.0]]], [[[196165.0, 903880.0], [196036.0, 903764.0], [196171.0, 904002.0], [196165.0, 903880.0]]], [[[196953.0, 903594.0], [197759.0, 903676.0], [197051.0, 903099.0], [196953.0, 903594.0]]], [[[106729.0, 904664.0], [106720.0, 904541.0], [106667.0, 904668.0], [106729.0, 904664.0]]], [[[106913.0, 904650.0], [106852.0, 904654.0], [106975.0, 904645.0], [106913.0, 904650.0]]], [[[106113.0, 904709.0], [106175.0, 904704.0], [106166.0, 904582.0], [106113.0, 904709.0]]], [[[14138.0, 905034.0], [14238.0, 904778.0], [14065.0, 904918.0], [14138.0, 905034.0]]], [[[202209.0, 903821.0], [202639.0, 905026.0], [202732.0, 904408.0], [202209.0, 903821.0]]], [[[192837.0, 905155.0], [192523.0, 905049.0], [192788.0, 905403.0], [192837.0, 905155.0]]], [[[96817.0, 905404.0], [96755.0, 905409.0], [96764.0, 905531.0], [96817.0, 905404.0]]], [[[196560.0, 905577.0], [196431.0, 905461.0], [196499.0, 905580.0], [196560.0, 905577.0]]], [[[15329.0, 905782.0], [15318.0, 905660.0], [15256.0, 905666.0], [15329.0, 905782.0]]], [[[105798.0, 905469.0], [106747.0, 904908.0], [106729.0, 904664.0], [106667.0, 904668.0], [106658.0, 904546.0], [106350.0, 904568.0], [106298.0, 904695.0], [106113.0, 904709.0], [105798.0, 905469.0]]], [[[201993.0, 905671.0], [202411.0, 905405.0], [202220.0, 905292.0], [201993.0, 905671.0]]], [[[96352.0, 905809.0], [96414.0, 905804.0], [96423.0, 905926.0], [96352.0, 905809.0]]], [[[96475.0, 905799.0], [96423.0, 905926.0], [96537.0, 905795.0], [96475.0, 905799.0]]], [[[15975.0, 904734.0], [14816.0, 904969.0], [15599.0, 906003.0], [15975.0, 904734.0]]], [[[105209.0, 905882.0], [105622.0, 905605.0], [105376.0, 905623.0], [105209.0, 905882.0]]], [[[106960.0, 906121.0], [106951.0, 905999.0], [106898.0, 906126.0], [106960.0, 906121.0]]], [[[97014.0, 906373.0], [97005.0, 906251.0], [96952.0, 906378.0], [97014.0, 906373.0]]], [[[15327.0, 906398.0], [15068.0, 906300.0], [15092.0, 906544.0], [15327.0, 906398.0]]], [[[96673.0, 906768.0], [96611.0, 906772.0], [96620.0, 906895.0], [96673.0, 906768.0]]], [[[105106.0, 906995.0], [105158.0, 906869.0], [105097.0, 906873.0], [105106.0, 906995.0]]], [[[200030.0, 907119.0], [199975.0, 907244.0], [200036.0, 907241.0], [200030.0, 907119.0]]], [[[199612.0, 907385.0], [199667.0, 907259.0], [199606.0, 907263.0], [199612.0, 907385.0]]], [[[101697.0, 907741.0], [101697.0, 907741.0], [101635.0, 907745.0], [101706.0, 907863.0], [101697.0, 907741.0]]], [[[101574.0, 907750.0], [101512.0, 907754.0], [101583.0, 907872.0], [101635.0, 907745.0], [101574.0, 907750.0]]], [[[101583.0, 907872.0], [101521.0, 907877.0], [101460.0, 907881.0], [101583.0, 907872.0]]], [[[196931.0, 908011.0], [196925.0, 907889.0], [196863.0, 907892.0], [196931.0, 908011.0]]], [[[197552.0, 908102.0], [197484.0, 907983.0], [197491.0, 908105.0], [197552.0, 908102.0]]], [[[104194.0, 908046.0], [104317.0, 908037.0], [104256.0, 908042.0], [104194.0, 908046.0]]], [[[196137.0, 906948.0], [197152.0, 907509.0], [196998.0, 906904.0], [196137.0, 906948.0]]], [[[197035.0, 907638.0], [197583.0, 907487.0], [197447.0, 907249.0], [197035.0, 907638.0]]], [[[197749.0, 908338.0], [197737.0, 908093.0], [197675.0, 908096.0], [197749.0, 908338.0]]], [[[197823.0, 908579.0], [197817.0, 908457.0], [197761.0, 908582.0], [197823.0, 908579.0]]], [[[197632.0, 908466.0], [197503.0, 908350.0], [197516.0, 908595.0], [197632.0, 908466.0]]], [[[100275.0, 908585.0], [100266.0, 908463.0], [100214.0, 908589.0], [100275.0, 908585.0]]], [[[198302.0, 908310.0], [198069.0, 908567.0], [198198.0, 908683.0], [198302.0, 908310.0]]], [[[198321.0, 908677.0], [198315.0, 908554.0], [198259.0, 908680.0], [198321.0, 908677.0]]], [[[197024.0, 908620.0], [196833.0, 908507.0], [196846.0, 908752.0], [197024.0, 908620.0]]], [[[197589.0, 908836.0], [197700.0, 908585.0], [197638.0, 908589.0], [197589.0, 908836.0]]], [[[196483.0, 908893.0], [196649.0, 908516.0], [196458.0, 908403.0], [196483.0, 908893.0]]], [[[198997.0, 907416.0], [198271.0, 906471.0], [198579.0, 908909.0], [198997.0, 907416.0]]], [[[195580.0, 909307.0], [195641.0, 909304.0], [195648.0, 909426.0], [195635.0, 909182.0], [195580.0, 909307.0]]], [[[98750.0, 909683.0], [98688.0, 909688.0], [98698.0, 909810.0], [98750.0, 909683.0]]], [[[98830.0, 909923.0], [98759.0, 909805.0], [98707.0, 909932.0], [98830.0, 909923.0]]], [[[195052.0, 909825.0], [195537.0, 909677.0], [195020.0, 909213.0], [195052.0, 909825.0]]], [[[138963.0, 910407.0], [137255.0, 909783.0], [137349.0, 910268.0], [138963.0, 910407.0]]], [[[137812.0, 910729.0], [137865.0, 910602.0], [137804.0, 910606.0], [137812.0, 910729.0]]], [[[88817.0, 910816.0], [88684.0, 910703.0], [88694.0, 910825.0], [88817.0, 910816.0]]], [[[136639.0, 911666.0], [136700.0, 911662.0], [136791.0, 911164.0], [136463.0, 911800.0], [136639.0, 911666.0]]], [[[196142.0, 911854.0], [196135.0, 911732.0], [196074.0, 911735.0], [196142.0, 911854.0]]], [[[119999.0, 911205.0], [121590.0, 910110.0], [120915.0, 909297.0], [119999.0, 911205.0]]], [[[136700.0, 911662.0], [136639.0, 911666.0], [136586.0, 911792.0], [136655.0, 911910.0], [136700.0, 911662.0]]], [[[87224.0, 911801.0], [87555.0, 911284.0], [87205.0, 911557.0], [87224.0, 911801.0]]], [[[196411.0, 911104.0], [198040.0, 911635.0], [197492.0, 910559.0], [196411.0, 911104.0]]], [[[197205.0, 912168.0], [197260.0, 912042.0], [197198.0, 912045.0], [197205.0, 912168.0]]], [[[195502.0, 911396.0], [195939.0, 911497.0], [195994.0, 911371.0], [195865.0, 911255.0], [195502.0, 911396.0]]], [[[99430.0, 912951.0], [99359.0, 912833.0], [99368.0, 912955.0], [99430.0, 912951.0]]], [[[98130.0, 912926.0], [98182.0, 912799.0], [98121.0, 912804.0], [98130.0, 912926.0]]], [[[95861.0, 913960.0], [95728.0, 913847.0], [95799.0, 913964.0], [95861.0, 913960.0]]], [[[95397.0, 914364.0], [95336.0, 914369.0], [95345.0, 914491.0], [95397.0, 914364.0]]], [[[95459.0, 914359.0], [95407.0, 914486.0], [95477.0, 914604.0], [95459.0, 914359.0]]], [[[123196.0, 914544.0], [123187.0, 914421.0], [123135.0, 914548.0], [123196.0, 914544.0]]], [[[204044.0, 914768.0], [203916.0, 914652.0], [203922.0, 914774.0], [204044.0, 914768.0]]], [[[205597.0, 915060.0], [205781.0, 915051.0], [205658.0, 915057.0], [205597.0, 915060.0]]], [[[196637.0, 915509.0], [196569.0, 915389.0], [196575.0, 915512.0], [196637.0, 915509.0]]], [[[99378.0, 915536.0], [99525.0, 915033.0], [99341.0, 915047.0], [99378.0, 915536.0]]], [[[94981.0, 915379.0], [95052.0, 915497.0], [95042.0, 915375.0], [94981.0, 915379.0]]], [[[99676.0, 915391.0], [99614.0, 915395.0], [99685.0, 915513.0], [99676.0, 915391.0]]], [[[99307.0, 915418.0], [99246.0, 915423.0], [99255.0, 915545.0], [99307.0, 915418.0]]], [[[206486.0, 915630.0], [206553.0, 915749.0], [206547.0, 915627.0], [206486.0, 915630.0]]], [[[100870.0, 915669.0], [100809.0, 915674.0], [100879.0, 915792.0], [100870.0, 915669.0]]], [[[101054.0, 915655.0], [100922.0, 915542.0], [101002.0, 915782.0], [101054.0, 915655.0]]], [[[95070.0, 915741.0], [95080.0, 915863.0], [95070.0, 915741.0], [95184.0, 915610.0], [95174.0, 915487.0], [95070.0, 915741.0]]], [[[94896.0, 915878.0], [94825.0, 915760.0], [94773.0, 915887.0], [94896.0, 915878.0]]], [[[124640.0, 915795.0], [124587.0, 915921.0], [124649.0, 915917.0], [124640.0, 915795.0]]], [[[206203.0, 916134.0], [206264.0, 916131.0], [206258.0, 916009.0], [206203.0, 916134.0]]], [[[206203.0, 916134.0], [206147.0, 916260.0], [206209.0, 916257.0], [206203.0, 916134.0]]], [[[196619.0, 916368.0], [196613.0, 916246.0], [196551.0, 916249.0], [196619.0, 916368.0]]], [[[97445.0, 916912.0], [98822.0, 914718.0], [98007.0, 912936.0], [95842.0, 913715.0], [95861.0, 913960.0], [95459.0, 914359.0], [95558.0, 914843.0], [95085.0, 915125.0], [95236.0, 915483.0], [95193.0, 915732.0], [95070.0, 915741.0], [94844.0, 916005.0], [97445.0, 916912.0]]], [[[97445.0, 916912.0], [97454.0, 917034.0], [97515.0, 917030.0], [97506.0, 916907.0], [97445.0, 916912.0]]], [[[96236.0, 917250.0], [96033.0, 917020.0], [95990.0, 917269.0], [96236.0, 917250.0]]], [[[96453.0, 916865.0], [96368.0, 917363.0], [96736.0, 917335.0], [96453.0, 916865.0]]], [[[206864.0, 917083.0], [207299.0, 917185.0], [207171.0, 917068.0], [206864.0, 917083.0]]], [[[205514.0, 917149.0], [205722.0, 917629.0], [206067.0, 917122.0], [205514.0, 917149.0]]], [[[207323.0, 917674.0], [207317.0, 917552.0], [207262.0, 917677.0], [207323.0, 917674.0]]], [[[206342.0, 917722.0], [206391.0, 917474.0], [206330.0, 917477.0], [206342.0, 917722.0]]], [[[205139.0, 918271.0], [205188.0, 918024.0], [205072.0, 918152.0], [205139.0, 918271.0]]], [[[101634.0, 918439.0], [101582.0, 918566.0], [101643.0, 918561.0], [101634.0, 918439.0]]], [[[96216.0, 918604.0], [96154.0, 918609.0], [96093.0, 918613.0], [96216.0, 918604.0]]], [[[95201.0, 919051.0], [95130.0, 918933.0], [95140.0, 919055.0], [95201.0, 919051.0]]], [[[100717.0, 919369.0], [100646.0, 919251.0], [100655.0, 919373.0], [100717.0, 919369.0]]], [[[127426.0, 919534.0], [127364.0, 919538.0], [127373.0, 919660.0], [127426.0, 919534.0]]], [[[141474.0, 919576.0], [141413.0, 919580.0], [141482.0, 919698.0], [141474.0, 919576.0]]], [[[128546.0, 919702.0], [128485.0, 919707.0], [128494.0, 919829.0], [128546.0, 919702.0]]], [[[127496.0, 919652.0], [127627.0, 919765.0], [127758.0, 919879.0], [127749.0, 919757.0], [127688.0, 919761.0], [127627.0, 919765.0], [127618.0, 919643.0], [127496.0, 919652.0]]], [[[99622.0, 919574.0], [99886.0, 919800.0], [99867.0, 919556.0], [99622.0, 919574.0]]], [[[132934.0, 919896.0], [132881.0, 920022.0], [132942.0, 920018.0], [132934.0, 919896.0]]], [[[127512.0, 919896.0], [127328.0, 919909.0], [127521.0, 920018.0], [127512.0, 919896.0]]], [[[129377.0, 920137.0], [129385.0, 920259.0], [129447.0, 920255.0], [129377.0, 920137.0]]], [[[141828.0, 920290.0], [141943.0, 920160.0], [141882.0, 920164.0], [141828.0, 920290.0]]], [[[139061.0, 920348.0], [138931.0, 920234.0], [138939.0, 920356.0], [139061.0, 920348.0]]], [[[141890.0, 920286.0], [141890.0, 920286.0], [141828.0, 920290.0], [141836.0, 920412.0], [141898.0, 920408.0], [141890.0, 920286.0]]], [[[138701.0, 920495.0], [138693.0, 920372.0], [138632.0, 920376.0], [138701.0, 920495.0]]], [[[142388.0, 920376.0], [142012.0, 920278.0], [141775.0, 920416.0], [142388.0, 920376.0]]], [[[142465.0, 920617.0], [142580.0, 920487.0], [142457.0, 920495.0], [142465.0, 920617.0]]], [[[142894.0, 920589.0], [142887.0, 920467.0], [142833.0, 920593.0], [142894.0, 920589.0]]], [[[202728.0, 920475.0], [203286.0, 920570.0], [203280.0, 920448.0], [202728.0, 920475.0]]], [[[141101.0, 920460.0], [141109.0, 920582.0], [141231.0, 920574.0], [141162.0, 920456.0], [141101.0, 920460.0]]], [[[141607.0, 920673.0], [141722.0, 920542.0], [141546.0, 920677.0], [141607.0, 920673.0]]], [[[142159.0, 920637.0], [141967.0, 920526.0], [141852.0, 920657.0], [142159.0, 920637.0]]], [[[138587.0, 920625.0], [138656.0, 920743.0], [138709.0, 920617.0], [138587.0, 920625.0]]], [[[141799.0, 920783.0], [141799.0, 920783.0], [141860.0, 920779.0], [141799.0, 920783.0]]], [[[138664.0, 920865.0], [138718.0, 920739.0], [138603.0, 920869.0], [138664.0, 920865.0]]], [[[142236.0, 920877.0], [141676.0, 920791.0], [141615.0, 920795.0], [141631.0, 921039.0], [142236.0, 920877.0]]], [[[133629.0, 921078.0], [133727.0, 920702.0], [133367.0, 920849.0], [133629.0, 921078.0]]], [[[99426.0, 921064.0], [99356.0, 920946.0], [99365.0, 921069.0], [99426.0, 921064.0]]], [[[133699.0, 921196.0], [133813.0, 921065.0], [133690.0, 921073.0], [133699.0, 921196.0]]], [[[136825.0, 920987.0], [136772.0, 921113.0], [136895.0, 921105.0], [136825.0, 920987.0]]], [[[136098.0, 921158.0], [135914.0, 921170.0], [135983.0, 921289.0], [136098.0, 921158.0]]], [[[136474.0, 921256.0], [136596.0, 921248.0], [136396.0, 921015.0], [136474.0, 921256.0]]], [[[207250.0, 921234.0], [207189.0, 921237.0], [207195.0, 921360.0], [207250.0, 921234.0]]], [[[99383.0, 921313.0], [99374.0, 921191.0], [99322.0, 921318.0], [99383.0, 921313.0]]], [[[206772.0, 921503.0], [206711.0, 921506.0], [206833.0, 921500.0], [206772.0, 921503.0]]], [[[141769.0, 921276.0], [141140.0, 921071.0], [141311.0, 921797.0], [141769.0, 921276.0]]], [[[97511.0, 921824.0], [97327.0, 921838.0], [97520.0, 921947.0], [97511.0, 921824.0]]], [[[138001.0, 922014.0], [137932.0, 921896.0], [137940.0, 922018.0], [138001.0, 922014.0]]], [[[138867.0, 922080.0], [138288.0, 920767.0], [137761.0, 921171.0], [138867.0, 922080.0]]], [[[139350.0, 921926.0], [139166.0, 921938.0], [139174.0, 922060.0], [139350.0, 921926.0]]], [[[205387.0, 922061.0], [205509.0, 922055.0], [205448.0, 922058.0], [205387.0, 922061.0]]], [[[205393.0, 922183.0], [205264.0, 922067.0], [205209.0, 922192.0], [205393.0, 922183.0]]], [[[204841.0, 922211.0], [204388.0, 921742.0], [204027.0, 921883.0], [204841.0, 922211.0]]], [[[139680.0, 922272.0], [139672.0, 922150.0], [139619.0, 922276.0], [139680.0, 922272.0]]], [[[97332.0, 921100.0], [98378.0, 921881.0], [98356.0, 920777.0], [97332.0, 921100.0]]], [[[98038.0, 922276.0], [97986.0, 922403.0], [98109.0, 922393.0], [98038.0, 922276.0]]], [[[138401.0, 922479.0], [138332.0, 922361.0], [138279.0, 922487.0], [138401.0, 922479.0]]], [[[206826.0, 922604.0], [206758.0, 922485.0], [206764.0, 922607.0], [206826.0, 922604.0]]], [[[141758.0, 922996.0], [141934.0, 922862.0], [141628.0, 922882.0], [141758.0, 922996.0]]], [[[142432.0, 922952.0], [142041.0, 922609.0], [142256.0, 923086.0], [142432.0, 922952.0]]], [[[97297.0, 923070.0], [97359.0, 923065.0], [97113.0, 923084.0], [97297.0, 923070.0]]], [[[97439.0, 923305.0], [97613.0, 923169.0], [97429.0, 923183.0], [97439.0, 923305.0]]], [[[141047.0, 923411.0], [140917.0, 923297.0], [140925.0, 923419.0], [141047.0, 923411.0]]], [[[139646.0, 923625.0], [139507.0, 923389.0], [139462.0, 923637.0], [139646.0, 923625.0]]], [[[140871.0, 923545.0], [140879.0, 923667.0], [140749.0, 923553.0], [140810.0, 923549.0], [140879.0, 923667.0], [140941.0, 923663.0], [140871.0, 923545.0]]], [[[98272.0, 923733.0], [98395.0, 923724.0], [98386.0, 923602.0], [98272.0, 923733.0]]], [[[139952.0, 923605.0], [140496.0, 923447.0], [140112.0, 923226.0], [139952.0, 923605.0]]], [[[98272.0, 923733.0], [98282.0, 923855.0], [98404.0, 923846.0], [98272.0, 923733.0]]], [[[140695.0, 923679.0], [140887.0, 923790.0], [140949.0, 923786.0], [140695.0, 923679.0]]], [[[142259.0, 924069.0], [142312.0, 923942.0], [142251.0, 923946.0], [142259.0, 924069.0]]], [[[98230.0, 923982.0], [98300.0, 924100.0], [98291.0, 923978.0], [98230.0, 923982.0]]], [[[140283.0, 923952.0], [140099.0, 923964.0], [140291.0, 924074.0], [140283.0, 923952.0]]], [[[140973.0, 924152.0], [140965.0, 924030.0], [140911.0, 924156.0], [140973.0, 924152.0]]], [[[140842.0, 924038.0], [140781.0, 924042.0], [140850.0, 924160.0], [140842.0, 924038.0]]], [[[137314.0, 924639.0], [137367.0, 924513.0], [137305.0, 924517.0], [137314.0, 924639.0]]], [[[97899.0, 924499.0], [98196.0, 924354.0], [97951.0, 924372.0], [97899.0, 924499.0]]], [[[140179.0, 925187.0], [139873.0, 925207.0], [140187.0, 925309.0], [140179.0, 925187.0]]], [[[136934.0, 925401.0], [136864.0, 925283.0], [136689.0, 925417.0], [136934.0, 925401.0]]], [[[136452.0, 925556.0], [136321.0, 925442.0], [136391.0, 925560.0], [136452.0, 925556.0]]], [[[97941.0, 925848.0], [98072.0, 925961.0], [98124.0, 925834.0], [97941.0, 925848.0]]], [[[97959.0, 926093.0], [98072.0, 925961.0], [98011.0, 925966.0], [97959.0, 926093.0]]], [[[98151.0, 927799.0], [98081.0, 927682.0], [98019.0, 927686.0], [98029.0, 927809.0], [98151.0, 927799.0]]], [[[98301.0, 928157.0], [98231.0, 928039.0], [98311.0, 928279.0], [98301.0, 928157.0]]], [[[98442.0, 928392.0], [98494.0, 928265.0], [98372.0, 928274.0], [98442.0, 928392.0]]], [[[98442.0, 928392.0], [98311.0, 928279.0], [98320.0, 928401.0], [98442.0, 928392.0]]], [[[99116.0, 928340.0], [99055.0, 928345.0], [99125.0, 928463.0], [99116.0, 928340.0]]], [[[151609.0, 928996.0], [151548.0, 929000.0], [151617.0, 929119.0], [151609.0, 928996.0]]], [[[112777.0, 929169.0], [112707.0, 929051.0], [112715.0, 929173.0], [112777.0, 929169.0]]], [[[112856.0, 929409.0], [112786.0, 929291.0], [112794.0, 929413.0], [112856.0, 929409.0]]], [[[226971.0, 929888.0], [226910.0, 929890.0], [226916.0, 930013.0], [226971.0, 929888.0]]], [[[153085.0, 930009.0], [153276.0, 930120.0], [153268.0, 929997.0], [153085.0, 930009.0]]], [[[153093.0, 930131.0], [153024.0, 930013.0], [153031.0, 930135.0], [153093.0, 930131.0]]], [[[226743.0, 930265.0], [226738.0, 930143.0], [226682.0, 930268.0], [226743.0, 930265.0]]], [[[122084.0, 930347.0], [122154.0, 930465.0], [122207.0, 930338.0], [122084.0, 930347.0]]], [[[226876.0, 930505.0], [226871.0, 930382.0], [226815.0, 930507.0], [226876.0, 930505.0]]], [[[144951.0, 930525.0], [144989.0, 930154.0], [144691.0, 930296.0], [144951.0, 930525.0]]], [[[145135.0, 930513.0], [145073.0, 930517.0], [145143.0, 930636.0], [145135.0, 930513.0]]], [[[145999.0, 930581.0], [146052.0, 930454.0], [145876.0, 930588.0], [145999.0, 930581.0]]], [[[113390.0, 930845.0], [113338.0, 930971.0], [113460.0, 930962.0], [113390.0, 930845.0]]], [[[113032.0, 930994.0], [113084.0, 930867.0], [112971.0, 930998.0], [113032.0, 930994.0]]], [[[142468.0, 931055.0], [142407.0, 931059.0], [142415.0, 931181.0], [142468.0, 931055.0]]], [[[121952.0, 931093.0], [122110.0, 930714.0], [122049.0, 930718.0], [121952.0, 931093.0]]], [[[153910.0, 931431.0], [153842.0, 931312.0], [153849.0, 931434.0], [153910.0, 931431.0]]], [[[206088.0, 931348.0], [206021.0, 931228.0], [205966.0, 931354.0], [206088.0, 931348.0]]], [[[224952.0, 931325.0], [224891.0, 931328.0], [224958.0, 931448.0], [224952.0, 931325.0]]], [[[112841.0, 931745.0], [113233.0, 931225.0], [112971.0, 930998.0], [112841.0, 931745.0]]], [[[141965.0, 931824.0], [141904.0, 931828.0], [141843.0, 931832.0], [141965.0, 931824.0]]], [[[143441.0, 931851.0], [143433.0, 931729.0], [143372.0, 931733.0], [143441.0, 931851.0]]], [[[112797.0, 931994.0], [112789.0, 931871.0], [112736.0, 931998.0], [112797.0, 931994.0]]], [[[143709.0, 932202.0], [143640.0, 932084.0], [143648.0, 932206.0], [143709.0, 932202.0]]], [[[121357.0, 932241.0], [121340.0, 931996.0], [121218.0, 932005.0], [121357.0, 932241.0]]], [[[113304.0, 932203.0], [113357.0, 932076.0], [113295.0, 932080.0], [113304.0, 932203.0]]], [[[121593.0, 932101.0], [121681.0, 931604.0], [121506.0, 931739.0], [121593.0, 932101.0]]], [[[113855.0, 932163.0], [113793.0, 932167.0], [113863.0, 932285.0], [113855.0, 932163.0]]], [[[214158.0, 932309.0], [214091.0, 932189.0], [214036.0, 932315.0], [214158.0, 932309.0]]], [[[112867.0, 932111.0], [112754.0, 932243.0], [112946.0, 932352.0], [112867.0, 932111.0]]], [[[99361.0, 932378.0], [99719.0, 932228.0], [99413.0, 932252.0], [99361.0, 932378.0]]], [[[119549.0, 932738.0], [119418.0, 932624.0], [119427.0, 932746.0], [119549.0, 932738.0]]], [[[114300.0, 932376.0], [114405.0, 932123.0], [114021.0, 932765.0], [114300.0, 932376.0]]], [[[120789.0, 932895.0], [120772.0, 932651.0], [120728.0, 932900.0], [120789.0, 932895.0]]], [[[102718.0, 932862.0], [102657.0, 932867.0], [102728.0, 932984.0], [102718.0, 932862.0]]], [[[101688.0, 933063.0], [101740.0, 932936.0], [101679.0, 932940.0], [101688.0, 933063.0]]], [[[120675.0, 933026.0], [120597.0, 932786.0], [120614.0, 933031.0], [120675.0, 933026.0]]], [[[200289.0, 932986.0], [200295.0, 933108.0], [200356.0, 933105.0], [200289.0, 932986.0]]], [[[102789.0, 932980.0], [102981.0, 933088.0], [103033.0, 932961.0], [102789.0, 932980.0]]], [[[102685.0, 933233.0], [102676.0, 933111.0], [102615.0, 933116.0], [102685.0, 933233.0]]], [[[100292.0, 933291.0], [100282.0, 933169.0], [100221.0, 933174.0], [100292.0, 933291.0]]], [[[114249.0, 933363.0], [114118.0, 933250.0], [114065.0, 933376.0], [114249.0, 933363.0]]], [[[113026.0, 933452.0], [112939.0, 933089.0], [112904.0, 933461.0], [113026.0, 933452.0]]], [[[220702.0, 933478.0], [220386.0, 933247.0], [220397.0, 933492.0], [220702.0, 933478.0]]], [[[103314.0, 933432.0], [103507.0, 933540.0], [103550.0, 933291.0], [103498.0, 933418.0], [103314.0, 933432.0]]], [[[114502.0, 933468.0], [114310.0, 933359.0], [114319.0, 933481.0], [114502.0, 933468.0]]], [[[103385.0, 933549.0], [103314.0, 933432.0], [103324.0, 933554.0], [103385.0, 933549.0]]], [[[212261.0, 933625.0], [212378.0, 933497.0], [212188.0, 933383.0], [212261.0, 933625.0]]], [[[110337.0, 933648.0], [110328.0, 933526.0], [110276.0, 933653.0], [110337.0, 933648.0]]], [[[101481.0, 933570.0], [101358.0, 933579.0], [101368.0, 933701.0], [101481.0, 933570.0]]], [[[213611.0, 933684.0], [213666.0, 933558.0], [213550.0, 933686.0], [213611.0, 933684.0]]], [[[212261.0, 933625.0], [212328.0, 933744.0], [212506.0, 933613.0], [212444.0, 933616.0], [212261.0, 933625.0]]], [[[206941.0, 933759.0], [206874.0, 933640.0], [206813.0, 933642.0], [206941.0, 933759.0]]], [[[115995.0, 933729.0], [115934.0, 933733.0], [115873.0, 933737.0], [115995.0, 933729.0]]], [[[211906.0, 933887.0], [212139.0, 933631.0], [211845.0, 933890.0], [211906.0, 933887.0]]], [[[111987.0, 933527.0], [112581.0, 933238.0], [112388.0, 933129.0], [111987.0, 933527.0]]], [[[117043.0, 933776.0], [116991.0, 933903.0], [117052.0, 933899.0], [117043.0, 933776.0]]], [[[110599.0, 933875.0], [110894.0, 932870.0], [110136.0, 933417.0], [110511.0, 933512.0], [110599.0, 933875.0]]], [[[200705.0, 933946.0], [200637.0, 933827.0], [200643.0, 933949.0], [200705.0, 933946.0]]], [[[207930.0, 933956.0], [207924.0, 933834.0], [207863.0, 933837.0], [207930.0, 933956.0]]], [[[212157.0, 933998.0], [212206.0, 933750.0], [212029.0, 933881.0], [212157.0, 933998.0]]], [[[109560.0, 933951.0], [109621.0, 933946.0], [109613.0, 933824.0], [109560.0, 933951.0]]], [[[216743.0, 933905.0], [216810.0, 934024.0], [216865.0, 933899.0], [216743.0, 933905.0]]], [[[121592.0, 933822.0], [121522.0, 933704.0], [121530.0, 933826.0], [121478.0, 933953.0], [121592.0, 933822.0]]], [[[111036.0, 933966.0], [110957.0, 933725.0], [110914.0, 933974.0], [111036.0, 933966.0]]], [[[118099.0, 933947.0], [118038.0, 933951.0], [118047.0, 934073.0], [118099.0, 933947.0]]], [[[115768.0, 933991.0], [115707.0, 933995.0], [115716.0, 934117.0], [115768.0, 933991.0]]], [[[120108.0, 933681.0], [119418.0, 933484.0], [119706.0, 934078.0], [120108.0, 933681.0]]], [[[155666.0, 934023.0], [155613.0, 934149.0], [155674.0, 934145.0], [155666.0, 934023.0]]], [[[209958.0, 934103.0], [209891.0, 933984.0], [209897.0, 934106.0], [209958.0, 934103.0]]], [[[206581.0, 933899.0], [206947.0, 933881.0], [206697.0, 933771.0], [206581.0, 933899.0]]], [[[223184.0, 934224.0], [223178.0, 934102.0], [223117.0, 934104.0], [223184.0, 934224.0]]], [[[212779.0, 934213.0], [212895.0, 934085.0], [212773.0, 934091.0], [212779.0, 934213.0]]], [[[117873.0, 934208.0], [117864.0, 934086.0], [117811.0, 934213.0], [117873.0, 934208.0]]], [[[210758.0, 934187.0], [210935.0, 934056.0], [210691.0, 934068.0], [210758.0, 934187.0]]], [[[210269.0, 934211.0], [210202.0, 934091.0], [210086.0, 934220.0], [210269.0, 934211.0]]], [[[102453.0, 934234.0], [102383.0, 934117.0], [102392.0, 934239.0], [102453.0, 934234.0]]], [[[223184.0, 934224.0], [223306.0, 934219.0], [223245.0, 934221.0], [223184.0, 934224.0]]], [[[210635.0, 934193.0], [210513.0, 934199.0], [210702.0, 934313.0], [210635.0, 934193.0]]], [[[211252.0, 934286.0], [211191.0, 934289.0], [211258.0, 934409.0], [211252.0, 934286.0]]], [[[211014.0, 934420.0], [210947.0, 934301.0], [210953.0, 934423.0], [211014.0, 934420.0]]], [[[222706.0, 934491.0], [222767.0, 934488.0], [222762.0, 934366.0], [222706.0, 934491.0]]], [[[222695.0, 934246.0], [222934.0, 934113.0], [222512.0, 934254.0], [222584.0, 934496.0], [222695.0, 934246.0]]], [[[210647.0, 934438.0], [210714.0, 934557.0], [210708.0, 934435.0], [210647.0, 934438.0]]], [[[209914.0, 934473.0], [210036.0, 934467.0], [209853.0, 934476.0], [209914.0, 934473.0]]], [[[210592.0, 934563.0], [210641.0, 934315.0], [210458.0, 934324.0], [210592.0, 934563.0]]], [[[211264.0, 934531.0], [211142.0, 934537.0], [211209.0, 934656.0], [211264.0, 934531.0]]], [[[216105.0, 934670.0], [216161.0, 934545.0], [216100.0, 934548.0], [216105.0, 934670.0]]], [[[209682.0, 934730.0], [209676.0, 934607.0], [209621.0, 934732.0], [209682.0, 934730.0]]], [[[209810.0, 934846.0], [209804.0, 934724.0], [209743.0, 934727.0], [209810.0, 934846.0]]], [[[209932.0, 934840.0], [209999.0, 934960.0], [209993.0, 934837.0], [209932.0, 934840.0]]], [[[111798.0, 935139.0], [111859.0, 935134.0], [111850.0, 935012.0], [111798.0, 935139.0]]], [[[209944.0, 935085.0], [209810.0, 934846.0], [209755.0, 934971.0], [209944.0, 935085.0]]], [[[325892.0, 935123.0], [325892.0, 935123.0], [325831.0, 935125.0], [325892.0, 935123.0]]], [[[216367.0, 935026.0], [216684.0, 935256.0], [216672.0, 935012.0], [216367.0, 935026.0]]], [[[119915.0, 935292.0], [119863.0, 934558.0], [119609.0, 935313.0], [119915.0, 935292.0]]], [[[113229.0, 935403.0], [113160.0, 935285.0], [113168.0, 935408.0], [113229.0, 935403.0]]], [[[327423.0, 935340.0], [327361.0, 935341.0], [327300.0, 935342.0], [327423.0, 935340.0]]], [[[119810.0, 935545.0], [119740.0, 935427.0], [119749.0, 935549.0], [119810.0, 935545.0]]], [[[208380.0, 935651.0], [208435.0, 935526.0], [208374.0, 935529.0], [208380.0, 935651.0]]], [[[209873.0, 933617.0], [208114.0, 933947.0], [207734.0, 934947.0], [208752.0, 935756.0], [209873.0, 933617.0]]], [[[328469.0, 935811.0], [328591.0, 935808.0], [328530.0, 935810.0], [328469.0, 935811.0]]], [[[118414.0, 935767.0], [118475.0, 935763.0], [118466.0, 935641.0], [118414.0, 935767.0]]], [[[328713.0, 935806.0], [328652.0, 935807.0], [328715.0, 935929.0], [328713.0, 935806.0]]], [[[120080.0, 935894.0], [120010.0, 935776.0], [119958.0, 935903.0], [120080.0, 935894.0]]], [[[113640.0, 935988.0], [113701.0, 935983.0], [113693.0, 935861.0], [113579.0, 935992.0], [113640.0, 935988.0]]], [[[113027.0, 934312.0], [113081.0, 935045.0], [113613.0, 934761.0], [113027.0, 934312.0]]], [[[113536.0, 936241.0], [113448.0, 935879.0], [113387.0, 935883.0], [113536.0, 936241.0]]], [[[114705.0, 936279.0], [114574.0, 936166.0], [114513.0, 936170.0], [114705.0, 936279.0]]], [[[215825.0, 936523.0], [215819.0, 936400.0], [215758.0, 936403.0], [215825.0, 936523.0]]], [[[113920.0, 936459.0], [113850.0, 936341.0], [113859.0, 936463.0], [113920.0, 936459.0]]], [[[119051.0, 936090.0], [118684.0, 936117.0], [118597.0, 936614.0], [119051.0, 936090.0]]], [[[114234.0, 936559.0], [114112.0, 936568.0], [114182.0, 936686.0], [114234.0, 936559.0]]], [[[215947.0, 936517.0], [216008.0, 936514.0], [215941.0, 936395.0], [215947.0, 936517.0]]], [[[111425.0, 936764.0], [111529.0, 936510.0], [111294.0, 936650.0], [111425.0, 936764.0]]], [[[110265.0, 936849.0], [110360.0, 936473.0], [110299.0, 936477.0], [110265.0, 936849.0]]], [[[213406.0, 937127.0], [213412.0, 937249.0], [213468.0, 937124.0], [213406.0, 937127.0]]], [[[215255.0, 937408.0], [215636.0, 936409.0], [215005.0, 937297.0], [215255.0, 937408.0]]], [[[329899.0, 937255.0], [329901.0, 937377.0], [330023.0, 937375.0], [329899.0, 937255.0]]], [[[111120.0, 936786.0], [111836.0, 937348.0], [111721.0, 936619.0], [111495.0, 936881.0], [111120.0, 936786.0]]], [[[111348.0, 937384.0], [111357.0, 937506.0], [111479.0, 937497.0], [111348.0, 937384.0]]], [[[216031.0, 937004.0], [217002.0, 936836.0], [216307.0, 936378.0], [216031.0, 937004.0]]], [[[111610.0, 937610.0], [111723.0, 937479.0], [111601.0, 937488.0], [111610.0, 937610.0]]], [[[114436.0, 937651.0], [114488.0, 937524.0], [114427.0, 937528.0], [114436.0, 937651.0]]], [[[212575.0, 937657.0], [212514.0, 937660.0], [212392.0, 937666.0], [212575.0, 937657.0]]], [[[116957.0, 937715.0], [116992.0, 937343.0], [116835.0, 937723.0], [116957.0, 937715.0]]], [[[212625.0, 937409.0], [212325.0, 937546.0], [212447.0, 937540.0], [212764.0, 937771.0], [212625.0, 937409.0]]], [[[110642.0, 937804.0], [110572.0, 937686.0], [110581.0, 937809.0], [110642.0, 937804.0]]], [[[113887.0, 937690.0], [113773.0, 937821.0], [113834.0, 937817.0], [113887.0, 937690.0]]], [[[110703.0, 937800.0], [110712.0, 937922.0], [110773.0, 937917.0], [110703.0, 937800.0]]], [[[117228.0, 938064.0], [117158.0, 937946.0], [117167.0, 938068.0], [117228.0, 938064.0]]], [[[212020.0, 937561.0], [211922.0, 938056.0], [212349.0, 938036.0], [212020.0, 937561.0]]], [[[109500.0, 938134.0], [109552.0, 938007.0], [109491.0, 938012.0], [109500.0, 938134.0]]], [[[156343.0, 938032.0], [156282.0, 938036.0], [156290.0, 938158.0], [156343.0, 938032.0]]], [[[117358.0, 938177.0], [117402.0, 937928.0], [117289.0, 938059.0], [117358.0, 938177.0]]], [[[110460.0, 938678.0], [110353.0, 937211.0], [109527.0, 938501.0], [110460.0, 938678.0]]], [[[213909.0, 938697.0], [213720.0, 938584.0], [213787.0, 938703.0], [213909.0, 938697.0]]], [[[110277.0, 938691.0], [110216.0, 938696.0], [110286.0, 938813.0], [110277.0, 938691.0]]], [[[112990.0, 938862.0], [113103.0, 938730.0], [112868.0, 938870.0], [112990.0, 938862.0]]], [[[118815.0, 938810.0], [118754.0, 938815.0], [118824.0, 938933.0], [118815.0, 938810.0]]], [[[109746.0, 938976.0], [110225.0, 938818.0], [109728.0, 938732.0], [109746.0, 938976.0]]], [[[109825.0, 939216.0], [109877.0, 939089.0], [109755.0, 939098.0], [109825.0, 939216.0]]], [[[213560.0, 939082.0], [213499.0, 939085.0], [213566.0, 939204.0], [213560.0, 939082.0]]], [[[213383.0, 939213.0], [213316.0, 939093.0], [213322.0, 939216.0], [213383.0, 939213.0]]], [[[214054.0, 939181.0], [213993.0, 939184.0], [214060.0, 939303.0], [214054.0, 939181.0]]], [[[213511.0, 939329.0], [213511.0, 939329.0], [213450.0, 939332.0], [213511.0, 939329.0]]], [[[214748.0, 939639.0], [214742.0, 939517.0], [214681.0, 939519.0], [214748.0, 939639.0]]], [[[214077.0, 939671.0], [214426.0, 939286.0], [214176.0, 939175.0], [214077.0, 939671.0]]], [[[214510.0, 939773.0], [214565.0, 939648.0], [214504.0, 939650.0], [214510.0, 939773.0]]], [[[213290.0, 939830.0], [213223.0, 939711.0], [213229.0, 939833.0], [213290.0, 939830.0]]], [[[213223.0, 939711.0], [213412.0, 939825.0], [213090.0, 939472.0], [213040.0, 939720.0], [213223.0, 939711.0]]], [[[214510.0, 939773.0], [214449.0, 939776.0], [214454.0, 939898.0], [214510.0, 939773.0]]], [[[213717.0, 939810.0], [213711.0, 939688.0], [213656.0, 939813.0], [213717.0, 939810.0]]], [[[116008.0, 939872.0], [116051.0, 939623.0], [115947.0, 939876.0], [116008.0, 939872.0]]], [[[215369.0, 939855.0], [215247.0, 939861.0], [215314.0, 939980.0], [215369.0, 939855.0]]], [[[214083.0, 939793.0], [213911.0, 940046.0], [214272.0, 939907.0], [214083.0, 939793.0]]], [[[215503.0, 940094.0], [215436.0, 939975.0], [215386.0, 940222.0], [215503.0, 940094.0]]], [[[215691.0, 940208.0], [215686.0, 940085.0], [215625.0, 940088.0], [215691.0, 940208.0]]], [[[215131.0, 939989.0], [214582.0, 940015.0], [215204.0, 940231.0], [215131.0, 939989.0]]], [[[215508.0, 940216.0], [215447.0, 940219.0], [215575.0, 940336.0], [215508.0, 940216.0]]], [[[215703.0, 940453.0], [215636.0, 940333.0], [215642.0, 940455.0], [215703.0, 940453.0]]], [[[214466.0, 940143.0], [214483.0, 940510.0], [214544.0, 940507.0], [214666.0, 940501.0], [214466.0, 940143.0]]], [[[213325.0, 940565.0], [213380.0, 940439.0], [213319.0, 940442.0], [213325.0, 940565.0]]], [[[115659.0, 940143.0], [116189.0, 937278.0], [117323.0, 936828.0], [117271.0, 937815.0], [118344.0, 935649.0], [118405.0, 935645.0], [118527.0, 935636.0], [118588.0, 935632.0], [118606.0, 935876.0], [118771.0, 935619.0], [118859.0, 935981.0], [119094.0, 935842.0], [119295.0, 935213.0], [119051.0, 933510.0], [117462.0, 934484.0], [114215.0, 934594.0], [115159.0, 936615.0], [113237.0, 940564.0], [115659.0, 940143.0]]], [[[113245.0, 940686.0], [113114.0, 940573.0], [113184.0, 940691.0], [113245.0, 940686.0]]], [[[150143.0, 940753.0], [150319.0, 940619.0], [150136.0, 940631.0], [150143.0, 940753.0]]], [[[214428.0, 940635.0], [214184.0, 940647.0], [214190.0, 940769.0], [214428.0, 940635.0]]], [[[215770.0, 940572.0], [215648.0, 940578.0], [215842.0, 940814.0], [215770.0, 940572.0]]], [[[213519.0, 940801.0], [213635.0, 940672.0], [213513.0, 940678.0], [213519.0, 940801.0]]], [[[216153.0, 940922.0], [216147.0, 940800.0], [216086.0, 940803.0], [216153.0, 940922.0]]], [[[115337.0, 940780.0], [115276.0, 940785.0], [115285.0, 940907.0], [115337.0, 940780.0]]], [[[214689.0, 940991.0], [214672.0, 940624.0], [214617.0, 940749.0], [214689.0, 940991.0]]], [[[150090.0, 940879.0], [149968.0, 940887.0], [150151.0, 940875.0], [150090.0, 940879.0]]], [[[150586.0, 940970.0], [150517.0, 940852.0], [150525.0, 940974.0], [150586.0, 940970.0]]], [[[110866.0, 940860.0], [111049.0, 940847.0], [110988.0, 940851.0], [110927.0, 940856.0], [110988.0, 940851.0], [110866.0, 940860.0]]], [[[117813.0, 941094.0], [117743.0, 940976.0], [117752.0, 941098.0], [117813.0, 941094.0]]], [[[149976.0, 941009.0], [149915.0, 941013.0], [149854.0, 941017.0], [149976.0, 941009.0]]], [[[115181.0, 941160.0], [115294.0, 941029.0], [115233.0, 941034.0], [115181.0, 941160.0]]], [[[115172.0, 941038.0], [115111.0, 941042.0], [115181.0, 941160.0], [115172.0, 941038.0]]], [[[149976.0, 941009.0], [150296.0, 941234.0], [150411.0, 941104.0], [150342.0, 940986.0], [149976.0, 941009.0]]], [[[112366.0, 941242.0], [112296.0, 941124.0], [112305.0, 941246.0], [112366.0, 941242.0]]], [[[114885.0, 941305.0], [114937.0, 941178.0], [114876.0, 941182.0], [114885.0, 941305.0]]], [[[114998.0, 941174.0], [114937.0, 941178.0], [114946.0, 941300.0], [114998.0, 941174.0]]], [[[112427.0, 941238.0], [112427.0, 941238.0], [112488.0, 941233.0], [112427.0, 941238.0]]], [[[215932.0, 941423.0], [215987.0, 941298.0], [215926.0, 941300.0], [215932.0, 941423.0]]], [[[115016.0, 941418.0], [115007.0, 941296.0], [114955.0, 941422.0], [115016.0, 941418.0]]], [[[215932.0, 941423.0], [215998.0, 941542.0], [216059.0, 941540.0], [216053.0, 941417.0], [215932.0, 941423.0]]], [[[216309.0, 941650.0], [216303.0, 941528.0], [216248.0, 941653.0], [216309.0, 941650.0]]], [[[112454.0, 941604.0], [112183.0, 941255.0], [112088.0, 941631.0], [112454.0, 941604.0]]], [[[114911.0, 941671.0], [114841.0, 941554.0], [114850.0, 941676.0], [114911.0, 941671.0]]], [[[112088.0, 941631.0], [112027.0, 941635.0], [112097.0, 941753.0], [112088.0, 941631.0]]], [[[114623.0, 941078.0], [115006.0, 940436.0], [113908.0, 940515.0], [113491.0, 941529.0], [113752.0, 941755.0], [114623.0, 941078.0]]], [[[113630.0, 941764.0], [113500.0, 941651.0], [113508.0, 941773.0], [113630.0, 941764.0]]], [[[117735.0, 941714.0], [117543.0, 941605.0], [117560.0, 941849.0], [117735.0, 941714.0]]], [[[114127.0, 941851.0], [114066.0, 941856.0], [114075.0, 941978.0], [114127.0, 941851.0]]], [[[112237.0, 941989.0], [112289.0, 941862.0], [112228.0, 941867.0], [112237.0, 941989.0]]], [[[113944.0, 941864.0], [113892.0, 941991.0], [114014.0, 941982.0], [113944.0, 941864.0]]], [[[114389.0, 942078.0], [114694.0, 942056.0], [114658.0, 941567.0], [114310.0, 941838.0], [114319.0, 941960.0], [114389.0, 942078.0]]], [[[114258.0, 941964.0], [114328.0, 942082.0], [114380.0, 941956.0], [114258.0, 941964.0]]], [[[114459.0, 942196.0], [114267.0, 942087.0], [114215.0, 942213.0], [114459.0, 942196.0]]], [[[112019.0, 942373.0], [111958.0, 942378.0], [111967.0, 942500.0], [112019.0, 942373.0]]], [[[111897.0, 942382.0], [111836.0, 942387.0], [111906.0, 942504.0], [111897.0, 942382.0]]], [[[111985.0, 942745.0], [112272.0, 942478.0], [112080.0, 942369.0], [111985.0, 942745.0]]], [[[114381.0, 942816.0], [114233.0, 942458.0], [114050.0, 942471.0], [114381.0, 942816.0]]], [[[114399.0, 943060.0], [114268.0, 942947.0], [114338.0, 943065.0], [114399.0, 943060.0]]], [[[116673.0, 943142.0], [116986.0, 943242.0], [116908.0, 943002.0], [116673.0, 943142.0]]], [[[117666.0, 943316.0], [117605.0, 943321.0], [117674.0, 943438.0], [117666.0, 943316.0]]], [[[116812.0, 943377.0], [116873.0, 943373.0], [116934.0, 943369.0], [116812.0, 943377.0]]], [[[151716.0, 943355.0], [151846.0, 943469.0], [151777.0, 943351.0], [151716.0, 943355.0]]], [[[111612.0, 943509.0], [111481.0, 943396.0], [111490.0, 943518.0], [111612.0, 943509.0]]], [[[111411.0, 943278.0], [111978.0, 943482.0], [112030.0, 943356.0], [111411.0, 943278.0]]], [[[118432.0, 943753.0], [118423.0, 943630.0], [118371.0, 943757.0], [118432.0, 943753.0]]], [[[114174.0, 944183.0], [114217.0, 943934.0], [114095.0, 943943.0], [114174.0, 944183.0]]], [[[214053.0, 944332.0], [213992.0, 944335.0], [214059.0, 944454.0], [214053.0, 944332.0]]], [[[213661.0, 945086.0], [213711.0, 944838.0], [213589.0, 944844.0], [213661.0, 945086.0]]], [[[72613.0, 945208.0], [72481.0, 945096.0], [72359.0, 945106.0], [72613.0, 945208.0]]], [[[72308.0, 945233.0], [72359.0, 945106.0], [72298.0, 945111.0], [72308.0, 945233.0]]], [[[72491.0, 945218.0], [72369.0, 945228.0], [72501.0, 945340.0], [72613.0, 945208.0], [72491.0, 945218.0]]], [[[72328.0, 945477.0], [72389.0, 945472.0], [72257.0, 945360.0], [72328.0, 945477.0]]], [[[72633.0, 945452.0], [72562.0, 945335.0], [72379.0, 945350.0], [72450.0, 945467.0], [72572.0, 945457.0], [72633.0, 945452.0]]], [[[72694.0, 945447.0], [72633.0, 945452.0], [72704.0, 945569.0], [72694.0, 945447.0]]], [[[73009.0, 946282.0], [73080.0, 946399.0], [73131.0, 946272.0], [73009.0, 946282.0]]], [[[68733.0, 946517.0], [68662.0, 946400.0], [68672.0, 946522.0], [68733.0, 946517.0]]], [[[69261.0, 946226.0], [69220.0, 946476.0], [69403.0, 946460.0], [69261.0, 946226.0]]], [[[73019.0, 946404.0], [72755.0, 946180.0], [72582.0, 946318.0], [73334.0, 946501.0], [73019.0, 946404.0]]], [[[72603.0, 946562.0], [72786.0, 946547.0], [72653.0, 946435.0], [72603.0, 946562.0]]], [[[74390.0, 946660.0], [74319.0, 946542.0], [74268.0, 946670.0], [74390.0, 946660.0]]], [[[68926.0, 946624.0], [68936.0, 946746.0], [68997.0, 946741.0], [69048.0, 946613.0], [68926.0, 946624.0]]], [[[68936.0, 946746.0], [68926.0, 946624.0], [68865.0, 946629.0], [68936.0, 946746.0]]], [[[69312.0, 946837.0], [68997.0, 946741.0], [69068.0, 946858.0], [69312.0, 946837.0]]], [[[213925.0, 946790.0], [213803.0, 946796.0], [213992.0, 946910.0], [213925.0, 946790.0]]], [[[72146.0, 946969.0], [72197.0, 946842.0], [72075.0, 946852.0], [72146.0, 946969.0]]], [[[72826.0, 947035.0], [72369.0, 946704.0], [72278.0, 947081.0], [72826.0, 947035.0]]], [[[123323.0, 947092.0], [123332.0, 947214.0], [123393.0, 947210.0], [123384.0, 947087.0], [123323.0, 947092.0]]], [[[123654.0, 947437.0], [123532.0, 947446.0], [123601.0, 947564.0], [123654.0, 947437.0]]], [[[214890.0, 947849.0], [214884.0, 947726.0], [214824.0, 947729.0], [214890.0, 947849.0]]], [[[124566.0, 948233.0], [124436.0, 948119.0], [124505.0, 948237.0], [124566.0, 948233.0]]], [[[221248.0, 948167.0], [221607.0, 948028.0], [221541.0, 947909.0], [221248.0, 948167.0]]], [[[215412.0, 948560.0], [215351.0, 948563.0], [215290.0, 948566.0], [215412.0, 948560.0]]], [[[216208.0, 948645.0], [216148.0, 948648.0], [216153.0, 948770.0], [216208.0, 948645.0]]], [[[222117.0, 948496.0], [222000.0, 948623.0], [222249.0, 948735.0], [222117.0, 948496.0]]], [[[126435.0, 948717.0], [126375.0, 948721.0], [126496.0, 948712.0], [126435.0, 948717.0]]], [[[213227.0, 948786.0], [213166.0, 948789.0], [213233.0, 948908.0], [213227.0, 948786.0]]], [[[220612.0, 948932.0], [220667.0, 948807.0], [220606.0, 948810.0], [220612.0, 948932.0]]], [[[215362.0, 948807.0], [215246.0, 948935.0], [215606.0, 948796.0], [215362.0, 948807.0]]], [[[215921.0, 949026.0], [215976.0, 948901.0], [216098.0, 948895.0], [216037.0, 948898.0], [215976.0, 948901.0], [215916.0, 948904.0], [215921.0, 949026.0]]], [[[212670.0, 947341.0], [214742.0, 948591.0], [214963.0, 948090.0], [214618.0, 947248.0], [212670.0, 947341.0]]], [[[220557.0, 949057.0], [220734.0, 948926.0], [220795.0, 948924.0], [220734.0, 948926.0], [220551.0, 948935.0], [220557.0, 949057.0]]], [[[215866.0, 949152.0], [215921.0, 949026.0], [215860.0, 949029.0], [215866.0, 949152.0]]], [[[215562.0, 949166.0], [215623.0, 949163.0], [215617.0, 949041.0], [215562.0, 949166.0]]], [[[220241.0, 948826.0], [220319.0, 949191.0], [220557.0, 949057.0], [220241.0, 948826.0]]], [[[215379.0, 949174.0], [215258.0, 949180.0], [215324.0, 949300.0], [215379.0, 949174.0]]], [[[215629.0, 949285.0], [215684.0, 949160.0], [215507.0, 949291.0], [215629.0, 949285.0]]], [[[219473.0, 949352.0], [219595.0, 949346.0], [219589.0, 949224.0], [219473.0, 949352.0]]], [[[215629.0, 949285.0], [215574.0, 949411.0], [215689.0, 949283.0], [215629.0, 949285.0]]], [[[221066.0, 949524.0], [221121.0, 949399.0], [220999.0, 949405.0], [221066.0, 949524.0]]], [[[219473.0, 949352.0], [219412.0, 949355.0], [219418.0, 949477.0], [219478.0, 949474.0], [219534.0, 949349.0], [219473.0, 949352.0]]], [[[219418.0, 949477.0], [219357.0, 949480.0], [219296.0, 949483.0], [219418.0, 949477.0]]], [[[127538.0, 949623.0], [127530.0, 949501.0], [127477.0, 949627.0], [127538.0, 949623.0]]], [[[127356.0, 949636.0], [127295.0, 949640.0], [127303.0, 949762.0], [127356.0, 949636.0]]], [[[127060.0, 949779.0], [126991.0, 949661.0], [126999.0, 949783.0], [127060.0, 949779.0]]], [[[127182.0, 949770.0], [127112.0, 949652.0], [127060.0, 949779.0], [127182.0, 949770.0]]], [[[219435.0, 949844.0], [219617.0, 949836.0], [219611.0, 949713.0], [219855.0, 949702.0], [219716.0, 949341.0], [219435.0, 949844.0]]], [[[131692.0, 950442.0], [131744.0, 950316.0], [131683.0, 950320.0], [131692.0, 950442.0]]], [[[218185.0, 950515.0], [218241.0, 950390.0], [218119.0, 950395.0], [218185.0, 950515.0]]], [[[218301.0, 950387.0], [218910.0, 950359.0], [218412.0, 950137.0], [218301.0, 950387.0]]], [[[131700.0, 950565.0], [131570.0, 950451.0], [131578.0, 950573.0], [131700.0, 950565.0]]], [[[220386.0, 950659.0], [220425.0, 950167.0], [219700.0, 950323.0], [220265.0, 950664.0], [220386.0, 950659.0]]], [[[132013.0, 950666.0], [131943.0, 950548.0], [131952.0, 950670.0], [132013.0, 950666.0]]], [[[218318.0, 950754.0], [218197.0, 950760.0], [218136.0, 950763.0], [218318.0, 950754.0]]], [[[217893.0, 950774.0], [217771.0, 950780.0], [217838.0, 950899.0], [217893.0, 950774.0]]], [[[221448.0, 951224.0], [221194.0, 950990.0], [221133.0, 950993.0], [221448.0, 951224.0]]], [[[217429.0, 951286.0], [217539.0, 951036.0], [217418.0, 951041.0], [217429.0, 951286.0]]], [[[217003.0, 951306.0], [216942.0, 951309.0], [217070.0, 951425.0], [217003.0, 951306.0]]], [[[216827.0, 951437.0], [216893.0, 951556.0], [216887.0, 951434.0], [216827.0, 951437.0]]], [[[218121.0, 951744.0], [217944.0, 951875.0], [218126.0, 951867.0], [218121.0, 951744.0]]], [[[218369.0, 951855.0], [218248.0, 951861.0], [218314.0, 951981.0], [218369.0, 951855.0]]], [[[218983.0, 951950.0], [218668.0, 951719.0], [218861.0, 951955.0], [218983.0, 951950.0]]], [[[218685.0, 952086.0], [218679.0, 951964.0], [218497.0, 951972.0], [218685.0, 952086.0]]], [[[219486.0, 952294.0], [219542.0, 952169.0], [219481.0, 952172.0], [219486.0, 952294.0]]], [[[218117.0, 952971.0], [218111.0, 952848.0], [218056.0, 952974.0], [218117.0, 952971.0]]], [[[217404.0, 953372.0], [217338.0, 953252.0], [217343.0, 953375.0], [217404.0, 953372.0]]], [[[155093.0, 953333.0], [155222.0, 953448.0], [155214.0, 953326.0], [155093.0, 953333.0]]], [[[217824.0, 953230.0], [218067.0, 953218.0], [217873.0, 952982.0], [217824.0, 953230.0]]], [[[218388.0, 953571.0], [218261.0, 953455.0], [218327.0, 953574.0], [218388.0, 953571.0]]], [[[218040.0, 953955.0], [218035.0, 953833.0], [217980.0, 953958.0], [218040.0, 953955.0]]], [[[216637.0, 953898.0], [216637.0, 953898.0], [216576.0, 953901.0], [216637.0, 953898.0]]], [[[216819.0, 953890.0], [216764.0, 954015.0], [216947.0, 954006.0], [216819.0, 953890.0]]], [[[218046.0, 954078.0], [218046.0, 954078.0], [217985.0, 954081.0], [218046.0, 954078.0]]], [[[136656.0, 954282.0], [136596.0, 954286.0], [136665.0, 954405.0], [136656.0, 954282.0]]], [[[217030.0, 954493.0], [217024.0, 954371.0], [216903.0, 954376.0], [217030.0, 954493.0]]], [[[217152.0, 954487.0], [217085.0, 954368.0], [217091.0, 954490.0], [217152.0, 954487.0]]], [[[239806.0, 954722.0], [239750.0, 954846.0], [239872.0, 954841.0], [239806.0, 954722.0]]], [[[239750.0, 954846.0], [239442.0, 954736.0], [239634.0, 954974.0], [239750.0, 954846.0]]], [[[219920.0, 955095.0], [219853.0, 954975.0], [219798.0, 955100.0], [219920.0, 955095.0]]], [[[220180.0, 955451.0], [220362.0, 955442.0], [220301.0, 955445.0], [220180.0, 955451.0]]], [[[220124.0, 955576.0], [220058.0, 955456.0], [219876.0, 955465.0], [219942.0, 955584.0], [220124.0, 955576.0]]], [[[220130.0, 955698.0], [220064.0, 955579.0], [220009.0, 955704.0], [219948.0, 955707.0], [220130.0, 955698.0]]], [[[257379.0, 956126.0], [257361.0, 955636.0], [256805.0, 955412.0], [257379.0, 956126.0]]], [[[220583.0, 956291.0], [220517.0, 956171.0], [220522.0, 956293.0], [220583.0, 956291.0]]], [[[139858.0, 956525.0], [139798.0, 956529.0], [139737.0, 956533.0], [139858.0, 956525.0]]], [[[257527.0, 956856.0], [257410.0, 956983.0], [257414.0, 957105.0], [257527.0, 956856.0]]], [[[220181.0, 956800.0], [220562.0, 957150.0], [220611.0, 956902.0], [220181.0, 956800.0]]], [[[220082.0, 957295.0], [220021.0, 957297.0], [219960.0, 957300.0], [220082.0, 957295.0]]], [[[257185.0, 957481.0], [257232.0, 957112.0], [257064.0, 957486.0], [257185.0, 957481.0]]], [[[219994.0, 958034.0], [219928.0, 957915.0], [219933.0, 958037.0], [219994.0, 958034.0]]], [[[141437.0, 958263.0], [141446.0, 958385.0], [141506.0, 958381.0], [141437.0, 958263.0]]], [[[216910.0, 958423.0], [217086.0, 958292.0], [216965.0, 958298.0], [216910.0, 958423.0]]], [[[219338.0, 958310.0], [219288.0, 958557.0], [219410.0, 958552.0], [219338.0, 958310.0]]], [[[242389.0, 958417.0], [242085.0, 958429.0], [242576.0, 958532.0], [242389.0, 958417.0]]], [[[217037.0, 958539.0], [217323.0, 958158.0], [217135.0, 958044.0], [217037.0, 958539.0]]], [[[219537.0, 958669.0], [219470.0, 958549.0], [219476.0, 958671.0], [219537.0, 958669.0]]], [[[217655.0, 958756.0], [218372.0, 958477.0], [217384.0, 958155.0], [217655.0, 958756.0]]], [[[257472.0, 958696.0], [257594.0, 958692.0], [257351.0, 958701.0], [257299.0, 958948.0], [257360.0, 958945.0], [257472.0, 958696.0]]], [[[218334.0, 958969.0], [218328.0, 958847.0], [218273.0, 958972.0], [218334.0, 958969.0]]], [[[218334.0, 958969.0], [218400.0, 959089.0], [218395.0, 958967.0], [218334.0, 958969.0]]], [[[217065.0, 959151.0], [217060.0, 959029.0], [216999.0, 959032.0], [217065.0, 959151.0]]], [[[217126.0, 959148.0], [217065.0, 959151.0], [217132.0, 959271.0], [217126.0, 959148.0]]], [[[217822.0, 959729.0], [217816.0, 959607.0], [217756.0, 959610.0], [217822.0, 959729.0]]], [[[217695.0, 959612.0], [217634.0, 959615.0], [217761.0, 959732.0], [217695.0, 959612.0]]], [[[259337.0, 959854.0], [259094.0, 959863.0], [259159.0, 959983.0], [259337.0, 959854.0]]], [[[260139.0, 960193.0], [260078.0, 960195.0], [260143.0, 960316.0], [260139.0, 960193.0]]], [[[217917.0, 960460.0], [217911.0, 960338.0], [217851.0, 960341.0], [217917.0, 960460.0]]], [[[156067.0, 961130.0], [155999.0, 961011.0], [156006.0, 961134.0], [156067.0, 961130.0]]], [[[146692.0, 961235.0], [146631.0, 961239.0], [146639.0, 961361.0], [146692.0, 961235.0]]], [[[148113.0, 962494.0], [148053.0, 962498.0], [148060.0, 962620.0], [148113.0, 962494.0]]], [[[336778.0, 962612.0], [336719.0, 962735.0], [336779.0, 962734.0], [336778.0, 962612.0]]], [[[270666.0, 962649.0], [270609.0, 962774.0], [270670.0, 962772.0], [270666.0, 962649.0]]], [[[154294.0, 962960.0], [154241.0, 963086.0], [154415.0, 962952.0], [154294.0, 962960.0]]], [[[247193.0, 963129.0], [247249.0, 963005.0], [247002.0, 962892.0], [247193.0, 963129.0]]], [[[258980.0, 963421.0], [259045.0, 963542.0], [259040.0, 963419.0], [258980.0, 963421.0]]], [[[270876.0, 963500.0], [270811.0, 963380.0], [270755.0, 963504.0], [270876.0, 963500.0]]], [[[260201.0, 963623.0], [260469.0, 962633.0], [259880.0, 963144.0], [260201.0, 963623.0]]], [[[270997.0, 963496.0], [270937.0, 963498.0], [270941.0, 963620.0], [270997.0, 963496.0]]], [[[218853.0, 963605.0], [218732.0, 963611.0], [218798.0, 963730.0], [218853.0, 963605.0]]], [[[236954.0, 963666.0], [236999.0, 963296.0], [236757.0, 963306.0], [236954.0, 963666.0]]], [[[150269.0, 963829.0], [150201.0, 963710.0], [150209.0, 963833.0], [150269.0, 963829.0]]], [[[260971.0, 963105.0], [260556.0, 963365.0], [261062.0, 963959.0], [260971.0, 963105.0]]], [[[274108.0, 964007.0], [274047.0, 964009.0], [274051.0, 964132.0], [274108.0, 964007.0]]], [[[272896.0, 964046.0], [272839.0, 964171.0], [272900.0, 964169.0], [272896.0, 964046.0]]], [[[274302.0, 964369.0], [274237.0, 964248.0], [274241.0, 964371.0], [274302.0, 964369.0]]], [[[259686.0, 964499.0], [259682.0, 964377.0], [259621.0, 964379.0], [259686.0, 964499.0]]], [[[274112.0, 964130.0], [274059.0, 964376.0], [274184.0, 964495.0], [274112.0, 964130.0]]], [[[337898.0, 964431.0], [338021.0, 964551.0], [338019.0, 964429.0], [337898.0, 964431.0]]], [[[259807.0, 964495.0], [259872.0, 964615.0], [259868.0, 964492.0], [259807.0, 964495.0]]], [[[153795.0, 964710.0], [153803.0, 964832.0], [153856.0, 964706.0], [153795.0, 964710.0]]], [[[261197.0, 964322.0], [261006.0, 964084.0], [261214.0, 964812.0], [261197.0, 964322.0]]], [[[266126.0, 964763.0], [266897.0, 964246.0], [265936.0, 964524.0], [266126.0, 964763.0]]], [[[271341.0, 964710.0], [271345.0, 964833.0], [271405.0, 964831.0], [271341.0, 964710.0]]], [[[153394.0, 965104.0], [153333.0, 965108.0], [153273.0, 965111.0], [153394.0, 965104.0]]], [[[237803.0, 965102.0], [238025.0, 964602.0], [237662.0, 964617.0], [237803.0, 965102.0]]], [[[153636.0, 965089.0], [153576.0, 965092.0], [153515.0, 965096.0], [153583.0, 965215.0], [153636.0, 965089.0]]], [[[153636.0, 965089.0], [153705.0, 965207.0], [153765.0, 965203.0], [153697.0, 965085.0], [153636.0, 965089.0]]], [[[259046.0, 965257.0], [259228.0, 965251.0], [259093.0, 964888.0], [259046.0, 965257.0]]], [[[257527.0, 965190.0], [257341.0, 965074.0], [257350.0, 965319.0], [257527.0, 965190.0]]], [[[150917.0, 965384.0], [150969.0, 965258.0], [150909.0, 965262.0], [150917.0, 965384.0]]], [[[291979.0, 965432.0], [291861.0, 965558.0], [291982.0, 965554.0], [291979.0, 965432.0]]], [[[257969.0, 965664.0], [258025.0, 965539.0], [257965.0, 965542.0], [257969.0, 965664.0]]], [[[152766.0, 965757.0], [152887.0, 965750.0], [152826.0, 965754.0], [152766.0, 965757.0]]], [[[238237.0, 965329.0], [237637.0, 965476.0], [237955.0, 965831.0], [238237.0, 965329.0]]], [[[278048.0, 965843.0], [278044.0, 965720.0], [277866.0, 965848.0], [278048.0, 965843.0]]], [[[246147.0, 965867.0], [246269.0, 965862.0], [246203.0, 965742.0], [246147.0, 965867.0]]], [[[150705.0, 965888.0], [150584.0, 965896.0], [150653.0, 966015.0], [150705.0, 965888.0]]], [[[279808.0, 965911.0], [279751.0, 966035.0], [279812.0, 966033.0], [279808.0, 965911.0]]], [[[246273.0, 965985.0], [246092.0, 965992.0], [246218.0, 966110.0], [246273.0, 965985.0]]], [[[263161.0, 964988.0], [264762.0, 965668.0], [263936.0, 964594.0], [263161.0, 964988.0]]], [[[275205.0, 966055.0], [275088.0, 966181.0], [275148.0, 966179.0], [275205.0, 966055.0]]], [[[263330.0, 966330.0], [263369.0, 965716.0], [262772.0, 965982.0], [263330.0, 966330.0]]], [[[262966.0, 966343.0], [262897.0, 966101.0], [262776.0, 966105.0], [262966.0, 966343.0]]], [[[218615.0, 966314.0], [218603.0, 966069.0], [218548.0, 966195.0], [218615.0, 966314.0]]], [[[280304.0, 966263.0], [280243.0, 966265.0], [280308.0, 966385.0], [280304.0, 966263.0]]], [[[280489.0, 966380.0], [280425.0, 966259.0], [280429.0, 966382.0], [280489.0, 966380.0]]], [[[152085.0, 966537.0], [153265.0, 964989.0], [153636.0, 965089.0], [154151.0, 964565.0], [153832.0, 963357.0], [154339.0, 962711.0], [154885.0, 962677.0], [154839.0, 961943.0], [156287.0, 960748.0], [156673.0, 955199.0], [155397.0, 954296.0], [153411.0, 949878.0], [156522.0, 946860.0], [152151.0, 944432.0], [151274.0, 943137.0], [151502.0, 941895.0], [148193.0, 941859.0], [148998.0, 939107.0], [147639.0, 938948.0], [146992.0, 939358.0], [146870.0, 939366.0], [146809.0, 939370.0], [146628.0, 936557.0], [143004.0, 934581.0], [148439.0, 932266.0], [156229.0, 938162.0], [156328.0, 937787.0], [156443.0, 937657.0], [157312.0, 937849.0], [157443.0, 936982.0], [156291.0, 936194.0], [156734.0, 935430.0], [155559.0, 934275.0], [155698.0, 932547.0], [152772.0, 929906.0], [149958.0, 929100.0], [148065.0, 932167.0], [144271.0, 930446.0], [143953.0, 932186.0], [142197.0, 932546.0], [142444.0, 933512.0], [141777.0, 932696.0], [142096.0, 931938.0], [142027.0, 931820.0], [141965.0, 931824.0], [141782.0, 931836.0], [142436.0, 930565.0], [143316.0, 930877.0], [143160.0, 926589.0], [139754.0, 926197.0], [139742.0, 925093.0], [140286.0, 924934.0], [141566.0, 925710.0], [142967.0, 925496.0], [142879.0, 924151.0], [135680.0, 925976.0], [137028.0, 924044.0], [139401.0, 923641.0], [137919.0, 922634.0], [137479.0, 921558.0], [133033.0, 921363.0], [126907.0, 920061.0], [127532.0, 919281.0], [128441.0, 919955.0], [128310.0, 919841.0], [128591.0, 919454.0], [128574.0, 919209.0], [130367.0, 920192.0], [130913.0, 919173.0], [136494.0, 920641.0], [138898.0, 919745.0], [140959.0, 922066.0], [140882.0, 919001.0], [142050.0, 919907.0], [142491.0, 918159.0], [142039.0, 914996.0], [138110.0, 915253.0], [142889.0, 913836.0], [140760.0, 909553.0], [136733.0, 912151.0], [129543.0, 910790.0], [136998.0, 908694.0], [135449.0, 903025.0], [132534.0, 901991.0], [130987.0, 905657.0], [131290.0, 900969.0], [129315.0, 901962.0], [129022.0, 900385.0], [125367.0, 906654.0], [127285.0, 901241.0], [127215.0, 901122.0], [127162.0, 901249.0], [127153.0, 901127.0], [127030.0, 901135.0], [127100.0, 901253.0], [126784.0, 901152.0], [126299.0, 901308.0], [125767.0, 902573.0], [124706.0, 901540.0], [121958.0, 906522.0], [121744.0, 912311.0], [124860.0, 915411.0], [124884.0, 916638.0], [127411.0, 915727.0], [129487.0, 916322.0], [123146.0, 917373.0], [124386.0, 915689.0], [118848.0, 911531.0], [120858.0, 906721.0], [119374.0, 905843.0], [121713.0, 905679.0], [123342.0, 901512.0], [120930.0, 901557.0], [123573.0, 897688.0], [115431.0, 899979.0], [115302.0, 896425.0], [117550.0, 895774.0], [118880.0, 891749.0], [115297.0, 892862.0], [115371.0, 889539.0], [112642.0, 893052.0], [111460.0, 893014.0], [113040.0, 890811.0], [112202.0, 889520.0], [111301.0, 890813.0], [111452.0, 888591.0], [109960.0, 889436.0], [110428.0, 886453.0], [107530.0, 887646.0], [108740.0, 885469.0], [106875.0, 885482.0], [106194.0, 884671.0], [105874.0, 882851.0], [103876.0, 883612.0], [104546.0, 881720.0], [103998.0, 881883.0], [101980.0, 886579.0], [95444.0, 894691.0], [98370.0, 893978.0], [98600.0, 891256.0], [103532.0, 894944.0], [104031.0, 897489.0], [109212.0, 897109.0], [106210.0, 899294.0], [106918.0, 901331.0], [114902.0, 900385.0], [111944.0, 903178.0], [113572.0, 903429.0], [113071.0, 904202.0], [109271.0, 904723.0], [110125.0, 906259.0], [108805.0, 905126.0], [104581.0, 908263.0], [103957.0, 908187.0], [104650.0, 907521.0], [104614.0, 907032.0], [102996.0, 906906.0], [101059.0, 909140.0], [99740.0, 908871.0], [99356.0, 911973.0], [97887.0, 911347.0], [99937.0, 914756.0], [101749.0, 913391.0], [105391.0, 916684.0], [110610.0, 917160.0], [101401.0, 916982.0], [104102.0, 920098.0], [103580.0, 921366.0], [101312.0, 919078.0], [99371.0, 920331.0], [99558.0, 921177.0], [99227.0, 921694.0], [99461.0, 923151.0], [98895.0, 923809.0], [99162.0, 924895.0], [98393.0, 925322.0], [98091.0, 926206.0], [97733.0, 926356.0], [98119.0, 926572.0], [97770.0, 926845.0], [98114.0, 927310.0], [97982.0, 927197.0], [98194.0, 927550.0], [98062.0, 927437.0], [98273.0, 927790.0], [98081.0, 927682.0], [98292.0, 928034.0], [98222.0, 927917.0], [98231.0, 928039.0], [98292.0, 928034.0], [98231.0, 928039.0], [98353.0, 928030.0], [98301.0, 928157.0], [99017.0, 927856.0], [99431.0, 928439.0], [99138.0, 929445.0], [100840.0, 930791.0], [100080.0, 932938.0], [101358.0, 933579.0], [101425.0, 932837.0], [102865.0, 932359.0], [103156.0, 932952.0], [103525.0, 931326.0], [105705.0, 932516.0], [104506.0, 934572.0], [102505.0, 934107.0], [103734.0, 938194.0], [105299.0, 939429.0], [108265.0, 936381.0], [108950.0, 938174.0], [109914.0, 936260.0], [111877.0, 935379.0], [108567.0, 934639.0], [110134.0, 932557.0], [112527.0, 932505.0], [112296.0, 929327.0], [112896.0, 925719.0], [113936.0, 923924.0], [113013.0, 929889.0], [112690.0, 929667.0], [113810.0, 930691.0], [113269.0, 931714.0], [113523.0, 932678.0], [113540.0, 932063.0], [114492.0, 931625.0], [114327.0, 932743.0], [114414.0, 933105.0], [116458.0, 934187.0], [119069.0, 932034.0], [121060.0, 932385.0], [121718.0, 929513.0], [123446.0, 931357.0], [120274.0, 933423.0], [121635.0, 933573.0], [121722.0, 934795.0], [117943.0, 939487.0], [117604.0, 941600.0], [118449.0, 941417.0], [120366.0, 942509.0], [117134.0, 942740.0], [118415.0, 943508.0], [118659.0, 944351.0], [119138.0, 944194.0], [118650.0, 945089.0], [121340.0, 945020.0], [122750.0, 945903.0], [122428.0, 946541.0], [123167.0, 946611.0], [123645.0, 947315.0], [123471.0, 947450.0], [123532.0, 947446.0], [123471.0, 947450.0], [123715.0, 947433.0], [123767.0, 947306.0], [124202.0, 947399.0], [124879.0, 948334.0], [125498.0, 947554.0], [126801.0, 948691.0], [126930.0, 949665.0], [126982.0, 949539.0], [126991.0, 949661.0], [127051.0, 949657.0], [127112.0, 949652.0], [127173.0, 949648.0], [127234.0, 949644.0], [127295.0, 949640.0], [127234.0, 949644.0], [127356.0, 949636.0], [127417.0, 949631.0], [127469.0, 949505.0], [127591.0, 949496.0], [127538.0, 949623.0], [127608.0, 949741.0], [127973.0, 949716.0], [127998.0, 950082.0], [128096.0, 948847.0], [128436.0, 948455.0], [128157.0, 948843.0], [128296.0, 949079.0], [129948.0, 949088.0], [131805.0, 950312.0], [132065.0, 950540.0], [132013.0, 950666.0], [132021.0, 950788.0], [134037.0, 950774.0], [136048.0, 954323.0], [136587.0, 954164.0], [136596.0, 954286.0], [136656.0, 954282.0], [136596.0, 954286.0], [136900.0, 954266.0], [137333.0, 954360.0], [146288.0, 960647.0], [147079.0, 961578.0], [147515.0, 962655.0], [147628.0, 962525.0], [147636.0, 962647.0], [147871.0, 962509.0], [147931.0, 962505.0], [148053.0, 962498.0], [148113.0, 962494.0], [148356.0, 962478.0], [148720.0, 962455.0], [148773.0, 962328.0], [148902.0, 962443.0], [148955.0, 962317.0], [151233.0, 964627.0], [151122.0, 965739.0], [150576.0, 965774.0], [150705.0, 965888.0], [150782.0, 966129.0], [151077.0, 965988.0], [151350.0, 966461.0], [151585.0, 966324.0], [151722.0, 966560.0], [151835.0, 966430.0], [151843.0, 966553.0], [151903.0, 966549.0], [152085.0, 966537.0]]], [[[152085.0, 966537.0], [152025.0, 966541.0], [151964.0, 966545.0], [152032.0, 966663.0], [152085.0, 966537.0]]], [[[152154.0, 966656.0], [152146.0, 966533.0], [152093.0, 966660.0], [152154.0, 966656.0]]], [[[276977.0, 966489.0], [276916.0, 966491.0], [276981.0, 966611.0], [276977.0, 966489.0]]], [[[151919.0, 966793.0], [152040.0, 966786.0], [151980.0, 966790.0], [151919.0, 966793.0]]], [[[287774.0, 966776.0], [287835.0, 966774.0], [287831.0, 966652.0], [287774.0, 966776.0]]], [[[243027.0, 966727.0], [243022.0, 966605.0], [242962.0, 966607.0], [243027.0, 966727.0]]], [[[280871.0, 966981.0], [280928.0, 966856.0], [280868.0, 966858.0], [280871.0, 966981.0]]], [[[298021.0, 966984.0], [297960.0, 966986.0], [298081.0, 966983.0], [298021.0, 966984.0]]], [[[297900.0, 966988.0], [297779.0, 966991.0], [297903.0, 967110.0], [297900.0, 966988.0]]], [[[243224.0, 967087.0], [243279.0, 966962.0], [243163.0, 967089.0], [243224.0, 967087.0]]], [[[255242.0, 967358.0], [255177.0, 967237.0], [255181.0, 967360.0], [255242.0, 967358.0]]], [[[280882.0, 967348.0], [280761.0, 967352.0], [280765.0, 967474.0], [280882.0, 967348.0]]], [[[243834.0, 967185.0], [245065.0, 967626.0], [244934.0, 967386.0], [243834.0, 967185.0]]], [[[245568.0, 968096.0], [245624.0, 967972.0], [245503.0, 967976.0], [245568.0, 968096.0]]], [[[245685.0, 967969.0], [245629.0, 968094.0], [245750.0, 968089.0], [245685.0, 967969.0]]], [[[254063.0, 968260.0], [254002.0, 968262.0], [254007.0, 968384.0], [254063.0, 968260.0]]], [[[249769.0, 968545.0], [249825.0, 968420.0], [249765.0, 968423.0], [249769.0, 968545.0]]], [[[251283.0, 968487.0], [251348.0, 968607.0], [251343.0, 968485.0], [251283.0, 968487.0]]], [[[236679.0, 968704.0], [237269.0, 968311.0], [237017.0, 968077.0], [236679.0, 968704.0]]], [[[250016.0, 968658.0], [250021.0, 968781.0], [250081.0, 968778.0], [250016.0, 968658.0]]], [[[237416.0, 968918.0], [237537.0, 968913.0], [237532.0, 968791.0], [237416.0, 968918.0]]], [[[282142.0, 968902.0], [282145.0, 969025.0], [282206.0, 969023.0], [282142.0, 968902.0]]], [[[282085.0, 969027.0], [282017.0, 968784.0], [281964.0, 969030.0], [282085.0, 969027.0]]], [[[282534.0, 969871.0], [282655.0, 969867.0], [282651.0, 969745.0], [282534.0, 969871.0]]], [[[238445.0, 970347.0], [238501.0, 970222.0], [238440.0, 970224.0], [238445.0, 970347.0]]], [[[236383.0, 970310.0], [236378.0, 970188.0], [236262.0, 970315.0], [236383.0, 970310.0]]], [[[238087.0, 970484.0], [238143.0, 970359.0], [238082.0, 970362.0], [238087.0, 970484.0]]], [[[237966.0, 970489.0], [237901.0, 970369.0], [237906.0, 970492.0], [237966.0, 970489.0]]], [[[239877.0, 971268.0], [239812.0, 971148.0], [239817.0, 971271.0], [239877.0, 971268.0]]], [[[239696.0, 971276.0], [239630.0, 971156.0], [239635.0, 971278.0], [239696.0, 971276.0]]], [[[238068.0, 971466.0], [238007.0, 971468.0], [238012.0, 971591.0], [238068.0, 971466.0]]], [[[310549.0, 971699.0], [310546.0, 971577.0], [310488.0, 971701.0], [310549.0, 971699.0]]], [[[340012.0, 971868.0], [340012.0, 971868.0], [339952.0, 971869.0], [340012.0, 971868.0]]], [[[234756.0, 971973.0], [234630.0, 971855.0], [234635.0, 971978.0], [234756.0, 971973.0]]], [[[234701.0, 972097.0], [234575.0, 971980.0], [234580.0, 972103.0], [234701.0, 972097.0]]], [[[228993.0, 973202.0], [228998.0, 973325.0], [229053.0, 973200.0], [228993.0, 973202.0]]], [[[230037.0, 973524.0], [229976.0, 973527.0], [229982.0, 973649.0], [230042.0, 973647.0], [230037.0, 973524.0]]], [[[233367.0, 973503.0], [233186.0, 973511.0], [233373.0, 973625.0], [233367.0, 973503.0]]], [[[329054.0, 974625.0], [329052.0, 974502.0], [328994.0, 974626.0], [329054.0, 974625.0]]], [[[331771.0, 974453.0], [331648.0, 974333.0], [331653.0, 974578.0], [331771.0, 974453.0]]], [[[326818.0, 974666.0], [326877.0, 974543.0], [326758.0, 974667.0], [326818.0, 974666.0]]], [[[329240.0, 974866.0], [329179.0, 974867.0], [329119.0, 974868.0], [329240.0, 974866.0]]], [[[329905.0, 974854.0], [329907.0, 974977.0], [329965.0, 974853.0], [329905.0, 974854.0]]], [[[225618.0, 974946.0], [225733.0, 974818.0], [225612.0, 974824.0], [225618.0, 974946.0]]], [[[331068.0, 975691.0], [331126.0, 975567.0], [331066.0, 975568.0], [331068.0, 975691.0]]], [[[331066.0, 975568.0], [331005.0, 975569.0], [331068.0, 975691.0], [331066.0, 975568.0]]], [[[347273.0, 976539.0], [347152.0, 976541.0], [347395.0, 976660.0], [347273.0, 976539.0]]], [[[328441.0, 974146.0], [332890.0, 972719.0], [340639.0, 973328.0], [339833.0, 971993.0], [339471.0, 968202.0], [337706.0, 967618.0], [337960.0, 964552.0], [334559.0, 960444.0], [334180.0, 959593.0], [334028.0, 957758.0], [333963.0, 957514.0], [333848.0, 957884.0], [333306.0, 958138.0], [333427.0, 958136.0], [333429.0, 958258.0], [333312.0, 958505.0], [333132.0, 958631.0], [333136.0, 958876.0], [333078.0, 958999.0], [333017.0, 959000.0], [333072.0, 958632.0], [333429.0, 958258.0], [333306.0, 958138.0], [333902.0, 957515.0], [333963.0, 957514.0], [334026.0, 957636.0], [335252.0, 954676.0], [338960.0, 954861.0], [338168.0, 950832.0], [334535.0, 951749.0], [337723.0, 949615.0], [335303.0, 943041.0], [332026.0, 940279.0], [328715.0, 935929.0], [328530.0, 935810.0], [327918.0, 935698.0], [327976.0, 935575.0], [327427.0, 935585.0], [327239.0, 935343.0], [327059.0, 935469.0], [327052.0, 935102.0], [326263.0, 935361.0], [324662.0, 934657.0], [324486.0, 935028.0], [319054.0, 932196.0], [311480.0, 921458.0], [293619.0, 909034.0], [290946.0, 903472.0], [282763.0, 899538.0], [281477.0, 895656.0], [279874.0, 895704.0], [280958.0, 896897.0], [281223.0, 897501.0], [281172.0, 897870.0], [276909.0, 897632.0], [277600.0, 896018.0], [281575.0, 894796.0], [280670.0, 887227.0], [277117.0, 888314.0], [274767.0, 886304.0], [272689.0, 887105.0], [273422.0, 888797.0], [271160.0, 887644.0], [267695.0, 889472.0], [264187.0, 888119.0], [257455.0, 897053.0], [257072.0, 896699.0], [256852.0, 897442.0], [255571.0, 897856.0], [254862.0, 898740.0], [254132.0, 899011.0], [250374.0, 899150.0], [249544.0, 900039.0], [247553.0, 901218.0], [246014.0, 901277.0], [250308.0, 899030.0], [254554.0, 898751.0], [255447.0, 897861.0], [256601.0, 897329.0], [263536.0, 887161.0], [269936.0, 888051.0], [271622.0, 884688.0], [274265.0, 884115.0], [274280.0, 884604.0], [273554.0, 885117.0], [273140.0, 885743.0], [273272.0, 885984.0], [275470.0, 885057.0], [275269.0, 884573.0], [276615.0, 884042.0], [277694.0, 882906.0], [278360.0, 882396.0], [278545.0, 882390.0], [278665.0, 882264.0], [279033.0, 882130.0], [283721.0, 885790.0], [286165.0, 884739.0], [287436.0, 883724.0], [287611.0, 883351.0], [286333.0, 884122.0], [284105.0, 881981.0], [289648.0, 883172.0], [294969.0, 887807.0], [282297.0, 868803.0], [278642.0, 869156.0], [280554.0, 872897.0], [280470.0, 874247.0], [276656.0, 873259.0], [270845.0, 868173.0], [263632.0, 868042.0], [264129.0, 866188.0], [260915.0, 864949.0], [256145.0, 858499.0], [256083.0, 858501.0], [255847.0, 858877.0], [255727.0, 859004.0], [254984.0, 859153.0], [256265.0, 858372.0], [255176.0, 857553.0], [255017.0, 856579.0], [253994.0, 855880.0], [253848.0, 855273.0], [267321.0, 866817.0], [270938.0, 867190.0], [271555.0, 865087.0], [281009.0, 867248.0], [274491.0, 859482.0], [275058.0, 855666.0], [271766.0, 856014.0], [269102.0, 852669.0], [265317.0, 853283.0], [268763.0, 851822.0], [266199.0, 847863.0], [257320.0, 849390.0], [254140.0, 847787.0], [253967.0, 846446.0], [252973.0, 846604.0], [252772.0, 846244.0], [253196.0, 845861.0], [252518.0, 846130.0], [252367.0, 845400.0], [251805.0, 845421.0], [251542.0, 845063.0], [251711.0, 844567.0], [251836.0, 844562.0], [251738.0, 845301.0], [252367.0, 845400.0], [252755.0, 845754.0], [253254.0, 845736.0], [253151.0, 846352.0], [254083.0, 846196.0], [255455.0, 847863.0], [257503.0, 845707.0], [265992.0, 847257.0], [266126.0, 845660.0], [266485.0, 845158.0], [266394.0, 844303.0], [266602.0, 844909.0], [266455.0, 846139.0], [266046.0, 847010.0], [270212.0, 846385.0], [271502.0, 849652.0], [273424.0, 849224.0], [277743.0, 853747.0], [275960.0, 856619.0], [277048.0, 857566.0], [279819.0, 858585.0], [282258.0, 856798.0], [282328.0, 857041.0], [282826.0, 857027.0], [282950.0, 857023.0], [283203.0, 857139.0], [282335.0, 857286.0], [280200.0, 858819.0], [288539.0, 856376.0], [299265.0, 864301.0], [297389.0, 863859.0], [301517.0, 864858.0], [303422.0, 863955.0], [303147.0, 862859.0], [302150.0, 862761.0], [301827.0, 862279.0], [302428.0, 861407.0], [305034.0, 861100.0], [305453.0, 863050.0], [303194.0, 864818.0], [308913.0, 864807.0], [310876.0, 869295.0], [320417.0, 871422.0], [323642.0, 871360.0], [323685.0, 870379.0], [324719.0, 869258.0], [323876.0, 870621.0], [334144.0, 864807.0], [339541.0, 864233.0], [349356.0, 868873.0], [350763.0, 867264.0], [354926.0, 867460.0], [355965.0, 865979.0], [357344.0, 867189.0], [365964.0, 866005.0], [368997.0, 864633.0], [368546.0, 862556.0], [370553.0, 864989.0], [370924.0, 864742.0], [371733.0, 864981.0], [371917.0, 864612.0], [372848.0, 864606.0], [372974.0, 864850.0], [373096.0, 864482.0], [374340.0, 864718.0], [374404.0, 864963.0], [374590.0, 864962.0], [376574.0, 864337.0], [378691.0, 865183.0], [379557.0, 864444.0], [382303.0, 867369.0], [384407.0, 865524.0], [389063.0, 864651.0], [393044.0, 867948.0], [399934.0, 867697.0], [399996.0, 866228.0], [400431.0, 865616.0], [404841.0, 865006.0], [406649.0, 860479.0], [410636.0, 858039.0], [411412.0, 847512.0], [414035.0, 846418.0], [412478.0, 845433.0], [413540.0, 845192.0], [412296.0, 843841.0], [413548.0, 842743.0], [413053.0, 841395.0], [413241.0, 841273.0], [412056.0, 840413.0], [410005.0, 835633.0], [408380.0, 835017.0], [408634.0, 833303.0], [407946.0, 832935.0], [408009.0, 832690.0], [407884.0, 832812.0], [407759.0, 832689.0], [407759.0, 832567.0], [407821.0, 832567.0], [407634.0, 832444.0], [407572.0, 832199.0], [407321.0, 832199.0], [407009.0, 831709.0], [406946.0, 831831.0], [406884.0, 831464.0], [405507.0, 830605.0], [400810.0, 824357.0], [400684.0, 828765.0], [399055.0, 830112.0], [396925.0, 830357.0], [400371.0, 828520.0], [399242.0, 827173.0], [400685.0, 823745.0], [395587.0, 809914.0], [395083.0, 809425.0], [394139.0, 809671.0], [393635.0, 809672.0], [393572.0, 809549.0], [393760.0, 809182.0], [393635.0, 809672.0], [394453.0, 809303.0], [395335.0, 809302.0], [395461.0, 809547.0], [396402.0, 806118.0], [394323.0, 806120.0], [395519.0, 805507.0], [394637.0, 805508.0], [394448.0, 805386.0], [394258.0, 805019.0], [394194.0, 804284.0], [393185.0, 804163.0], [392995.0, 803919.0], [392805.0, 803307.0], [396717.0, 805995.0], [397157.0, 804159.0], [397157.0, 804281.0], [397157.0, 804159.0], [397094.0, 804159.0], [396905.0, 803792.0], [396967.0, 803669.0], [396715.0, 803425.0], [396778.0, 803057.0], [396463.0, 803057.0], [396209.0, 801711.0], [395641.0, 801467.0], [395703.0, 800610.0], [395388.0, 800610.0], [394629.0, 799264.0], [394500.0, 797428.0], [390256.0, 791805.0], [389233.0, 787523.0], [387393.0, 786304.0], [388465.0, 784587.0], [387893.0, 784221.0], [388273.0, 783975.0], [387955.0, 783731.0], [388208.0, 783486.0], [388207.0, 783119.0], [388144.0, 783119.0], [388017.0, 783119.0], [387953.0, 782997.0], [388079.0, 782507.0], [387825.0, 782508.0], [388140.0, 781772.0], [387886.0, 781528.0], [387884.0, 780916.0], [388134.0, 779691.0], [386924.0, 778226.0], [385897.0, 774679.0], [380210.0, 767235.0], [372863.0, 762380.0], [374139.0, 762616.0], [372255.0, 756997.0], [370866.0, 759088.0], [366016.0, 758390.0], [368488.0, 756412.0], [373400.0, 756623.0], [368768.0, 751268.0], [370660.0, 747827.0], [367033.0, 741733.0], [356072.0, 733999.0], [354816.0, 730462.0], [350666.0, 732344.0], [339138.0, 729189.0], [335300.0, 730103.0], [324210.0, 720248.0], [320135.0, 719098.0], [317280.0, 721234.0], [314984.0, 722259.0], [312850.0, 721690.0], [311831.0, 725262.0], [310636.0, 726512.0], [310379.0, 726517.0], [311947.0, 721586.0], [313555.0, 721553.0], [314725.0, 722142.0], [319675.0, 718617.0], [317616.0, 718656.0], [317416.0, 718293.0], [317723.0, 717552.0], [317328.0, 717070.0], [317339.0, 717682.0], [317034.0, 718545.0], [315492.0, 718698.0], [313361.0, 718374.0], [313176.0, 718745.0], [312985.0, 718871.0], [312854.0, 718752.0], [312792.0, 718875.0], [312730.0, 718999.0], [312733.0, 719121.0], [312483.0, 719494.0], [312293.0, 719620.0], [312164.0, 719623.0], [312097.0, 719502.0], [312092.0, 719257.0], [312280.0, 719008.0], [312213.0, 718887.0], [311837.0, 719385.0], [310679.0, 719409.0], [313552.0, 718247.0], [317032.0, 718423.0], [317325.0, 716948.0], [317852.0, 717550.0], [317678.0, 718533.0], [322438.0, 718321.0], [326325.0, 719721.0], [343312.0, 729254.0], [350234.0, 728310.0], [349184.0, 721099.0], [345178.0, 719680.0], [345037.0, 718703.0], [343745.0, 718352.0], [342824.0, 716896.0], [349426.0, 719750.0], [352148.0, 715801.0], [359217.0, 714258.0], [363226.0, 708591.0], [349829.0, 699302.0], [346149.0, 699714.0], [343019.0, 702570.0], [337177.0, 700693.0], [338269.0, 700187.0], [337540.0, 698974.0], [328634.0, 692257.0], [327040.0, 686163.0], [313153.0, 682626.0], [313361.0, 680051.0], [302001.0, 686172.0], [295036.0, 685234.0], [290251.0, 690987.0], [287375.0, 692531.0], [286183.0, 691583.0], [286063.0, 691953.0], [286458.0, 692188.0], [286536.0, 692676.0], [285407.0, 694053.0], [284613.0, 693462.0], [284189.0, 692126.0], [283745.0, 692505.0], [284273.0, 692858.0], [284099.0, 693598.0], [282708.0, 694861.0], [281516.0, 693914.0], [284031.0, 693477.0], [283616.0, 692509.0], [283923.0, 691888.0], [285704.0, 693065.0], [286105.0, 691095.0], [288194.0, 691652.0], [292164.0, 687142.0], [293094.0, 682833.0], [292245.0, 682609.0], [291914.0, 682373.0], [291200.0, 682391.0], [290739.0, 682157.0], [291976.0, 682249.0], [293873.0, 682814.0], [294416.0, 683780.0], [294812.0, 684015.0], [295263.0, 683882.0], [295920.0, 681539.0], [294527.0, 680349.0], [294512.0, 679737.0], [300543.0, 682042.0], [306004.0, 679348.0], [315754.0, 679513.0], [318751.0, 676517.0], [326321.0, 678218.0], [334359.0, 672701.0], [343911.0, 676851.0], [344537.0, 680025.0], [347596.0, 680599.0], [346244.0, 681473.0], [346055.0, 681965.0], [346134.0, 683065.0], [349477.0, 685963.0], [357840.0, 685627.0], [363834.0, 681288.0], [363754.0, 679453.0], [363112.0, 680315.0], [362973.0, 679215.0], [362391.0, 679587.0], [362326.0, 679588.0], [361936.0, 679469.0], [361672.0, 678982.0], [361542.0, 678983.0], [361473.0, 678616.0], [361277.0, 678495.0], [361211.0, 678374.0], [367846.0, 679543.0], [379104.0, 671028.0], [391398.0, 669394.0], [397967.0, 657514.0], [394701.0, 655558.0], [392732.0, 649564.0], [392470.0, 649442.0], [392143.0, 649565.0], [391620.0, 649688.0], [391031.0, 649567.0], [388999.0, 647246.0], [389649.0, 645898.0], [384458.0, 639917.0], [385371.0, 638689.0], [380720.0, 639320.0], [378942.0, 637614.0], [384945.0, 629144.0], [387350.0, 620202.0], [389652.0, 619462.0], [385489.0, 614945.0], [378822.0, 612770.0], [378734.0, 608242.0], [376082.0, 606175.0], [369151.0, 606585.0], [367079.0, 603295.0], [364630.0, 602825.0], [359018.0, 596387.0], [361256.0, 594898.0], [359908.0, 592340.0], [357654.0, 592116.0], [355281.0, 586754.0], [347474.0, 582923.0], [338840.0, 573119.0], [332926.0, 573694.0], [334276.0, 570491.0], [330196.0, 565045.0], [326710.0, 563877.0], [323003.0, 565531.0], [320651.0, 564470.0], [318920.0, 564624.0], [318473.0, 565733.0], [319155.0, 566578.0], [318962.0, 566948.0], [319440.0, 567552.0], [319311.0, 567799.0], [318271.0, 565615.0], [318844.0, 564135.0], [309930.0, 565285.0], [308507.0, 567395.0], [307307.0, 567420.0], [306626.0, 566700.0], [306613.0, 566088.0], [306487.0, 566458.0], [306090.0, 566588.0], [306226.0, 566708.0], [305965.0, 566958.0], [305765.0, 566962.0], [305549.0, 566232.0], [305483.0, 566234.0], [305221.0, 566484.0], [304950.0, 566245.0], [304699.0, 566985.0], [304432.0, 566991.0], [304504.0, 567234.0], [304301.0, 567116.0], [304107.0, 567365.0], [303974.0, 567368.0], [303702.0, 567129.0], [303704.0, 567251.0], [303574.0, 567376.0], [303502.0, 567133.0], [303243.0, 567506.0], [304107.0, 567365.0], [304950.0, 566245.0], [305413.0, 566113.0], [305416.0, 566235.0], [305483.0, 566234.0], [305549.0, 566232.0], [305685.0, 566352.0], [305760.0, 566718.0], [305962.0, 566836.0], [306088.0, 566466.0], [306480.0, 566090.0], [306613.0, 566088.0], [306813.0, 566084.0], [306895.0, 566816.0], [307369.0, 567174.0], [308166.0, 567035.0], [305580.0, 564518.0], [302644.0, 564458.0], [300210.0, 565981.0], [299235.0, 570043.0], [297551.0, 572163.0], [297682.0, 574975.0], [296976.0, 576094.0], [296764.0, 572670.0], [299218.0, 569309.0], [298210.0, 560150.0], [299899.0, 558031.0], [297743.0, 554284.0], [291747.0, 555159.0], [291364.0, 555903.0], [291503.0, 556145.0], [291564.0, 555898.0], [291698.0, 555895.0], [292037.0, 556132.0], [291837.0, 556137.0], [291773.0, 556261.0], [291910.0, 556380.0], [289278.0, 555342.0], [287005.0, 552705.0], [286608.0, 552838.0], [286267.0, 552601.0], [285462.0, 552499.0], [285459.0, 552377.0], [285392.0, 552379.0], [285258.0, 552382.0], [283841.0, 557071.0], [282178.0, 557359.0], [283329.0, 557941.0], [283157.0, 559048.0], [283297.0, 559289.0], [283304.0, 559534.0], [283437.0, 559530.0], [283507.0, 559651.0], [283383.0, 560022.0], [282992.0, 560399.0], [282108.0, 557239.0], [284033.0, 551556.0], [281821.0, 553940.0], [282227.0, 551603.0], [280425.0, 551773.0], [282899.0, 549137.0], [273707.0, 543631.0], [267242.0, 544919.0], [268625.0, 548674.0], [266959.0, 548968.0], [268992.0, 552092.0], [268549.0, 552962.0], [269499.0, 553424.0], [268656.0, 554306.0], [265677.0, 548639.0], [265312.0, 543139.0], [263648.0, 545761.0], [261341.0, 544852.0], [257486.0, 550116.0], [257367.0, 552691.0], [259806.0, 555798.0], [259610.0, 555927.0], [259947.0, 556039.0], [259904.0, 556775.0], [255121.0, 551538.0], [252396.0, 552117.0], [247180.0, 556211.0], [247401.0, 558775.0], [246529.0, 558682.0], [246404.0, 560891.0], [244953.0, 561431.0], [245800.0, 562749.0], [245738.0, 562874.0], [245671.0, 562876.0], [245604.0, 562879.0], [245533.0, 562759.0], [245471.0, 562883.0], [245538.0, 562881.0], [245546.0, 563126.0], [245479.0, 563128.0], [245488.0, 563373.0], [245625.0, 563490.0], [245500.0, 563740.0], [245767.0, 563730.0], [245834.0, 563728.0], [246005.0, 564825.0], [245943.0, 564949.0], [245809.0, 564954.0], [245751.0, 565201.0], [245846.0, 564095.0], [245434.0, 563742.0], [245400.0, 562763.0], [245533.0, 562759.0], [245738.0, 562874.0], [245733.0, 562752.0], [245387.0, 562396.0], [245196.0, 562648.0], [245187.0, 562403.0], [243995.0, 562689.0], [243453.0, 562463.0], [243074.0, 563089.0], [243607.0, 563070.0], [243566.0, 563807.0], [241654.0, 564486.0], [243500.0, 563809.0], [242794.0, 562731.0], [246321.0, 560404.0], [244688.0, 557643.0], [246441.0, 558073.0], [244463.0, 556916.0], [244754.0, 555681.0], [244278.0, 555453.0], [244608.0, 555319.0], [243781.0, 554613.0], [243843.0, 554488.0], [244039.0, 554359.0], [243764.0, 554123.0], [243567.0, 554253.0], [243358.0, 554015.0], [243229.0, 554142.0], [242962.0, 554151.0], [242953.0, 553907.0], [242690.0, 554038.0], [242489.0, 554045.0], [242226.0, 554177.0], [241959.0, 554187.0], [241621.0, 554076.0], [241157.0, 554215.0], [241036.0, 554587.0], [240845.0, 554838.0], [240840.0, 554716.0], [241090.0, 554217.0], [241621.0, 554076.0], [242953.0, 553907.0], [243830.0, 554121.0], [243960.0, 553994.0], [244156.0, 553865.0], [244223.0, 553862.0], [244152.0, 553742.0], [244022.0, 553869.0], [244018.0, 553747.0], [244143.0, 553498.0], [244658.0, 554827.0], [245120.0, 550769.0], [249566.0, 547557.0], [247730.0, 546761.0], [248611.0, 537056.0], [244816.0, 534122.0], [234519.0, 541102.0], [232805.0, 545575.0], [226045.0, 551099.0], [221464.0, 552137.0], [219281.0, 556145.0], [219189.0, 555536.0], [216891.0, 556609.0], [216547.0, 556378.0], [216470.0, 556136.0], [216203.0, 556147.0], [216064.0, 556030.0], [215802.0, 556163.0], [215596.0, 556049.0], [215606.0, 556294.0], [215406.0, 556302.0], [215611.0, 556416.0], [215550.0, 556541.0], [215416.0, 556547.0], [215344.0, 556427.0], [215211.0, 556433.0], [215205.0, 556310.0], [215072.0, 556316.0], [215200.0, 556188.0], [214923.0, 555954.0], [214938.0, 556321.0], [214871.0, 556324.0], [215416.0, 556547.0], [215611.0, 556416.0], [215478.0, 556422.0], [215406.0, 556302.0], [215658.0, 555924.0], [216331.0, 556019.0], [216470.0, 556136.0], [216608.0, 556253.0], [216613.0, 556375.0], [217036.0, 555255.0], [211434.0, 552546.0], [209761.0, 549431.0], [212836.0, 537906.0], [215295.0, 535599.0], [214091.0, 532463.0], [215969.0, 530671.0], [214471.0, 530242.0], [208904.0, 533905.0], [209678.0, 541102.0], [207430.0, 541932.0], [206522.0, 547363.0], [198622.0, 555185.0], [195876.0, 564011.0], [197510.0, 572027.0], [202052.0, 573661.0], [203926.0, 563162.0], [205837.0, 560995.0], [208215.0, 561873.0], [204485.0, 574412.0], [209080.0, 586713.0], [218251.0, 596376.0], [220048.0, 603042.0], [219557.0, 607228.0], [224128.0, 610720.0], [225766.0, 617026.0], [232577.0, 619089.0], [232848.0, 622755.0], [234320.0, 621596.0], [232980.0, 622750.0], [234547.0, 627591.0], [230613.0, 631417.0], [232508.0, 632814.0], [230269.0, 637802.0], [231346.0, 638495.0], [231656.0, 639708.0], [230817.0, 638393.0], [229288.0, 641271.0], [230950.0, 641819.0], [229222.0, 641273.0], [230344.0, 638044.0], [222482.0, 641787.0], [217527.0, 648855.0], [218295.0, 653112.0], [219773.0, 652437.0], [220024.0, 653775.0], [219276.0, 654664.0], [219558.0, 655142.0], [220758.0, 654112.0], [218811.0, 670125.0], [220660.0, 672253.0], [220293.0, 675945.0], [225848.0, 678046.0], [233254.0, 674322.0], [244674.0, 673161.0], [249612.0, 669066.0], [249183.0, 667978.0], [248927.0, 668109.0], [248666.0, 668119.0], [247546.0, 667790.0], [247412.0, 667673.0], [247203.0, 667312.0], [247073.0, 667317.0], [246621.0, 667456.0], [246083.0, 666985.0], [245709.0, 667488.0], [245510.0, 667373.0], [246061.0, 666373.0], [249513.0, 668089.0], [248468.0, 666165.0], [248389.0, 665801.0], [248446.0, 665554.0], [248233.0, 665071.0], [248229.0, 664949.0], [248477.0, 664573.0], [249808.0, 669059.0], [252902.0, 666135.0], [252927.0, 666869.0], [256319.0, 664918.0], [258792.0, 664714.0], [260006.0, 663939.0], [259795.0, 663456.0], [259856.0, 663332.0], [260994.0, 662193.0], [262644.0, 662752.0], [262015.0, 663507.0], [260994.0, 662193.0], [260761.0, 663058.0], [259856.0, 663332.0], [260071.0, 663937.0], [259501.0, 664446.0], [253188.0, 666860.0], [245013.0, 673516.0], [239962.0, 674313.0], [239639.0, 677878.0], [239845.0, 674685.0], [231451.0, 678191.0], [231626.0, 681002.0], [226340.0, 683785.0], [223911.0, 691115.0], [224019.0, 685841.0], [227525.0, 680919.0], [222195.0, 681014.0], [220763.0, 688794.0], [229784.0, 704970.0], [222123.0, 693394.0], [219684.0, 701708.0], [218927.0, 700637.0], [219201.0, 694865.0], [221280.0, 691836.0], [218593.0, 688150.0], [219312.0, 680521.0], [215455.0, 683136.0], [218591.0, 678835.0], [213661.0, 667157.0], [209600.0, 668315.0], [208563.0, 677308.0], [205352.0, 684071.0], [207716.0, 671462.0], [201518.0, 675665.0], [200876.0, 677289.0], [201461.0, 680081.0], [201334.0, 681558.0], [200885.0, 681701.0], [200472.0, 675591.0], [197351.0, 671568.0], [199413.0, 663994.0], [196410.0, 666831.0], [192702.0, 667130.0], [192955.0, 669693.0], [192600.0, 669097.0], [192837.0, 669943.0], [190741.0, 671148.0], [190919.0, 672120.0], [190670.0, 672377.0], [190534.0, 672261.0], [191712.0, 683116.0], [200919.0, 695062.0], [201103.0, 697628.0], [207916.0, 700627.0], [210493.0, 706150.0], [215328.0, 708757.0], [217997.0, 710726.0], [219360.0, 712384.0], [219504.0, 712746.0], [211322.0, 708810.0], [211839.0, 711729.0], [206344.0, 701678.0], [198963.0, 697605.0], [194806.0, 690691.0], [192556.0, 691167.0], [191594.0, 686065.0], [187711.0, 683802.0], [186409.0, 685093.0], [186348.0, 687794.0], [185776.0, 688067.0], [185782.0, 688190.0], [184761.0, 680761.0], [187656.0, 669459.0], [187005.0, 669491.0], [186377.0, 668664.0], [191056.0, 664144.0], [192267.0, 659427.0], [183296.0, 651405.0], [180906.0, 644291.0], [181150.0, 639987.0], [182112.0, 636873.0], [180258.0, 637947.0], [179813.0, 631716.0], [176120.0, 625159.0], [175465.0, 621391.0], [172063.0, 620708.0], [175306.0, 619560.0], [177032.0, 613219.0], [171372.0, 607377.0], [166232.0, 607892.0], [161284.0, 605826.0], [158972.0, 607178.0], [159665.0, 617444.0], [165133.0, 623280.0], [165820.0, 637348.0], [168926.0, 643805.0], [168956.0, 649323.0], [176181.0, 658388.0], [182071.0, 662257.0], [185103.0, 667991.0], [173799.0, 657898.0], [173931.0, 661693.0], [171922.0, 660817.0], [170310.0, 662497.0], [171669.0, 669661.0], [177160.0, 677346.0], [174645.0, 676618.0], [170100.0, 672074.0], [169593.0, 674800.0], [177421.0, 686162.0], [177951.0, 687606.0], [175793.0, 686124.0], [177956.0, 688955.0], [176711.0, 688774.0], [175195.0, 687136.0], [177383.0, 690456.0], [174157.0, 687191.0], [174956.0, 686290.0], [172484.0, 682618.0], [173444.0, 686002.0], [172400.0, 684708.0], [170972.0, 682331.0], [171140.0, 680604.0], [169860.0, 679814.0], [170653.0, 681244.0], [168125.0, 679049.0], [168821.0, 681096.0], [176939.0, 694404.0], [180594.0, 692253.0], [181242.0, 692220.0], [181514.0, 692451.0], [181280.0, 692954.0], [181468.0, 692822.0], [181597.0, 692815.0], [181662.0, 692812.0], [181733.0, 692931.0], [181286.0, 693076.0], [181138.0, 692716.0], [181313.0, 692339.0], [180477.0, 692504.0], [180557.0, 695321.0], [178154.0, 696548.0], [182433.0, 705403.0], [181316.0, 705093.0], [177844.0, 701838.0], [176676.0, 699323.0], [175499.0, 699139.0], [180517.0, 708445.0], [179218.0, 710842.0], [182551.0, 711529.0], [182724.0, 712379.0], [183323.0, 712716.0], [183826.0, 712445.0], [184277.0, 712422.0], [184290.0, 712667.0], [184413.0, 712538.0], [184483.0, 712657.0], [183075.0, 714200.0], [177160.0, 712298.0], [178576.0, 715904.0], [178926.0, 721404.0], [180424.0, 722921.0], [182509.0, 722078.0], [187322.0, 724164.0], [184242.0, 724442.0], [182599.0, 722564.0], [181523.0, 724213.0], [187376.0, 734217.0], [197558.0, 733349.0], [198823.0, 734270.0], [199810.0, 732016.0], [200638.0, 731854.0], [208093.0, 737394.0], [211792.0, 745441.0], [203908.0, 734399.0], [201290.0, 733418.0], [201011.0, 732940.0], [199500.0, 734973.0], [194218.0, 736085.0], [190171.0, 734813.0], [189675.0, 740356.0], [186190.0, 737465.0], [189715.0, 742439.0], [193420.0, 740784.0], [201563.0, 746033.0], [193026.0, 741907.0], [191534.0, 744188.0], [190038.0, 743771.0], [197997.0, 754540.0], [196263.0, 755727.0], [202974.0, 759698.0], [207896.0, 758367.0], [218345.0, 762069.0], [206533.0, 759287.0], [206126.0, 760164.0], [205153.0, 759842.0], [204827.0, 761083.0], [201270.0, 761495.0], [211868.0, 775594.0], [205505.0, 778338.0], [196770.0, 779246.0], [209548.0, 774964.0], [202052.0, 768570.0], [201681.0, 763438.0], [199092.0, 761354.0], [198704.0, 762599.0], [198206.0, 762868.0], [197760.0, 762889.0], [187137.0, 752379.0], [183835.0, 752915.0], [185746.0, 751468.0], [182056.0, 745771.0], [173149.0, 739985.0], [172601.0, 741732.0], [168175.0, 744181.0], [170275.0, 747378.0], [169784.0, 747773.0], [167471.0, 744220.0], [161452.0, 746765.0], [160102.0, 746719.0], [154659.0, 754640.0], [154668.0, 758075.0], [160778.0, 758582.0], [161489.0, 756455.0], [165208.0, 754283.0], [162281.0, 758005.0], [170741.0, 762932.0], [175752.0, 759840.0], [178940.0, 759670.0], [183664.0, 760773.0], [176231.0, 760427.0], [172515.0, 763817.0], [168924.0, 764750.0], [164701.0, 760077.0], [163793.0, 760987.0], [161859.0, 760729.0], [161449.0, 760261.0], [161045.0, 761020.0], [160634.0, 760553.0], [160507.0, 760560.0], [160386.0, 760690.0], [160457.0, 760808.0], [159550.0, 760615.0], [158424.0, 762152.0], [156596.0, 760417.0], [151322.0, 763181.0], [143759.0, 762901.0], [141474.0, 767337.0], [142493.0, 767274.0], [142894.0, 768600.0], [143889.0, 768171.0], [144286.0, 768392.0], [144223.0, 770482.0], [156840.0, 771201.0], [157837.0, 772984.0], [161046.0, 768873.0], [162593.0, 770257.0], [163472.0, 767753.0], [165247.0, 767531.0], [162668.0, 772707.0], [164528.0, 770638.0], [168239.0, 773130.0], [169139.0, 772099.0], [171243.0, 772105.0], [164162.0, 775444.0], [164879.0, 777980.0], [167257.0, 777233.0], [170553.0, 779259.0], [173256.0, 778620.0], [176683.0, 781992.0], [175251.0, 782560.0], [172795.0, 779504.0], [170818.0, 780594.0], [170043.0, 780391.0], [169105.0, 780688.0], [173255.0, 783282.0], [172498.0, 784550.0], [163231.0, 782613.0], [161258.0, 783708.0], [162912.0, 785944.0], [164941.0, 784725.0], [166102.0, 786132.0], [163791.0, 787980.0], [165466.0, 788376.0], [166480.0, 792858.0], [168007.0, 791791.0], [166255.0, 793362.0], [167487.0, 797219.0], [167908.0, 796827.0], [168602.0, 797892.0], [173810.0, 798095.0], [174781.0, 794975.0], [179083.0, 792413.0], [187003.0, 794697.0], [186023.0, 795361.0], [186415.0, 795586.0], [186181.0, 795966.0], [186250.0, 796085.0], [186181.0, 795966.0], [186250.0, 796085.0], [186320.0, 796204.0], [180293.0, 793698.0], [176727.0, 796955.0], [177188.0, 799629.0], [172614.0, 799388.0], [169870.0, 803588.0], [174438.0, 807262.0], [174797.0, 809205.0], [178945.0, 809962.0], [182616.0, 808908.0], [184051.0, 806134.0], [186806.0, 804396.0], [187468.0, 806202.0], [195089.0, 806920.0], [192611.0, 807903.0], [186422.0, 806747.0], [184590.0, 810399.0], [181701.0, 811900.0], [179415.0, 811654.0], [179037.0, 811674.0], [178785.0, 811688.0], [178722.0, 811691.0], [178659.0, 811695.0], [178596.0, 811698.0], [176919.0, 813383.0], [177174.0, 814596.0], [176803.0, 814739.0], [180698.0, 817964.0], [181319.0, 820139.0], [179417.0, 821100.0], [180685.0, 823608.0], [184045.0, 824043.0], [187084.0, 825601.0], [193159.0, 818790.0], [195173.0, 821265.0], [191303.0, 821950.0], [188139.0, 826528.0], [189783.0, 827915.0], [190817.0, 829702.0], [194773.0, 829624.0], [190648.0, 830078.0], [188127.0, 827510.0], [187932.0, 826171.0], [175047.0, 827594.0], [176307.0, 831082.0], [179138.0, 832278.0], [178284.0, 833919.0], [179712.0, 833597.0], [180878.0, 834270.0], [180368.0, 832948.0], [187492.0, 834657.0], [192344.0, 838700.0], [193793.0, 841325.0], [193399.0, 842203.0], [186460.0, 835324.0], [181441.0, 836571.0], [184081.0, 839006.0], [183637.0, 842464.0], [175734.0, 835530.0], [172174.0, 834746.0], [171232.0, 838111.0], [170273.0, 836693.0], [171692.0, 845202.0], [168958.0, 845602.0], [167911.0, 849220.0], [170759.0, 860838.0], [172294.0, 861487.0], [176199.0, 856485.0], [178234.0, 856005.0], [178328.0, 857717.0], [178735.0, 854873.0], [181476.0, 852394.0], [181431.0, 856199.0], [183293.0, 853646.0], [184257.0, 855312.0], [189933.0, 855137.0], [185377.0, 857583.0], [180572.0, 856491.0], [175649.0, 865717.0], [172189.0, 867383.0], [174230.0, 873771.0], [177405.0, 874944.0], [177778.0, 873820.0], [180509.0, 872566.0], [181327.0, 873871.0], [180012.0, 877132.0], [173196.0, 879719.0], [173728.0, 891346.0], [181342.0, 892396.0], [182054.0, 884996.0], [185735.0, 880749.0], [184765.0, 883500.0], [187370.0, 883484.0], [187457.0, 888632.0], [183315.0, 893393.0], [185818.0, 898533.0], [189170.0, 897619.0], [190293.0, 891917.0], [194706.0, 889849.0], [197319.0, 896216.0], [209174.0, 888153.0], [202358.0, 895596.0], [199003.0, 896499.0], [198553.0, 898607.0], [201307.0, 899328.0], [203375.0, 896159.0], [205595.0, 896051.0], [206482.0, 896498.0], [207782.0, 896558.0], [207973.0, 896672.0], [208220.0, 896660.0], [214596.0, 891577.0], [216831.0, 886325.0], [217573.0, 884942.0], [217753.0, 884811.0], [217697.0, 884936.0], [217753.0, 884811.0], [217815.0, 884808.0], [217877.0, 884806.0], [216297.0, 890886.0], [209180.0, 897350.0], [211917.0, 899060.0], [212306.0, 900758.0], [211751.0, 900784.0], [211072.0, 899467.0], [211264.0, 900930.0], [204302.0, 903718.0], [201855.0, 909112.0], [198199.0, 909909.0], [198746.0, 912212.0], [196182.0, 915041.0], [196870.0, 915251.0], [197037.0, 917328.0], [198430.0, 918116.0], [201964.0, 912541.0], [203197.0, 915056.0], [205378.0, 913109.0], [207606.0, 917170.0], [205555.0, 919232.0], [207958.0, 919360.0], [205902.0, 921300.0], [207422.0, 920981.0], [209442.0, 922109.0], [205324.0, 923291.0], [205856.0, 924123.0], [207026.0, 924189.0], [207227.0, 924547.0], [205360.0, 924025.0], [200258.0, 932374.0], [200289.0, 932986.0], [200802.0, 933451.0], [200717.0, 934191.0], [202012.0, 935598.0], [205764.0, 930996.0], [206143.0, 931222.0], [206088.0, 931348.0], [206216.0, 931464.0], [206778.0, 931682.0], [206802.0, 932171.0], [207792.0, 932368.0], [208072.0, 933091.0], [210332.0, 932981.0], [211307.0, 934161.0], [212055.0, 933144.0], [213422.0, 933570.0], [213719.0, 932084.0], [214668.0, 931426.0], [213859.0, 932446.0], [214378.0, 934383.0], [217070.0, 933031.0], [216949.0, 934386.0], [216355.0, 934781.0], [217855.0, 935447.0], [220847.0, 932613.0], [223701.0, 933465.0], [223813.0, 931866.0], [227657.0, 928754.0], [227065.0, 930619.0], [224356.0, 933068.0], [224800.0, 933416.0], [226933.0, 933200.0], [228221.0, 933266.0], [228715.0, 933367.0], [228720.0, 933489.0], [222773.0, 934610.0], [221896.0, 934159.0], [222240.0, 933653.0], [219292.0, 934768.0], [216071.0, 937860.0], [215758.0, 940327.0], [215964.0, 940808.0], [216202.0, 940674.0], [216530.0, 941150.0], [216707.0, 941019.0], [216829.0, 941013.0], [216896.0, 941133.0], [216442.0, 941890.0], [214463.0, 941369.0], [213821.0, 944588.0], [215477.0, 944755.0], [214311.0, 945914.0], [216258.0, 948397.0], [216208.0, 948645.0], [216402.0, 948881.0], [215851.0, 950133.0], [216523.0, 951451.0], [221978.0, 946785.0], [223516.0, 947084.0], [221531.0, 950361.0], [220662.0, 950033.0], [221807.0, 951085.0], [222703.0, 950676.0], [222952.0, 950788.0], [222067.0, 951441.0], [220912.0, 951493.0], [220569.0, 950651.0], [218396.0, 951118.0], [220608.0, 951507.0], [218962.0, 952809.0], [218398.0, 952467.0], [218183.0, 953090.0], [220677.0, 955673.0], [225328.0, 952152.0], [225537.0, 954105.0], [220578.0, 956168.0], [220583.0, 956291.0], [220710.0, 956407.0], [221008.0, 956271.0], [221268.0, 956627.0], [221870.0, 956477.0], [221826.0, 956847.0], [217917.0, 960460.0], [218099.0, 960452.0], [218232.0, 960691.0], [218287.0, 960566.0], [218787.0, 963486.0], [222519.0, 965399.0], [224887.0, 969461.0], [225491.0, 974829.0], [228911.0, 972715.0], [233055.0, 973271.0], [234670.0, 971363.0], [235930.0, 971065.0], [236012.0, 967261.0], [237576.0, 965479.0], [235221.0, 962881.0], [236393.0, 963322.0], [236256.0, 961488.0], [236484.0, 962582.0], [237166.0, 962922.0], [237252.0, 963531.0], [238020.0, 964480.0], [238424.0, 965444.0], [236865.0, 967348.0], [239313.0, 969330.0], [237886.0, 971473.0], [238546.0, 971323.0], [239298.0, 971905.0], [240937.0, 967547.0], [242042.0, 967870.0], [242709.0, 966372.0], [245653.0, 965641.0], [245697.0, 963678.0], [242013.0, 959658.0], [239482.0, 955716.0], [238946.0, 954512.0], [239472.0, 954000.0], [244741.0, 957955.0], [246185.0, 962188.0], [247728.0, 961270.0], [249522.0, 968432.0], [254785.0, 968110.0], [255111.0, 967117.0], [257204.0, 966305.0], [257211.0, 964834.0], [258337.0, 965773.0], [258590.0, 962700.0], [259771.0, 961800.0], [257000.0, 959081.0], [255098.0, 953636.0], [255645.0, 953616.0], [255440.0, 953010.0], [255496.0, 952886.0], [255617.0, 952881.0], [255678.0, 952879.0], [258793.0, 956565.0], [258136.0, 958550.0], [261244.0, 960522.0], [263668.0, 963868.0], [268076.0, 963226.0], [271256.0, 958463.0], [269716.0, 963293.0], [270662.0, 962527.0], [271203.0, 962386.0], [271220.0, 964714.0], [273547.0, 963535.0], [273502.0, 964027.0], [274040.0, 963764.0], [274104.0, 963885.0], [274108.0, 964007.0], [274112.0, 964130.0], [274415.0, 964120.0], [274601.0, 964236.0], [274837.0, 965944.0], [275072.0, 965692.0], [275261.0, 965931.0], [275205.0, 966055.0], [275213.0, 966300.0], [275394.0, 966294.0], [276106.0, 965781.0], [276432.0, 966506.0], [279456.0, 964329.0], [281045.0, 966730.0], [281290.0, 968806.0], [281707.0, 968548.0], [282380.0, 968773.0], [282780.0, 969986.0], [283216.0, 968380.0], [283073.0, 967649.0], [283315.0, 967642.0], [283126.0, 967403.0], [283365.0, 967273.0], [283233.0, 966909.0], [283418.0, 967026.0], [283389.0, 966047.0], [283442.0, 965800.0], [283499.0, 965676.0], [287710.0, 966655.0], [289476.0, 962684.0], [289385.0, 965872.0], [296583.0, 965307.0], [304069.0, 971486.0], [310909.0, 971568.0], [311304.0, 967640.0], [314874.0, 970255.0], [316746.0, 970092.0], [316909.0, 969231.0], [319085.0, 969063.0], [319917.0, 968310.0], [320157.0, 968183.0], [320460.0, 968177.0], [321727.0, 970968.0], [318026.0, 973372.0], [320214.0, 976878.0], [324015.0, 973495.0], [325972.0, 974682.0], [328441.0, 974146.0]]], [[[334725.0, 977587.0], [334727.0, 977710.0], [334848.0, 977708.0], [334725.0, 977587.0]]], [[[346567.0, 977896.0], [346877.0, 978504.0], [347055.0, 978257.0], [346567.0, 977896.0]]], [[[335054.0, 979174.0], [335975.0, 976464.0], [333974.0, 976008.0], [335054.0, 979174.0]]], [[[343625.0, 983204.0], [343619.0, 982836.0], [343378.0, 982840.0], [343625.0, 983204.0]]], [[[338323.0, 983529.0], [338261.0, 983408.0], [338263.0, 983530.0], [338323.0, 983529.0]]], [[[338023.0, 983657.0], [338023.0, 983657.0], [338086.0, 983778.0], [338084.0, 983656.0], [338023.0, 983657.0]]], [[[339258.0, 985474.0], [338506.0, 983649.0], [338144.0, 983655.0], [338146.0, 983777.0], [338025.0, 983779.0], [339258.0, 985474.0]]], [[[336506.0, 990417.0], [335786.0, 990552.0], [336942.0, 991268.0], [336506.0, 990417.0]]], [[[339720.0, 995755.0], [339778.0, 995631.0], [339718.0, 995632.0], [339720.0, 995755.0]]], [[[338638.0, 995772.0], [335799.0, 994961.0], [337893.0, 994314.0], [337741.0, 992357.0], [334317.0, 992659.0], [335511.0, 995700.0], [338638.0, 995772.0]]], [[[338472.0, 996632.0], [337749.0, 996521.0], [338596.0, 996875.0], [338472.0, 996632.0]]], [[[333704.0, 995486.0], [331907.0, 995885.0], [332592.0, 997220.0], [333704.0, 995486.0]]], [[[343890.0, 997284.0], [343453.0, 996188.0], [342978.0, 996563.0], [343890.0, 997284.0]]], [[[331457.0, 997608.0], [330854.0, 997496.0], [330812.0, 998476.0], [331457.0, 997608.0]]], [[[333353.0, 999534.0], [332680.0, 998811.0], [332232.0, 1000656.0], [333353.0, 999534.0]]], [[[359674.0, 1001373.0], [359553.0, 1001251.0], [359556.0, 1001619.0], [359674.0, 1001373.0]]], [[[360817.0, 1001606.0], [361352.0, 1001110.0], [360686.0, 1000627.0], [360817.0, 1001606.0]]], [[[359620.0, 1001986.0], [360218.0, 1001734.0], [359735.0, 1001494.0], [359620.0, 1001986.0]]], [[[359382.0, 1002111.0], [359380.0, 1001988.0], [359320.0, 1001989.0], [359382.0, 1002111.0]]], [[[362267.0, 1002693.0], [362149.0, 1002817.0], [362269.0, 1002816.0], [362267.0, 1002693.0]]], [[[354892.0, 1003018.0], [354832.0, 1003019.0], [354893.0, 1003140.0], [354892.0, 1003018.0]]], [[[331559.0, 1003362.0], [331433.0, 1002997.0], [331377.0, 1003243.0], [331559.0, 1003362.0]]], [[[337945.0, 1004969.0], [337885.0, 1004970.0], [338007.0, 1005090.0], [337945.0, 1004969.0]]], [[[323916.0, 1005221.0], [324094.0, 1005095.0], [324151.0, 1004971.0], [323916.0, 1005221.0]]], [[[324274.0, 1005091.0], [323979.0, 1005342.0], [324098.0, 1005340.0], [324216.0, 1005215.0], [324274.0, 1005091.0]]], [[[323926.0, 1005710.0], [324163.0, 1005583.0], [324161.0, 1005461.0], [323926.0, 1005710.0]]], [[[334805.0, 989466.0], [325092.0, 988540.0], [320543.0, 998674.0], [317368.0, 999109.0], [319165.0, 1004583.0], [323619.0, 1005349.0], [324230.0, 1002887.0], [330231.0, 999589.0], [330031.0, 995183.0], [332521.0, 993179.0], [327278.0, 989478.0], [333516.0, 991570.0], [333418.0, 989367.0], [334805.0, 989466.0]]], [[[338264.0, 1006188.0], [338145.0, 1006190.0], [338266.0, 1006311.0], [338264.0, 1006188.0]]], [[[359547.0, 1006395.0], [359846.0, 1006392.0], [359605.0, 1006272.0], [359547.0, 1006395.0]]], [[[353497.0, 1006708.0], [353555.0, 1006585.0], [353437.0, 1006709.0], [353497.0, 1006708.0]]], [[[324784.0, 1006673.0], [326813.0, 1006144.0], [327147.0, 1004791.0], [324928.0, 1004833.0], [324784.0, 1006673.0]]], [[[325503.0, 1006659.0], [325501.0, 1006537.0], [325384.0, 1006662.0], [325503.0, 1006659.0]]], [[[352364.0, 1007212.0], [352486.0, 1007333.0], [352424.0, 1007212.0], [352364.0, 1007212.0]]], [[[323251.0, 1007929.0], [323373.0, 1008049.0], [323370.0, 1007926.0], [323251.0, 1007929.0]]], [[[325965.0, 1008855.0], [325903.0, 1008734.0], [325906.0, 1008856.0], [325965.0, 1008855.0]]], [[[359453.0, 1008845.0], [359393.0, 1008846.0], [359454.0, 1008968.0], [359453.0, 1008845.0]]], [[[354495.0, 1010003.0], [354555.0, 1010002.0], [354493.0, 1009881.0], [354495.0, 1010003.0]]], [[[351638.0, 1011385.0], [351397.0, 1011266.0], [351399.0, 1011388.0], [351638.0, 1011385.0]]], [[[338145.0, 1013661.0], [337840.0, 1013299.0], [337603.0, 1013425.0], [338145.0, 1013661.0]]], [[[339230.0, 1014134.0], [338803.0, 1013651.0], [338873.0, 1014262.0], [339230.0, 1014134.0]]], [[[321776.0, 1014940.0], [321713.0, 1014819.0], [321716.0, 1014942.0], [321776.0, 1014940.0]]], [[[346180.0, 1014887.0], [346238.0, 1014764.0], [346178.0, 1014765.0], [346180.0, 1014887.0]]], [[[321721.0, 1015187.0], [321661.0, 1015188.0], [321601.0, 1015189.0], [321721.0, 1015187.0]]], [[[321850.0, 1015674.0], [321788.0, 1015553.0], [321791.0, 1015675.0], [321850.0, 1015674.0]]], [[[348047.0, 1015841.0], [348575.0, 1015099.0], [348334.0, 1014980.0], [348047.0, 1015841.0]]], [[[367958.0, 1015990.0], [368019.0, 1016112.0], [368018.0, 1015990.0], [367958.0, 1015990.0]]], [[[366650.0, 1016859.0], [366530.0, 1016737.0], [366591.0, 1016859.0], [366650.0, 1016859.0]]], [[[367962.0, 1016480.0], [367117.0, 1015507.0], [367070.0, 1016977.0], [367962.0, 1016480.0]]], [[[256171.0, 1018067.0], [256222.0, 1017820.0], [256162.0, 1017822.0], [256171.0, 1018067.0]]], [[[346829.0, 1018552.0], [346708.0, 1018432.0], [346709.0, 1018554.0], [346829.0, 1018552.0]]], [[[346546.0, 1019659.0], [346486.0, 1019660.0], [346488.0, 1019782.0], [346546.0, 1019659.0]]], [[[345771.0, 1019792.0], [345829.0, 1019669.0], [345709.0, 1019670.0], [345771.0, 1019792.0]]], [[[345947.0, 1019545.0], [345950.0, 1019790.0], [346010.0, 1019789.0], [345947.0, 1019545.0]]], [[[345890.0, 1019790.0], [345832.0, 1019914.0], [345892.0, 1019913.0], [345890.0, 1019790.0]]], [[[367634.0, 1020034.0], [367572.0, 1019790.0], [367454.0, 1020036.0], [367634.0, 1020034.0]]], [[[343511.0, 1020437.0], [343449.0, 1020316.0], [343391.0, 1020439.0], [343511.0, 1020437.0]]], [[[345186.0, 1020658.0], [345125.0, 1020536.0], [345128.0, 1020781.0], [345186.0, 1020658.0]]], [[[342738.0, 1020694.0], [342977.0, 1020690.0], [342856.0, 1020569.0], [342738.0, 1020694.0]]], [[[348667.0, 1021957.0], [348720.0, 1021466.0], [348548.0, 1021958.0], [348667.0, 1021957.0]]], [[[350655.0, 1018746.0], [353020.0, 1021533.0], [353508.0, 1022384.0], [353748.0, 1022504.0], [354225.0, 1022498.0], [353666.0, 1015769.0], [346499.0, 1016353.0], [348362.0, 1021471.0], [348938.0, 1019871.0], [350655.0, 1018746.0]]], [[[369746.0, 1022834.0], [369686.0, 1022834.0], [369807.0, 1022955.0], [369806.0, 1022833.0], [369746.0, 1022834.0]]], [[[345337.0, 1022860.0], [345816.0, 1022976.0], [345632.0, 1022611.0], [345337.0, 1022860.0]]], [[[344742.0, 1022991.0], [345857.0, 1021628.0], [345551.0, 1021142.0], [343234.0, 1021911.0], [344742.0, 1022991.0]]], [[[368624.0, 1024312.0], [368685.0, 1024434.0], [368684.0, 1024312.0], [368624.0, 1024312.0]]], [[[322803.0, 1024352.0], [322739.0, 1024108.0], [322806.0, 1024474.0], [322803.0, 1024352.0]]], [[[261976.0, 1024717.0], [262138.0, 1024221.0], [261895.0, 1024107.0], [261976.0, 1024717.0]]], [[[262390.0, 1024580.0], [262394.0, 1024702.0], [262454.0, 1024700.0], [262390.0, 1024580.0]]], [[[368569.0, 1024802.0], [368628.0, 1024802.0], [368627.0, 1024680.0], [368569.0, 1024802.0]]], [[[352482.0, 1026316.0], [352539.0, 1026071.0], [352479.0, 1026071.0], [352482.0, 1026316.0]]], [[[369060.0, 1026513.0], [369000.0, 1026513.0], [369001.0, 1026636.0], [369060.0, 1026513.0]]], [[[344981.0, 1027152.0], [344716.0, 1025319.0], [342155.0, 1025602.0], [342573.0, 1025595.0], [344981.0, 1027152.0]]], [[[324412.0, 1027259.0], [324470.0, 1027136.0], [324291.0, 1027139.0], [324412.0, 1027259.0]]], [[[324117.0, 1027388.0], [324060.0, 1027511.0], [324122.0, 1027632.0], [324117.0, 1027388.0]]], [[[352374.0, 1027175.0], [352848.0, 1026924.0], [352666.0, 1026681.0], [352374.0, 1027175.0]]], [[[336950.0, 1028256.0], [337070.0, 1028254.0], [337008.0, 1028133.0], [336950.0, 1028256.0]]], [[[361984.0, 1028414.0], [362029.0, 1026944.0], [361140.0, 1027443.0], [361984.0, 1028414.0]]], [[[336122.0, 1028637.0], [336120.0, 1028515.0], [336063.0, 1028638.0], [336122.0, 1028637.0]]], [[[323362.0, 1028383.0], [324020.0, 1028492.0], [323717.0, 1028253.0], [323362.0, 1028383.0]]], [[[325037.0, 1028717.0], [324978.0, 1028718.0], [325040.0, 1028839.0], [325037.0, 1028717.0]]], [[[364791.0, 1029122.0], [364732.0, 1029122.0], [364672.0, 1029123.0], [364791.0, 1029122.0]]], [[[364616.0, 1029491.0], [364676.0, 1029490.0], [364555.0, 1029369.0], [364616.0, 1029491.0]]], [[[364556.0, 1029491.0], [364496.0, 1029370.0], [364497.0, 1029492.0], [364556.0, 1029491.0]]], [[[364378.0, 1029493.0], [364437.0, 1029493.0], [364436.0, 1029370.0], [364378.0, 1029493.0]]], [[[336122.0, 1028637.0], [335531.0, 1028892.0], [335603.0, 1029626.0], [336552.0, 1029365.0], [336605.0, 1028997.0], [336305.0, 1028879.0], [336182.0, 1028636.0], [336122.0, 1028637.0]]], [[[161851.0, 1029648.0], [161791.0, 1029652.0], [161858.0, 1029770.0], [161851.0, 1029648.0]]], [[[336556.0, 1029610.0], [336736.0, 1029729.0], [336852.0, 1029483.0], [336556.0, 1029610.0]]], [[[336617.0, 1029731.0], [336560.0, 1029855.0], [336619.0, 1029854.0], [336617.0, 1029731.0]]], [[[366529.0, 1030208.0], [366637.0, 1028983.0], [365630.0, 1029604.0], [366529.0, 1030208.0]]], [[[331622.0, 1030308.0], [338715.0, 1026758.0], [342671.0, 1020205.0], [342029.0, 1017275.0], [340493.0, 1018401.0], [338939.0, 1018425.0], [339193.0, 1015604.0], [335583.0, 1014316.0], [336229.0, 1013570.0], [339619.0, 1012291.0], [342280.0, 1014087.0], [344991.0, 1011230.0], [346533.0, 1014515.0], [348321.0, 1014001.0], [347235.0, 1008994.0], [348906.0, 1008481.0], [350798.0, 1011274.0], [352646.0, 1010638.0], [354219.0, 1011966.0], [354482.0, 1008901.0], [351298.0, 1008205.0], [351611.0, 1004527.0], [354716.0, 1003387.0], [353741.0, 1007073.0], [359402.0, 1009703.0], [359162.0, 1004072.0], [354835.0, 1003263.0], [352258.0, 998641.0], [350845.0, 1000863.0], [348389.0, 1001263.0], [349161.0, 1000640.0], [347449.0, 998336.0], [349077.0, 998804.0], [348809.0, 996726.0], [350608.0, 996457.0], [349516.0, 995614.0], [348130.0, 995388.0], [347948.0, 995267.0], [347765.0, 995025.0], [347881.0, 994779.0], [348778.0, 994399.0], [349419.0, 992799.0], [346312.0, 990024.0], [346639.0, 983161.0], [344343.0, 982826.0], [342694.0, 985544.0], [343530.0, 989084.0], [341039.0, 991570.0], [342409.0, 990692.0], [343824.0, 992753.0], [340217.0, 992930.0], [348010.0, 995389.0], [344535.0, 996172.0], [347429.0, 996867.0], [346800.0, 999202.0], [348441.0, 1000650.0], [346402.0, 1000800.0], [344353.0, 1008545.0], [340180.0, 1006036.0], [337313.0, 1006694.0], [338009.0, 1005213.0], [334987.0, 1003793.0], [330840.0, 1003375.0], [328347.0, 1011260.0], [327467.0, 1009072.0], [325742.0, 1009717.0], [325405.0, 1007764.0], [322142.0, 1009421.0], [321658.0, 1015065.0], [322080.0, 1015179.0], [321786.0, 1015430.0], [321970.0, 1015671.0], [321850.0, 1015674.0], [321791.0, 1015675.0], [321853.0, 1015796.0], [322089.0, 1015669.0], [322152.0, 1015790.0], [321990.0, 1016651.0], [322408.0, 1016642.0], [322724.0, 1017494.0], [322271.0, 1018728.0], [323540.0, 1019437.0], [322719.0, 1020188.0], [322923.0, 1024349.0], [322806.0, 1024474.0], [322507.0, 1024480.0], [322336.0, 1024851.0], [324465.0, 1026891.0], [324723.0, 1027865.0], [324313.0, 1028241.0], [324258.0, 1028487.0], [331622.0, 1030308.0]]], [[[360695.0, 1030509.0], [360810.0, 1030140.0], [360631.0, 1030142.0], [360695.0, 1030509.0]]], [[[161979.0, 1030745.0], [161971.0, 1030623.0], [161919.0, 1030749.0], [161979.0, 1030745.0]]], [[[364616.0, 1029491.0], [364556.0, 1029491.0], [364379.0, 1029616.0], [364618.0, 1029736.0], [363968.0, 1030232.0], [363728.0, 1030112.0], [364370.0, 1028636.0], [367347.0, 1028364.0], [365437.0, 1028014.0], [366129.0, 1025436.0], [368940.0, 1026391.0], [369356.0, 1026266.0], [368512.0, 1025170.0], [368447.0, 1024559.0], [369315.0, 1021122.0], [365430.0, 1020666.0], [363916.0, 1024721.0], [362807.0, 1021180.0], [360659.0, 1021324.0], [361710.0, 1024865.0], [364582.0, 1025817.0], [361461.0, 1029766.0], [364032.0, 1030721.0], [364742.0, 1030224.0], [364855.0, 1029611.0], [364795.0, 1029489.0], [364616.0, 1029491.0]]], [[[161867.0, 1030875.0], [161860.0, 1030752.0], [161800.0, 1030756.0], [161867.0, 1030875.0]]], [[[161829.0, 1030263.0], [162031.0, 1030619.0], [161979.0, 1030745.0], [162039.0, 1030741.0], [162106.0, 1030860.0], [162225.0, 1030852.0], [162352.0, 1030967.0], [161829.0, 1030263.0]]], [[[336284.0, 1031207.0], [336284.0, 1031207.0], [336225.0, 1031208.0], [336284.0, 1031207.0]]], [[[336408.0, 1031450.0], [336348.0, 1031451.0], [336410.0, 1031572.0], [336408.0, 1031450.0]]], [[[181996.0, 1031513.0], [181922.0, 1031271.0], [181877.0, 1031519.0], [181996.0, 1031513.0]]], [[[347904.0, 1031642.0], [347843.0, 1031521.0], [347845.0, 1031643.0], [347904.0, 1031642.0]]], [[[352901.0, 1031210.0], [353024.0, 1031576.0], [353018.0, 1031086.0], [352901.0, 1031210.0]]], [[[363084.0, 1031220.0], [362606.0, 1031102.0], [363148.0, 1031709.0], [363084.0, 1031220.0]]], [[[345463.0, 1031677.0], [345936.0, 1031425.0], [345633.0, 1031062.0], [345463.0, 1031677.0]]], [[[346038.0, 1030199.0], [348195.0, 1031149.0], [347422.0, 1026873.0], [346038.0, 1030199.0]]], [[[360292.0, 1031860.0], [360350.0, 1031737.0], [360232.0, 1031861.0], [360292.0, 1031860.0]]], [[[179999.0, 1032118.0], [180111.0, 1031989.0], [179992.0, 1031996.0], [179999.0, 1032118.0]]], [[[360473.0, 1032103.0], [360412.0, 1031982.0], [360474.0, 1032226.0], [360473.0, 1032103.0]]], [[[360715.0, 1032468.0], [360595.0, 1032347.0], [360716.0, 1032591.0], [360715.0, 1032468.0]]], [[[347380.0, 1032507.0], [347799.0, 1032624.0], [347436.0, 1032261.0], [347380.0, 1032507.0]]], [[[180275.0, 1031734.0], [181565.0, 1033378.0], [181456.0, 1032525.0], [181845.0, 1032012.0], [180275.0, 1031734.0]]], [[[340837.0, 1032848.0], [345656.0, 1032654.0], [344144.0, 1031083.0], [344936.0, 1028132.0], [342833.0, 1027061.0], [338442.0, 1028354.0], [336344.0, 1031206.0], [338614.0, 1035333.0], [340837.0, 1032848.0]]], [[[351238.0, 1036252.0], [351412.0, 1035883.0], [351232.0, 1035762.0], [351238.0, 1036252.0]]], [[[366356.0, 1037558.0], [366412.0, 1037190.0], [366235.0, 1037314.0], [366356.0, 1037558.0]]], [[[352807.0, 1038070.0], [353564.0, 1036713.0], [353190.0, 1035370.0], [352807.0, 1038070.0]]], [[[348350.0, 1038128.0], [348528.0, 1038125.0], [348467.0, 1038004.0], [348350.0, 1038128.0]]], [[[348650.0, 1038368.0], [348589.0, 1038247.0], [348531.0, 1038370.0], [348650.0, 1038368.0]]], [[[359650.0, 1038726.0], [359530.0, 1038604.0], [359531.0, 1038727.0], [359650.0, 1038726.0]]], [[[349018.0, 1039221.0], [349135.0, 1039097.0], [349017.0, 1039098.0], [349018.0, 1039221.0]]], [[[352407.0, 1039299.0], [352935.0, 1038803.0], [352751.0, 1038315.0], [352407.0, 1039299.0]]], [[[354076.0, 1039769.0], [354136.0, 1039768.0], [354134.0, 1039645.0], [354076.0, 1039769.0]]], [[[344157.0, 1040024.0], [344218.0, 1040146.0], [344394.0, 1040021.0], [344157.0, 1040024.0]]], [[[357885.0, 1040337.0], [359174.0, 1038608.0], [358754.0, 1038245.0], [357511.0, 1038749.0], [357885.0, 1040337.0]]], [[[344344.0, 1040634.0], [344400.0, 1040388.0], [344281.0, 1040390.0], [344344.0, 1040634.0]]], [[[357056.0, 1040591.0], [357821.0, 1029193.0], [354831.0, 1028247.0], [352814.0, 1033783.0], [355552.0, 1033872.0], [355020.0, 1039145.0], [357056.0, 1040591.0]]], [[[356998.0, 1040714.0], [356939.0, 1040715.0], [357000.0, 1040837.0], [356998.0, 1040714.0]]], [[[344004.0, 1041741.0], [344121.0, 1041617.0], [344061.0, 1041618.0], [344004.0, 1041741.0]]], [[[344360.0, 1041736.0], [344299.0, 1041614.0], [344303.0, 1041859.0], [344360.0, 1041736.0]]], [[[344308.0, 1042227.0], [344247.0, 1042105.0], [344250.0, 1042350.0], [344308.0, 1042227.0]]], [[[350433.0, 1042876.0], [350374.0, 1042877.0], [350435.0, 1042999.0], [350433.0, 1042876.0]]], [[[378638.0, 1043959.0], [378278.0, 1043349.0], [377983.0, 1043596.0], [378638.0, 1043959.0]]], [[[378104.0, 1043962.0], [378103.0, 1043840.0], [377984.0, 1043841.0], [378104.0, 1043962.0]]], [[[349751.0, 1045212.0], [349870.0, 1045211.0], [349809.0, 1045089.0], [349751.0, 1045212.0]]], [[[350056.0, 1045821.0], [350055.0, 1045698.0], [349936.0, 1045700.0], [350056.0, 1045821.0]]], [[[350056.0, 1045821.0], [350058.0, 1045943.0], [350236.0, 1045941.0], [350234.0, 1045818.0], [350056.0, 1045821.0]]], [[[367795.0, 1045996.0], [367735.0, 1045996.0], [367796.0, 1046118.0], [367795.0, 1045996.0]]], [[[370346.0, 1046097.0], [370345.0, 1045975.0], [370287.0, 1046098.0], [370346.0, 1046097.0]]], [[[370346.0, 1046097.0], [370287.0, 1046098.0], [370288.0, 1046220.0], [370346.0, 1046097.0]]], [[[365125.0, 1045897.0], [365004.0, 1045653.0], [364890.0, 1046144.0], [365125.0, 1045897.0]]], [[[364955.0, 1046756.0], [364656.0, 1046514.0], [364837.0, 1046879.0], [364955.0, 1046756.0]]], [[[367802.0, 1046853.0], [367920.0, 1046729.0], [367801.0, 1046730.0], [367802.0, 1046853.0]]], [[[370234.0, 1046955.0], [370411.0, 1046832.0], [370293.0, 1046833.0], [370234.0, 1046955.0]]], [[[367982.0, 1047096.0], [368159.0, 1046972.0], [367923.0, 1047097.0], [367982.0, 1047096.0]]], [[[368160.0, 1047095.0], [368102.0, 1047218.0], [368101.0, 1047095.0], [368160.0, 1047095.0]]], [[[375693.0, 1047406.0], [377864.0, 1043596.0], [372579.0, 1043264.0], [371171.0, 1037518.0], [370368.0, 1041321.0], [367602.0, 1037302.0], [367565.0, 1039997.0], [365767.0, 1038176.0], [364112.0, 1039171.0], [360367.0, 1033329.0], [360409.0, 1037370.0], [366343.0, 1042824.0], [365109.0, 1044182.0], [365062.0, 1045530.0], [369933.0, 1046346.0], [367402.0, 1041713.0], [374610.0, 1045087.0], [375693.0, 1047406.0]]], [[[368046.0, 1047708.0], [368105.0, 1047585.0], [368045.0, 1047586.0], [368046.0, 1047708.0]]], [[[339089.0, 1050023.0], [339150.0, 1050145.0], [339148.0, 1050022.0], [339089.0, 1050023.0]]], [[[339091.0, 1050146.0], [339031.0, 1050147.0], [339093.0, 1050268.0], [339091.0, 1050146.0]]], [[[350721.0, 1051324.0], [350966.0, 1051933.0], [350963.0, 1051688.0], [350721.0, 1051324.0]]], [[[350323.0, 1052554.0], [350380.0, 1052430.0], [350204.0, 1052555.0], [350323.0, 1052554.0]]], [[[347007.0, 1052599.0], [346948.0, 1052599.0], [347009.0, 1052721.0], [347007.0, 1052599.0]]], [[[350433.0, 1042876.0], [350494.0, 1042998.0], [350966.0, 1042747.0], [351086.0, 1042868.0], [351439.0, 1042618.0], [352360.0, 1040280.0], [351061.0, 1040909.0], [349659.0, 1038233.0], [350234.0, 1041287.0], [348189.0, 1043764.0], [345361.0, 1045273.0], [346107.0, 1043425.0], [344376.0, 1042838.0], [344135.0, 1042597.0], [344182.0, 1041738.0], [344006.0, 1041864.0], [339209.0, 1050144.0], [342931.0, 1049351.0], [345946.0, 1052981.0], [345718.0, 1049432.0], [343803.0, 1048236.0], [348644.0, 1046697.0], [349894.0, 1042516.0], [350433.0, 1042876.0]]], [[[349466.0, 1054892.0], [349464.0, 1054770.0], [349406.0, 1054893.0], [349466.0, 1054892.0]]], [[[348556.0, 1048903.0], [349525.0, 1054891.0], [349466.0, 1054892.0], [349474.0, 1055504.0], [350189.0, 1055862.0], [349550.0, 1052319.0], [350231.0, 1050105.0], [348556.0, 1048903.0]]], [[[378412.0, 1056330.0], [377441.0, 1052172.0], [374540.0, 1052313.0], [375390.0, 1055491.0], [378412.0, 1056330.0]]], [[[378354.0, 1056575.0], [378413.0, 1056452.0], [378353.0, 1056453.0], [378354.0, 1056575.0]]], [[[378236.0, 1056576.0], [378235.0, 1056453.0], [378118.0, 1056576.0], [378236.0, 1056576.0]]], [[[419868.0, 1069056.0], [419809.0, 1069055.0], [419868.0, 1069178.0], [419868.0, 1069056.0]]], [[[420985.0, 1069674.0], [420927.0, 1069551.0], [420867.0, 1069673.0], [420985.0, 1069674.0]]], [[[421219.0, 1069920.0], [421277.0, 1070043.0], [421278.0, 1069921.0], [421219.0, 1069920.0]]], [[[419746.0, 1069912.0], [419686.0, 1070035.0], [419804.0, 1070035.0], [419746.0, 1069912.0]]], [[[419568.0, 1070156.0], [419450.0, 1070156.0], [419508.0, 1070279.0], [419568.0, 1070156.0]]], [[[419450.0, 1070156.0], [419391.0, 1070156.0], [419390.0, 1070278.0], [419450.0, 1070156.0]]], [[[419567.0, 1070279.0], [419568.0, 1070156.0], [419508.0, 1070279.0], [419567.0, 1070279.0]]], [[[419564.0, 1070891.0], [419447.0, 1070768.0], [419504.0, 1071013.0], [419564.0, 1070891.0]]], [[[420088.0, 1072119.0], [420029.0, 1072118.0], [420028.0, 1072241.0], [420088.0, 1072119.0]]], [[[420144.0, 1072609.0], [420027.0, 1072486.0], [420026.0, 1072608.0], [420144.0, 1072609.0]]], [[[420552.0, 1073346.0], [420611.0, 1073346.0], [420612.0, 1073224.0], [420493.0, 1073346.0], [420552.0, 1073346.0]]], [[[422552.0, 1073725.0], [422553.0, 1073602.0], [422494.0, 1073602.0], [422552.0, 1073725.0]]], [[[420960.0, 1074205.0], [421019.0, 1074206.0], [420960.0, 1074083.0], [420960.0, 1074205.0]]], [[[421214.0, 1070778.0], [419629.0, 1069789.0], [419687.0, 1069912.0], [419746.0, 1069912.0], [419805.0, 1069913.0], [419745.0, 1070035.0], [419803.0, 1070158.0], [419627.0, 1070157.0], [419567.0, 1070279.0], [419625.0, 1070402.0], [419447.0, 1070768.0], [420270.0, 1071140.0], [419913.0, 1071750.0], [420382.0, 1072243.0], [420025.0, 1072853.0], [420671.0, 1073224.0], [420552.0, 1073346.0], [420552.0, 1073468.0], [420493.0, 1073468.0], [420431.0, 1074080.0], [421668.0, 1073842.0], [422314.0, 1074213.0], [421214.0, 1070778.0]]], [[[420959.0, 1074328.0], [420901.0, 1074205.0], [420900.0, 1074328.0], [420959.0, 1074328.0]]], [[[438339.0, 1107411.0], [438514.0, 1107413.0], [438224.0, 1107288.0], [438339.0, 1107411.0]]], [[[440554.0, 1107680.0], [440494.0, 1107802.0], [440552.0, 1107802.0], [440554.0, 1107680.0]]], [[[438740.0, 1108150.0], [438683.0, 1108027.0], [438626.0, 1107904.0], [438740.0, 1108150.0]]], [[[438621.0, 1108394.0], [438622.0, 1108272.0], [438562.0, 1108393.0], [438621.0, 1108394.0]]], [[[438621.0, 1108394.0], [438561.0, 1108516.0], [438619.0, 1108517.0], [438621.0, 1108394.0]]], [[[438732.0, 1108885.0], [438677.0, 1108640.0], [438675.0, 1108762.0], [438732.0, 1108885.0]]], [[[437965.0, 1109735.0], [438025.0, 1109613.0], [437908.0, 1109612.0], [437965.0, 1109735.0]]], [[[437733.0, 1109610.0], [437326.0, 1109483.0], [437613.0, 1109976.0], [437733.0, 1109610.0]]], [[[440876.0, 1110255.0], [440935.0, 1110134.0], [440877.0, 1110133.0], [440876.0, 1110255.0]]], [[[441050.0, 1110257.0], [441109.0, 1110258.0], [441052.0, 1110135.0], [441050.0, 1110257.0]]], [[[434798.0, 1111663.0], [434858.0, 1111541.0], [434799.0, 1111541.0], [434798.0, 1111663.0]]], [[[434680.0, 1111785.0], [434623.0, 1111662.0], [434622.0, 1111784.0], [434680.0, 1111785.0]]], [[[434622.0, 1111784.0], [434564.0, 1111784.0], [434563.0, 1111906.0], [434622.0, 1111784.0]]], [[[434503.0, 1112028.0], [434504.0, 1111906.0], [434445.0, 1112028.0], [434503.0, 1112028.0]]], [[[434735.0, 1112153.0], [434678.0, 1112030.0], [434677.0, 1112152.0], [434735.0, 1112153.0]]], [[[434557.0, 1112518.0], [434499.0, 1112518.0], [434498.0, 1112640.0], [434557.0, 1112518.0]]], [[[435168.0, 1115709.0], [435108.0, 1115831.0], [435167.0, 1115831.0], [435168.0, 1115709.0]]], [[[435562.0, 1117060.0], [435504.0, 1117059.0], [435446.0, 1117059.0], [435562.0, 1117060.0]]], [[[435734.0, 1117429.0], [435675.0, 1117428.0], [435674.0, 1117551.0], [435732.0, 1117551.0], [435734.0, 1117429.0]]], [[[435665.0, 1118531.0], [435666.0, 1118408.0], [435607.0, 1118530.0], [435665.0, 1118531.0]]], [[[436829.0, 1118419.0], [436828.0, 1118542.0], [436886.0, 1118543.0], [436888.0, 1118420.0], [436829.0, 1118419.0]]], [[[435779.0, 1118777.0], [435722.0, 1118654.0], [435721.0, 1118776.0], [435779.0, 1118777.0]]], [[[436305.0, 1118537.0], [435780.0, 1118654.0], [435779.0, 1118777.0], [435837.0, 1118777.0], [435953.0, 1118778.0], [436011.0, 1118779.0], [435835.0, 1119022.0], [436125.0, 1119025.0], [436305.0, 1118537.0]]], [[[437170.0, 1119280.0], [437113.0, 1119157.0], [437112.0, 1119280.0], [437170.0, 1119280.0]]], [[[437282.0, 1119649.0], [437224.0, 1119648.0], [437281.0, 1119771.0], [437282.0, 1119649.0]]], [[[436814.0, 1120012.0], [436815.0, 1119889.0], [436757.0, 1119889.0], [436814.0, 1120012.0]]], [[[436929.0, 1120135.0], [436872.0, 1120012.0], [436871.0, 1120135.0], [436929.0, 1120135.0]]], [[[436869.0, 1120257.0], [436929.0, 1120135.0], [436871.0, 1120135.0], [436814.0, 1120012.0], [436869.0, 1120257.0]]], [[[436694.0, 1120378.0], [436695.0, 1120255.0], [436580.0, 1120132.0], [436694.0, 1120378.0]]], [[[436810.0, 1120379.0], [436869.0, 1120257.0], [436811.0, 1120257.0], [436810.0, 1120379.0]]], [[[436345.0, 1120374.0], [436403.0, 1120375.0], [436288.0, 1120251.0], [436345.0, 1120374.0]]], [[[436403.0, 1120375.0], [436460.0, 1120498.0], [436404.0, 1120253.0], [436403.0, 1120375.0]]], [[[435819.0, 1120614.0], [436054.0, 1120372.0], [435821.0, 1120369.0], [435819.0, 1120614.0]]], [[[441459.0, 1120673.0], [441399.0, 1120795.0], [441457.0, 1120796.0], [441459.0, 1120673.0]]], [[[435524.0, 1121101.0], [435641.0, 1120980.0], [435525.0, 1120979.0], [435524.0, 1121101.0]]], [[[435813.0, 1121227.0], [435755.0, 1121226.0], [435697.0, 1121226.0], [435813.0, 1121227.0]]], [[[436097.0, 1121964.0], [436040.0, 1121841.0], [435980.0, 1121963.0], [436097.0, 1121964.0]]], [[[436901.0, 1122952.0], [436786.0, 1122828.0], [436610.0, 1122949.0], [436901.0, 1122952.0]]], [[[436666.0, 1123195.0], [436667.0, 1123072.0], [436608.0, 1123194.0], [436666.0, 1123195.0]]], [[[436605.0, 1123439.0], [436547.0, 1123438.0], [436546.0, 1123561.0], [436605.0, 1123439.0]]], [[[447118.0, 1123803.0], [446884.0, 1123922.0], [447116.0, 1123925.0], [447118.0, 1123803.0]]], [[[437116.0, 1124669.0], [437058.0, 1124668.0], [437115.0, 1124791.0], [437116.0, 1124669.0]]], [[[445650.0, 1125009.0], [446139.0, 1123056.0], [445127.0, 1125003.0], [445650.0, 1125009.0]]], [[[437505.0, 1126388.0], [437390.0, 1126264.0], [437504.0, 1126510.0], [437505.0, 1126388.0]]], [[[435178.0, 1126855.0], [435473.0, 1126368.0], [435301.0, 1126121.0], [435178.0, 1126855.0]]], [[[443066.0, 1127428.0], [443008.0, 1127428.0], [443007.0, 1127550.0], [443066.0, 1127428.0]]], [[[435348.0, 1127346.0], [436627.0, 1127114.0], [436287.0, 1126253.0], [435348.0, 1127346.0]]], [[[444452.0, 1128057.0], [444394.0, 1128056.0], [444336.0, 1128056.0], [444452.0, 1128057.0]]], [[[446077.0, 1128077.0], [446252.0, 1127957.0], [446078.0, 1127954.0], [446077.0, 1128077.0]]], [[[443977.0, 1128909.0], [443921.0, 1128786.0], [443919.0, 1128908.0], [443977.0, 1128909.0]]], [[[435670.0, 1130044.0], [435555.0, 1129920.0], [435554.0, 1130043.0], [435670.0, 1130044.0]]], [[[436653.0, 1130299.0], [436595.0, 1130298.0], [436652.0, 1130421.0], [436653.0, 1130299.0]]], [[[437400.0, 1131041.0], [437401.0, 1130919.0], [437285.0, 1130917.0], [437400.0, 1131041.0]]], [[[436123.0, 1131151.0], [436066.0, 1131028.0], [436065.0, 1131150.0], [436123.0, 1131151.0]]], [[[444238.0, 1131362.0], [444240.0, 1131239.0], [444182.0, 1131239.0], [444238.0, 1131362.0]]], [[[444295.0, 1131485.0], [444354.0, 1131363.0], [444296.0, 1131362.0], [444295.0, 1131485.0]]], [[[437161.0, 1131774.0], [437278.0, 1131652.0], [437104.0, 1131651.0], [437161.0, 1131774.0]]], [[[436111.0, 1132376.0], [436053.0, 1132375.0], [435995.0, 1132374.0], [436111.0, 1132376.0]]], [[[435935.0, 1132619.0], [435878.0, 1132496.0], [435820.0, 1132495.0], [435935.0, 1132619.0]]], [[[436153.0, 1133968.0], [436153.0, 1133968.0], [436096.0, 1133968.0], [436153.0, 1133968.0]]], [[[443910.0, 1134542.0], [443851.0, 1134664.0], [443909.0, 1134665.0], [443910.0, 1134542.0]]], [[[437377.0, 1133246.0], [439040.0, 1134978.0], [439168.0, 1133754.0], [437802.0, 1131413.0], [437872.0, 1130188.0], [437307.0, 1128713.0], [437133.0, 1128711.0], [437077.0, 1128588.0], [437019.0, 1128588.0], [437750.0, 1130800.0], [437377.0, 1133246.0]]], [[[434858.0, 1136161.0], [435034.0, 1135917.0], [434803.0, 1135915.0], [434858.0, 1136161.0]]], [[[396473.0, 1136488.0], [396415.0, 1136488.0], [396357.0, 1136488.0], [396473.0, 1136488.0]]], [[[435028.0, 1136530.0], [435085.0, 1136653.0], [435086.0, 1136530.0], [435028.0, 1136530.0]]], [[[444920.0, 1137249.0], [444922.0, 1137127.0], [444862.0, 1137249.0], [444920.0, 1137249.0]]], [[[438147.0, 1137296.0], [436825.0, 1130545.0], [436304.0, 1130418.0], [435797.0, 1128943.0], [435045.0, 1128691.0], [434804.0, 1129668.0], [435212.0, 1129427.0], [435443.0, 1129552.0], [435844.0, 1130046.0], [436069.0, 1130783.0], [436708.0, 1130667.0], [436124.0, 1131028.0], [436123.0, 1131151.0], [436181.0, 1131151.0], [436005.0, 1131395.0], [436060.0, 1131640.0], [435884.0, 1131883.0], [436342.0, 1132500.0], [436111.0, 1132376.0], [435935.0, 1132619.0], [436048.0, 1132865.0], [435876.0, 1132741.0], [437594.0, 1134718.0], [436489.0, 1135196.0], [436308.0, 1135930.0], [438147.0, 1137296.0]]], [[[397342.0, 1137345.0], [397342.0, 1137467.0], [397400.0, 1137467.0], [397342.0, 1137345.0]]], [[[434844.0, 1137630.0], [434729.0, 1137629.0], [434901.0, 1137753.0], [434844.0, 1137630.0]]], [[[435258.0, 1136777.0], [434674.0, 1137261.0], [435306.0, 1137757.0], [435774.0, 1137272.0], [435427.0, 1137268.0], [435372.0, 1136900.0], [435314.0, 1136900.0], [435258.0, 1136777.0]]], [[[437099.0, 1137897.0], [437098.0, 1138020.0], [437157.0, 1137898.0], [437099.0, 1137897.0]]], [[[436230.0, 1138011.0], [436931.0, 1137283.0], [435887.0, 1137518.0], [436231.0, 1137889.0], [436230.0, 1138011.0]]], [[[451973.0, 1137955.0], [451913.0, 1138076.0], [452029.0, 1138078.0], [451973.0, 1137955.0]]], [[[438200.0, 1137786.0], [438081.0, 1138030.0], [438313.0, 1138032.0], [438200.0, 1137786.0]]], [[[434957.0, 1137999.0], [435071.0, 1138122.0], [435072.0, 1138000.0], [434957.0, 1137999.0]]], [[[436058.0, 1137764.0], [435651.0, 1138005.0], [435650.0, 1138128.0], [436058.0, 1137764.0]]], [[[434608.0, 1138118.0], [434896.0, 1138243.0], [434783.0, 1137997.0], [434608.0, 1138118.0]]], [[[446755.0, 1138620.0], [446814.0, 1138498.0], [446757.0, 1138497.0], [446755.0, 1138620.0]]], [[[434664.0, 1138363.0], [434604.0, 1138608.0], [434835.0, 1138610.0], [435009.0, 1138612.0], [435124.0, 1138613.0], [434664.0, 1138363.0]]], [[[438807.0, 1135098.0], [439006.0, 1138162.0], [440388.0, 1138789.0], [439782.0, 1135965.0], [438807.0, 1135098.0]]], [[[435123.0, 1138735.0], [435066.0, 1138612.0], [434893.0, 1138611.0], [434950.0, 1138734.0], [434948.0, 1138856.0], [435123.0, 1138735.0]]], [[[435810.0, 1139477.0], [435926.0, 1139478.0], [435869.0, 1139355.0], [435810.0, 1139477.0]]], [[[435866.0, 1139722.0], [435695.0, 1139476.0], [435693.0, 1139598.0], [435866.0, 1139722.0]]], [[[436215.0, 1139481.0], [435924.0, 1139723.0], [436387.0, 1139605.0], [436215.0, 1139481.0]]], [[[446277.0, 1139839.0], [446336.0, 1139717.0], [446278.0, 1139716.0], [446277.0, 1139839.0]]], [[[437368.0, 1139860.0], [437548.0, 1139249.0], [437261.0, 1139001.0], [437368.0, 1139860.0]]], [[[438580.0, 1140117.0], [438753.0, 1140242.0], [438754.0, 1140119.0], [438580.0, 1140117.0]]], [[[429843.0, 1140526.0], [429786.0, 1140526.0], [429842.0, 1140648.0], [429843.0, 1140526.0]]], [[[436086.0, 1140827.0], [435111.0, 1139960.0], [435448.0, 1141066.0], [436086.0, 1140827.0]]], [[[429144.0, 1141255.0], [429201.0, 1141256.0], [429086.0, 1141255.0], [429144.0, 1141255.0]]], [[[395379.0, 1141266.0], [395379.0, 1141388.0], [395495.0, 1141388.0], [395552.0, 1141388.0], [395379.0, 1141266.0]]], [[[396708.0, 1141019.0], [397864.0, 1139304.0], [397227.0, 1138814.0], [397283.0, 1136977.0], [396356.0, 1136121.0], [396531.0, 1136488.0], [396415.0, 1136733.0], [394912.0, 1138327.0], [393640.0, 1138697.0], [393641.0, 1139554.0], [395090.0, 1141266.0], [395321.0, 1141144.0], [395379.0, 1141266.0], [395495.0, 1141388.0], [396015.0, 1141510.0], [396708.0, 1141019.0]]], [[[452974.0, 1140786.0], [455281.0, 1141188.0], [455083.0, 1138980.0], [452974.0, 1140786.0]]], [[[434517.0, 1141669.0], [434693.0, 1141426.0], [434520.0, 1141302.0], [434517.0, 1141669.0]]], [[[429023.0, 1141867.0], [428966.0, 1141744.0], [428965.0, 1141866.0], [429023.0, 1141867.0]]], [[[428966.0, 1141744.0], [428908.0, 1141743.0], [428965.0, 1141866.0], [428966.0, 1141744.0]]], [[[429254.0, 1141869.0], [429255.0, 1141746.0], [429197.0, 1141868.0], [429254.0, 1141869.0]]], [[[428964.0, 1141989.0], [428908.0, 1141866.0], [428907.0, 1141988.0], [428964.0, 1141989.0]]], [[[434630.0, 1141915.0], [434687.0, 1142038.0], [434688.0, 1141916.0], [434630.0, 1141915.0]]], [[[434282.0, 1142034.0], [434340.0, 1142035.0], [434397.0, 1142158.0], [434456.0, 1142036.0], [434398.0, 1142036.0], [434282.0, 1142034.0]]], [[[434339.0, 1142157.0], [434225.0, 1142034.0], [434223.0, 1142156.0], [434339.0, 1142157.0]]], [[[427172.0, 1141975.0], [427405.0, 1141854.0], [427173.0, 1141853.0], [427172.0, 1141975.0]]], [[[434685.0, 1142283.0], [434627.0, 1142283.0], [434683.0, 1142406.0], [434685.0, 1142283.0]]], [[[427111.0, 1142465.0], [427054.0, 1142342.0], [427053.0, 1142464.0], [427111.0, 1142465.0]]], [[[427112.0, 1142342.0], [427169.0, 1142465.0], [427228.0, 1142343.0], [427112.0, 1142342.0]]], [[[436646.0, 1142670.0], [437056.0, 1142184.0], [436708.0, 1142303.0], [436646.0, 1142670.0]]], [[[434674.0, 1143385.0], [434618.0, 1143262.0], [434616.0, 1143385.0], [434674.0, 1143385.0]]], [[[434905.0, 1143388.0], [434849.0, 1143265.0], [434848.0, 1143387.0], [434905.0, 1143388.0]]], [[[434614.0, 1143630.0], [434673.0, 1143508.0], [434615.0, 1143507.0], [434614.0, 1143630.0]]], [[[426579.0, 1144053.0], [426638.0, 1143931.0], [426580.0, 1143931.0], [426579.0, 1144053.0]]], [[[426117.0, 1144050.0], [426059.0, 1144172.0], [426116.0, 1144172.0], [426117.0, 1144050.0]]], [[[449800.0, 1144539.0], [450145.0, 1144667.0], [449917.0, 1144418.0], [449800.0, 1144539.0]]], [[[447196.0, 1144872.0], [447253.0, 1144873.0], [447255.0, 1144751.0], [447196.0, 1144872.0]]], [[[435238.0, 1144861.0], [435181.0, 1144738.0], [435237.0, 1144983.0], [435238.0, 1144861.0]]], [[[437263.0, 1144513.0], [437546.0, 1145129.0], [437435.0, 1144637.0], [437263.0, 1144513.0]]], [[[424896.0, 1145266.0], [424955.0, 1145021.0], [424897.0, 1145144.0], [424896.0, 1145266.0]]], [[[448981.0, 1145263.0], [449041.0, 1145142.0], [448925.0, 1145140.0], [448981.0, 1145263.0]]], [[[437198.0, 1145247.0], [437142.0, 1145124.0], [437083.0, 1145246.0], [437198.0, 1145247.0]]], [[[425184.0, 1145268.0], [425127.0, 1145268.0], [425184.0, 1145390.0], [425184.0, 1145268.0]]], [[[451913.0, 1138076.0], [451656.0, 1135745.0], [448853.0, 1137544.0], [447662.0, 1144511.0], [451261.0, 1143334.0], [450546.0, 1144917.0], [451116.0, 1145415.0], [451570.0, 1141869.0], [452881.0, 1143235.0], [451913.0, 1138076.0]]], [[[423855.0, 1145382.0], [423914.0, 1145260.0], [423856.0, 1145259.0], [423855.0, 1145382.0]]], [[[423855.0, 1145382.0], [423798.0, 1145381.0], [423740.0, 1145381.0], [423855.0, 1145382.0]]], [[[447478.0, 1145366.0], [447476.0, 1145488.0], [447650.0, 1145491.0], [447478.0, 1145366.0]]], [[[451461.0, 1145542.0], [451176.0, 1145293.0], [451230.0, 1145539.0], [451461.0, 1145542.0]]], [[[451634.0, 1145545.0], [451746.0, 1145791.0], [451865.0, 1145548.0], [451752.0, 1145424.0], [451634.0, 1145545.0]]], [[[433785.0, 1145827.0], [433786.0, 1145704.0], [433727.0, 1145826.0], [433785.0, 1145827.0]]], [[[447298.0, 1145854.0], [447300.0, 1145731.0], [447241.0, 1145853.0], [447298.0, 1145854.0]]], [[[433724.0, 1146194.0], [433726.0, 1145949.0], [433727.0, 1145826.0], [433724.0, 1146194.0]]], [[[446833.0, 1146093.0], [446949.0, 1146094.0], [446891.0, 1146093.0], [446833.0, 1146093.0]]], [[[437648.0, 1146477.0], [437884.0, 1145989.0], [437649.0, 1146354.0], [437422.0, 1145985.0], [437306.0, 1145984.0], [437248.0, 1145983.0], [437191.0, 1145982.0], [437648.0, 1146477.0]]], [[[447055.0, 1146830.0], [447053.0, 1146953.0], [447111.0, 1146954.0], [447055.0, 1146830.0]]], [[[420901.0, 1146956.0], [420959.0, 1146834.0], [420843.0, 1146956.0], [420901.0, 1146956.0]]], [[[437641.0, 1147089.0], [437758.0, 1146968.0], [437586.0, 1146844.0], [437641.0, 1147089.0]]], [[[422516.0, 1147210.0], [422517.0, 1147088.0], [422459.0, 1147088.0], [422516.0, 1147210.0]]], [[[422294.0, 1145739.0], [423613.0, 1147217.0], [424316.0, 1145630.0], [422294.0, 1145739.0]]], [[[449473.0, 1147352.0], [449300.0, 1147350.0], [449414.0, 1147474.0], [449473.0, 1147352.0]]], [[[422571.0, 1147578.0], [422630.0, 1147456.0], [422572.0, 1147456.0], [422571.0, 1147578.0]]], [[[420725.0, 1147445.0], [420551.0, 1147689.0], [420608.0, 1147689.0], [420725.0, 1147445.0]]], [[[427302.0, 1147855.0], [427244.0, 1147855.0], [427244.0, 1147977.0], [427302.0, 1147855.0]]], [[[422684.0, 1147946.0], [422628.0, 1147824.0], [422569.0, 1147946.0], [422684.0, 1147946.0]]], [[[424009.0, 1148322.0], [423550.0, 1147952.0], [423606.0, 1148197.0], [424009.0, 1148322.0]]], [[[417250.0, 1149999.0], [417250.0, 1149999.0], [417192.0, 1149999.0], [417250.0, 1149999.0]]], [[[447062.0, 1150750.0], [447524.0, 1150756.0], [446780.0, 1150257.0], [447062.0, 1150750.0]]], [[[447000.0, 1151117.0], [446944.0, 1150994.0], [446942.0, 1151116.0], [447000.0, 1151117.0]]], [[[448036.0, 1151253.0], [447865.0, 1151128.0], [447807.0, 1151127.0], [448036.0, 1151253.0]]], [[[447862.0, 1151373.0], [447749.0, 1151127.0], [447575.0, 1151247.0], [447862.0, 1151373.0]]], [[[450619.0, 1152145.0], [450390.0, 1152020.0], [450446.0, 1152143.0], [450619.0, 1152145.0]]], [[[416894.0, 1152202.0], [416894.0, 1152080.0], [416837.0, 1152079.0], [416894.0, 1152202.0]]], [[[416773.0, 1153426.0], [416831.0, 1153304.0], [416889.0, 1153182.0], [416773.0, 1153426.0]]], [[[417290.0, 1153674.0], [417291.0, 1153551.0], [417175.0, 1153673.0], [417290.0, 1153674.0]]], [[[448046.0, 1154928.0], [448218.0, 1154930.0], [448162.0, 1154807.0], [448046.0, 1154928.0]]], [[[448503.0, 1155179.0], [448447.0, 1155056.0], [448388.0, 1155177.0], [448503.0, 1155179.0]]], [[[447690.0, 1155658.0], [447634.0, 1155535.0], [447748.0, 1155659.0], [447690.0, 1155658.0]]], [[[422916.0, 1157012.0], [422859.0, 1157011.0], [422858.0, 1157134.0], [422916.0, 1157012.0]]], [[[430571.0, 1157312.0], [430514.0, 1157190.0], [430513.0, 1157312.0], [430571.0, 1157312.0]]], [[[424640.0, 1157513.0], [424583.0, 1157390.0], [424583.0, 1157512.0], [424640.0, 1157513.0]]], [[[422566.0, 1157744.0], [422624.0, 1157745.0], [422567.0, 1157622.0], [422566.0, 1157744.0]]], [[[424869.0, 1157759.0], [424810.0, 1157881.0], [424868.0, 1157882.0], [424869.0, 1157759.0]]], [[[451057.0, 1157909.0], [451171.0, 1158033.0], [451172.0, 1157910.0], [451057.0, 1157909.0]]], [[[429930.0, 1158165.0], [429874.0, 1158042.0], [429815.0, 1158164.0], [429930.0, 1158165.0]]], [[[422103.0, 1158231.0], [422045.0, 1158231.0], [422161.0, 1158232.0], [422103.0, 1158231.0]]], [[[451169.0, 1158155.0], [450883.0, 1158029.0], [450937.0, 1158274.0], [451169.0, 1158155.0]]], [[[424750.0, 1158248.0], [424864.0, 1158372.0], [424980.0, 1158250.0], [424750.0, 1158248.0]]], [[[425725.0, 1158745.0], [425668.0, 1158622.0], [425668.0, 1158745.0], [425725.0, 1158745.0]]], [[[419108.0, 1158705.0], [419339.0, 1158461.0], [419225.0, 1158338.0], [419108.0, 1158705.0]]], [[[425610.0, 1158744.0], [425552.0, 1158744.0], [425609.0, 1158867.0], [425610.0, 1158744.0]]], [[[425668.0, 1158745.0], [425610.0, 1158744.0], [425667.0, 1158867.0], [425668.0, 1158745.0]]], [[[426126.0, 1158993.0], [426011.0, 1158992.0], [426184.0, 1158993.0], [426126.0, 1158993.0]]], [[[425147.0, 1159109.0], [425322.0, 1158742.0], [424864.0, 1158494.0], [424805.0, 1158616.0], [425034.0, 1158863.0], [424976.0, 1158862.0], [425033.0, 1158985.0], [425147.0, 1159109.0]]], [[[425147.0, 1159109.0], [425090.0, 1158986.0], [425090.0, 1159108.0], [425147.0, 1159109.0]]], [[[428370.0, 1159010.0], [428196.0, 1159253.0], [428544.0, 1158888.0], [428370.0, 1159010.0]]], [[[430036.0, 1159390.0], [430037.0, 1159268.0], [429978.0, 1159390.0], [430036.0, 1159390.0]]], [[[415595.0, 1159423.0], [415480.0, 1159300.0], [415480.0, 1159422.0], [415595.0, 1159423.0]]], [[[418701.0, 1159560.0], [418644.0, 1159437.0], [418643.0, 1159560.0], [418701.0, 1159560.0]]], [[[426985.0, 1159612.0], [426927.0, 1159611.0], [426870.0, 1159611.0], [426985.0, 1159612.0]]], [[[430609.0, 1159640.0], [430552.0, 1159517.0], [430494.0, 1159639.0], [430609.0, 1159640.0]]], [[[418528.0, 1159681.0], [418585.0, 1159804.0], [418585.0, 1159682.0], [418528.0, 1159681.0]]], [[[415363.0, 1159912.0], [415421.0, 1159790.0], [415305.0, 1159912.0], [415363.0, 1159912.0]]], [[[415478.0, 1159912.0], [415421.0, 1159790.0], [415420.0, 1159912.0], [415478.0, 1159912.0]]], [[[416341.0, 1159916.0], [416283.0, 1159916.0], [416226.0, 1159916.0], [416341.0, 1159916.0]]], [[[428420.0, 1159990.0], [428249.0, 1159744.0], [428132.0, 1159988.0], [428420.0, 1159990.0]]], [[[428132.0, 1159988.0], [428018.0, 1159864.0], [428016.0, 1160109.0], [428132.0, 1159988.0]]], [[[418812.0, 1160295.0], [418812.0, 1160418.0], [418869.0, 1160418.0], [418812.0, 1160295.0]]], [[[415015.0, 1160645.0], [415015.0, 1160523.0], [414958.0, 1160523.0], [415015.0, 1160645.0]]], [[[460507.0, 1160871.0], [460569.0, 1160627.0], [460338.0, 1160623.0], [460507.0, 1160871.0]]], [[[431000.0, 1160991.0], [431115.0, 1160992.0], [431058.0, 1160991.0], [431000.0, 1160991.0]]], [[[414380.0, 1161255.0], [414322.0, 1161377.0], [414494.0, 1161378.0], [414380.0, 1161255.0]]], [[[448305.0, 1161424.0], [448424.0, 1161180.0], [448249.0, 1161300.0], [448305.0, 1161424.0]]], [[[413747.0, 1161375.0], [414207.0, 1161254.0], [413921.0, 1161008.0], [413747.0, 1161375.0]]], [[[418747.0, 1161765.0], [418690.0, 1161642.0], [418690.0, 1161765.0], [418747.0, 1161765.0]]], [[[429063.0, 1158648.0], [429209.0, 1162078.0], [431120.0, 1160379.0], [429458.0, 1159631.0], [429522.0, 1158896.0], [429063.0, 1158648.0]]], [[[416733.0, 1162123.0], [416734.0, 1162000.0], [416676.0, 1162000.0], [416733.0, 1162123.0]]], [[[416503.0, 1162121.0], [416446.0, 1161999.0], [416388.0, 1162121.0], [416503.0, 1162121.0]]], [[[429151.0, 1162078.0], [429094.0, 1162077.0], [429036.0, 1162077.0], [429094.0, 1162077.0], [429036.0, 1162077.0], [429151.0, 1162078.0]]], [[[433012.0, 1161131.0], [434678.0, 1161269.0], [433541.0, 1159788.0], [433012.0, 1161131.0]]], [[[414665.0, 1161869.0], [418631.0, 1161887.0], [418528.0, 1159681.0], [416460.0, 1159059.0], [416858.0, 1160041.0], [416337.0, 1160651.0], [415652.0, 1159546.0], [415709.0, 1159668.0], [415478.0, 1159790.0], [415478.0, 1159912.0], [415593.0, 1159913.0], [415420.0, 1160035.0], [415477.0, 1160035.0], [415535.0, 1160035.0], [415247.0, 1160156.0], [415534.0, 1160280.0], [414611.0, 1161011.0], [414665.0, 1161869.0]]], [[[462897.0, 1162381.0], [463244.0, 1162265.0], [462901.0, 1162136.0], [462897.0, 1162381.0]]], [[[415581.0, 1162607.0], [415581.0, 1162607.0], [415524.0, 1162607.0], [415581.0, 1162607.0]]], [[[461456.0, 1162602.0], [461524.0, 1161990.0], [461234.0, 1162108.0], [461456.0, 1162602.0]]], [[[461913.0, 1162732.0], [461684.0, 1162728.0], [461854.0, 1162853.0], [461913.0, 1162732.0]]], [[[430179.0, 1162944.0], [430235.0, 1163067.0], [430236.0, 1162944.0], [430179.0, 1162944.0]]], [[[453166.0, 1163329.0], [453110.0, 1163205.0], [453222.0, 1163452.0], [453166.0, 1163329.0]]], [[[451496.0, 1163550.0], [451268.0, 1163424.0], [451435.0, 1163794.0], [451496.0, 1163550.0]]], [[[452121.0, 1164049.0], [451952.0, 1163801.0], [451891.0, 1164045.0], [452121.0, 1164049.0]]], [[[452694.0, 1164179.0], [452753.0, 1164058.0], [452695.0, 1164057.0], [452694.0, 1164179.0]]], [[[452347.0, 1164297.0], [452351.0, 1164052.0], [452290.0, 1164296.0], [452347.0, 1164297.0]]], [[[435052.0, 1164212.0], [435520.0, 1163359.0], [435059.0, 1163477.0], [435052.0, 1164212.0]]], [[[460333.0, 1164420.0], [460452.0, 1164177.0], [460167.0, 1164050.0], [460333.0, 1164420.0]]], [[[452396.0, 1164910.0], [452453.0, 1164911.0], [452455.0, 1164788.0], [452396.0, 1164910.0]]], [[[409712.0, 1165037.0], [409655.0, 1164914.0], [409597.0, 1165037.0], [409712.0, 1165037.0]]], [[[451875.0, 1165148.0], [451877.0, 1165025.0], [451818.0, 1165147.0], [451875.0, 1165148.0]]], [[[460668.0, 1165038.0], [461012.0, 1165044.0], [460614.0, 1164793.0], [460668.0, 1165038.0]]], [[[452163.0, 1165152.0], [451931.0, 1165271.0], [452161.0, 1165274.0], [452163.0, 1165152.0]]], [[[410400.0, 1165406.0], [410458.0, 1165284.0], [410401.0, 1165284.0], [410400.0, 1165406.0]]], [[[452505.0, 1165279.0], [452281.0, 1164908.0], [452331.0, 1165399.0], [452505.0, 1165279.0]]], [[[410170.0, 1165528.0], [410228.0, 1165406.0], [410171.0, 1165405.0], [410170.0, 1165528.0]]], [[[453882.0, 1165422.0], [453505.0, 1163701.0], [452993.0, 1163326.0], [452742.0, 1164793.0], [453882.0, 1165422.0]]], [[[460836.0, 1165286.0], [461066.0, 1165290.0], [460953.0, 1165166.0], [460836.0, 1165286.0]]], [[[410342.0, 1165651.0], [410515.0, 1165406.0], [410400.0, 1165406.0], [410285.0, 1165528.0], [410342.0, 1165651.0]]], [[[461119.0, 1165536.0], [461117.0, 1165658.0], [461176.0, 1165537.0], [461119.0, 1165536.0]]], [[[429063.0, 1165874.0], [429007.0, 1165751.0], [428949.0, 1165873.0], [429063.0, 1165874.0]]], [[[453819.0, 1165788.0], [454049.0, 1165792.0], [453821.0, 1165666.0], [453819.0, 1165788.0]]], [[[410457.0, 1165774.0], [410170.0, 1165650.0], [410169.0, 1166018.0], [410457.0, 1165774.0]]], [[[429695.0, 1165879.0], [429637.0, 1166001.0], [429751.0, 1166002.0], [429695.0, 1165879.0]]], [[[433826.0, 1166283.0], [433886.0, 1166038.0], [433712.0, 1166282.0], [433826.0, 1166283.0]]], [[[461105.0, 1166393.0], [461107.0, 1166271.0], [461049.0, 1166270.0], [461105.0, 1166393.0]]], [[[430091.0, 1166618.0], [430035.0, 1166495.0], [430034.0, 1166617.0], [430091.0, 1166618.0]]], [[[460692.0, 1166999.0], [456418.0, 1161173.0], [453248.0, 1161615.0], [455088.0, 1165440.0], [460692.0, 1166999.0]]], [[[431447.0, 1162464.0], [429008.0, 1165629.0], [429063.0, 1165874.0], [429293.0, 1165876.0], [429467.0, 1165633.0], [429349.0, 1166122.0], [429583.0, 1165511.0], [429984.0, 1165637.0], [429695.0, 1165879.0], [430439.0, 1166253.0], [430035.0, 1166495.0], [430091.0, 1166618.0], [430147.0, 1166741.0], [431059.0, 1167606.0], [434355.0, 1165063.0], [431447.0, 1162464.0]]], [[[459881.0, 1167475.0], [460223.0, 1167604.0], [459940.0, 1167354.0], [459881.0, 1167475.0]]], [[[460334.0, 1167850.0], [460278.0, 1167727.0], [460276.0, 1167850.0], [460334.0, 1167850.0]]], [[[460451.0, 1167730.0], [460393.0, 1167729.0], [460391.0, 1167851.0], [460393.0, 1167729.0], [460391.0, 1167851.0], [460451.0, 1167730.0]]], [[[432605.0, 1167987.0], [432548.0, 1167986.0], [432663.0, 1167987.0], [432605.0, 1167987.0]]], [[[448442.0, 1168408.0], [448329.0, 1168284.0], [448385.0, 1168407.0], [448442.0, 1168408.0]]], [[[465433.0, 1168429.0], [465321.0, 1168304.0], [465376.0, 1168428.0], [465433.0, 1168429.0]]], [[[465661.0, 1168555.0], [465603.0, 1168554.0], [465716.0, 1168679.0], [465661.0, 1168555.0]]], [[[448552.0, 1168777.0], [448610.0, 1168778.0], [448497.0, 1168654.0], [448552.0, 1168777.0]]], [[[466175.0, 1168687.0], [465950.0, 1168438.0], [466058.0, 1168807.0], [466175.0, 1168687.0]]], [[[431905.0, 1169328.0], [431963.0, 1169206.0], [431848.0, 1169205.0], [431847.0, 1169327.0], [431905.0, 1169328.0]]], [[[466618.0, 1169553.0], [466678.0, 1169431.0], [466508.0, 1169306.0], [466618.0, 1169553.0]]], [[[431270.0, 1169690.0], [431271.0, 1169567.0], [431156.0, 1169689.0], [431270.0, 1169690.0]]], [[[466329.0, 1169670.0], [466387.0, 1169671.0], [466676.0, 1169554.0], [466446.0, 1169550.0], [466329.0, 1169670.0]]], [[[431328.0, 1169690.0], [431616.0, 1169570.0], [431790.0, 1169327.0], [431328.0, 1169690.0]]], [[[431901.0, 1169695.0], [431556.0, 1169815.0], [432014.0, 1169941.0], [431901.0, 1169695.0]]], [[[430922.0, 1170177.0], [430866.0, 1170054.0], [430865.0, 1170176.0], [430922.0, 1170177.0]]], [[[463779.0, 1171094.0], [463722.0, 1171093.0], [463664.0, 1171092.0], [463779.0, 1171094.0]]], [[[469055.0, 1171191.0], [469000.0, 1171067.0], [468885.0, 1171065.0], [468940.0, 1171189.0], [468998.0, 1171190.0], [469055.0, 1171191.0]]], [[[469055.0, 1171191.0], [468998.0, 1171190.0], [469112.0, 1171192.0], [469055.0, 1171191.0]]], [[[467963.0, 1171293.0], [468023.0, 1171171.0], [467965.0, 1171170.0], [467963.0, 1171293.0]]], [[[469796.0, 1171450.0], [469855.0, 1171329.0], [469683.0, 1171325.0], [469796.0, 1171450.0]]], [[[470080.0, 1171578.0], [470025.0, 1171454.0], [470023.0, 1171577.0], [470080.0, 1171578.0]]], [[[470135.0, 1171702.0], [470078.0, 1171701.0], [470192.0, 1171703.0], [470135.0, 1171702.0]]], [[[467323.0, 1171771.0], [467211.0, 1171646.0], [467381.0, 1171772.0], [467323.0, 1171771.0]]], [[[469557.0, 1171936.0], [469342.0, 1171196.0], [468998.0, 1171190.0], [469557.0, 1171936.0]]], [[[429875.0, 1172005.0], [429933.0, 1171883.0], [429876.0, 1171883.0], [429875.0, 1172005.0]]], [[[470247.0, 1171826.0], [470078.0, 1171701.0], [470075.0, 1171823.0], [470133.0, 1171824.0], [470245.0, 1171949.0], [470302.0, 1171950.0], [470245.0, 1171949.0], [470247.0, 1171826.0]]], [[[446787.0, 1172184.0], [446791.0, 1171816.0], [446616.0, 1172059.0], [446787.0, 1172184.0]]], [[[469433.0, 1172423.0], [469378.0, 1172300.0], [469376.0, 1172422.0], [469433.0, 1172423.0]]], [[[468530.0, 1171671.0], [469495.0, 1172179.0], [469385.0, 1171932.0], [468991.0, 1171557.0], [468530.0, 1171671.0]]], [[[466263.0, 1170159.0], [468415.0, 1171669.0], [468706.0, 1171429.0], [468654.0, 1171183.0], [466263.0, 1170159.0]]], [[[468397.0, 1172649.0], [468452.0, 1172772.0], [468454.0, 1172650.0], [468397.0, 1172649.0]]], [[[468108.0, 1172766.0], [468050.0, 1172765.0], [468105.0, 1172888.0], [468108.0, 1172766.0]]], [[[468335.0, 1172892.0], [468280.0, 1172769.0], [468277.0, 1172891.0], [468335.0, 1172892.0]]], [[[429693.0, 1173229.0], [429695.0, 1172984.0], [429578.0, 1173228.0], [429693.0, 1173229.0]]], [[[430208.0, 1173233.0], [430155.0, 1172743.0], [429925.0, 1172863.0], [429983.0, 1172741.0], [429926.0, 1172741.0], [429925.0, 1172863.0], [429926.0, 1172741.0], [429811.0, 1172740.0], [429754.0, 1172739.0], [430208.0, 1173233.0]]], [[[430034.0, 1173477.0], [430035.0, 1173354.0], [429978.0, 1173354.0], [430034.0, 1173477.0]]], [[[462819.0, 1173528.0], [462649.0, 1173402.0], [462647.0, 1173525.0], [462819.0, 1173528.0]]], [[[430203.0, 1173845.0], [429976.0, 1173599.0], [430031.0, 1173844.0], [430203.0, 1173845.0]]], [[[430833.0, 1173973.0], [430719.0, 1173850.0], [430775.0, 1173973.0], [430833.0, 1173973.0]]], [[[446940.0, 1173655.0], [446316.0, 1173157.0], [446763.0, 1174021.0], [446940.0, 1173655.0]]], [[[452317.0, 1174341.0], [452316.0, 1174464.0], [452430.0, 1174466.0], [452317.0, 1174341.0]]], [[[447958.0, 1174649.0], [447794.0, 1174034.0], [447567.0, 1173909.0], [447619.0, 1174277.0], [447958.0, 1174649.0]]], [[[452484.0, 1174711.0], [452429.0, 1174588.0], [452427.0, 1174711.0], [452484.0, 1174711.0]]], [[[452310.0, 1174831.0], [452312.0, 1174709.0], [452255.0, 1174708.0], [452310.0, 1174831.0]]], [[[452369.0, 1174710.0], [452368.0, 1174832.0], [452425.0, 1174833.0], [452369.0, 1174710.0]]], [[[452941.0, 1174841.0], [452595.0, 1174958.0], [452822.0, 1175084.0], [452941.0, 1174841.0]]], [[[427098.0, 1175291.0], [426983.0, 1175290.0], [427040.0, 1175413.0], [427098.0, 1175291.0]]], [[[426008.0, 1175528.0], [426009.0, 1175405.0], [425951.0, 1175527.0], [426008.0, 1175528.0]]], [[[426408.0, 1175653.0], [426409.0, 1175531.0], [426351.0, 1175653.0], [426408.0, 1175653.0]]], [[[426350.0, 1175775.0], [426293.0, 1175652.0], [426293.0, 1175775.0], [426350.0, 1175775.0]]], [[[426521.0, 1175899.0], [426522.0, 1175776.0], [426463.0, 1176021.0], [426521.0, 1175899.0]]], [[[421936.0, 1176358.0], [421881.0, 1176113.0], [421879.0, 1176358.0], [421936.0, 1176358.0]]], [[[420445.0, 1176840.0], [420333.0, 1176349.0], [420330.0, 1176839.0], [420445.0, 1176840.0]]], [[[420561.0, 1176595.0], [420961.0, 1176720.0], [420848.0, 1176474.0], [420561.0, 1176595.0]]], [[[446495.0, 1177080.0], [447315.0, 1175620.0], [446105.0, 1176217.0], [446495.0, 1177080.0]]], [[[426568.0, 1177247.0], [426626.0, 1177125.0], [426569.0, 1177124.0], [426568.0, 1177247.0]]], [[[426224.0, 1177367.0], [426280.0, 1177490.0], [426281.0, 1177367.0], [426224.0, 1177367.0]]], [[[425707.0, 1177608.0], [425765.0, 1177486.0], [425708.0, 1177485.0], [425707.0, 1177608.0]]], [[[420154.0, 1177573.0], [420269.0, 1177574.0], [420270.0, 1177451.0], [420212.0, 1177451.0], [420269.0, 1177574.0], [420212.0, 1177573.0], [420154.0, 1177573.0]]], [[[420383.0, 1177574.0], [420326.0, 1177574.0], [420325.0, 1177696.0], [420383.0, 1177574.0]]], [[[449404.0, 1177853.0], [449125.0, 1177359.0], [449233.0, 1177851.0], [449404.0, 1177853.0]]], [[[447226.0, 1178069.0], [447228.0, 1177947.0], [447169.0, 1178068.0], [447226.0, 1178069.0]]], [[[451624.0, 1178742.0], [451569.0, 1178618.0], [451567.0, 1178741.0], [451624.0, 1178742.0]]], [[[420946.0, 1179292.0], [420889.0, 1179169.0], [420832.0, 1179169.0], [420889.0, 1179292.0], [420946.0, 1179292.0]]], [[[421115.0, 1179661.0], [421115.0, 1179661.0], [421058.0, 1179660.0], [421115.0, 1179661.0]]], [[[453382.0, 1179870.0], [453441.0, 1179748.0], [453327.0, 1179746.0], [453382.0, 1179870.0]]], [[[439938.0, 1179697.0], [440568.0, 1179704.0], [440401.0, 1179212.0], [439938.0, 1179697.0]]], [[[421284.0, 1180274.0], [421227.0, 1180151.0], [421226.0, 1180274.0], [421284.0, 1180274.0]]], [[[421452.0, 1180765.0], [421396.0, 1180642.0], [421395.0, 1180765.0], [421452.0, 1180765.0]]], [[[443984.0, 1181091.0], [444501.0, 1180852.0], [444334.0, 1180483.0], [443984.0, 1181091.0]]], [[[442091.0, 1181558.0], [442661.0, 1181687.0], [443012.0, 1181079.0], [442091.0, 1181558.0]]], [[[427994.0, 1185342.0], [428051.0, 1185342.0], [427993.0, 1185464.0], [427994.0, 1185342.0]]], [[[454268.0, 1185640.0], [454270.0, 1185518.0], [454211.0, 1185640.0], [454268.0, 1185640.0]]], [[[425934.0, 1185816.0], [425876.0, 1185938.0], [425934.0, 1185939.0], [425934.0, 1185816.0]]], [[[440495.0, 1186195.0], [440381.0, 1186194.0], [440379.0, 1186316.0], [440495.0, 1186195.0]]], [[[428667.0, 1186939.0], [428839.0, 1186818.0], [428668.0, 1186817.0], [428667.0, 1186939.0]]], [[[454589.0, 1187115.0], [454532.0, 1187114.0], [454530.0, 1187237.0], [454589.0, 1187115.0]]], [[[429690.0, 1187560.0], [429918.0, 1187562.0], [429805.0, 1187439.0], [429690.0, 1187560.0]]], [[[454401.0, 1188215.0], [454399.0, 1188337.0], [454458.0, 1188216.0], [454401.0, 1188215.0]]], [[[466494.0, 1188785.0], [466496.0, 1188662.0], [466437.0, 1188784.0], [466494.0, 1188785.0]]], [[[466604.0, 1189032.0], [466547.0, 1189031.0], [466544.0, 1189153.0], [466604.0, 1189032.0]]], [[[466432.0, 1189029.0], [466430.0, 1189151.0], [466489.0, 1189030.0], [466432.0, 1189029.0]]], [[[466371.0, 1189273.0], [466373.0, 1189150.0], [466314.0, 1189272.0], [466371.0, 1189273.0]]], [[[443369.0, 1189413.0], [443543.0, 1189170.0], [443545.0, 1189048.0], [443369.0, 1189413.0]]], [[[431428.0, 1191127.0], [431315.0, 1191004.0], [431314.0, 1191126.0], [431428.0, 1191127.0]]], [[[431314.0, 1191126.0], [431257.0, 1191126.0], [431200.0, 1191125.0], [431314.0, 1191126.0]]], [[[431028.0, 1191246.0], [431027.0, 1191369.0], [431084.0, 1191369.0], [431028.0, 1191246.0]]], [[[452927.0, 1191378.0], [452929.0, 1191256.0], [452755.0, 1191498.0], [452927.0, 1191378.0]]], [[[443626.0, 1191744.0], [443571.0, 1191621.0], [443511.0, 1191865.0], [443626.0, 1191744.0]]], [[[433702.0, 1192005.0], [433645.0, 1192005.0], [433700.0, 1192128.0], [433702.0, 1192005.0]]], [[[432843.0, 1192365.0], [432786.0, 1192364.0], [432785.0, 1192487.0], [432843.0, 1192365.0]]], [[[431815.0, 1192600.0], [431815.0, 1192600.0], [431758.0, 1192600.0], [431815.0, 1192600.0]]], [[[430617.0, 1192713.0], [430560.0, 1192712.0], [430615.0, 1192835.0], [430617.0, 1192713.0]]], [[[432669.0, 1192731.0], [432612.0, 1192730.0], [432555.0, 1192729.0], [432669.0, 1192731.0]]], [[[430899.0, 1192960.0], [430842.0, 1192959.0], [430955.0, 1193083.0], [430899.0, 1192960.0]]], [[[467040.0, 1193206.0], [467211.0, 1193209.0], [467270.0, 1193087.0], [467040.0, 1193206.0]]], [[[431695.0, 1193212.0], [431813.0, 1192845.0], [431017.0, 1192593.0], [430955.0, 1193083.0], [431695.0, 1193212.0]]], [[[454068.0, 1191395.0], [456265.0, 1193144.0], [456562.0, 1192413.0], [454745.0, 1191895.0], [454874.0, 1190917.0], [454762.0, 1190793.0], [454704.0, 1190792.0], [454068.0, 1191395.0]]], [[[464521.0, 1193772.0], [464405.0, 1193893.0], [464462.0, 1193894.0], [464521.0, 1193772.0]]], [[[436020.0, 1193987.0], [435963.0, 1193987.0], [436018.0, 1194110.0], [436020.0, 1193987.0]]], [[[464052.0, 1194499.0], [464166.0, 1194501.0], [464168.0, 1194378.0], [464052.0, 1194499.0]]], [[[462163.0, 1194956.0], [465251.0, 1191213.0], [466871.0, 1193080.0], [467694.0, 1191748.0], [466309.0, 1189517.0], [465827.0, 1187793.0], [464189.0, 1189968.0], [460646.0, 1190275.0], [462569.0, 1187980.0], [461102.0, 1186975.0], [457741.0, 1193535.0], [460422.0, 1193456.0], [461102.0, 1193713.0], [461374.0, 1194452.0], [461992.0, 1194953.0], [462049.0, 1194954.0], [462106.0, 1194955.0], [462163.0, 1194956.0]]], [[[462104.0, 1195077.0], [462106.0, 1194955.0], [462049.0, 1194954.0], [462104.0, 1195077.0]]], [[[452317.0, 1174341.0], [452116.0, 1172379.0], [448493.0, 1168898.0], [447429.0, 1166924.0], [448139.0, 1165341.0], [449193.0, 1168050.0], [451153.0, 1167465.0], [451200.0, 1164158.0], [448864.0, 1162656.0], [444598.0, 1163581.0], [446080.0, 1160047.0], [446689.0, 1161893.0], [447924.0, 1159826.0], [450734.0, 1160477.0], [450880.0, 1158274.0], [446540.0, 1155521.0], [447197.0, 1153692.0], [449369.0, 1155068.0], [449685.0, 1152990.0], [447493.0, 1153083.0], [446024.0, 1150737.0], [446339.0, 1153191.0], [445073.0, 1153053.0], [444833.0, 1153785.0], [444598.0, 1154149.0], [444367.0, 1154269.0], [444747.0, 1151456.0], [442691.0, 1149717.0], [445224.0, 1150115.0], [444540.0, 1149494.0], [443251.0, 1146294.0], [446219.0, 1149025.0], [443461.0, 1143111.0], [446996.0, 1146952.0], [446716.0, 1146214.0], [446729.0, 1145234.0], [447537.0, 1145244.0], [447080.0, 1144871.0], [446530.0, 1142659.0], [448290.0, 1140722.0], [446729.0, 1140702.0], [447046.0, 1138501.0], [446508.0, 1139841.0], [446044.0, 1139958.0], [446017.0, 1137508.0], [444324.0, 1138712.0], [443147.0, 1135391.0], [443267.0, 1135025.0], [443737.0, 1134540.0], [443793.0, 1134664.0], [443794.0, 1134541.0], [443851.0, 1134664.0], [443910.0, 1134542.0], [444026.0, 1134544.0], [444204.0, 1134179.0], [443647.0, 1132335.0], [444434.0, 1129527.0], [446243.0, 1128691.0], [444220.0, 1128054.0], [443922.0, 1128663.0], [444269.0, 1128790.0], [444263.0, 1129280.0], [444146.0, 1129401.0], [442829.0, 1127915.0], [444478.0, 1121076.0], [443575.0, 1123637.0], [442839.0, 1122036.0], [441831.0, 1123739.0], [440387.0, 1122988.0], [441612.0, 1117368.0], [439711.0, 1115510.0], [440863.0, 1111358.0], [439233.0, 1111218.0], [441050.0, 1110257.0], [441014.0, 1108297.0], [439243.0, 1110238.0], [438567.0, 1107904.0], [438623.0, 1108149.0], [438622.0, 1108272.0], [438621.0, 1108394.0], [438791.0, 1108886.0], [438375.0, 1109616.0], [438944.0, 1110970.0], [438227.0, 1112677.0], [434916.0, 1111542.0], [434797.0, 1111786.0], [434682.0, 1111662.0], [434738.0, 1111908.0], [434622.0, 1111784.0], [434621.0, 1111907.0], [434563.0, 1111906.0], [434562.0, 1112029.0], [434503.0, 1112028.0], [434678.0, 1112030.0], [434851.0, 1112276.0], [434557.0, 1112518.0], [434074.0, 1114351.0], [435697.0, 1115224.0], [435518.0, 1115590.0], [435284.0, 1115710.0], [435168.0, 1115709.0], [435611.0, 1118040.0], [436720.0, 1117683.0], [436771.0, 1118419.0], [436829.0, 1118419.0], [436946.0, 1118421.0], [437183.0, 1117933.0], [437587.0, 1118305.0], [437057.0, 1118912.0], [437330.0, 1120752.0], [436810.0, 1120379.0], [436401.0, 1120620.0], [436053.0, 1120494.0], [435819.0, 1120614.0], [435761.0, 1120614.0], [436097.0, 1121964.0], [437501.0, 1120998.0], [437553.0, 1121611.0], [437025.0, 1122096.0], [437199.0, 1122220.0], [436959.0, 1122953.0], [436725.0, 1123073.0], [436666.0, 1123195.0], [436665.0, 1123317.0], [436606.0, 1123317.0], [436721.0, 1123440.0], [436541.0, 1124051.0], [437343.0, 1125161.0], [437983.0, 1125045.0], [440602.0, 1135117.0], [440251.0, 1135481.0], [440844.0, 1139407.0], [440779.0, 1140018.0], [438651.0, 1138893.0], [439382.0, 1146250.0], [438100.0, 1141827.0], [437911.0, 1143295.0], [440507.0, 1148957.0], [440831.0, 1150921.0], [438964.0, 1147593.0], [437904.0, 1144030.0], [437856.0, 1143049.0], [437514.0, 1142556.0], [437284.0, 1142431.0], [439316.0, 1152374.0], [436262.0, 1146463.0], [435810.0, 1151358.0], [433678.0, 1151215.0], [432339.0, 1152673.0], [431303.0, 1152419.0], [434550.0, 1150489.0], [435577.0, 1145599.0], [433416.0, 1148273.0], [433339.0, 1144108.0], [432140.0, 1142383.0], [431250.0, 1145070.0], [430591.0, 1141022.0], [429903.0, 1140281.0], [430014.0, 1140895.0], [429543.0, 1141871.0], [428439.0, 1142597.0], [427403.0, 1142099.0], [427154.0, 1144425.0], [425185.0, 1145146.0], [425520.0, 1146863.0], [428696.0, 1146764.0], [429431.0, 1148729.0], [427417.0, 1147979.0], [428269.0, 1149700.0], [425891.0, 1151520.0], [427001.0, 1149568.0], [425005.0, 1146247.0], [424291.0, 1149426.0], [420959.0, 1146956.0], [420194.0, 1149524.0], [417192.0, 1150121.0], [417804.0, 1154779.0], [416530.0, 1156242.0], [419859.0, 1158219.0], [425741.0, 1156540.0], [424924.0, 1158127.0], [425729.0, 1158255.0], [427445.0, 1159615.0], [429038.0, 1154605.0], [430004.0, 1156205.0], [428377.0, 1158152.0], [430402.0, 1156821.0], [430799.0, 1157559.0], [429586.0, 1158039.0], [429932.0, 1157920.0], [431137.0, 1158420.0], [429697.0, 1158530.0], [429751.0, 1159021.0], [430782.0, 1159519.0], [430550.0, 1159762.0], [430606.0, 1160008.0], [431354.0, 1159891.0], [431751.0, 1160630.0], [433951.0, 1159057.0], [433845.0, 1158076.0], [434369.0, 1157469.0], [434324.0, 1156121.0], [434730.0, 1155757.0], [436667.0, 1157858.0], [434575.0, 1160043.0], [435643.0, 1162503.0], [436975.0, 1161536.0], [436490.0, 1164104.0], [440866.0, 1163293.0], [438603.0, 1165350.0], [435158.0, 1165193.0], [435762.0, 1168016.0], [434403.0, 1166043.0], [432903.0, 1166764.0], [432496.0, 1167373.0], [432493.0, 1167741.0], [432607.0, 1167742.0], [432550.0, 1167741.0], [432606.0, 1167864.0], [432664.0, 1167865.0], [432605.0, 1167987.0], [432661.0, 1168110.0], [433979.0, 1168367.0], [432308.0, 1169086.0], [433625.0, 1169466.0], [433153.0, 1170809.0], [430290.0, 1170294.0], [431918.0, 1174350.0], [429453.0, 1174452.0], [431441.0, 1176551.0], [429439.0, 1176166.0], [430049.0, 1178621.0], [427849.0, 1174439.0], [427650.0, 1177990.0], [421190.0, 1176721.0], [420266.0, 1178186.0], [421007.0, 1178680.0], [421453.0, 1180643.0], [424201.0, 1180170.0], [423890.0, 1183965.0], [425705.0, 1185937.0], [425763.0, 1185815.0], [425934.0, 1185816.0], [425992.0, 1185817.0], [426454.0, 1185085.0], [426582.0, 1183126.0], [429345.0, 1180820.0], [430609.0, 1180096.0], [433403.0, 1181100.0], [430030.0, 1180948.0], [427769.0, 1184850.0], [431114.0, 1187940.0], [431759.0, 1192477.0], [436734.0, 1190932.0], [435686.0, 1193127.0], [436938.0, 1193384.0], [437157.0, 1194244.0], [437666.0, 1194617.0], [437719.0, 1194985.0], [437831.0, 1195108.0], [437888.0, 1195109.0], [437945.0, 1195110.0], [438224.0, 1190335.0], [436526.0, 1188970.0], [437659.0, 1184327.0], [434874.0, 1182707.0], [437219.0, 1182607.0], [435057.0, 1181606.0], [437236.0, 1181015.0], [435440.0, 1177445.0], [437997.0, 1179308.0], [437533.0, 1174404.0], [435866.0, 1174877.0], [434037.0, 1168367.0], [437121.0, 1169867.0], [436976.0, 1172806.0], [440809.0, 1173459.0], [438375.0, 1176005.0], [439666.0, 1178469.0], [440711.0, 1177133.0], [442576.0, 1179237.0], [443657.0, 1174962.0], [445312.0, 1175472.0], [444017.0, 1173619.0], [446029.0, 1173154.0], [444435.0, 1172277.0], [445942.0, 1170948.0], [444377.0, 1172276.0], [440807.0, 1168559.0], [444566.0, 1170931.0], [442811.0, 1168950.0], [445835.0, 1170334.0], [446175.0, 1166173.0], [448623.0, 1172085.0], [448931.0, 1170497.0], [449845.0, 1170754.0], [452317.0, 1174341.0]]], [[[437944.0, 1195232.0], [437831.0, 1195108.0], [437830.0, 1195231.0], [437944.0, 1195232.0]]], [[[460513.0, 1194805.0], [460226.0, 1194923.0], [460507.0, 1195173.0], [460513.0, 1194805.0]]], [[[459478.0, 1195401.0], [459868.0, 1195897.0], [459707.0, 1195282.0], [459478.0, 1195401.0]]], [[[457926.0, 1196233.0], [457873.0, 1195987.0], [457698.0, 1196229.0], [457926.0, 1196233.0]]], [[[438097.0, 1196949.0], [438385.0, 1196584.0], [438042.0, 1196703.0], [438097.0, 1196949.0]]], [[[437581.0, 1197311.0], [437583.0, 1197066.0], [437524.0, 1197310.0], [437581.0, 1197311.0]]], [[[461495.0, 1197395.0], [461552.0, 1197396.0], [461497.0, 1197272.0], [461495.0, 1197395.0]]], [[[461493.0, 1197517.0], [461324.0, 1197392.0], [461322.0, 1197514.0], [461493.0, 1197517.0]]], [[[437632.0, 1197801.0], [437688.0, 1197924.0], [437689.0, 1197802.0], [437632.0, 1197801.0]]], [[[463242.0, 1198405.0], [463875.0, 1198049.0], [463820.0, 1197925.0], [463242.0, 1198405.0]]], [[[457594.0, 1199168.0], [457425.0, 1199043.0], [457423.0, 1199165.0], [457594.0, 1199168.0]]], [[[455379.0, 1198888.0], [456297.0, 1198412.0], [456363.0, 1197801.0], [455379.0, 1198888.0]]], [[[459185.0, 1199316.0], [461465.0, 1199109.0], [460974.0, 1197876.0], [459185.0, 1199316.0]]], [[[463928.0, 1201480.0], [463871.0, 1201479.0], [463926.0, 1201602.0], [463928.0, 1201480.0]]], [[[454458.0, 1203284.0], [454460.0, 1203162.0], [454399.0, 1203406.0], [454458.0, 1203284.0]]], [[[447735.0, 1204414.0], [447735.0, 1204414.0], [447622.0, 1204412.0], [447677.0, 1204535.0], [447735.0, 1204414.0]]], [[[454150.0, 1204872.0], [454036.0, 1204870.0], [454091.0, 1204994.0], [454150.0, 1204872.0]]], [[[453633.0, 1205232.0], [453745.0, 1205356.0], [453747.0, 1205234.0], [453633.0, 1205232.0]]], [[[453915.0, 1205359.0], [453802.0, 1205357.0], [453857.0, 1205480.0], [453915.0, 1205359.0]]], [[[448516.0, 1205527.0], [448517.0, 1205404.0], [448459.0, 1205526.0], [448516.0, 1205527.0]]], [[[456634.0, 1205890.0], [456579.0, 1205767.0], [456521.0, 1205889.0], [456523.0, 1205766.0], [456521.0, 1205889.0], [456634.0, 1205890.0]]], [[[450443.0, 1205798.0], [450387.0, 1205797.0], [450385.0, 1205920.0], [450443.0, 1205798.0]]], [[[450783.0, 1205925.0], [450727.0, 1205802.0], [450726.0, 1205925.0], [450783.0, 1205925.0]]], [[[450499.0, 1205921.0], [452391.0, 1204723.0], [452261.0, 1205824.0], [452375.0, 1205826.0], [452488.0, 1205827.0], [452721.0, 1205463.0], [453175.0, 1205470.0], [453294.0, 1205104.0], [453518.0, 1205353.0], [453576.0, 1205231.0], [453633.0, 1205232.0], [453917.0, 1205236.0], [454031.0, 1205238.0], [453985.0, 1204502.0], [454377.0, 1204876.0], [454665.0, 1204635.0], [454288.0, 1203282.0], [455440.0, 1202319.0], [454786.0, 1196674.0], [455832.0, 1195342.0], [452630.0, 1196152.0], [451054.0, 1198824.0], [453816.0, 1192984.0], [452304.0, 1191124.0], [451032.0, 1192331.0], [449845.0, 1191579.0], [454793.0, 1188711.0], [454340.0, 1188459.0], [454407.0, 1187848.0], [454696.0, 1187607.0], [454644.0, 1187239.0], [454528.0, 1187359.0], [453622.0, 1186856.0], [454215.0, 1185395.0], [452271.0, 1185488.0], [453842.0, 1183551.0], [453025.0, 1180844.0], [453098.0, 1179743.0], [453443.0, 1179625.0], [451165.0, 1178858.0], [448560.0, 1181027.0], [449627.0, 1178346.0], [446997.0, 1178066.0], [444655.0, 1182324.0], [443740.0, 1191745.0], [446348.0, 1197413.0], [446457.0, 1193372.0], [447367.0, 1193506.0], [448189.0, 1191679.0], [448419.0, 1191560.0], [448817.0, 1191688.0], [446788.0, 1194233.0], [447303.0, 1202693.0], [448191.0, 1204297.0], [447669.0, 1205148.0], [448684.0, 1205651.0], [450597.0, 1202983.0], [450388.0, 1205675.0], [450443.0, 1205798.0], [450557.0, 1205800.0], [450499.0, 1205921.0]]], [[[450783.0, 1205925.0], [450724.0, 1206047.0], [450781.0, 1206048.0], [450783.0, 1205925.0]]], [[[452316.0, 1205947.0], [452204.0, 1205823.0], [452257.0, 1206069.0], [452316.0, 1205947.0]]], [[[456292.0, 1206008.0], [456293.0, 1205885.0], [456178.0, 1206006.0], [456292.0, 1206008.0]]], [[[450724.0, 1206047.0], [450722.0, 1206170.0], [450779.0, 1206170.0], [450724.0, 1206047.0]]], [[[452142.0, 1206190.0], [452085.0, 1206189.0], [452199.0, 1206191.0], [452142.0, 1206190.0]]], [[[448395.0, 1206015.0], [448731.0, 1206387.0], [448623.0, 1206018.0], [448395.0, 1206015.0]]], [[[456115.0, 1206372.0], [456284.0, 1206498.0], [456229.0, 1206374.0], [456115.0, 1206372.0]]], [[[448330.0, 1206627.0], [448275.0, 1206503.0], [448274.0, 1206626.0], [448330.0, 1206627.0]]], [[[464804.0, 1206519.0], [465092.0, 1206279.0], [464867.0, 1206152.0], [464928.0, 1205908.0], [464815.0, 1205906.0], [464804.0, 1206519.0]]], [[[465890.0, 1209234.0], [466376.0, 1207528.0], [465762.0, 1206904.0], [465890.0, 1209234.0]]], [[[457472.0, 1210314.0], [457363.0, 1210067.0], [457304.0, 1210189.0], [457472.0, 1210314.0]]], [[[457058.0, 1211410.0], [456999.0, 1211532.0], [457169.0, 1211534.0], [457058.0, 1211410.0]]], [[[456829.0, 1211529.0], [457058.0, 1211410.0], [457003.0, 1211287.0], [456829.0, 1211529.0]]], [[[457851.0, 1214976.0], [457907.0, 1214977.0], [457796.0, 1214852.0], [457794.0, 1214975.0], [457851.0, 1214976.0]]], [[[467012.0, 1215993.0], [466958.0, 1215870.0], [466899.0, 1215991.0], [467012.0, 1215993.0]]], [[[459475.0, 1216105.0], [459419.0, 1216104.0], [459362.0, 1216103.0], [459475.0, 1216105.0]]], [[[459582.0, 1216474.0], [459469.0, 1216472.0], [459524.0, 1216596.0], [459582.0, 1216474.0]]], [[[466933.0, 1217217.0], [466826.0, 1216847.0], [466713.0, 1216845.0], [466706.0, 1217213.0], [466933.0, 1217217.0]]], [[[466989.0, 1217218.0], [466763.0, 1217214.0], [466817.0, 1217337.0], [466987.0, 1217341.0], [466989.0, 1217218.0]]], [[[464550.0, 1217418.0], [464496.0, 1217295.0], [464494.0, 1217417.0], [464550.0, 1217418.0]]], [[[464265.0, 1217536.0], [464378.0, 1217538.0], [464267.0, 1217413.0], [464265.0, 1217536.0]]], [[[459960.0, 1217583.0], [459906.0, 1217460.0], [459904.0, 1217582.0], [459960.0, 1217583.0]]], [[[464376.0, 1217660.0], [464265.0, 1217536.0], [464319.0, 1217659.0], [464376.0, 1217660.0]]], [[[459958.0, 1217706.0], [459847.0, 1217581.0], [459845.0, 1217704.0], [459958.0, 1217706.0]]], [[[459841.0, 1217949.0], [459841.0, 1217949.0], [459784.0, 1217948.0], [459841.0, 1217949.0]]], [[[460009.0, 1218074.0], [459952.0, 1218073.0], [459893.0, 1218195.0], [460063.0, 1218198.0], [460009.0, 1218074.0]]], [[[463512.0, 1218502.0], [463457.0, 1218379.0], [463455.0, 1218501.0], [463512.0, 1218502.0]]], [[[464047.0, 1217042.0], [464496.0, 1217295.0], [464552.0, 1217296.0], [464609.0, 1217297.0], [464722.0, 1217299.0], [464786.0, 1216932.0], [466255.0, 1217082.0], [466278.0, 1215857.0], [467644.0, 1215515.0], [465165.0, 1214734.0], [466530.0, 1211451.0], [463511.0, 1212131.0], [465327.0, 1208979.0], [461924.0, 1208796.0], [464834.0, 1207990.0], [461746.0, 1202667.0], [463941.0, 1200745.0], [462597.0, 1199496.0], [459437.0, 1201280.0], [456735.0, 1199522.0], [455517.0, 1204648.0], [457284.0, 1204308.0], [456415.0, 1205397.0], [457964.0, 1207994.0], [458248.0, 1211429.0], [456983.0, 1212512.0], [458593.0, 1214620.0], [457855.0, 1214731.0], [457853.0, 1214853.0], [457851.0, 1214976.0], [459206.0, 1215243.0], [459536.0, 1215861.0], [459477.0, 1215982.0], [459534.0, 1215983.0], [459475.0, 1216105.0], [459417.0, 1216227.0], [459415.0, 1216349.0], [459526.0, 1216473.0], [459582.0, 1216474.0], [459639.0, 1216475.0], [459635.0, 1216720.0], [460199.0, 1216852.0], [460084.0, 1216973.0], [460019.0, 1217462.0], [459960.0, 1217583.0], [459904.0, 1217582.0], [460015.0, 1217707.0], [459845.0, 1217704.0], [460011.0, 1217952.0], [459896.0, 1218072.0], [460067.0, 1217953.0], [460623.0, 1218575.0], [461038.0, 1214171.0], [463342.0, 1218499.0], [463590.0, 1217278.0], [464047.0, 1217042.0]]], [[[460160.0, 1219179.0], [460049.0, 1219055.0], [460103.0, 1219178.0], [460160.0, 1219179.0]]], [[[460275.0, 1219059.0], [460326.0, 1219427.0], [460382.0, 1219428.0], [460275.0, 1219059.0]]], [[[460548.0, 1219676.0], [460606.0, 1219554.0], [460663.0, 1219555.0], [460443.0, 1219184.0], [460548.0, 1219676.0]]], [[[460718.0, 1219679.0], [460604.0, 1219677.0], [460772.0, 1219802.0], [460718.0, 1219679.0]]], [[[461329.0, 1220302.0], [461218.0, 1220177.0], [461216.0, 1220300.0], [461329.0, 1220302.0]]]]}, "wealth": 239500, "region": "Scotland"}, {"id": "10", "type": "Feature", "properties": {"region": "Wales", "wealth": 266900}, "geometry": {"type": "MultiPolygon", "coordinates": [[[[321772.0, 165046.0], [322054.0, 164552.0], [321839.0, 164678.0], [321772.0, 165046.0]]], [[[316513.0, 167087.0], [316871.0, 166836.0], [316439.0, 166965.0], [316513.0, 167087.0]]], [[[247076.0, 184364.0], [247072.0, 184242.0], [247000.0, 184244.0], [247076.0, 184364.0]]], [[[263486.0, 187200.0], [263483.0, 187078.0], [263414.0, 187202.0], [263486.0, 187200.0]]], [[[263270.0, 187206.0], [263198.0, 187208.0], [263201.0, 187330.0], [263270.0, 187206.0]]], [[[238363.0, 187695.0], [239446.0, 187661.0], [239655.0, 187409.0], [238363.0, 187695.0]]], [[[240110.0, 192658.0], [239958.0, 192418.0], [239749.0, 192670.0], [240110.0, 192658.0]]], [[[244788.0, 194593.0], [244712.0, 194473.0], [244716.0, 194596.0], [244788.0, 194593.0]]], [[[246950.0, 194527.0], [246874.0, 194407.0], [246810.0, 194654.0], [246950.0, 194527.0]]], [[[244864.0, 194713.0], [244932.0, 194589.0], [244860.0, 194591.0], [244864.0, 194713.0]]], [[[246810.0, 194654.0], [246737.0, 194656.0], [246741.0, 194779.0], [246810.0, 194654.0]]], [[[245084.0, 194829.0], [244936.0, 194711.0], [245012.0, 194831.0], [245156.0, 194827.0], [245084.0, 194829.0]]], [[[245087.0, 194951.0], [244939.0, 194834.0], [245015.0, 194954.0], [245087.0, 194951.0]]], [[[245015.0, 194954.0], [244939.0, 194834.0], [244943.0, 194956.0], [245015.0, 194954.0]]], [[[246028.0, 195045.0], [245884.0, 195049.0], [245888.0, 195172.0], [246028.0, 195045.0]]], [[[245091.0, 195074.0], [245087.0, 194951.0], [245015.0, 194954.0], [245095.0, 195196.0], [245167.0, 195194.0], [245091.0, 195074.0]]], [[[245243.0, 195314.0], [245376.0, 194943.0], [245235.0, 195069.0], [245232.0, 194947.0], [245087.0, 194951.0], [245159.0, 194949.0], [245163.0, 195071.0], [245091.0, 195074.0], [245243.0, 195314.0]]], [[[245319.0, 195434.0], [245387.0, 195309.0], [245315.0, 195312.0], [245171.0, 195316.0], [245243.0, 195314.0], [245315.0, 195312.0], [245319.0, 195434.0]]], [[[213019.0, 196037.0], [214573.0, 197081.0], [214987.0, 196576.0], [213019.0, 196037.0]]], [[[256904.0, 197051.0], [256684.0, 196934.0], [256623.0, 197303.0], [256770.0, 197422.0], [256767.0, 197299.0], [256904.0, 197051.0]]], [[[211916.0, 197425.0], [212344.0, 197286.0], [211907.0, 197180.0], [211916.0, 197425.0]]], [[[214041.0, 200284.0], [213897.0, 200290.0], [213969.0, 200287.0], [214041.0, 200284.0]]], [[[215013.0, 203187.0], [214941.0, 203190.0], [215085.0, 203185.0], [215013.0, 203187.0]]], [[[184699.0, 203902.0], [184550.0, 203785.0], [184555.0, 203908.0], [184699.0, 203902.0]]], [[[172771.0, 204793.0], [172765.0, 204671.0], [172693.0, 204674.0], [172771.0, 204793.0]]], [[[239789.0, 205277.0], [239785.0, 205154.0], [239637.0, 205037.0], [239565.0, 205039.0], [239789.0, 205277.0]]], [[[238990.0, 205057.0], [238998.0, 205302.0], [239070.0, 205300.0], [238990.0, 205057.0]]], [[[239293.0, 205537.0], [239138.0, 205175.0], [238934.0, 205549.0], [239293.0, 205537.0]]], [[[174530.0, 205449.0], [173695.0, 204506.0], [172832.0, 204545.0], [172909.0, 204664.0], [172765.0, 204671.0], [172771.0, 204793.0], [172699.0, 204796.0], [174530.0, 205449.0]]], [[[238638.0, 205313.0], [238287.0, 205570.0], [238722.0, 205678.0], [238874.0, 205918.0], [238638.0, 205313.0]]], [[[238446.0, 206054.0], [238658.0, 205925.0], [238802.0, 205920.0], [238874.0, 205918.0], [238362.0, 205690.0], [238446.0, 206054.0]]], [[[238215.0, 205572.0], [237563.0, 205470.0], [237559.0, 205348.0], [237416.0, 205353.0], [237412.0, 205230.0], [237200.0, 205360.0], [237128.0, 205362.0], [237136.0, 205607.0], [237435.0, 205964.0], [237359.0, 205844.0], [237507.0, 205962.0], [237651.0, 205957.0], [237723.0, 205955.0], [237795.0, 205953.0], [237867.0, 205950.0], [237723.0, 205955.0], [237651.0, 205957.0], [237356.0, 205722.0], [237420.0, 205475.0], [237651.0, 205957.0], [237931.0, 205703.0], [237867.0, 205950.0], [238011.0, 205946.0], [238083.0, 205943.0], [238154.0, 205941.0], [238226.0, 205939.0], [238306.0, 206181.0], [238294.0, 205814.0], [238007.0, 205823.0], [238215.0, 205572.0]]], [[[237367.0, 206089.0], [237651.0, 205957.0], [237363.0, 205967.0], [237367.0, 206089.0]]], [[[238162.0, 206186.0], [238083.0, 205943.0], [237867.0, 205950.0], [238086.0, 206066.0], [238019.0, 206190.0], [238162.0, 206186.0]]], [[[237655.0, 206080.0], [238015.0, 206068.0], [237723.0, 205955.0], [237655.0, 206080.0]]], [[[171316.0, 209269.0], [171310.0, 209147.0], [171244.0, 209273.0], [171316.0, 209269.0]]], [[[174479.0, 209127.0], [174910.0, 209107.0], [174684.0, 208872.0], [174479.0, 209127.0]]], [[[159874.0, 209557.0], [159857.0, 209191.0], [159641.0, 209201.0], [159874.0, 209557.0]]], [[[171316.0, 209269.0], [172228.0, 210331.0], [174407.0, 209130.0], [172721.0, 208471.0], [171316.0, 209269.0]]], [[[172162.0, 210456.0], [172162.0, 210456.0], [172090.0, 210459.0], [172162.0, 210456.0]]], [[[201305.0, 211914.0], [201300.0, 211792.0], [201229.0, 211795.0], [201305.0, 211914.0]]], [[[201377.0, 211912.0], [201300.0, 211792.0], [201305.0, 211914.0], [201377.0, 211912.0]]], [[[170179.0, 222186.0], [170389.0, 222054.0], [170013.0, 221703.0], [170179.0, 222186.0]]], [[[170477.0, 222417.0], [170615.0, 222288.0], [170472.0, 222295.0], [170477.0, 222417.0]]], [[[170339.0, 222546.0], [170405.0, 222420.0], [170334.0, 222424.0], [170339.0, 222546.0]]], [[[165166.0, 222541.0], [165243.0, 222660.0], [165237.0, 222537.0], [165166.0, 222541.0]]], [[[165171.0, 222663.0], [165094.0, 222544.0], [165022.0, 222547.0], [165171.0, 222663.0]]], [[[179687.0, 222739.0], [179682.0, 222616.0], [179538.0, 222623.0], [179687.0, 222739.0]]], [[[173163.0, 223030.0], [173158.0, 222908.0], [173086.0, 222911.0], [173163.0, 223030.0]]], [[[166011.0, 223726.0], [166298.0, 223713.0], [166293.0, 223591.0], [166011.0, 223726.0]]], [[[174575.0, 224069.0], [174641.0, 223943.0], [174569.0, 223946.0], [174575.0, 224069.0]]], [[[170626.0, 222533.0], [169237.0, 223577.0], [170325.0, 225365.0], [170893.0, 225216.0], [170626.0, 222533.0]]], [[[166819.0, 225649.0], [166516.0, 225296.0], [166378.0, 225425.0], [166819.0, 225649.0]]], [[[167332.0, 225870.0], [167327.0, 225748.0], [167100.0, 225514.0], [167332.0, 225870.0]]], [[[166713.0, 227982.0], [166630.0, 227741.0], [166624.0, 227619.0], [166558.0, 227744.0], [166713.0, 227982.0]]], [[[167011.0, 228213.0], [167292.0, 228078.0], [166850.0, 227853.0], [167011.0, 228213.0]]], [[[216093.0, 251882.0], [216074.0, 251393.0], [215580.0, 251534.0], [216093.0, 251882.0]]], [[[211011.0, 321392.0], [210866.0, 321275.0], [210871.0, 321397.0], [211011.0, 321392.0]]], [[[211621.0, 322593.0], [212496.0, 321579.0], [210959.0, 320046.0], [211498.0, 321250.0], [211621.0, 322593.0]]], [[[218157.0, 324303.0], [218152.0, 324180.0], [218082.0, 324183.0], [218157.0, 324303.0]]], [[[218517.0, 324534.0], [218231.0, 324422.0], [218521.0, 324656.0], [218517.0, 324534.0]]], [[[233589.0, 325340.0], [233370.0, 325103.0], [233457.0, 325589.0], [233589.0, 325340.0]]], [[[234180.0, 326177.0], [234163.0, 325688.0], [233965.0, 326062.0], [234180.0, 326177.0]]], [[[256479.0, 327178.0], [256483.0, 327301.0], [256693.0, 327294.0], [256479.0, 327178.0]]], [[[215595.0, 329053.0], [215525.0, 329056.0], [215600.0, 329176.0], [215595.0, 329053.0]]], [[[260211.0, 337230.0], [260131.0, 336865.0], [259928.0, 337115.0], [260211.0, 337230.0]]], [[[257075.0, 337811.0], [256935.0, 337815.0], [257082.0, 338056.0], [257075.0, 337811.0]]], [[[254170.0, 371198.0], [254243.0, 371319.0], [254239.0, 371196.0], [254170.0, 371198.0]]], [[[254590.0, 371308.0], [254517.0, 371188.0], [254451.0, 371312.0], [254590.0, 371308.0]]], [[[254810.0, 371669.0], [255019.0, 371662.0], [254946.0, 371542.0], [254810.0, 371669.0]]], [[[256365.0, 372478.0], [256091.0, 372609.0], [256300.0, 372603.0], [256365.0, 372478.0]]], [[[230445.0, 373452.0], [230372.0, 373332.0], [230376.0, 373455.0], [230445.0, 373452.0]]], [[[328419.0, 373544.0], [328070.0, 373427.0], [327933.0, 373552.0], [327865.0, 373675.0], [328419.0, 373544.0]]], [[[326750.0, 373447.0], [331676.0, 372885.0], [338599.0, 365449.0], [329205.0, 370351.0], [328660.0, 371093.0], [327082.0, 372463.0], [329074.0, 370843.0], [329798.0, 372790.0], [326750.0, 373447.0]]], [[[230597.0, 373814.0], [230528.0, 373817.0], [230532.0, 373939.0], [230597.0, 373814.0]]], [[[327247.0, 374174.0], [327521.0, 373925.0], [327382.0, 373927.0], [327247.0, 374174.0]]], [[[327247.0, 374174.0], [327108.0, 374176.0], [327180.0, 374297.0], [327247.0, 374174.0]]], [[[326902.0, 374302.0], [327180.0, 374297.0], [326900.0, 374179.0], [326902.0, 374302.0]]], [[[326628.0, 374550.0], [327043.0, 374422.0], [326902.0, 374302.0], [326628.0, 374550.0]]], [[[229621.0, 375686.0], [229547.0, 375566.0], [229551.0, 375688.0], [229621.0, 375686.0]]], [[[229434.0, 376305.0], [229495.0, 376058.0], [229295.0, 376310.0], [229434.0, 376305.0]]], [[[302778.0, 377181.0], [302776.0, 377058.0], [302709.0, 377182.0], [302778.0, 377181.0]]], [[[228588.0, 377927.0], [228528.0, 378174.0], [228597.0, 378172.0], [228667.0, 378169.0], [228588.0, 377927.0]]], [[[227300.0, 378831.0], [227222.0, 378589.0], [227157.0, 378714.0], [227300.0, 378831.0]]], [[[265549.0, 382371.0], [264849.0, 382146.0], [265483.0, 382496.0], [265549.0, 382371.0]]], [[[227904.0, 380156.0], [226646.0, 379957.0], [226055.0, 378999.0], [229746.0, 375314.0], [227076.0, 374553.0], [225569.0, 379017.0], [221205.0, 379424.0], [220201.0, 382279.0], [221519.0, 384066.0], [225711.0, 384768.0], [223719.0, 383494.0], [227904.0, 380156.0]]], [[[326102.0, 371989.0], [338096.0, 364232.0], [333544.0, 362335.0], [337048.0, 358617.0], [341091.0, 358688.0], [339656.0, 355402.0], [342266.0, 352067.0], [342488.0, 347292.0], [344760.0, 344329.0], [351319.0, 343157.0], [351328.0, 337162.0], [346246.0, 333423.0], [343575.0, 338715.0], [340510.0, 339853.0], [337690.0, 338298.0], [334588.0, 341765.0], [330114.0, 337178.0], [326410.0, 337601.0], [325157.0, 333582.0], [323053.0, 333493.0], [324198.0, 330538.0], [321781.0, 328496.0], [321963.0, 322376.0], [324684.0, 321231.0], [326812.0, 322545.0], [327263.0, 319846.0], [331473.0, 319418.0], [331166.0, 317587.0], [335197.0, 314105.0], [331123.0, 314528.0], [328958.0, 305995.0], [326765.0, 305416.0], [328367.0, 304168.0], [322861.0, 299236.0], [324691.0, 294313.0], [322980.0, 293361.0], [326516.0, 293551.0], [326402.0, 295388.0], [331171.0, 298011.0], [332688.0, 295420.0], [330205.0, 289705.0], [318992.0, 287186.0], [316098.0, 283441.0], [327906.0, 272732.0], [335072.0, 272754.0], [331765.0, 269618.0], [330990.0, 264980.0], [332261.0, 264351.0], [334394.0, 264444.0], [335311.0, 263943.0], [326726.0, 260148.0], [323331.0, 252247.0], [326738.0, 251339.0], [321916.0, 248354.0], [324464.0, 247091.0], [322972.0, 242832.0], [326812.0, 232131.0], [330802.0, 225835.0], [332952.0, 225928.0], [333204.0, 223355.0], [339620.0, 226576.0], [347218.0, 220496.0], [346484.0, 218914.0], [349175.0, 215583.0], [350552.0, 216915.0], [355265.0, 214424.0], [353302.0, 211751.0], [354330.0, 206359.0], [352581.0, 203807.0], [354610.0, 197550.0], [352583.0, 196468.0], [353952.0, 196455.0], [353751.0, 190219.0], [340974.0, 183135.0], [333453.0, 182372.0], [332021.0, 183370.0], [333475.0, 184084.0], [331394.0, 190351.0], [332398.0, 189970.0], [332693.0, 190455.0], [332975.0, 189962.0], [333692.0, 189586.0], [333982.0, 189704.0], [338058.0, 192711.0], [338791.0, 193681.0], [338801.0, 194537.0], [338588.0, 194784.0], [333838.0, 189706.0], [332911.0, 190575.0], [331325.0, 190596.0], [332904.0, 184581.0], [331450.0, 183867.0], [331097.0, 184483.0], [330526.0, 184980.0], [330464.0, 185715.0], [330557.0, 181922.0], [321960.0, 177276.0], [322038.0, 177642.0], [321602.0, 177526.0], [321754.0, 178013.0], [320898.0, 178760.0], [321046.0, 179002.0], [321052.0, 179369.0], [320843.0, 179862.0], [320898.0, 178760.0], [321682.0, 178014.0], [321459.0, 177650.0], [321530.0, 177527.0], [321602.0, 177526.0], [321674.0, 177525.0], [321963.0, 177520.0], [321887.0, 177277.0], [321960.0, 177276.0], [322032.0, 177275.0], [322251.0, 177394.0], [319725.0, 173151.0], [317752.0, 176486.0], [317763.0, 172693.0], [317204.0, 173926.0], [316553.0, 173936.0], [316559.0, 174303.0], [316278.0, 174797.0], [314934.0, 176655.0], [316336.0, 173940.0], [316909.0, 173564.0], [317132.0, 173927.0], [317618.0, 172696.0], [319130.0, 172182.0], [318777.0, 168151.0], [306774.0, 165543.0], [302935.0, 165737.0], [302961.0, 167082.0], [302891.0, 167206.0], [303040.0, 167448.0], [302935.0, 165737.0], [302353.0, 165626.0], [291604.0, 168167.0], [286035.0, 175141.0], [287659.0, 176573.0], [280650.0, 176978.0], [276748.0, 186126.0], [275909.0, 187248.0], [275326.0, 187017.0], [274610.0, 187280.0], [274189.0, 187780.0], [275545.0, 187134.0], [274201.0, 188269.0], [275512.0, 188726.0], [276044.0, 189814.0], [274574.0, 188749.0], [271919.0, 192242.0], [272367.0, 192842.0], [273683.0, 193544.0], [273834.0, 193784.0], [272937.0, 195398.0], [273406.0, 196854.0], [273532.0, 196117.0], [274411.0, 196707.0], [275090.0, 197914.0], [275306.0, 197909.0], [275522.0, 197903.0], [276101.0, 198011.0], [276173.0, 198010.0], [276476.0, 198614.0], [276029.0, 198013.0], [275744.0, 198142.0], [275813.0, 198018.0], [275594.0, 197901.0], [275522.0, 197903.0], [275597.0, 198024.0], [275525.0, 198025.0], [275522.0, 197903.0], [275450.0, 197905.0], [275453.0, 198027.0], [275450.0, 197905.0], [275090.0, 197914.0], [274943.0, 197795.0], [274267.0, 196711.0], [273922.0, 197331.0], [273484.0, 197097.0], [273036.0, 196497.0], [272295.0, 192844.0], [261995.0, 190790.0], [262830.0, 186973.0], [256960.0, 186279.0], [254356.0, 188678.0], [250622.0, 186951.0], [250842.0, 184619.0], [247220.0, 184360.0], [247076.0, 184364.0], [246939.0, 184613.0], [246570.0, 184380.0], [246441.0, 184873.0], [244712.0, 185048.0], [242105.0, 187210.0], [240088.0, 187395.0], [241505.0, 188820.0], [240182.0, 192656.0], [244708.0, 196677.0], [244606.0, 193375.0], [245592.0, 194936.0], [245418.0, 193962.0], [247414.0, 193167.0], [246081.0, 194431.0], [246457.0, 194910.0], [246798.0, 194287.0], [246871.0, 194285.0], [246950.0, 194527.0], [247015.0, 194281.0], [247227.0, 194152.0], [247279.0, 195864.0], [249793.0, 193096.0], [250716.0, 195027.0], [252438.0, 194731.0], [252182.0, 195840.0], [254491.0, 195896.0], [255219.0, 196120.0], [255294.0, 196240.0], [255514.0, 196356.0], [255590.0, 196476.0], [255734.0, 196472.0], [254159.0, 196884.0], [255690.0, 197452.0], [256684.0, 196934.0], [256756.0, 196932.0], [256828.0, 196930.0], [256972.0, 196926.0], [256770.0, 197422.0], [257696.0, 197028.0], [258063.0, 197263.0], [258423.0, 197253.0], [256136.0, 197929.0], [257467.0, 199115.0], [256490.0, 200244.0], [258941.0, 202868.0], [258944.0, 202990.0], [258876.0, 203114.0], [258526.0, 203491.0], [256223.0, 200986.0], [256143.0, 198174.0], [252545.0, 198400.0], [251721.0, 197323.0], [251217.0, 197337.0], [251145.0, 197340.0], [251073.0, 197342.0], [248359.0, 200605.0], [240610.0, 199375.0], [236441.0, 204160.0], [236013.0, 206500.0], [237124.0, 205240.0], [238267.0, 204958.0], [238782.0, 205309.0], [238547.0, 204704.0], [239122.0, 204686.0], [238910.0, 204815.0], [239054.0, 204810.0], [238914.0, 204937.0], [239058.0, 204933.0], [239054.0, 204810.0], [239058.0, 204933.0], [238914.0, 204937.0], [239062.0, 205055.0], [238990.0, 205057.0], [239066.0, 205177.0], [239070.0, 205300.0], [239266.0, 204681.0], [239577.0, 205406.0], [239717.0, 205279.0], [239573.0, 205284.0], [239497.0, 205164.0], [239490.0, 204919.0], [239414.0, 204799.0], [239558.0, 204794.0], [239490.0, 204919.0], [239569.0, 205161.0], [239565.0, 205039.0], [239562.0, 204917.0], [239777.0, 204910.0], [239626.0, 204670.0], [239841.0, 204663.0], [239694.0, 204545.0], [240129.0, 204654.0], [239637.0, 205037.0], [239857.0, 205152.0], [239789.0, 205277.0], [239721.0, 205401.0], [240001.0, 205148.0], [239929.0, 205150.0], [239925.0, 205028.0], [239929.0, 205150.0], [240001.0, 205148.0], [239925.0, 205028.0], [239993.0, 204903.0], [239921.0, 204905.0], [240065.0, 204901.0], [240133.0, 204776.0], [240205.0, 204774.0], [240232.0, 205630.0], [240572.0, 205007.0], [241012.0, 205238.0], [239532.0, 206264.0], [239824.0, 206377.0], [239979.0, 206740.0], [240195.0, 206733.0], [240415.0, 206848.0], [240918.0, 206832.0], [241145.0, 207192.0], [241285.0, 207065.0], [241509.0, 207303.0], [241581.0, 207301.0], [236336.0, 207591.0], [236851.0, 212349.0], [238470.0, 213521.0], [238969.0, 213382.0], [239774.0, 213846.0], [239926.0, 214086.0], [240343.0, 215909.0], [239724.0, 216786.0], [240908.0, 217850.0], [240675.0, 219571.0], [242045.0, 219772.0], [242638.0, 220366.0], [242506.0, 220737.0], [245016.0, 220659.0], [242435.0, 220739.0], [240751.0, 219691.0], [240452.0, 219333.0], [240349.0, 218357.0], [240700.0, 218101.0], [239589.0, 217035.0], [239706.0, 213971.0], [237106.0, 213565.0], [234160.0, 209254.0], [231119.0, 210824.0], [231918.0, 211042.0], [231854.0, 211289.0], [231922.0, 211165.0], [231854.0, 211289.0], [232002.0, 211407.0], [232078.0, 211527.0], [232086.0, 211771.0], [230826.0, 212793.0], [231066.0, 213519.0], [230699.0, 213287.0], [230923.0, 213524.0], [230787.0, 213774.0], [230931.0, 213769.0], [230644.0, 213778.0], [230947.0, 214258.0], [229681.0, 212954.0], [229005.0, 214201.0], [228506.0, 214341.0], [228303.0, 214715.0], [228088.0, 214722.0], [228240.0, 214962.0], [228105.0, 215211.0], [228253.0, 215329.0], [228185.0, 215454.0], [228189.0, 215576.0], [228345.0, 215938.0], [228278.0, 216062.0], [226171.0, 215400.0], [227965.0, 215339.0], [228168.0, 214964.0], [228088.0, 214722.0], [228156.0, 214598.0], [229609.0, 212956.0], [231232.0, 212045.0], [230364.0, 209748.0], [232806.0, 207462.0], [215503.0, 206720.0], [212596.0, 198256.0], [209436.0, 198620.0], [207628.0, 196606.0], [202205.0, 198163.0], [197437.0, 192596.0], [188463.0, 195658.0], [188025.0, 200698.0], [183999.0, 202707.0], [185491.0, 203868.0], [189444.0, 201864.0], [189238.0, 203832.0], [190898.0, 203886.0], [197055.0, 201062.0], [198097.0, 201877.0], [194322.0, 203010.0], [197418.0, 204721.0], [198300.0, 203339.0], [200391.0, 203378.0], [198401.0, 204070.0], [200373.0, 204726.0], [200781.0, 205934.0], [202004.0, 205886.0], [202915.0, 203401.0], [203370.0, 203996.0], [203634.0, 203373.0], [203850.0, 203365.0], [204066.0, 203356.0], [204805.0, 203817.0], [203447.0, 204115.0], [202449.0, 206236.0], [203447.0, 205952.0], [203394.0, 206444.0], [203821.0, 206305.0], [204986.0, 206627.0], [205076.0, 207113.0], [200862.0, 206176.0], [202004.0, 207723.0], [200370.0, 210115.0], [202019.0, 211764.0], [202512.0, 213336.0], [205122.0, 213847.0], [206375.0, 214656.0], [203192.0, 214167.0], [200362.0, 211707.0], [199462.0, 212600.0], [199578.0, 213698.0], [199444.0, 213948.0], [199447.0, 212233.0], [198451.0, 212518.0], [197196.0, 211711.0], [197701.0, 213528.0], [195554.0, 215575.0], [196975.0, 211598.0], [199916.0, 211357.0], [200109.0, 205349.0], [186853.0, 205402.0], [186582.0, 209211.0], [184855.0, 205855.0], [182060.0, 206220.0], [181727.0, 206847.0], [181511.0, 206856.0], [181306.0, 207110.0], [181082.0, 208590.0], [181170.0, 205646.0], [182444.0, 205101.0], [180539.0, 202734.0], [179886.0, 205947.0], [176765.0, 207064.0], [175430.0, 209452.0], [178499.0, 208825.0], [179038.0, 211252.0], [185732.0, 212922.0], [185416.0, 220652.0], [180545.0, 224293.0], [171729.0, 223095.0], [173329.0, 226698.0], [172167.0, 227976.0], [179470.0, 230834.0], [180420.0, 232874.0], [188159.0, 234500.0], [189169.0, 241439.0], [194857.0, 240589.0], [196217.0, 237104.0], [199717.0, 238677.0], [200397.0, 241344.0], [202471.0, 239546.0], [203919.0, 239979.0], [204267.0, 239720.0], [205629.0, 239790.0], [206258.0, 239398.0], [206405.0, 239514.0], [206615.0, 239384.0], [207044.0, 239367.0], [205139.0, 240054.0], [205234.0, 242499.0], [211005.0, 245706.0], [213102.0, 250157.0], [216660.0, 245984.0], [217092.0, 246090.0], [217440.0, 245832.0], [218934.0, 245655.0], [218644.0, 245543.0], [219001.0, 245530.0], [218983.0, 245041.0], [219389.0, 244414.0], [219028.0, 244305.0], [218952.0, 244185.0], [218947.0, 244063.0], [219144.0, 243566.0], [219358.0, 243558.0], [219460.0, 244412.0], [219054.0, 245039.0], [219072.0, 245528.0], [218800.0, 245905.0], [216388.0, 246361.0], [216217.0, 251388.0], [224327.0, 252686.0], [227708.0, 251465.0], [237697.0, 260188.0], [241100.0, 259710.0], [249452.0, 265080.0], [255321.0, 273595.0], [257804.0, 280867.0], [259419.0, 280331.0], [257825.0, 281601.0], [260728.0, 288985.0], [260609.0, 294741.0], [261671.0, 289815.0], [261792.0, 294096.0], [264352.0, 294636.0], [264127.0, 294153.0], [265365.0, 292894.0], [264642.0, 294873.0], [266677.0, 294327.0], [265493.0, 294972.0], [267459.0, 297121.0], [268784.0, 296473.0], [270864.0, 297642.0], [269411.0, 298782.0], [269761.0, 298650.0], [270335.0, 299002.0], [270409.0, 299123.0], [270412.0, 299245.0], [270351.0, 299614.0], [270768.0, 299358.0], [271897.0, 299328.0], [270143.0, 299742.0], [270409.0, 299123.0], [269340.0, 298784.0], [269147.0, 296831.0], [267264.0, 297739.0], [259860.0, 295742.0], [256122.0, 303195.0], [257645.0, 302171.0], [259700.0, 302479.0], [259785.0, 302966.0], [255995.0, 303689.0], [261027.0, 311867.0], [261027.0, 314315.0], [261610.0, 315033.0], [261435.0, 313813.0], [264276.0, 314712.0], [265754.0, 317242.0], [268328.0, 318763.0], [269302.0, 318369.0], [270667.0, 319434.0], [270728.0, 319065.0], [270865.0, 318939.0], [271354.0, 318804.0], [271859.0, 319280.0], [270865.0, 318939.0], [270875.0, 319306.0], [270737.0, 319432.0], [270527.0, 319438.0], [269450.0, 318610.0], [268971.0, 319113.0], [267344.0, 318789.0], [263504.0, 317305.0], [262612.0, 315616.0], [261055.0, 315293.0], [255043.0, 326119.0], [258104.0, 327498.0], [256630.0, 327541.0], [255672.0, 335404.0], [260022.0, 335521.0], [260635.0, 337340.0], [262700.0, 338505.0], [263004.0, 339353.0], [265391.0, 339530.0], [266038.0, 340124.0], [265911.0, 340618.0], [266048.0, 340491.0], [266331.0, 340606.0], [266474.0, 340724.0], [265841.0, 340620.0], [265398.0, 339775.0], [263155.0, 339716.0], [258653.0, 336663.0], [257108.0, 338912.0], [255495.0, 336512.0], [246500.0, 338014.0], [247877.0, 337235.0], [244298.0, 337105.0], [243679.0, 335288.0], [238141.0, 335348.0], [238664.0, 334229.0], [233391.0, 331836.0], [231230.0, 328238.0], [232444.0, 324767.0], [229572.0, 323031.0], [229096.0, 325496.0], [224846.0, 328465.0], [221936.0, 325754.0], [216686.0, 326318.0], [215896.0, 324021.0], [213494.0, 325582.0], [216548.0, 331957.0], [221883.0, 337635.0], [227581.0, 342082.0], [230624.0, 340994.0], [242231.0, 351008.0], [243602.0, 360881.0], [244819.0, 357535.0], [245433.0, 361433.0], [247961.0, 361964.0], [247791.0, 363194.0], [252314.0, 367460.0], [253525.0, 370606.0], [255772.0, 371272.0], [258476.0, 373272.0], [260869.0, 371855.0], [264591.0, 373095.0], [276854.0, 379372.0], [279405.0, 375879.0], [278117.0, 374443.0], [279457.0, 372451.0], [278465.0, 371742.0], [277954.0, 370775.0], [277107.0, 367615.0], [278468.0, 366356.0], [278525.0, 365865.0], [278243.0, 365749.0], [278237.0, 365505.0], [278092.0, 365264.0], [278009.0, 364776.0], [278054.0, 363796.0], [278184.0, 363425.0], [278329.0, 363666.0], [278738.0, 363289.0], [278877.0, 363285.0], [278127.0, 363916.0], [278591.0, 365741.0], [278471.0, 366478.0], [277604.0, 367969.0], [277622.0, 368703.0], [279596.0, 372447.0], [278676.0, 374551.0], [280257.0, 376592.0], [275670.0, 384544.0], [279008.0, 382132.0], [281870.0, 382795.0], [286562.0, 378763.0], [293078.0, 378245.0], [299665.0, 381039.0], [299379.0, 380678.0], [299577.0, 380184.0], [300320.0, 379190.0], [301081.0, 379051.0], [301281.0, 378680.0], [301693.0, 378427.0], [301621.0, 378306.0], [301690.0, 378304.0], [301693.0, 378427.0], [302577.0, 377552.0], [302786.0, 377548.0], [302850.0, 377302.0], [302709.0, 377182.0], [302701.0, 376815.0], [302974.0, 376565.0], [303254.0, 376681.0], [302701.0, 376815.0], [302704.0, 376937.0], [302778.0, 377181.0], [302850.0, 377302.0], [302786.0, 377548.0], [299518.0, 380675.0], [300723.0, 381874.0], [312788.0, 385186.0], [313297.0, 382729.0], [326102.0, 371989.0]]], [[[251946.0, 386939.0], [251873.0, 386818.0], [251877.0, 386941.0], [251946.0, 386939.0]]], [[[230355.0, 394274.0], [230351.0, 394152.0], [230286.0, 394277.0], [230355.0, 394274.0]]], [[[226632.0, 394777.0], [226623.0, 394532.0], [226494.0, 394782.0], [226632.0, 394777.0]]], [[[226844.0, 394891.0], [226702.0, 394774.0], [226775.0, 394894.0], [226844.0, 394891.0]]], [[[226844.0, 394891.0], [226849.0, 395014.0], [227061.0, 395128.0], [226983.0, 394886.0], [226844.0, 394891.0]]], [[[227199.0, 395123.0], [227126.0, 395004.0], [227130.0, 395126.0], [227199.0, 395123.0]]], [[[255963.0, 372980.0], [252980.0, 370990.0], [251904.0, 367718.0], [246344.0, 363730.0], [243628.0, 363818.0], [244434.0, 365016.0], [244454.0, 365628.0], [244249.0, 365757.0], [242531.0, 362262.0], [243232.0, 362362.0], [244315.0, 361347.0], [239647.0, 363583.0], [238561.0, 362395.0], [238324.0, 365709.0], [240503.0, 366248.0], [240654.0, 368692.0], [240793.0, 368687.0], [241431.0, 369033.0], [241791.0, 369389.0], [242707.0, 369726.0], [243337.0, 369828.0], [245731.0, 372811.0], [244931.0, 371735.0], [243337.0, 369828.0], [241791.0, 369389.0], [239946.0, 368348.0], [236759.0, 364783.0], [235727.0, 369226.0], [233920.0, 367329.0], [232776.0, 368471.0], [232421.0, 374239.0], [230884.0, 374049.0], [229955.0, 377266.0], [229395.0, 377164.0], [229018.0, 378279.0], [227578.0, 378821.0], [231587.0, 382106.0], [229258.0, 381087.0], [228046.0, 384070.0], [230107.0, 389262.0], [228983.0, 392732.0], [235424.0, 394585.0], [237254.0, 393420.0], [238912.0, 395323.0], [248135.0, 393548.0], [249218.0, 390575.0], [248621.0, 389247.0], [248267.0, 389014.0], [247897.0, 388291.0], [247473.0, 388060.0], [247400.0, 387940.0], [247323.0, 387697.0], [248663.0, 388389.0], [248405.0, 389009.0], [251600.0, 386949.0], [253175.0, 379554.0], [258884.0, 382320.0], [264196.0, 381186.0], [260924.0, 376138.0], [255963.0, 372980.0]]], [[[238241.0, 395958.0], [238237.0, 395836.0], [238172.0, 395960.0], [238241.0, 395958.0]]]]}, "wealth": 266900, "region": "Wales"}], "crs": {"type": "name", "properties": {"name": "urn:ogc:def:crs:EPSG::27700"}}}